ISO-10303-21;
HEADER;
FILE_DESCRIPTION (( 'STEP AP214' ),
    '1' );
FILE_NAME ('8BD8E67B-5986-455A-80E2-1A08E5D63BC8.STEP',
    '2026-07-24T21:49:55',
    ( '' ),
    ( '' ),
    'SwSTEP 2.0',
    'SolidWorks 2022',
    '' );
FILE_SCHEMA (( 'AUTOMOTIVE_DESIGN' ));
ENDSEC;

DATA;
#1 = VECTOR ( 'NONE', #2958, 1000.000000000000000 ) ;
#2 = FILL_AREA_STYLE_COLOUR ( '', #4414 ) ;
#3 = DIRECTION ( 'NONE',  ( 0.0000000000000000000, 0.0000000000000000000, 1.000000000000000000 ) ) ;
#4 = STYLED_ITEM ( 'NONE', ( #952 ), #5888 ) ;
#5 = DIRECTION ( 'NONE',  ( -0.0000000000000000000, -1.000000000000000000, -0.0000000000000000000 ) ) ;
#6 =( NAMED_UNIT ( * ) PLANE_ANGLE_UNIT ( ) SI_UNIT ( $, .RADIAN. ) );
#7 = ORIENTED_EDGE ( 'NONE', *, *, #3568, .F. ) ;
#8 = ADVANCED_FACE ( 'NONE', ( #3978 ), #1446, .F. ) ;
#9 = CARTESIAN_POINT ( 'NONE',  ( -1.499999999999997780, -18.24828759089465535, -8.999999999999815259 ) ) ;
#10 = DIRECTION ( 'NONE',  ( -0.0000000000000000000, -1.000000000000000000, -0.0000000000000000000 ) ) ;
#11 = AXIS2_PLACEMENT_3D ( 'NONE', #1636, #5891, #5950 ) ;
#12 = DIRECTION ( 'NONE',  ( 0.0000000000000000000, 0.0000000000000000000, 1.000000000000000000 ) ) ;
#13 = AXIS2_PLACEMENT_3D ( 'NONE', #7045, #6115, #9482 ) ;
#14 = UNCERTAINTY_MEASURE_WITH_UNIT (LENGTH_MEASURE( 1.000000000000000082E-05 ), #7043, 'distance_accuracy_value', 'NONE');
#15 = CARTESIAN_POINT ( 'NONE',  ( 39.00000000000000000, 13.89999999999999680, 0.0000000000000000000 ) ) ;
#16 = VERTEX_POINT ( 'NONE', #8244 ) ;
#17 = LINE ( 'NONE', #10120, #9304 ) ;
#18 = PRESENTATION_LAYER_ASSIGNMENT (  '', '', ( #4761 ) ) ;
#19 = CARTESIAN_POINT ( 'NONE',  ( 13.99999999999999822, 9.399999999999998579, 4.500000000000092371 ) ) ;
#20 = ORIENTED_EDGE ( 'NONE', *, *, #1241, .F. ) ;
#21 = EDGE_CURVE ( 'NONE', #9582, #4990, #9023, .T. ) ;
#22 = LINE ( 'NONE', #6696, #9419 ) ;
#23 = ORIENTED_EDGE ( 'NONE', *, *, #2085, .T. ) ;
#24 = UNCERTAINTY_MEASURE_WITH_UNIT (LENGTH_MEASURE( 1.000000000000000082E-05 ), #9499, 'distance_accuracy_value', 'NONE');
#25 = EDGE_LOOP ( 'NONE', ( #3459, #7054, #1641, #172 ) ) ;
#26 = VERTEX_POINT ( 'NONE', #9808 ) ;
#27 = CARTESIAN_POINT ( 'NONE',  ( -14.49999999999999822, -18.24828759089465535, 4.500000000000269118 ) ) ;
#28 = EDGE_CURVE ( 'NONE', #10360, #6677, #2226, .T. ) ;
#29 = CARTESIAN_POINT ( 'NONE',  ( -14.81519660974406349, 11.39999999999999858, -5.114085138899324257 ) ) ;
#30 = DIRECTION ( 'NONE',  ( 1.000000000000000000, 0.0000000000000000000, 3.326525289697788964E-16 ) ) ;
#31 = DIRECTION ( 'NONE',  ( 1.000000000000000000, 0.0000000000000000000, 0.0000000000000000000 ) ) ;
#32 = AXIS2_PLACEMENT_3D ( 'NONE', #226, #3560, #6943 ) ;
#33 = EDGE_CURVE ( 'NONE', #2322, #2149, #5105, .T. ) ;
#34 = EDGE_LOOP ( 'NONE', ( #2319, #7344, #5684, #8607, #3157, #2865, #3591, #10159, #20, #434, #10806, #6398 ) ) ;
#35 =( NAMED_UNIT ( * ) PLANE_ANGLE_UNIT ( ) SI_UNIT ( $, .RADIAN. ) );
#36 = CARTESIAN_POINT ( 'NONE',  ( 24.18480339025593651, 9.399999999999998579, -5.114085138899324257 ) ) ;
#37 = PLANE ( 'NONE',  #8926 ) ;
#38 = CARTESIAN_POINT ( 'NONE',  ( 18.89469707838345158, 13.89999999999999680, -0.6053029216165489723 ) ) ;
#39 = CARTESIAN_POINT ( 'NONE',  ( 18.89469707838345158, 15.89999999999999680, -2.234934561338733250 ) ) ;
#40 = ORIENTED_EDGE ( 'NONE', *, *, #8487, .F. ) ;
#41 = EDGE_CURVE ( 'NONE', #7928, #1778, #2634, .T. ) ;
#42 = EDGE_CURVE ( 'NONE', #2773, #8210, #5242, .T. ) ;
#43 = EDGE_LOOP ( 'NONE', ( #8059, #6042, #1797, #9950 ) ) ;
#44 = PLANE ( 'NONE',  #7531 ) ;
#45 = FILL_AREA_STYLE ('',( #2615 ) ) ;
#46 = ORIENTED_EDGE ( 'NONE', *, *, #2910, .T. ) ;
#47 = EDGE_LOOP ( 'NONE', ( #5193, #2532, #5352, #8027 ) ) ;
#48 = ADVANCED_FACE ( 'NONE', ( #5924 ), #7530, .T. ) ;
#49 = DIRECTION ( 'NONE',  ( 0.0000000000000000000, 0.0000000000000000000, -1.000000000000000000 ) ) ;
#50 = FILL_AREA_STYLE ('',( #2 ) ) ;
#51 = CARTESIAN_POINT ( 'NONE',  ( 48.33386665984021136, 19.99999999999999289, 8.000000000000000000 ) ) ;
#52 = CARTESIAN_POINT ( 'NONE',  ( 20.10530292161654842, 13.89999999999999680, 0.6053029216165488613 ) ) ;
#53 = ORIENTED_EDGE ( 'NONE', *, *, #4720, .F. ) ;
#54 = SURFACE_SIDE_STYLE ('',( #780 ) ) ;
#55 = CARTESIAN_POINT ( 'NONE',  ( -27.50000000000000000, 2.799999999999999822, 9.000000000000000000 ) ) ;
#56 = VERTEX_POINT ( 'NONE', #1770 ) ;
#57 = DIRECTION ( 'NONE',  ( 1.000000000000000000, 0.0000000000000000000, 0.0000000000000000000 ) ) ;
#58 = EDGE_CURVE ( 'NONE', #9463, #6911, #10251, .T. ) ;
#59 = DIRECTION ( 'NONE',  ( -1.000000000000000000, 0.0000000000000000000, 0.0000000000000000000 ) ) ;
#60 = FILL_AREA_STYLE_COLOUR ( '', #6884 ) ;
#61 = ORIENTED_EDGE ( 'NONE', *, *, #2638, .T. ) ;
#62 = COLOUR_RGB ( '',0.2980392156862745057, 0.2980392156862745057, 0.2980392156862745057 ) ;
#63 =( NAMED_UNIT ( * ) PLANE_ANGLE_UNIT ( ) SI_UNIT ( $, .RADIAN. ) );
#64 = AXIS2_PLACEMENT_3D ( 'NONE', #5466, #4632, #6376 ) ;
#65 = ORIENTED_EDGE ( 'NONE', *, *, #8674, .T. ) ;
#66 = LINE ( 'NONE', #9408, #5012 ) ;
#67 = CARTESIAN_POINT ( 'NONE',  ( -5.894697078383451583, 13.89999999999999680, -2.234934561338733250 ) ) ;
#68 = DIRECTION ( 'NONE',  ( 0.0000000000000000000, 0.0000000000000000000, 1.000000000000000000 ) ) ;
#69 = LINE ( 'NONE', #4200, #1375 ) ;
#70 = ORIENTED_EDGE ( 'NONE', *, *, #4599, .F. ) ;
#71 = ORIENTED_EDGE ( 'NONE', *, *, #641, .T. ) ;
#72 = LINE ( 'NONE', #9415, #8609 ) ;
#73 = VECTOR ( 'NONE', #1210, 1000.000000000000000 ) ;
#74 = EDGE_CURVE ( 'NONE', #4709, #6751, #5978, .T. ) ;
#75 = PRESENTATION_LAYER_ASSIGNMENT (  '', '', ( #4849 ) ) ;
#76 = MECHANICAL_DESIGN_GEOMETRIC_PRESENTATION_REPRESENTATION (  '', ( #2192 ), #1830 ) ;
#77 = DIRECTION ( 'NONE',  ( 0.0000000000000000000, -1.000000000000000000, 6.129356281784727656E-14 ) ) ;
#78 = CARTESIAN_POINT ( 'NONE',  ( -19.50000000000000000, 11.89999999999999858, 8.673617379884035472E-16 ) ) ;
#79 = EDGE_LOOP ( 'NONE', ( #9190, #9114, #6428, #3088 ) ) ;
#80 = DIRECTION ( 'NONE',  ( 0.0000000000000000000, 0.0000000000000000000, 1.000000000000000000 ) ) ;
#81 = VECTOR ( 'NONE', #5792, 1000.000000000000000 ) ;
#82 = DIRECTION ( 'NONE',  ( 1.000000000000000000, 1.013220719900694238E-31, -7.709882115452484083E-16 ) ) ;
#83 = SURFACE_SIDE_STYLE ('',( #4265 ) ) ;
#84 = PLANE ( 'NONE',  #2455 ) ;
#85 = STYLED_ITEM ( 'NONE', ( #530 ), #1855 ) ;
#86 = CARTESIAN_POINT ( 'NONE',  ( 26.00000000000000000, 11.39999999999999858, 2.628368902995164983E-16 ) ) ;
#87 = CARTESIAN_POINT ( 'NONE',  ( 27.50000000000000000, 0.0000000000000000000, 0.0000000000000000000 ) ) ;
#88 = ORIENTED_EDGE ( 'NONE', *, *, #4069, .T. ) ;
#89 = ADVANCED_FACE ( 'NONE', ( #5868 ), #3305, .F. ) ;
#90 = PLANE ( 'NONE',  #3617 ) ;
#91 =( GEOMETRIC_REPRESENTATION_CONTEXT ( 3 ) GLOBAL_UNCERTAINTY_ASSIGNED_CONTEXT ( ( #7316 ) ) GLOBAL_UNIT_ASSIGNED_CONTEXT ( ( #1219, #3863, #2663 ) ) REPRESENTATION_CONTEXT ( 'NONE', 'WORKASPACE' ) );
#92 = CARTESIAN_POINT ( 'NONE',  ( 27.50000000000000000, 16.99999999999999645, 9.100000000000186162 ) ) ;
#93 = TOROIDAL_SURFACE ( 'NONE', #446, 3.411345746565307646, 1.000000000000000000 ) ;
#94 = VECTOR ( 'NONE', #1511, 1000.000000000000000 ) ;
#95 = VECTOR ( 'NONE', #5657, 1000.000000000000000 ) ;
#96 = VERTEX_POINT ( 'NONE', #899 ) ;
#97 = CARTESIAN_POINT ( 'NONE',  ( 24.50000000000000000, -18.24828759089465535, 4.499999999999997335 ) ) ;
#98 = DIRECTION ( 'NONE',  ( 0.0000000000000000000, 0.0000000000000000000, -1.000000000000000000 ) ) ;
#99 =( NAMED_UNIT ( * ) SI_UNIT ( $, .STERADIAN. ) SOLID_ANGLE_UNIT ( ) );
#100 = ORIENTED_EDGE ( 'NONE', *, *, #8216, .T. ) ;
#101 = EDGE_CURVE ( 'NONE', #7587, #8220, #22, .T. ) ;
#102 = DIRECTION ( 'NONE',  ( 0.0000000000000000000, -1.000000000000000000, 0.0000000000000000000 ) ) ;
#103 = VECTOR ( 'NONE', #2433, 1000.000000000000000 ) ;
#104 = VECTOR ( 'NONE', #7299, 1000.000000000000000 ) ;
#105 = ORIENTED_EDGE ( 'NONE', *, *, #960, .T. ) ;
#106 = ADVANCED_FACE ( 'NONE', ( #6798 ), #5525, .T. ) ;
#107 = EDGE_CURVE ( 'NONE', #1680, #381, #5183, .T. ) ;
#108 = DIRECTION ( 'NONE',  ( 0.0000000000000000000, 1.000000000000000000, 1.314184451497582245E-16 ) ) ;
#109 = DIRECTION ( 'NONE',  ( -1.000000000000000000, 1.013220719900694020E-31, -7.709882115452482111E-16 ) ) ;
#110 = VECTOR ( 'NONE', #8707, 1000.000000000000000 ) ;
#111 =( NAMED_UNIT ( * ) SI_UNIT ( $, .STERADIAN. ) SOLID_ANGLE_UNIT ( ) );
#112 = VECTOR ( 'NONE', #4486, 999.9999999999998863 ) ;
#113 = ORIENTED_EDGE ( 'NONE', *, *, #506, .F. ) ;
#114 = DIRECTION ( 'NONE',  ( 0.0000000000000000000, 0.0000000000000000000, -1.000000000000000000 ) ) ;
#115 = EDGE_CURVE ( 'NONE', #2686, #9569, #1004, .T. ) ;
#116 =( NAMED_UNIT ( * ) SI_UNIT ( $, .STERADIAN. ) SOLID_ANGLE_UNIT ( ) );
#117 = PRESENTATION_STYLE_ASSIGNMENT (( #9237 ) ) ;
#118 = DIRECTION ( 'NONE',  ( 1.000000000000000000, 0.0000000000000000000, 0.0000000000000000000 ) ) ;
#119 = UNCERTAINTY_MEASURE_WITH_UNIT (LENGTH_MEASURE( 1.000000000000000082E-05 ), #2989, 'distance_accuracy_value', 'NONE');
#120 = PRESENTATION_LAYER_ASSIGNMENT (  '', '', ( #6635 ) ) ;
#121 = VECTOR ( 'NONE', #5029, 1000.000000000000000 ) ;
#122 = ORIENTED_EDGE ( 'NONE', *, *, #4419, .F. ) ;
#123 = DIRECTION ( 'NONE',  ( 1.000000000000000000, 0.0000000000000000000, 0.0000000000000000000 ) ) ;
#124 = DIRECTION ( 'NONE',  ( 0.0000000000000000000, 0.0000000000000000000, 1.000000000000000000 ) ) ;
#125 = UNCERTAINTY_MEASURE_WITH_UNIT (LENGTH_MEASURE( 1.000000000000000082E-05 ), #2794, 'distance_accuracy_value', 'NONE');
#126 = VECTOR ( 'NONE', #9718, 1000.000000000000000 ) ;
#127 = ORIENTED_EDGE ( 'NONE', *, *, #6388, .T. ) ;
#128 = CIRCLE ( 'NONE', #6319, 1.000000000000000000 ) ;
#129 = VERTEX_POINT ( 'NONE', #10292 ) ;
#130 = CARTESIAN_POINT ( 'NONE',  ( -20.10530292161654842, 15.89999999999999680, 0.6053029216165489723 ) ) ;
#131 = CARTESIAN_POINT ( 'NONE',  ( 25.24999999999999645, 0.0000000000000000000, 9.000000000000000000 ) ) ;
#132 = UNCERTAINTY_MEASURE_WITH_UNIT (LENGTH_MEASURE( 1.000000000000000082E-05 ), #10146, 'distance_accuracy_value', 'NONE');
#133 = DIRECTION ( 'NONE',  ( 0.0000000000000000000, 0.0000000000000000000, 1.000000000000000000 ) ) ;
#134 = ORIENTED_EDGE ( 'NONE', *, *, #6852, .F. ) ;
#135 = EDGE_LOOP ( 'NONE', ( #6525, #5506, #2653, #8455 ) ) ;
#136 = CARTESIAN_POINT ( 'NONE',  ( -11.18480339025594361, 9.399999999999998579, -5.114085138899324257 ) ) ;
#137 = AXIS2_PLACEMENT_3D ( 'NONE', #2598, #5403, #5988 ) ;
#138 = DIRECTION ( 'NONE',  ( 0.0000000000000000000, 0.0000000000000000000, 1.000000000000000000 ) ) ;
#139 = CARTESIAN_POINT ( 'NONE',  ( -6.500000000000000888, 11.89999999999999858, 3.411345746565308534 ) ) ;
#140 = CARTESIAN_POINT ( 'NONE',  ( 0.7500000000000006661, 19.00000000000000000, 7.999999999999998224 ) ) ;
#141 = MECHANICAL_DESIGN_GEOMETRIC_PRESENTATION_REPRESENTATION (  '', ( #6331 ), #4009 ) ;
#142 = ORIENTED_EDGE ( 'NONE', *, *, #6381, .F. ) ;
#143 = FACE_OUTER_BOUND ( 'NONE', #5802, .T. ) ;
#144 = DIRECTION ( 'NONE',  ( 0.0000000000000000000, 0.0000000000000000000, -1.000000000000000000 ) ) ;
#145 = DIRECTION ( 'NONE',  ( 1.000000000000000000, 0.0000000000000000000, 0.0000000000000000000 ) ) ;
#146 = DIRECTION ( 'NONE',  ( -0.0000000000000000000, 1.000000000000000000, -0.0000000000000000000 ) ) ;
#147 = EDGE_CURVE ( 'NONE', #4149, #9857, #2694, .T. ) ;
#148 = AXIS2_PLACEMENT_3D ( 'NONE', #7515, #4279, #1647 ) ;
#149 = LINE ( 'NONE', #10470, #3081 ) ;
#150 = LINE ( 'NONE', #3493, #9207 ) ;
#151 = STYLED_ITEM ( 'NONE', ( #1140 ), #5423 ) ;
#152 = ORIENTED_EDGE ( 'NONE', *, *, #10086, .F. ) ;
#153 = CARTESIAN_POINT ( 'NONE',  ( 5.500000000000001776, 0.0000000000000000000, -0.4999999999999970024 ) ) ;
#154 = ORIENTED_EDGE ( 'NONE', *, *, #8186, .T. ) ;
#155 = CARTESIAN_POINT ( 'NONE',  ( -27.50000000000002132, 9.399999999999998579, 4.500000000000019540 ) ) ;
#156 = PRESENTATION_STYLE_ASSIGNMENT (( #9435 ) ) ;
#157 = CARTESIAN_POINT ( 'NONE',  ( 8.734934561338732806, 13.89999999999999680, 0.6053029216165494164 ) ) ;
#158 =( NAMED_UNIT ( * ) SI_UNIT ( $, .STERADIAN. ) SOLID_ANGLE_UNIT ( ) );
#159 = ORIENTED_EDGE ( 'NONE', *, *, #6986, .F. ) ;
#160 = EDGE_CURVE ( 'NONE', #4236, #3792, #4408, .T. ) ;
#161 = LINE ( 'NONE', #8555, #8325 ) ;
#162 = AXIS2_PLACEMENT_3D ( 'NONE', #6748, #3308, #10830 ) ;
#163 = MECHANICAL_DESIGN_GEOMETRIC_PRESENTATION_REPRESENTATION (  '', ( #5800 ), #9693 ) ;
#164 = ORIENTED_EDGE ( 'NONE', *, *, #2800, .T. ) ;
#165 =( LENGTH_UNIT ( ) NAMED_UNIT ( * ) SI_UNIT ( .MILLI., .METRE. ) );
#166 = EDGE_CURVE ( 'NONE', #5923, #7103, #10566, .T. ) ;
#167 = CARTESIAN_POINT ( 'NONE',  ( 24.50000000000000355, 5.200000000000000178, 6.599999999999996092 ) ) ;
#168 = FACE_BOUND ( 'NONE', #741, .T. ) ;
#169 = VECTOR ( 'NONE', #10035, 1000.000000000000000 ) ;
#170 = FACE_OUTER_BOUND ( 'NONE', #2334, .T. ) ;
#171 = DIRECTION ( 'NONE',  ( 1.000000000000000000, 0.0000000000000000000, 0.0000000000000000000 ) ) ;
#172 = ORIENTED_EDGE ( 'NONE', *, *, #1495, .T. ) ;
#174 = ADVANCED_FACE ( 'NONE', ( #458 ), #2806, .F. ) ;
#173 = FILL_AREA_STYLE ('',( #4957 ) ) ;
#175 = EDGE_CURVE ( 'NONE', #7623, #1615, #1218, .T. ) ;
#176 = LINE ( 'NONE', #5169, #6710 ) ;
#177 = ORIENTED_EDGE ( 'NONE', *, *, #10237, .T. ) ;
#178 = LINE ( 'NONE', #7792, #1601 ) ;
#179 =( GEOMETRIC_REPRESENTATION_CONTEXT ( 3 ) GLOBAL_UNCERTAINTY_ASSIGNED_CONTEXT ( ( #9944 ) ) GLOBAL_UNIT_ASSIGNED_CONTEXT ( ( #8359, #4032, #3203 ) ) REPRESENTATION_CONTEXT ( 'NONE', 'WORKASPACE' ) );
#180 = EDGE_CURVE ( 'NONE', #9704, #7888, #4642, .T. ) ;
#181 = DIRECTION ( 'NONE',  ( 1.000000000000000000, 0.0000000000000000000, 0.0000000000000000000 ) ) ;
#182 = VECTOR ( 'NONE', #6829, 1000.000000000000000 ) ;
#183 = VECTOR ( 'NONE', #592, 1000.000000000000000 ) ;
#184 = ORIENTED_EDGE ( 'NONE', *, *, #7134, .F. ) ;
#185 = DIRECTION ( 'NONE',  ( -0.0000000000000000000, 1.000000000000000000, -0.0000000000000000000 ) ) ;
#186 = ORIENTED_EDGE ( 'NONE', *, *, #1495, .F. ) ;
#187 = DIRECTION ( 'NONE',  ( 1.000000000000000000, 0.0000000000000000000, -0.0000000000000000000 ) ) ;
#188 =( NAMED_UNIT ( * ) SI_UNIT ( $, .STERADIAN. ) SOLID_ANGLE_UNIT ( ) );
#189 = AXIS2_PLACEMENT_3D ( 'NONE', #2427, #5806, #9185 ) ;
#190 = DIRECTION ( 'NONE',  ( 1.000000000000000000, 0.0000000000000000000, 0.0000000000000000000 ) ) ;
#191 = MECHANICAL_DESIGN_GEOMETRIC_PRESENTATION_REPRESENTATION (  '', ( #10098 ), #5475 ) ;
#192 = ORIENTED_EDGE ( 'NONE', *, *, #9151, .T. ) ;
#193 = VECTOR ( 'NONE', #3753, 1000.000000000000000 ) ;
#194 = CARTESIAN_POINT ( 'NONE',  ( 1.500000000000008216, 20.99999999999999645, 4.500000000000184741 ) ) ;
#195 = EDGE_CURVE ( 'NONE', #5287, #5046, #7487, .T. ) ;
#196 = DIRECTION ( 'NONE',  ( 0.0000000000000000000, -1.000000000000000000, -1.239088197126289880E-15 ) ) ;
#197 = VECTOR ( 'NONE', #1576, 1000.000000000000000 ) ;
#198 = DIRECTION ( 'NONE',  ( 0.0000000000000000000, 0.0000000000000000000, 1.000000000000000000 ) ) ;
#199 = ORIENTED_EDGE ( 'NONE', *, *, #389, .F. ) ;
#200 = ORIENTED_EDGE ( 'NONE', *, *, #7178, .T. ) ;
#201 = LINE ( 'NONE', #5256, #2583 ) ;
#202 = VECTOR ( 'NONE', #6793, 1000.000000000000000 ) ;
#203 = SURFACE_STYLE_USAGE ( .BOTH. , #6109 ) ;
#204 = FILL_AREA_STYLE ('',( #5259 ) ) ;
#205 = CARTESIAN_POINT ( 'NONE',  ( -24.50000000000000000, 9.400000000000000355, -4.499999999999634070 ) ) ;
#206 = DIRECTION ( 'NONE',  ( 0.0000000000000000000, 1.000000000000000000, 1.314184451497582245E-16 ) ) ;
#207 = CARTESIAN_POINT ( 'NONE',  ( -20.50000000000000000, -3.750000000000000000, -0.4999999999999968914 ) ) ;
#208 = DIRECTION ( 'NONE',  ( 0.0000000000000000000, 0.0000000000000000000, 1.000000000000000000 ) ) ;
#209 = AXIS2_PLACEMENT_3D ( 'NONE', #1403, #3984, #9870 ) ;
#210 = ORIENTED_EDGE ( 'NONE', *, *, #6788, .F. ) ;
#211 = MECHANICAL_DESIGN_GEOMETRIC_PRESENTATION_REPRESENTATION (  '', ( #4948 ), #3708 ) ;
#212 = SURFACE_STYLE_FILL_AREA ( #5373 ) ;
#213 =( NAMED_UNIT ( * ) PLANE_ANGLE_UNIT ( ) SI_UNIT ( $, .RADIAN. ) );
#214 = EDGE_CURVE ( 'NONE', #10801, #7419, #7905, .T. ) ;
#215 = ORIENTED_EDGE ( 'NONE', *, *, #6518, .F. ) ;
#216 = VECTOR ( 'NONE', #3503, 1000.000000000000000 ) ;
#217 = SURFACE_STYLE_USAGE ( .BOTH. , #5322 ) ;
#218 = FACE_OUTER_BOUND ( 'NONE', #1531, .T. ) ;
#219 = LINE ( 'NONE', #5324, #3472 ) ;
#220 = CARTESIAN_POINT ( 'NONE',  ( -27.50000000000000000, 19.00000000000000000, 9.000000000000000000 ) ) ;
#221 = DIRECTION ( 'NONE',  ( -0.0000000000000000000, 1.000000000000000000, -0.0000000000000000000 ) ) ;
#222 = ORIENTED_EDGE ( 'NONE', *, *, #10449, .F. ) ;
#223 = FILL_AREA_STYLE ('',( #2899 ) ) ;
#224 = VECTOR ( 'NONE', #146, 1000.000000000000000 ) ;
#225 = EDGE_CURVE ( 'NONE', #7044, #2258, #8746, .T. ) ;
#226 = CARTESIAN_POINT ( 'NONE',  ( 11.99999999999999822, -18.24828759089465535, -4.499999999999912959 ) ) ;
#227 = CARTESIAN_POINT ( 'NONE',  ( 11.99999999999999822, 20.99999999999999645, 4.500000000000093259 ) ) ;
#228 = ORIENTED_EDGE ( 'NONE', *, *, #2382, .T. ) ;
#229 = CARTESIAN_POINT ( 'NONE',  ( -14.00000000000000178, 9.400000000000000355, -6.599999999999993427 ) ) ;
#230 = UNCERTAINTY_MEASURE_WITH_UNIT (LENGTH_MEASURE( 1.000000000000000082E-05 ), #4056, 'distance_accuracy_value', 'NONE');
#231 = ORIENTED_EDGE ( 'NONE', *, *, #2638, .F. ) ;
#232 = EDGE_CURVE ( 'NONE', #885, #4153, #949, .T. ) ;
#233 = PRODUCT_DEFINITION_CONTEXT ( 'detailed design', #10574, 'design' ) ;
#234 = SURFACE_STYLE_USAGE ( .BOTH. , #3574 ) ;
#235 = ORIENTED_EDGE ( 'NONE', *, *, #10751, .T. ) ;
#236 = CARTESIAN_POINT ( 'NONE',  ( -6.500000000000000888, 11.39999999999999858, 8.673617379884035472E-16 ) ) ;
#237 = CARTESIAN_POINT ( 'NONE',  ( 1.500000000000004885, 20.99999999999999645, -4.499999999999817035 ) ) ;
#238 =( LENGTH_UNIT ( ) NAMED_UNIT ( * ) SI_UNIT ( .MILLI., .METRE. ) );
#239 = ADVANCED_FACE ( 'NONE', ( #3805 ), #2104, .T. ) ;
#240 = LINE ( 'NONE', #8808, #3842 ) ;
#241 = ORIENTED_EDGE ( 'NONE', *, *, #8435, .T. ) ;
#242 = VERTEX_POINT ( 'NONE', #9515 ) ;
#243 = EDGE_CURVE ( 'NONE', #2686, #7639, #9744, .T. ) ;
#244 = PLANE ( 'NONE',  #3623 ) ;
#245 = FILL_AREA_STYLE_COLOUR ( '', #4839 ) ;
#246 = DIRECTION ( 'NONE',  ( -1.000000000000000000, 0.0000000000000000000, 1.330610115879115536E-16 ) ) ;
#247 = TOROIDAL_SURFACE ( 'NONE', #1650, 3.411345746565307646, 1.000000000000000000 ) ;
#248 = EDGE_LOOP ( 'NONE', ( #7224, #1918, #5292, #5730 ) ) ;
#249 = EDGE_LOOP ( 'NONE', ( #2523, #3985, #7095, #10183 ) ) ;
#250 = LINE ( 'NONE', #6873, #2887 ) ;
#251 = CARTESIAN_POINT ( 'NONE',  ( -27.50000000000000000, 8.900000000000000355, -6.599999999999993427 ) ) ;
#252 = DIRECTION ( 'NONE',  ( 0.0000000000000000000, 0.0000000000000000000, 1.000000000000000000 ) ) ;
#253 = EDGE_CURVE ( 'NONE', #2496, #10024, #1058, .T. ) ;
#254 = CARTESIAN_POINT ( 'NONE',  ( -27.50000000000000000, 19.00000000000000000, -8.999999999999975131 ) ) ;
#255 = CARTESIAN_POINT ( 'NONE',  ( -6.500000000000000888, 11.89999999999999858, 1.993034753127728376 ) ) ;
#256 = COLOUR_RGB ( '',0.8980392156862745390, 0.8980392156862745390, 0.8980392156862745390 ) ;
#257 = ORIENTED_EDGE ( 'NONE', *, *, #6985, .T. ) ;
#258 = LINE ( 'NONE', #1846, #1161 ) ;
#259 = VECTOR ( 'NONE', #3297, 1000.000000000000000 ) ;
#260 = CARTESIAN_POINT ( 'NONE',  ( 24.49999999999999645, 20.00000000000000000, -7.999999999999976019 ) ) ;
#261 = VECTOR ( 'NONE', #8882, 1000.000000000000000 ) ;
#262 = ORIENTED_EDGE ( 'NONE', *, *, #2235, .T. ) ;
#263 = AXIS2_PLACEMENT_3D ( 'NONE', #6172, #6293, #7987 ) ;
#264 = PRESENTATION_LAYER_ASSIGNMENT (  '', '', ( #7838 ) ) ;
#265 = CARTESIAN_POINT ( 'NONE',  ( 6.499999999999999112, 15.89999999999999680, 8.673617379884035472E-16 ) ) ;
#266 = DIRECTION ( 'NONE',  ( 0.0000000000000000000, 1.000000000000000000, 1.314184451497582492E-16 ) ) ;
#267 = DIRECTION ( 'NONE',  ( 1.000000000000000000, 0.0000000000000000000, 0.0000000000000000000 ) ) ;
#268 = ORIENTED_EDGE ( 'NONE', *, *, #10022, .T. ) ;
#269 = CARTESIAN_POINT ( 'NONE',  ( 1.500000000000008216, 5.199999999999988631, 6.600000000000007638 ) ) ;
#270 = DIRECTION ( 'NONE',  ( -1.000000000000000000, 0.0000000000000000000, 0.0000000000000000000 ) ) ;
#271 = ORIENTED_EDGE ( 'NONE', *, *, #9779, .F. ) ;
#272 = CIRCLE ( 'NONE', #8569, 0.5000000000000004441 ) ;
#273 = AXIS2_PLACEMENT_3D ( 'NONE', #236, #4301, #902 ) ;
#274 = CARTESIAN_POINT ( 'NONE',  ( -14.49999999999999822, 5.200000000000000178, 6.599999999999996092 ) ) ;
#275 = CARTESIAN_POINT ( 'NONE',  ( 18.50000000000000000, -3.750000000000000000, 0.5000000000000031086 ) ) ;
#276 = CARTESIAN_POINT ( 'NONE',  ( 14.50000000000000355, -18.24828759089465535, 9.000000000000087041 ) ) ;
#277 = PLANE ( 'NONE',  #5238 ) ;
#278 =( GEOMETRIC_REPRESENTATION_CONTEXT ( 3 ) GLOBAL_UNCERTAINTY_ASSIGNED_CONTEXT ( ( #9741 ) ) GLOBAL_UNIT_ASSIGNED_CONTEXT ( ( #9223, #8439, #7563 ) ) REPRESENTATION_CONTEXT ( 'NONE', 'WORKASPACE' ) );
#279 = ORIENTED_EDGE ( 'NONE', *, *, #5079, .T. ) ;
#280 = AXIS2_PLACEMENT_3D ( 'NONE', #8891, #705, #8947 ) ;
#281 = DIRECTION ( 'NONE',  ( -0.0000000000000000000, -1.000000000000000000, -1.314184451497582492E-16 ) ) ;
#282 = VECTOR ( 'NONE', #6912, 1000.000000000000000 ) ;
#283 = ADVANCED_FACE ( 'NONE', ( #1109 ), #4454, .T. ) ;
#284 = EDGE_LOOP ( 'NONE', ( #4993, #9687, #4345, #6091, #3381, #4379, #3744, #3674, #9085, #6488, #1087, #3771 ) ) ;
#285 = CARTESIAN_POINT ( 'NONE',  ( -1.499999999999997780, 2.799999999999808864, 9.000000000000184741 ) ) ;
#286 = AXIS2_PLACEMENT_3D ( 'NONE', #6820, #8541, #6224 ) ;
#287 = VECTOR ( 'NONE', #6447, 1000.000000000000000 ) ;
#288 = EDGE_LOOP ( 'NONE', ( #2992, #9871, #7185, #7173 ) ) ;
#289 = FILL_AREA_STYLE ('',( #7847 ) ) ;
#290 = ORIENTED_EDGE ( 'NONE', *, *, #8612, .F. ) ;
#291 = DIRECTION ( 'NONE',  ( 0.0000000000000000000, 0.0000000000000000000, 1.000000000000000000 ) ) ;
#292 = DIRECTION ( 'NONE',  ( 0.0000000000000000000, 3.854941057726243521E-16, -1.000000000000000000 ) ) ;
#293 = DIRECTION ( 'NONE',  ( 0.0000000000000000000, 1.000000000000000000, 0.0000000000000000000 ) ) ;
#294 = ADVANCED_FACE ( 'NONE', ( #4852 ), #247, .T. ) ;
#295 =( GEOMETRIC_REPRESENTATION_CONTEXT ( 3 ) GLOBAL_UNCERTAINTY_ASSIGNED_CONTEXT ( ( #4406 ) ) GLOBAL_UNIT_ASSIGNED_CONTEXT ( ( #1768, #1053, #9903 ) ) REPRESENTATION_CONTEXT ( 'NONE', 'WORKASPACE' ) );
#296 = AXIS2_PLACEMENT_3D ( 'NONE', #9253, #2500, #4977 ) ;
#297 = DIRECTION ( 'NONE',  ( -7.709882115452475208E-16, 0.0000000000000000000, -1.000000000000000000 ) ) ;
#298 = ORIENTED_EDGE ( 'NONE', *, *, #10821, .F. ) ;
#299 = ORIENTED_EDGE ( 'NONE', *, *, #4396, .T. ) ;
#300 = CARTESIAN_POINT ( 'NONE',  ( 0.0000000000000000000, 19.00000000000000000, 0.0000000000000000000 ) ) ;
#301 = PLANE ( 'NONE',  #5463 ) ;
#302 = ADVANCED_FACE ( 'NONE', ( #1541 ), #4906, .T. ) ;
#303 = PLANE ( 'NONE',  #3785 ) ;
#304 = VERTEX_POINT ( 'NONE', #8510 ) ;
#305 = EDGE_LOOP ( 'NONE', ( #7533, #9609, #4643, #7567 ) ) ;
#306 = DIRECTION ( 'NONE',  ( -1.000000000000000000, 0.0000000000000000000, 0.0000000000000000000 ) ) ;
#307 = DIRECTION ( 'NONE',  ( 0.0000000000000000000, -0.0000000000000000000, 1.000000000000000000 ) ) ;
#308 = LINE ( 'NONE', #6984, #10622 ) ;
#309 = EDGE_CURVE ( 'NONE', #1743, #2488, #941, .T. ) ;
#310 = EDGE_CURVE ( 'NONE', #10835, #6154, #3460, .T. ) ;
#311 =( NAMED_UNIT ( * ) PLANE_ANGLE_UNIT ( ) SI_UNIT ( $, .RADIAN. ) );
#312 =( NAMED_UNIT ( * ) PLANE_ANGLE_UNIT ( ) SI_UNIT ( $, .RADIAN. ) );
#313 = VECTOR ( 'NONE', #2654, 1000.000000000000000 ) ;
#314 = ORIENTED_EDGE ( 'NONE', *, *, #1039, .F. ) ;
#315 = VECTOR ( 'NONE', #10308, 1000.000000000000000 ) ;
#316 = SURFACE_STYLE_USAGE ( .BOTH. , #6169 ) ;
#317 = FACE_OUTER_BOUND ( 'NONE', #9719, .T. ) ;
#318 = ADVANCED_FACE ( 'NONE', ( #10282 ), #8568, .T. ) ;
#319 = CARTESIAN_POINT ( 'NONE',  ( 1.500000000000004885, 20.99999999999999645, -4.499999999999817035 ) ) ;
#320 = EDGE_LOOP ( 'NONE', ( #2842, #2831, #7226, #10104 ) ) ;
#321 = SURFACE_STYLE_FILL_AREA ( #6233 ) ;
#322 = AXIS2_PLACEMENT_3D ( 'NONE', #1561, #2444, #9142 ) ;
#323 = DIRECTION ( 'NONE',  ( 1.000000000000000000, 0.0000000000000000000, -0.0000000000000000000 ) ) ;
#324 = LINE ( 'NONE', #8779, #5225 ) ;
#325 = EDGE_LOOP ( 'NONE', ( #4754, #7772, #2048, #5468, #5408, #10386, #1950, #5166, #159, #1454, #10069, #3260 ) ) ;
#326 = AXIS2_PLACEMENT_3D ( 'NONE', #336, #7125, #5453 ) ;
#327 = DIRECTION ( 'NONE',  ( 1.000000000000000000, -0.0000000000000000000, 0.0000000000000000000 ) ) ;
#328 = DIRECTION ( 'NONE',  ( -3.326525289697788964E-16, 0.0000000000000000000, 1.000000000000000000 ) ) ;
#329 = ORIENTED_EDGE ( 'NONE', *, *, #10585, .F. ) ;
#330 = VECTOR ( 'NONE', #4360, 1000.000000000000000 ) ;
#331 = CARTESIAN_POINT ( 'NONE',  ( 25.24999999999999645, 19.00000000000000000, 9.000000000000000000 ) ) ;
#332 = VECTOR ( 'NONE', #7168, 1000.000000000000000 ) ;
#333 = SURFACE_STYLE_FILL_AREA ( #438 ) ;
#334 = LINE ( 'NONE', #3679, #811 ) ;
#335 = DIRECTION ( 'NONE',  ( 1.000000000000000000, 0.0000000000000000000, 0.0000000000000000000 ) ) ;
#336 = CARTESIAN_POINT ( 'NONE',  ( 6.499999999999999112, 11.89999999999999858, 8.673617379884035472E-16 ) ) ;
#337 = ORIENTED_EDGE ( 'NONE', *, *, #3452, .F. ) ;
#338 =( NAMED_UNIT ( * ) SI_UNIT ( $, .STERADIAN. ) SOLID_ANGLE_UNIT ( ) );
#339 = UNCERTAINTY_MEASURE_WITH_UNIT (LENGTH_MEASURE( 1.000000000000000082E-05 ), #3921, 'distance_accuracy_value', 'NONE');
#340 =( GEOMETRIC_REPRESENTATION_CONTEXT ( 3 ) GLOBAL_UNCERTAINTY_ASSIGNED_CONTEXT ( ( #3860 ) ) GLOBAL_UNIT_ASSIGNED_CONTEXT ( ( #7301, #9911, #3079 ) ) REPRESENTATION_CONTEXT ( 'NONE', 'WORKASPACE' ) );
#341 = ORIENTED_EDGE ( 'NONE', *, *, #6335, .F. ) ;
#342 = LINE ( 'NONE', #9619, #905 ) ;
#343 = MECHANICAL_DESIGN_GEOMETRIC_PRESENTATION_REPRESENTATION (  '', ( #6688 ), #10729 ) ;
#344 = EDGE_CURVE ( 'NONE', #7806, #9885, #4181, .T. ) ;
#345 = EDGE_LOOP ( 'NONE', ( #1603, #3700, #853, #3443 ) ) ;
#346 = DIRECTION ( 'NONE',  ( 0.0000000000000000000, 0.0000000000000000000, 1.000000000000000000 ) ) ;
#347 = ORIENTED_EDGE ( 'NONE', *, *, #5290, .F. ) ;
#348 = DIRECTION ( 'NONE',  ( 1.000000000000000000, 0.0000000000000000000, 0.0000000000000000000 ) ) ;
#349 = CARTESIAN_POINT ( 'NONE',  ( 25.25000000000000000, 19.00000000000000000, -7.999999999999998224 ) ) ;
#350 =( GEOMETRIC_REPRESENTATION_CONTEXT ( 3 ) GLOBAL_UNCERTAINTY_ASSIGNED_CONTEXT ( ( #554 ) ) GLOBAL_UNIT_ASSIGNED_CONTEXT ( ( #7618, #3444, #2022 ) ) REPRESENTATION_CONTEXT ( 'NONE', 'WORKASPACE' ) );
#351 = CARTESIAN_POINT ( 'NONE',  ( 14.81519660974405639, 11.39999999999999858, 5.114085138899327809 ) ) ;
#352 = VERTEX_POINT ( 'NONE', #5860 ) ;
#353 = VECTOR ( 'NONE', #7279, 999.9999999999998863 ) ;
#354 = ORIENTED_EDGE ( 'NONE', *, *, #2814, .F. ) ;
#355 = CARTESIAN_POINT ( 'NONE',  ( -7.105302921616549305, 15.89999999999999680, 2.234934561338733250 ) ) ;
#356 = AXIS2_PLACEMENT_3D ( 'NONE', #3112, #6559, #8328 ) ;
#357 = DIRECTION ( 'NONE',  ( 0.0000000000000000000, 0.0000000000000000000, -1.000000000000000000 ) ) ;
#358 = EDGE_CURVE ( 'NONE', #10685, #5902, #3293, .T. ) ;
#359 = DIRECTION ( 'NONE',  ( -1.330610115879115536E-16, 0.0000000000000000000, -1.000000000000000000 ) ) ;
#360 = VERTEX_POINT ( 'NONE', #10228 ) ;
#361 = ORIENTED_EDGE ( 'NONE', *, *, #6819, .T. ) ;
#362 = CARTESIAN_POINT ( 'NONE',  ( -7.500000000000001776, -2.750000000000000000, -0.4999999999999968914 ) ) ;
#363 = SURFACE_SIDE_STYLE ('',( #8652 ) ) ;
#364 = CARTESIAN_POINT ( 'NONE',  ( 6.499999999999999112, 15.89999999999999680, 8.673617379884035472E-16 ) ) ;
#365 = ORIENTED_EDGE ( 'NONE', *, *, #8117, .T. ) ;
#366 = CARTESIAN_POINT ( 'NONE',  ( 27.50000000000000000, 20.00000000000000711, -10.09999999999980247 ) ) ;
#367 = STYLED_ITEM ( 'NONE', ( #3383 ), #9191 ) ;
#368 = COLOUR_RGB ( '',1.000000000000000000, 1.000000000000000000, 1.000000000000000000 ) ;
#369 = ORIENTED_EDGE ( 'NONE', *, *, #709, .F. ) ;
#370 = AXIS2_PLACEMENT_3D ( 'NONE', #7701, #2752, #7090 ) ;
#371 = DIRECTION ( 'NONE',  ( -0.0000000000000000000, 1.000000000000000000, -0.0000000000000000000 ) ) ;
#372 = LINE ( 'NONE', #3718, #532 ) ;
#373 = ADVANCED_FACE ( 'NONE', ( #7686 ), #6736, .T. ) ;
#374 = VECTOR ( 'NONE', #9019, 1000.000000000000000 ) ;
#375 = EDGE_CURVE ( 'NONE', #4439, #10629, #2630, .T. ) ;
#376 = FACE_OUTER_BOUND ( 'NONE', #3336, .T. ) ;
#377 = AXIS2_PLACEMENT_3D ( 'NONE', #51, #8562, #3 ) ;
#378 = EDGE_LOOP ( 'NONE', ( #7151, #2351 ) ) ;
#379 =( NAMED_UNIT ( * ) SI_UNIT ( $, .STERADIAN. ) SOLID_ANGLE_UNIT ( ) );
#380 = LINE ( 'NONE', #157, #9967 ) ;
#381 = VERTEX_POINT ( 'NONE', #836 ) ;
#382 = PRESENTATION_LAYER_ASSIGNMENT (  '', '', ( #6721 ) ) ;
#383 = PLANE ( 'NONE',  #10676 ) ;
#384 = CARTESIAN_POINT ( 'NONE',  ( 20.10530292161654842, 13.89999999999999680, 0.6053029216165488613 ) ) ;
#385 = EDGE_CURVE ( 'NONE', #10583, #3552, #5173, .T. ) ;
#386 = ORIENTED_EDGE ( 'NONE', *, *, #2172, .F. ) ;
#387 = SURFACE_STYLE_FILL_AREA ( #7942 ) ;
#388 = DIRECTION ( 'NONE',  ( 0.0000000000000000000, 0.0000000000000000000, 1.000000000000000000 ) ) ;
#389 = EDGE_CURVE ( 'NONE', #2187, #3655, #3347, .T. ) ;
#390 = PRESENTATION_LAYER_ASSIGNMENT (  '', '', ( #556 ) ) ;
#391 = PRESENTATION_STYLE_ASSIGNMENT (( #9556 ) ) ;
#392 = SURFACE_STYLE_USAGE ( .BOTH. , #8897 ) ;
#393 = CARTESIAN_POINT ( 'NONE',  ( 6.499999999999999112, 15.89999999999999680, -3.411345746565306758 ) ) ;
#394 = CARTESIAN_POINT ( 'NONE',  ( -18.50000000000000000, -2.750000000000000000, 0.5000000000000031086 ) ) ;
#395 = ORIENTED_EDGE ( 'NONE', *, *, #9281, .F. ) ;
#396 = DIRECTION ( 'NONE',  ( 0.0000000000000000000, 0.0000000000000000000, 1.000000000000000000 ) ) ;
#397 = DIRECTION ( 'NONE',  ( -0.0000000000000000000, -1.000000000000000000, -0.0000000000000000000 ) ) ;
#398 = EDGE_CURVE ( 'NONE', #8723, #3003, #2577, .T. ) ;
#399 = LINE ( 'NONE', #3481, #1014 ) ;
#400 = DIRECTION ( 'NONE',  ( 0.0000000000000000000, 0.0000000000000000000, -1.000000000000000000 ) ) ;
#401 = VECTOR ( 'NONE', #252, 1000.000000000000000 ) ;
#402 = ORIENTED_EDGE ( 'NONE', *, *, #5070, .T. ) ;
#403 = CARTESIAN_POINT ( 'NONE',  ( -8.734934561338734582, 15.89999999999999680, -0.6053029216165488613 ) ) ;
#404 = VERTEX_POINT ( 'NONE', #7737 ) ;
#405 = CARTESIAN_POINT ( 'NONE',  ( 25.24999999999999645, 0.0000000000000000000, 7.999999999999998224 ) ) ;
#406 = CARTESIAN_POINT ( 'NONE',  ( 1.500000000000004885, -18.24828759089465535, -4.499999999999821476 ) ) ;
#407 = LINE ( 'NONE', #5524, #6345 ) ;
#408 = EDGE_CURVE ( 'NONE', #9343, #2149, #3515, .T. ) ;
#409 = EDGE_LOOP ( 'NONE', ( #9026, #7, #1930, #7311 ) ) ;
#410 = LINE ( 'NONE', #3703, #1350 ) ;
#411 = CARTESIAN_POINT ( 'NONE',  ( -19.50000000000000000, 11.89999999999999858, 8.673617379884035472E-16 ) ) ;
#412 = CARTESIAN_POINT ( 'NONE',  ( -18.89469707838345158, 13.89999999999999680, 0.6053029216165488613 ) ) ;
#413 = ORIENTED_EDGE ( 'NONE', *, *, #10178, .T. ) ;
#414 = ORIENTED_EDGE ( 'NONE', *, *, #2099, .F. ) ;
#415 = SURFACE_SIDE_STYLE ('',( #9643 ) ) ;
#416 = SURFACE_SIDE_STYLE ('',( #5598 ) ) ;
#417 = CARTESIAN_POINT ( 'NONE',  ( -27.50000000000000000, 9.400000000000000355, -6.099999999999992539 ) ) ;
#418 = ORIENTED_EDGE ( 'NONE', *, *, #1510, .F. ) ;
#419 = DIRECTION ( 'NONE',  ( 7.709882115452482111E-16, -3.854941057726241055E-16, 1.000000000000000000 ) ) ;
#420 = SURFACE_SIDE_STYLE ('',( #6114 ) ) ;
#421 = EDGE_CURVE ( 'NONE', #2996, #7775, #9288, .T. ) ;
#422 = VERTEX_POINT ( 'NONE', #6902 ) ;
#423 = CARTESIAN_POINT ( 'NONE',  ( 24.99999999999999645, -18.24828759089465535, -4.500000000000003553 ) ) ;
#424 = CARTESIAN_POINT ( 'NONE',  ( -5.500000000000000000, -2.750000000000000000, -0.4999999999999968914 ) ) ;
#425 = FACE_OUTER_BOUND ( 'NONE', #5082, .T. ) ;
#426 = CARTESIAN_POINT ( 'NONE',  ( -11.50000000000000355, 20.99999999999999645, -4.499999999999724665 ) ) ;
#427 = ORIENTED_EDGE ( 'NONE', *, *, #7265, .T. ) ;
#428 = LINE ( 'NONE', #5610, #1835 ) ;
#429 = FACE_OUTER_BOUND ( 'NONE', #9581, .T. ) ;
#430 = EDGE_LOOP ( 'NONE', ( #6671, #2864, #9928, #2194, #10547, #1347, #105, #4065 ) ) ;
#431 = DIRECTION ( 'NONE',  ( 0.0000000000000000000, 0.7071067811865473507, 0.7071067811865477948 ) ) ;
#432 = CARTESIAN_POINT ( 'NONE',  ( -27.50000000000000000, 9.399999999999998579, 4.500000000000092371 ) ) ;
#433 = EDGE_CURVE ( 'NONE', #5663, #7775, #4237, .T. ) ;
#434 = ORIENTED_EDGE ( 'NONE', *, *, #8435, .F. ) ;
#435 = DIRECTION ( 'NONE',  ( 1.000000000000000000, 0.0000000000000000000, -0.0000000000000000000 ) ) ;
#436 = FILL_AREA_STYLE_COLOUR ( '', #6022 ) ;
#437 = STYLED_ITEM ( 'NONE', ( #7129 ), #1518 ) ;
#438 = FILL_AREA_STYLE ('',( #6190 ) ) ;
#439 = SURFACE_STYLE_USAGE ( .BOTH. , #7073 ) ;
#440 = ADVANCED_FACE ( 'NONE', ( #5167 ), #5963, .F. ) ;
#441 = ORIENTED_EDGE ( 'NONE', *, *, #7538, .F. ) ;
#442 =( NAMED_UNIT ( * ) PLANE_ANGLE_UNIT ( ) SI_UNIT ( $, .RADIAN. ) );
#443 = CARTESIAN_POINT ( 'NONE',  ( -18.89469707838345158, 15.89999999999999680, -0.6053029216165491944 ) ) ;
#444 = TOROIDAL_SURFACE ( 'NONE', #5177, 3.411345746565307646, 1.000000000000000000 ) ;
#445 = CARTESIAN_POINT ( 'NONE',  ( -20.10530292161654842, 13.89999999999999680, 2.234934561338733250 ) ) ;
#446 = AXIS2_PLACEMENT_3D ( 'NONE', #6493, #9046, #8040 ) ;
#447 = ADVANCED_FACE ( 'NONE', ( #3627 ), #6247, .F. ) ;
#448 = EDGE_CURVE ( 'NONE', #1544, #6677, #10497, .T. ) ;
#449 = UNCERTAINTY_MEASURE_WITH_UNIT (LENGTH_MEASURE( 1.000000000000000082E-05 ), #7826, 'distance_accuracy_value', 'NONE');
#450 = AXIS2_PLACEMENT_3D ( 'NONE', #5311, #82, #8596 ) ;
#451 = DIRECTION ( 'NONE',  ( 1.000000000000000000, 0.0000000000000000000, 0.0000000000000000000 ) ) ;
#452 = CARTESIAN_POINT ( 'NONE',  ( 48.33386665984021136, 16.99999999999999645, -10.09999999999980069 ) ) ;
#453 = AXIS2_PLACEMENT_3D ( 'NONE', #703, #7442, #2505 ) ;
#454 = VECTOR ( 'NONE', #6978, 1000.000000000000000 ) ;
#455 = EDGE_CURVE ( 'NONE', #3495, #3687, #2687, .T. ) ;
#456 = VECTOR ( 'NONE', #3578, 1000.000000000000000 ) ;
#457 = ORIENTED_EDGE ( 'NONE', *, *, #2109, .F. ) ;
#458 = FACE_OUTER_BOUND ( 'NONE', #9110, .T. ) ;
#459 = ORIENTED_EDGE ( 'NONE', *, *, #433, .F. ) ;
#460 = DIRECTION ( 'NONE',  ( 0.0000000000000000000, 0.0000000000000000000, 1.000000000000000000 ) ) ;
#461 =( NAMED_UNIT ( * ) PLANE_ANGLE_UNIT ( ) SI_UNIT ( $, .RADIAN. ) );
#462 = SURFACE_SIDE_STYLE ('',( #10616 ) ) ;
#463 = PLANE ( 'NONE',  #7745 ) ;
#464 = AXIS2_PLACEMENT_3D ( 'NONE', #9806, #7474, #5654 ) ;
#465 = ORIENTED_EDGE ( 'NONE', *, *, #9605, .T. ) ;
#466 =( GEOMETRIC_REPRESENTATION_CONTEXT ( 3 ) GLOBAL_UNCERTAINTY_ASSIGNED_CONTEXT ( ( #2530 ) ) GLOBAL_UNIT_ASSIGNED_CONTEXT ( ( #10006, #4909, #3077 ) ) REPRESENTATION_CONTEXT ( 'NONE', 'WORKASPACE' ) );
#467 = DIRECTION ( 'NONE',  ( 0.0000000000000000000, 0.0000000000000000000, -1.000000000000000000 ) ) ;
#468 =( NAMED_UNIT ( * ) SI_UNIT ( $, .STERADIAN. ) SOLID_ANGLE_UNIT ( ) );
#469 = EDGE_CURVE ( 'NONE', #4098, #7623, #8627, .T. ) ;
#470 = ORIENTED_EDGE ( 'NONE', *, *, #4851, .F. ) ;
#471 = VERTEX_POINT ( 'NONE', #8792 ) ;
#472 = DIRECTION ( 'NONE',  ( 0.0000000000000000000, 1.000000000000000000, 0.0000000000000000000 ) ) ;
#473 = CARTESIAN_POINT ( 'NONE',  ( -21.73493456133873281, 13.89999999999999680, -0.6053029216165488613 ) ) ;
#474 = DIRECTION ( 'NONE',  ( 1.000000000000000000, 0.0000000000000000000, 0.0000000000000000000 ) ) ;
#475 = LINE ( 'NONE', #4033, #6227 ) ;
#476 = ORIENTED_EDGE ( 'NONE', *, *, #3991, .F. ) ;
#477 = CARTESIAN_POINT ( 'NONE',  ( 27.50000000000000000, 20.00000000000000000, -7.999999999999976019 ) ) ;
#478 = ORIENTED_EDGE ( 'NONE', *, *, #3047, .F. ) ;
#479 = DIRECTION ( 'NONE',  ( 0.0000000000000000000, 0.0000000000000000000, -1.000000000000000000 ) ) ;
#480 = DIRECTION ( 'NONE',  ( 3.854941057726238097E-16, 0.0000000000000000000, -1.000000000000000000 ) ) ;
#481 = FACE_OUTER_BOUND ( 'NONE', #6931, .T. ) ;
#482 = EDGE_CURVE ( 'NONE', #3950, #10679, #5233, .T. ) ;
#483 = ORIENTED_EDGE ( 'NONE', *, *, #1504, .F. ) ;
#484 = SURFACE_STYLE_FILL_AREA ( #8205 ) ;
#485 = LINE ( 'NONE', #6235, #126 ) ;
#486 = VERTEX_POINT ( 'NONE', #7127 ) ;
#487 = VECTOR ( 'NONE', #6350, 1000.000000000000000 ) ;
#488 = FILL_AREA_STYLE_COLOUR ( '', #4846 ) ;
#489 = SURFACE_SIDE_STYLE ('',( #9775 ) ) ;
#490 = DIRECTION ( 'NONE',  ( 0.0000000000000000000, 0.0000000000000000000, 1.000000000000000000 ) ) ;
#491 = EDGE_LOOP ( 'NONE', ( #7883, #1077, #5559, #10294, #2139, #6805 ) ) ;
#492 = DIRECTION ( 'NONE',  ( 0.0000000000000000000, -1.000000000000000000, -1.314184451497582245E-16 ) ) ;
#493 = SURFACE_SIDE_STYLE ('',( #8894 ) ) ;
#494 = CARTESIAN_POINT ( 'NONE',  ( 13.99999999999999645, 20.99999999999999645, 4.500000000000092371 ) ) ;
#495 = EDGE_CURVE ( 'NONE', #9547, #4990, #5896, .T. ) ;
#496 =( NAMED_UNIT ( * ) PLANE_ANGLE_UNIT ( ) SI_UNIT ( $, .RADIAN. ) );
#497 = LINE ( 'NONE', #1468, #6162 ) ;
#498 = DIRECTION ( 'NONE',  ( 0.0000000000000000000, 1.314184451497582492E-16, -1.000000000000000000 ) ) ;
#499 = VECTOR ( 'NONE', #6023, 1000.000000000000000 ) ;
#500 = VERTEX_POINT ( 'NONE', #5334 ) ;
#501 = LINE ( 'NONE', #2204, #2020 ) ;
#502 = CARTESIAN_POINT ( 'NONE',  ( 14.00000000000000178, 9.400000000000000355, -6.599999999999977440 ) ) ;
#503 = EDGE_CURVE ( 'NONE', #10419, #2756, #6315, .T. ) ;
#504 = CARTESIAN_POINT ( 'NONE',  ( 19.50000000000000000, 14.89999999999999680, 8.673617379884035472E-16 ) ) ;
#505 = PRESENTATION_STYLE_ASSIGNMENT (( #3021 ) ) ;
#506 = EDGE_CURVE ( 'NONE', #1991, #7085, #10448, .T. ) ;
#507 = ADVANCED_FACE ( 'NONE', ( #4446 ), #2797, .T. ) ;
#508 = VERTEX_POINT ( 'NONE', #7076 ) ;
#509 = ORIENTED_EDGE ( 'NONE', *, *, #4271, .F. ) ;
#510 = CARTESIAN_POINT ( 'NONE',  ( -17.26506543866126719, 15.89999999999999680, 0.6053029216165494164 ) ) ;
#511 = LINE ( 'NONE', #4792, #7425 ) ;
#512 = PRESENTATION_STYLE_ASSIGNMENT (( #3810 ) ) ;
#513 = DIRECTION ( 'NONE',  ( 0.0000000000000000000, 0.7071067811865477948, -0.7071067811865473507 ) ) ;
#514 = CIRCLE ( 'NONE', #1391, 1.000000000000000888 ) ;
#515 = EDGE_CURVE ( 'NONE', #1882, #3714, #2040, .T. ) ;
#516 = EDGE_LOOP ( 'NONE', ( #1614, #3884, #3827, #10265 ) ) ;
#517 = DIRECTION ( 'NONE',  ( 0.0000000000000000000, 1.000000000000000000, 1.239088197126289880E-15 ) ) ;
#518 = PLANE ( 'NONE',  #2994 ) ;
#519 = DIRECTION ( 'NONE',  ( -1.000000000000000000, 0.0000000000000000000, -0.0000000000000000000 ) ) ;
#520 = ORIENTED_EDGE ( 'NONE', *, *, #10322, .T. ) ;
#521 = ORIENTED_EDGE ( 'NONE', *, *, #2435, .T. ) ;
#522 = MECHANICAL_DESIGN_GEOMETRIC_PRESENTATION_REPRESENTATION (  '', ( #8462 ), #350 ) ;
#523 = VECTOR ( 'NONE', #8489, 1000.000000000000000 ) ;
#524 = FACE_OUTER_BOUND ( 'NONE', #1082, .T. ) ;
#525 = ADVANCED_FACE ( 'NONE', ( #8902 ), #2400, .T. ) ;
#526 = ORIENTED_EDGE ( 'NONE', *, *, #9226, .F. ) ;
#527 = VECTOR ( 'NONE', #7118, 1000.000000000000000 ) ;
#528 = DIRECTION ( 'NONE',  ( -1.000000000000000000, 0.0000000000000000000, 0.0000000000000000000 ) ) ;
#529 =( NAMED_UNIT ( * ) SI_UNIT ( $, .STERADIAN. ) SOLID_ANGLE_UNIT ( ) );
#530 = PRESENTATION_STYLE_ASSIGNMENT (( #3156 ) ) ;
#531 = ORIENTED_EDGE ( 'NONE', *, *, #4347, .F. ) ;
#532 = VECTOR ( 'NONE', #2075, 1000.000000000000000 ) ;
#533 = VECTOR ( 'NONE', #6720, 1000.000000000000000 ) ;
#534 = DIRECTION ( 'NONE',  ( 0.0000000000000000000, 0.0000000000000000000, 1.000000000000000000 ) ) ;
#535 = DIRECTION ( 'NONE',  ( 1.000000000000000000, 0.0000000000000000000, 0.0000000000000000000 ) ) ;
#536 = ORIENTED_EDGE ( 'NONE', *, *, #6819, .F. ) ;
#537 = DIRECTION ( 'NONE',  ( -0.0000000000000000000, 0.7071067811865480168, 0.7071067811865471286 ) ) ;
#538 = DIRECTION ( 'NONE',  ( 1.000000000000000000, 0.0000000000000000000, 0.0000000000000000000 ) ) ;
#539 = FILL_AREA_STYLE_COLOUR ( '', #9009 ) ;
#540 = ORIENTED_EDGE ( 'NONE', *, *, #5689, .T. ) ;
#541 = EDGE_CURVE ( 'NONE', #10721, #10527, #1627, .T. ) ;
#542 = DIRECTION ( 'NONE',  ( -1.000000000000000000, 0.0000000000000000000, 0.0000000000000000000 ) ) ;
#543 = COLOUR_RGB ( '',0.8980392156862745390, 0.8980392156862745390, 0.8980392156862745390 ) ;
#544 = PRESENTATION_STYLE_ASSIGNMENT (( #3904 ) ) ;
#545 = SURFACE_SIDE_STYLE ('',( #9606 ) ) ;
#546 = CARTESIAN_POINT ( 'NONE',  ( 0.0000000000000000000, 19.00000000000000000, 0.0000000000000000000 ) ) ;
#547 = CARTESIAN_POINT ( 'NONE',  ( 19.50000000000000000, 11.89999999999999858, 8.673617379884035472E-16 ) ) ;
#548 = AXIS2_PLACEMENT_3D ( 'NONE', #2767, #9584, #1838 ) ;
#549 =( NAMED_UNIT ( * ) PLANE_ANGLE_UNIT ( ) SI_UNIT ( $, .RADIAN. ) );
#550 = ORIENTED_EDGE ( 'NONE', *, *, #5491, .T. ) ;
#551 = PRESENTATION_LAYER_ASSIGNMENT (  '', '', ( #3699 ) ) ;
#552 = FILL_AREA_STYLE ('',( #2417 ) ) ;
#553 = CARTESIAN_POINT ( 'NONE',  ( 27.50000000000000000, 0.0000000000000000000, -9.000000000000000000 ) ) ;
#554 = UNCERTAINTY_MEASURE_WITH_UNIT (LENGTH_MEASURE( 1.000000000000000082E-05 ), #7618, 'distance_accuracy_value', 'NONE');
#555 = EDGE_CURVE ( 'NONE', #8616, #1979, #4100, .T. ) ;
#556 = STYLED_ITEM ( 'NONE', ( #1904 ), #6607 ) ;
#557 = CARTESIAN_POINT ( 'NONE',  ( -20.10530292161654842, 13.89999999999999680, -2.234934561338733250 ) ) ;
#558 = FILL_AREA_STYLE_COLOUR ( '', #10437 ) ;
#559 = FILL_AREA_STYLE ('',( #3186 ) ) ;
#560 = VERTEX_POINT ( 'NONE', #4815 ) ;
#561 = SURFACE_STYLE_USAGE ( .BOTH. , #3915 ) ;
#562 = PLANE ( 'NONE',  #8007 ) ;
#563 = ORIENTED_EDGE ( 'NONE', *, *, #3803, .F. ) ;
#564 = PRESENTATION_STYLE_ASSIGNMENT (( #1545 ) ) ;
#565 = CARTESIAN_POINT ( 'NONE',  ( 24.49999999999999645, 20.00000000000000355, -8.999999999999992895 ) ) ;
#566 = CARTESIAN_POINT ( 'NONE',  ( 5.894697078383449806, 13.89999999999999680, -0.6053029216165489723 ) ) ;
#567 = SURFACE_STYLE_USAGE ( .BOTH. , #2923 ) ;
#568 = EDGE_CURVE ( 'NONE', #5379, #3950, #9105, .T. ) ;
#569 = ORIENTED_EDGE ( 'NONE', *, *, #7295, .T. ) ;
#570 = CARTESIAN_POINT ( 'NONE',  ( 12.25000000000000000, 0.0000000000000000000, -9.000000000000000000 ) ) ;
#571 = EDGE_LOOP ( 'NONE', ( #6674, #734, #6640, #6619 ) ) ;
#572 = ORIENTED_EDGE ( 'NONE', *, *, #1383, .F. ) ;
#573 = EDGE_CURVE ( 'NONE', #3207, #4059, #5718, .T. ) ;
#574 = CARTESIAN_POINT ( 'NONE',  ( -27.50000000000000000, 21.09999999999999787, -7.999999999999976019 ) ) ;
#575 = DIRECTION ( 'NONE',  ( 0.0000000000000000000, 0.0000000000000000000, -1.000000000000000000 ) ) ;
#576 = ORIENTED_EDGE ( 'NONE', *, *, #8398, .T. ) ;
#577 = UNCERTAINTY_MEASURE_WITH_UNIT (LENGTH_MEASURE( 1.000000000000000082E-05 ), #8570, 'distance_accuracy_value', 'NONE');
#578 = CARTESIAN_POINT ( 'NONE',  ( -8.734934561338734582, 13.89999999999999680, 0.6053029216165499715 ) ) ;
#579 = ADVANCED_FACE ( 'NONE', ( #8204 ), #2457, .F. ) ;
#580 = ORIENTED_EDGE ( 'NONE', *, *, #1851, .F. ) ;
#581 = DIRECTION ( 'NONE',  ( 0.0000000000000000000, 0.0000000000000000000, 1.000000000000000000 ) ) ;
#582 = SURFACE_SIDE_STYLE ('',( #1351 ) ) ;
#583 = CARTESIAN_POINT ( 'NONE',  ( -25.00000000000000000, 20.99999999999999645, 4.500000000000365041 ) ) ;
#584 = CARTESIAN_POINT ( 'NONE',  ( 48.33386665984021136, 16.99999999999999645, -9.099999999999800693 ) ) ;
#585 = ORIENTED_EDGE ( 'NONE', *, *, #10150, .T. ) ;
#586 = CARTESIAN_POINT ( 'NONE',  ( -7.500000000000001776, 0.0000000000000000000, 0.5000000000000031086 ) ) ;
#587 = ADVANCED_FACE ( 'NONE', ( #4154 ), #4883, .T. ) ;
#588 = DIRECTION ( 'NONE',  ( 1.000000000000000000, 0.0000000000000000000, 0.0000000000000000000 ) ) ;
#589 = FACE_OUTER_BOUND ( 'NONE', #6495, .T. ) ;
#590 =( LENGTH_UNIT ( ) NAMED_UNIT ( * ) SI_UNIT ( .MILLI., .METRE. ) );
#591 = DIRECTION ( 'NONE',  ( -0.0000000000000000000, -1.000000000000000000, -0.0000000000000000000 ) ) ;
#592 = DIRECTION ( 'NONE',  ( 0.0000000000000000000, 0.0000000000000000000, 1.000000000000000000 ) ) ;
#593 = ORIENTED_EDGE ( 'NONE', *, *, #7793, .F. ) ;
#594 = PRESENTATION_STYLE_ASSIGNMENT (( #4826 ) ) ;
#595 = FACE_OUTER_BOUND ( 'NONE', #5396, .T. ) ;
#596 = DIRECTION ( 'NONE',  ( 0.0000000000000000000, 0.0000000000000000000, -1.000000000000000000 ) ) ;
#597 = CARTESIAN_POINT ( 'NONE',  ( 0.0000000000000000000, 21.00000000000000000, -7.999999999999976019 ) ) ;
#598 = FACE_BOUND ( 'NONE', #2495, .T. ) ;
#599 = DIRECTION ( 'NONE',  ( 1.000000000000000000, 0.0000000000000000000, 0.0000000000000000000 ) ) ;
#600 = EDGE_LOOP ( 'NONE', ( #2049, #4285, #7483, #100 ) ) ;
#601 = FACE_BOUND ( 'NONE', #8880, .T. ) ;
#602 = CARTESIAN_POINT ( 'NONE',  ( 27.50000000000000000, 22.09999999999982734, -7.999999999999976019 ) ) ;
#603 = ORIENTED_EDGE ( 'NONE', *, *, #608, .T. ) ;
#604 =( NAMED_UNIT ( * ) SI_UNIT ( $, .STERADIAN. ) SOLID_ANGLE_UNIT ( ) );
#605 =( GEOMETRIC_REPRESENTATION_CONTEXT ( 3 ) GLOBAL_UNCERTAINTY_ASSIGNED_CONTEXT ( ( #10632 ) ) GLOBAL_UNIT_ASSIGNED_CONTEXT ( ( #8716, #1033, #6064 ) ) REPRESENTATION_CONTEXT ( 'NONE', 'WORKASPACE' ) );
#606 = ORIENTED_EDGE ( 'NONE', *, *, #1699, .T. ) ;
#607 = AXIS2_PLACEMENT_3D ( 'NONE', #10728, #4707, #3000 ) ;
#608 = EDGE_CURVE ( 'NONE', #3024, #10167, #3603, .T. ) ;
#609 = FILL_AREA_STYLE_COLOUR ( '', #6073 ) ;
#610 = VECTOR ( 'NONE', #3909, 1000.000000000000000 ) ;
#611 = CARTESIAN_POINT ( 'NONE',  ( 18.89469707838345158, 15.89999999999999680, 0.6053029216165489723 ) ) ;
#612 = AXIS2_PLACEMENT_3D ( 'NONE', #10135, #2555, #7654 ) ;
#613 = EDGE_LOOP ( 'NONE', ( #5831, #6681, #6954, #10568 ) ) ;
#614 = CARTESIAN_POINT ( 'NONE',  ( 21.73493456133873281, 13.89999999999999680, 0.6053029216165494164 ) ) ;
#615 = FILL_AREA_STYLE ('',( #6263 ) ) ;
#616 = DIRECTION ( 'NONE',  ( -1.000000000000000000, 0.0000000000000000000, 6.653050579395577682E-17 ) ) ;
#617 = FACE_OUTER_BOUND ( 'NONE', #2280, .T. ) ;
#618 = ORIENTED_EDGE ( 'NONE', *, *, #3920, .F. ) ;
#619 = AXIS2_PLACEMENT_3D ( 'NONE', #9479, #3745, #7712 ) ;
#620 = VECTOR ( 'NONE', #7307, 1000.000000000000000 ) ;
#621 = PLANE ( 'NONE',  #3281 ) ;
#622 = LINE ( 'NONE', #3976, #1861 ) ;
#623 = VECTOR ( 'NONE', #221, 1000.000000000000000 ) ;
#624 = ORIENTED_EDGE ( 'NONE', *, *, #6346, .T. ) ;
#625 = EDGE_CURVE ( 'NONE', #9895, #2380, #10310, .T. ) ;
#626 = VERTEX_POINT ( 'NONE', #4369 ) ;
#627 = STYLED_ITEM ( 'NONE', ( #5612 ), #9488 ) ;
#628 = LINE ( 'NONE', #795, #6618 ) ;
#629 = FACE_OUTER_BOUND ( 'NONE', #9361, .T. ) ;
#630 = ORIENTED_EDGE ( 'NONE', *, *, #2746, .T. ) ;
#631 = AXIS2_PLACEMENT_3D ( 'NONE', #2567, #1749, #10272 ) ;
#632 = VECTOR ( 'NONE', #8079, 1000.000000000000000 ) ;
#633 = CARTESIAN_POINT ( 'NONE',  ( 1.500000000000004885, 20.99999999999999645, 9.000000000000184741 ) ) ;
#634 = AXIS2_PLACEMENT_3D ( 'NONE', #6430, #1486, #4854 ) ;
#635 = ORIENTED_EDGE ( 'NONE', *, *, #7270, .T. ) ;
#636 = ORIENTED_EDGE ( 'NONE', *, *, #6168, .F. ) ;
#637 = LINE ( 'NONE', #5826, #7004 ) ;
#638 = ADVANCED_FACE ( 'NONE', ( #7812 ), #1899, .F. ) ;
#639 = VECTOR ( 'NONE', #6229, 1000.000000000000000 ) ;
#640 =( LENGTH_UNIT ( ) NAMED_UNIT ( * ) SI_UNIT ( .MILLI., .METRE. ) );
#641 = EDGE_CURVE ( 'NONE', #3897, #10835, #7711, .T. ) ;
#642 = ORIENTED_EDGE ( 'NONE', *, *, #74, .T. ) ;
#643 = FACE_OUTER_BOUND ( 'NONE', #6131, .T. ) ;
#644 = EDGE_CURVE ( 'NONE', #3564, #2813, #3595, .T. ) ;
#645 = DIRECTION ( 'NONE',  ( 0.0000000000000000000, 0.0000000000000000000, 1.000000000000000000 ) ) ;
#646 = SURFACE_STYLE_USAGE ( .BOTH. , #8887 ) ;
#647 = SURFACE_SIDE_STYLE ('',( #5721 ) ) ;
#648 = SURFACE_STYLE_USAGE ( .BOTH. , #9052 ) ;
#649 = CARTESIAN_POINT ( 'NONE',  ( 27.50000000000000000, 20.00000000000000000, -7.999999999999976019 ) ) ;
#650 = CARTESIAN_POINT ( 'NONE',  ( 12.25000000000000000, 19.00000000000000000, 9.000000000000000000 ) ) ;
#651 = AXIS2_PLACEMENT_3D ( 'NONE', #8970, #3962, #2363 ) ;
#652 = VECTOR ( 'NONE', #5771, 1000.000000000000000 ) ;
#653 = ORIENTED_EDGE ( 'NONE', *, *, #1429, .T. ) ;
#654 = DIRECTION ( 'NONE',  ( -1.000000000000000000, 0.0000000000000000000, 0.0000000000000000000 ) ) ;
#655 = CARTESIAN_POINT ( 'NONE',  ( 12.25000000000000000, 0.0000000000000000000, -7.999999999999998224 ) ) ;
#656 = VECTOR ( 'NONE', #8836, 1000.000000000000000 ) ;
#657 = ORIENTED_EDGE ( 'NONE', *, *, #5340, .T. ) ;
#658 =( GEOMETRIC_REPRESENTATION_CONTEXT ( 3 ) GLOBAL_UNCERTAINTY_ASSIGNED_CONTEXT ( ( #8744 ) ) GLOBAL_UNIT_ASSIGNED_CONTEXT ( ( #10106, #978, #1745 ) ) REPRESENTATION_CONTEXT ( 'NONE', 'WORKASPACE' ) );
#659 = DIRECTION ( 'NONE',  ( 0.0000000000000000000, 0.0000000000000000000, -1.000000000000000000 ) ) ;
#660 = FILL_AREA_STYLE_COLOUR ( '', #8051 ) ;
#661 = AXIS2_PLACEMENT_3D ( 'NONE', #7161, #8936, #8089 ) ;
#662 = FILL_AREA_STYLE_COLOUR ( '', #9138 ) ;
#663 = EDGE_LOOP ( 'NONE', ( #8094, #1232, #955, #8665 ) ) ;
#664 = TOROIDAL_SURFACE ( 'NONE', #2249, 3.411345746565307646, 1.000000000000000000 ) ;
#665 = LINE ( 'NONE', #2356, #3586 ) ;
#666 = DIRECTION ( 'NONE',  ( 0.0000000000000000000, 0.0000000000000000000, -1.000000000000000000 ) ) ;
#667 = UNCERTAINTY_MEASURE_WITH_UNIT (LENGTH_MEASURE( 1.000000000000000082E-05 ), #5596, 'distance_accuracy_value', 'NONE');
#668 = CIRCLE ( 'NONE', #7890, 1.000000000000000888 ) ;
#669 = FACE_OUTER_BOUND ( 'NONE', #679, .T. ) ;
#670 = MECHANICAL_DESIGN_GEOMETRIC_PRESENTATION_REPRESENTATION (  '', ( #5597 ), #1708 ) ;
#671 = ORIENTED_EDGE ( 'NONE', *, *, #1291, .T. ) ;
#672 = AXIS2_PLACEMENT_3D ( 'NONE', #6133, #1149, #3676 ) ;
#673 = DIRECTION ( 'NONE',  ( 2.171187256930057644E-31, 1.000000000000000000, 4.130293990420970869E-16 ) ) ;
#674 = EDGE_LOOP ( 'NONE', ( #1235, #10255, #5541, #6412 ) ) ;
#675 = CARTESIAN_POINT ( 'NONE',  ( -27.50000000000000000, 2.799999999999999822, 9.000000000000000000 ) ) ;
#676 = SURFACE_STYLE_USAGE ( .BOTH. , #5471 ) ;
#677 = DIRECTION ( 'NONE',  ( 0.0000000000000000000, 0.0000000000000000000, 1.000000000000000000 ) ) ;
#678 = MECHANICAL_DESIGN_GEOMETRIC_PRESENTATION_REPRESENTATION (  '', ( #8074 ), #2947 ) ;
#679 = EDGE_LOOP ( 'NONE', ( #968, #9461, #1667, #7537 ) ) ;
#680 = PRESENTATION_LAYER_ASSIGNMENT (  '', '', ( #4362 ) ) ;
#681 = DIRECTION ( 'NONE',  ( 0.0000000000000000000, -1.000000000000000000, 0.0000000000000000000 ) ) ;
#682 = CARTESIAN_POINT ( 'NONE',  ( -27.50000000000000000, 20.00000000000000000, -7.999999999999976019 ) ) ;
#683 =( GEOMETRIC_REPRESENTATION_CONTEXT ( 3 ) GLOBAL_UNCERTAINTY_ASSIGNED_CONTEXT ( ( #1319 ) ) GLOBAL_UNIT_ASSIGNED_CONTEXT ( ( #9595, #4495, #2025 ) ) REPRESENTATION_CONTEXT ( 'NONE', 'WORKASPACE' ) );
#684 = VERTEX_POINT ( 'NONE', #7605 ) ;
#685 = VERTEX_POINT ( 'NONE', #5202 ) ;
#686 = LINE ( 'NONE', #4919, #7148 ) ;
#687 = CARTESIAN_POINT ( 'NONE',  ( 19.50000000000000000, 14.89999999999999680, 8.673617379884035472E-16 ) ) ;
#688 = ORIENTED_EDGE ( 'NONE', *, *, #9092, .T. ) ;
#689 = VECTOR ( 'NONE', #1706, 1000.000000000000000 ) ;
#690 = UNCERTAINTY_MEASURE_WITH_UNIT (LENGTH_MEASURE( 1.000000000000000082E-05 ), #7227, 'distance_accuracy_value', 'NONE');
#691 = LINE ( 'NONE', #3825, #6387 ) ;
#692 = ORIENTED_EDGE ( 'NONE', *, *, #2399, .T. ) ;
#693 = VERTEX_POINT ( 'NONE', #9373 ) ;
#694 = PRESENTATION_STYLE_ASSIGNMENT (( #749 ) ) ;
#695 = EDGE_CURVE ( 'NONE', #4133, #3063, #5092, .T. ) ;
#696 = CARTESIAN_POINT ( 'NONE',  ( -17.26506543866126719, 15.89999999999999680, -0.6053029216165494164 ) ) ;
#697 = FILL_AREA_STYLE_COLOUR ( '', #958 ) ;
#698 = AXIS2_PLACEMENT_3D ( 'NONE', #3004, #8998, #8830 ) ;
#699 = CARTESIAN_POINT ( 'NONE',  ( 27.50000000000000000, 19.99999999999998934, 10.10000000000018439 ) ) ;
#700 = ORIENTED_EDGE ( 'NONE', *, *, #7324, .F. ) ;
#701 = CARTESIAN_POINT ( 'NONE',  ( -14.50000000000000178, 20.00000000000000000, -7.999999999999976019 ) ) ;
#702 = DIRECTION ( 'NONE',  ( -0.0000000000000000000, 1.000000000000000000, -5.782411586589351091E-14 ) ) ;
#703 = CARTESIAN_POINT ( 'NONE',  ( -21.73493456133873281, 13.89999999999999680, 0.6053029216165499715 ) ) ;
#704 =( LENGTH_UNIT ( ) NAMED_UNIT ( * ) SI_UNIT ( .MILLI., .METRE. ) );
#705 = DIRECTION ( 'NONE',  ( -0.0000000000000000000, 1.000000000000000000, 0.0000000000000000000 ) ) ;
#706 = DIRECTION ( 'NONE',  ( -1.000000000000000000, -0.0000000000000000000, -0.0000000000000000000 ) ) ;
#707 = SURFACE_SIDE_STYLE ('',( #4105 ) ) ;
#708 = VERTEX_POINT ( 'NONE', #6163 ) ;
#709 = EDGE_CURVE ( 'NONE', #9463, #26, #6815, .T. ) ;
#710 = EDGE_CURVE ( 'NONE', #2589, #8081, #8650, .T. ) ;
#711 = SURFACE_STYLE_USAGE ( .BOTH. , #5890 ) ;
#712 = SURFACE_SIDE_STYLE ('',( #8105 ) ) ;
#713 = MECHANICAL_DESIGN_GEOMETRIC_PRESENTATION_REPRESENTATION (  '', ( #4386 ), #10595 ) ;
#714 = AXIS2_PLACEMENT_3D ( 'NONE', #2461, #1362, #1463 ) ;
#715 = VERTEX_POINT ( 'NONE', #10257 ) ;
#716 = CARTESIAN_POINT ( 'NONE',  ( 24.99999999999999645, 9.399999999999998579, 4.500000000000000888 ) ) ;
#717 = CARTESIAN_POINT ( 'NONE',  ( -6.500000000000000888, 11.89999999999999858, -1.993034753127726821 ) ) ;
#718 = LINE ( 'NONE', #10696, #8613 ) ;
#719 = VERTEX_POINT ( 'NONE', #36 ) ;
#720 = VECTOR ( 'NONE', #1112, 1000.000000000000000 ) ;
#721 = EDGE_CURVE ( 'NONE', #5902, #486, #3374, .T. ) ;
#722 = CARTESIAN_POINT ( 'NONE',  ( -17.26506543866126719, 15.89999999999999680, -0.6053029216165494164 ) ) ;
#723 = ORIENTED_EDGE ( 'NONE', *, *, #9819, .F. ) ;
#724 = MECHANICAL_DESIGN_GEOMETRIC_PRESENTATION_REPRESENTATION (  '', ( #2632 ), #7604 ) ;
#725 = VECTOR ( 'NONE', #6744, 1000.000000000000000 ) ;
#726 = EDGE_CURVE ( 'NONE', #9760, #825, #250, .T. ) ;
#727 = DIRECTION ( 'NONE',  ( 1.000000000000000000, 0.0000000000000000000, 1.734723475976817547E-15 ) ) ;
#728 = STYLED_ITEM ( 'NONE', ( #3726 ), #6330 ) ;
#729 = VECTOR ( 'NONE', #2964, 1000.000000000000000 ) ;
#730 = ORIENTED_EDGE ( 'NONE', *, *, #869, .T. ) ;
#731 = DIRECTION ( 'NONE',  ( 0.0000000000000000000, 0.0000000000000000000, -1.000000000000000000 ) ) ;
#732 = ADVANCED_FACE ( 'NONE', ( #4264 ), #1953, .T. ) ;
#733 = CARTESIAN_POINT ( 'NONE',  ( -12.00000000000000355, 20.99999999999999645, 4.500000000000273559 ) ) ;
#734 = ORIENTED_EDGE ( 'NONE', *, *, #5339, .T. ) ;
#735 =( GEOMETRIC_REPRESENTATION_CONTEXT ( 3 ) GLOBAL_UNCERTAINTY_ASSIGNED_CONTEXT ( ( #9202 ) ) GLOBAL_UNIT_ASSIGNED_CONTEXT ( ( #10757, #4903, #6622 ) ) REPRESENTATION_CONTEXT ( 'NONE', 'WORKASPACE' ) );
#736 = ORIENTED_EDGE ( 'NONE', *, *, #555, .T. ) ;
#737 = CIRCLE ( 'NONE', #6899, 0.5000000000000004441 ) ;
#738 = PLANE ( 'NONE',  #4162 ) ;
#739 = VECTOR ( 'NONE', #6348, 1000.000000000000000 ) ;
#740 = CARTESIAN_POINT ( 'NONE',  ( -1.499999999999997780, 20.99999999999999645, -7.999999999999976019 ) ) ;
#741 = EDGE_LOOP ( 'NONE', ( #3471, #2418, #10660, #1555, #6301, #5676, #40, #2434, #418, #3986, #2236, #6791 ) ) ;
#742 = ORIENTED_EDGE ( 'NONE', *, *, #7524, .F. ) ;
#743 = VERTEX_POINT ( 'NONE', #5941 ) ;
#744 = PLANE ( 'NONE',  #9180 ) ;
#745 = DIRECTION ( 'NONE',  ( -0.0000000000000000000, 1.000000000000000000, -0.0000000000000000000 ) ) ;
#746 = ORIENTED_EDGE ( 'NONE', *, *, #9350, .F. ) ;
#747 = EDGE_CURVE ( 'NONE', #7667, #8890, #8024, .T. ) ;
#748 = ORIENTED_EDGE ( 'NONE', *, *, #2318, .T. ) ;
#749 = SURFACE_STYLE_USAGE ( .BOTH. , #1674 ) ;
#750 = VECTOR ( 'NONE', #10467, 1000.000000000000000 ) ;
#751 = FACE_OUTER_BOUND ( 'NONE', #3217, .T. ) ;
#752 = CARTESIAN_POINT ( 'NONE',  ( -26.75000000000000000, -0.0000000000000000000, -7.999999999999998224 ) ) ;
#753 = ORIENTED_EDGE ( 'NONE', *, *, #8398, .F. ) ;
#754 = CARTESIAN_POINT ( 'NONE',  ( 6.499999999999999112, 14.89999999999999680, 8.673617379884035472E-16 ) ) ;
#755 =( NAMED_UNIT ( * ) PLANE_ANGLE_UNIT ( ) SI_UNIT ( $, .RADIAN. ) );
#756 = LINE ( 'NONE', #8539, #3149 ) ;
#757 = DIRECTION ( 'NONE',  ( 0.0000000000000000000, 1.000000000000000000, 1.314184451497582492E-16 ) ) ;
#758 = EDGE_CURVE ( 'NONE', #3807, #8332, #9478, .T. ) ;
#759 = FACE_OUTER_BOUND ( 'NONE', #4918, .T. ) ;
#760 = LINE ( 'NONE', #10094, #8137 ) ;
#761 = CARTESIAN_POINT ( 'NONE',  ( 5.499999999999998224, -2.750000000000000000, 0.5000000000000031086 ) ) ;
#762 = EDGE_LOOP ( 'NONE', ( #6173, #2891, #1159, #2981 ) ) ;
#763 = CARTESIAN_POINT ( 'NONE',  ( -11.50000000000000000, 9.399999999999998579, 4.500000000000272671 ) ) ;
#764 = VERTEX_POINT ( 'NONE', #7766 ) ;
#765 = DIRECTION ( 'NONE',  ( -0.0000000000000000000, 1.000000000000000000, -0.0000000000000000000 ) ) ;
#766 = SURFACE_STYLE_FILL_AREA ( #7669 ) ;
#767 = DIRECTION ( 'NONE',  ( 1.000000000000000000, 0.0000000000000000000, 0.0000000000000000000 ) ) ;
#768 = FILL_AREA_STYLE ('',( #1747 ) ) ;
#769 = ORIENTED_EDGE ( 'NONE', *, *, #4747, .F. ) ;
#770 = ADVANCED_FACE ( 'NONE', ( #8488 ), #1731, .F. ) ;
#771 = DIRECTION ( 'NONE',  ( -1.734723475976817547E-15, -1.314184451497582245E-16, 1.000000000000000000 ) ) ;
#772 =( GEOMETRIC_REPRESENTATION_CONTEXT ( 3 ) GLOBAL_UNCERTAINTY_ASSIGNED_CONTEXT ( ( #1547 ) ) GLOBAL_UNIT_ASSIGNED_CONTEXT ( ( #8413, #63, #10181 ) ) REPRESENTATION_CONTEXT ( 'NONE', 'WORKASPACE' ) );
#773 = ORIENTED_EDGE ( 'NONE', *, *, #2248, .T. ) ;
#774 = LINE ( 'NONE', #4071, #9678 ) ;
#775 = EDGE_CURVE ( 'NONE', #10097, #5106, #6219, .T. ) ;
#776 = FILL_AREA_STYLE ('',( #9179 ) ) ;
#777 = VECTOR ( 'NONE', #4574, 1000.000000000000000 ) ;
#778 = DIRECTION ( 'NONE',  ( -1.000000000000000000, 0.0000000000000000000, 0.0000000000000000000 ) ) ;
#779 = ORIENTED_EDGE ( 'NONE', *, *, #6847, .T. ) ;
#781 = ADVANCED_FACE ( 'NONE', ( #9757 ), #1341, .T. ) ;
#780 = SURFACE_STYLE_FILL_AREA ( #173 ) ;
#782 = EDGE_CURVE ( 'NONE', #129, #2763, #5361, .T. ) ;
#783 = CARTESIAN_POINT ( 'NONE',  ( 13.75000000000000178, 19.00000000000000000, 9.000000000000000000 ) ) ;
#784 = FILL_AREA_STYLE ('',( #8459 ) ) ;
#785 = DIRECTION ( 'NONE',  ( -0.0000000000000000000, 0.0000000000000000000, -1.000000000000000000 ) ) ;
#786 = UNCERTAINTY_MEASURE_WITH_UNIT (LENGTH_MEASURE( 1.000000000000000082E-05 ), #10581, 'distance_accuracy_value', 'NONE');
#787 = PRESENTATION_LAYER_ASSIGNMENT (  '', '', ( #7663 ) ) ;
#788 = ORIENTED_EDGE ( 'NONE', *, *, #8560, .F. ) ;
#789 = EDGE_CURVE ( 'NONE', #5753, #4871, #3037, .T. ) ;
#790 = SURFACE_STYLE_FILL_AREA ( #846 ) ;
#791 =( NAMED_UNIT ( * ) PLANE_ANGLE_UNIT ( ) SI_UNIT ( $, .RADIAN. ) );
#792 = AXIS2_PLACEMENT_3D ( 'NONE', #1573, #7492, #2157 ) ;
#793 = ORIENTED_EDGE ( 'NONE', *, *, #7666, .F. ) ;
#794 = ORIENTED_EDGE ( 'NONE', *, *, #1437, .F. ) ;
#795 = CARTESIAN_POINT ( 'NONE',  ( 27.50000000000000000, 16.99999999999999645, -10.09999999999980069 ) ) ;
#796 = SURFACE_STYLE_FILL_AREA ( #4969 ) ;
#797 = ORIENTED_EDGE ( 'NONE', *, *, #6915, .T. ) ;
#798 = UNCERTAINTY_MEASURE_WITH_UNIT (LENGTH_MEASURE( 1.000000000000000082E-05 ), #10317, 'distance_accuracy_value', 'NONE');
#799 = FILL_AREA_STYLE_COLOUR ( '', #3119 ) ;
#800 = PRESENTATION_LAYER_ASSIGNMENT (  '', '', ( #5004 ) ) ;
#801 = ORIENTED_EDGE ( 'NONE', *, *, #1578, .T. ) ;
#802 = TOROIDAL_SURFACE ( 'NONE', #9269, 3.411345746565307646, 1.000000000000000000 ) ;
#803 = ORIENTED_EDGE ( 'NONE', *, *, #4480, .F. ) ;
#804 = COLOUR_RGB ( '',1.000000000000000000, 1.000000000000000000, 1.000000000000000000 ) ;
#805 =( LENGTH_UNIT ( ) NAMED_UNIT ( * ) SI_UNIT ( .MILLI., .METRE. ) );
#806 = DIRECTION ( 'NONE',  ( -0.0000000000000000000, -1.000000000000000000, -1.314184451497582492E-16 ) ) ;
#807 = DIRECTION ( 'NONE',  ( 0.0000000000000000000, 1.000000000000000000, 0.0000000000000000000 ) ) ;
#808 = PRESENTATION_LAYER_ASSIGNMENT (  '', '', ( #2722 ) ) ;
#809 = ORIENTED_EDGE ( 'NONE', *, *, #41, .T. ) ;
#810 = SURFACE_STYLE_USAGE ( .BOTH. , #4982 ) ;
#811 = VECTOR ( 'NONE', #6692, 1000.000000000000000 ) ;
#812 = DIRECTION ( 'NONE',  ( -1.000000000000000000, 0.0000000000000000000, 0.0000000000000000000 ) ) ;
#813 = CARTESIAN_POINT ( 'NONE',  ( 20.10530292161654842, 13.89999999999999680, -2.234934561338733250 ) ) ;
#814 = FACE_OUTER_BOUND ( 'NONE', #4908, .T. ) ;
#815 = CARTESIAN_POINT ( 'NONE',  ( 13.99999999999999645, -18.24828759089465535, 4.500000000000087041 ) ) ;
#816 = FILL_AREA_STYLE ('',( #5097 ) ) ;
#817 = LINE ( 'NONE', #4159, #7778 ) ;
#818 = ORIENTED_EDGE ( 'NONE', *, *, #3949, .T. ) ;
#819 = VECTOR ( 'NONE', #2464, 1000.000000000000000 ) ;
#820 = FILL_AREA_STYLE_COLOUR ( '', #3972 ) ;
#821 =( NAMED_UNIT ( * ) SI_UNIT ( $, .STERADIAN. ) SOLID_ANGLE_UNIT ( ) );
#822 = ORIENTED_EDGE ( 'NONE', *, *, #10751, .F. ) ;
#823 =( NAMED_UNIT ( * ) SI_UNIT ( $, .STERADIAN. ) SOLID_ANGLE_UNIT ( ) );
#824 =( LENGTH_UNIT ( ) NAMED_UNIT ( * ) SI_UNIT ( .MILLI., .METRE. ) );
#825 = VERTEX_POINT ( 'NONE', #2936 ) ;
#826 = PRESENTATION_LAYER_ASSIGNMENT (  '', '', ( #3091 ) ) ;
#827 = FACE_OUTER_BOUND ( 'NONE', #9834, .T. ) ;
#828 = VERTEX_POINT ( 'NONE', #7213 ) ;
#829 = LINE ( 'NONE', #1597, #2244 ) ;
#830 = ADVANCED_FACE ( 'NONE', ( #8927 ), #4699, .T. ) ;
#831 =( GEOMETRIC_REPRESENTATION_CONTEXT ( 3 ) GLOBAL_UNCERTAINTY_ASSIGNED_CONTEXT ( ( #1324 ) ) GLOBAL_UNIT_ASSIGNED_CONTEXT ( ( #2353, #4722, #7452 ) ) REPRESENTATION_CONTEXT ( 'NONE', 'WORKASPACE' ) );
#832 = AXIS2_PLACEMENT_3D ( 'NONE', #1819, #5176, #9299 ) ;
#833 = CARTESIAN_POINT ( 'NONE',  ( 1.815196609744055500, 11.39999999999999858, 5.114085138899327809 ) ) ;
#834 =( LENGTH_UNIT ( ) NAMED_UNIT ( * ) SI_UNIT ( .MILLI., .METRE. ) );
#835 = VERTEX_POINT ( 'NONE', #1557 ) ;
#836 = CARTESIAN_POINT ( 'NONE',  ( 5.894697078383449806, 15.89999999999999680, 2.234934561338733250 ) ) ;
#837 =( LENGTH_UNIT ( ) NAMED_UNIT ( * ) SI_UNIT ( .MILLI., .METRE. ) );
#838 =( NAMED_UNIT ( * ) PLANE_ANGLE_UNIT ( ) SI_UNIT ( $, .RADIAN. ) );
#839 = SURFACE_SIDE_STYLE ('',( #890 ) ) ;
#840 = VECTOR ( 'NONE', #4309, 1000.000000000000000 ) ;
#842 = ORIENTED_EDGE ( 'NONE', *, *, #6381, .T. ) ;
#841 = AXIS2_PLACEMENT_3D ( 'NONE', #5143, #6049, #6218 ) ;
#843 = DIRECTION ( 'NONE',  ( -1.000000000000000000, 0.0000000000000000000, 0.0000000000000000000 ) ) ;
#844 = EDGE_CURVE ( 'NONE', #3585, #2686, #6539, .T. ) ;
#845 = EDGE_CURVE ( 'NONE', #5521, #7093, #4129, .T. ) ;
#846 = FILL_AREA_STYLE ('',( #9917 ) ) ;
#847 = PRESENTATION_LAYER_ASSIGNMENT (  '', '', ( #4527 ) ) ;
#848 = AXIS2_PLACEMENT_3D ( 'NONE', #2546, #10506, #957 ) ;
#849 =( NAMED_UNIT ( * ) PLANE_ANGLE_UNIT ( ) SI_UNIT ( $, .RADIAN. ) );
#850 = ORIENTED_EDGE ( 'NONE', *, *, #775, .F. ) ;
#851 = SURFACE_SIDE_STYLE ('',( #6910 ) ) ;
#852 = STYLED_ITEM ( 'NONE', ( #2795 ), #5178 ) ;
#853 = ORIENTED_EDGE ( 'NONE', *, *, #7408, .F. ) ;
#854 = CARTESIAN_POINT ( 'NONE',  ( 11.50000000000000000, 5.200000000000000178, 6.599999999999996092 ) ) ;
#855 = CARTESIAN_POINT ( 'NONE',  ( -5.500000000000000000, -3.750000000000000000, -0.4999999999999968914 ) ) ;
#856 =( NAMED_UNIT ( * ) PLANE_ANGLE_UNIT ( ) SI_UNIT ( $, .RADIAN. ) );
#857 = EDGE_CURVE ( 'NONE', #7257, #1554, #2384, .T. ) ;
#858 = CYLINDRICAL_SURFACE ( 'NONE', #322, 1.000000000000000000 ) ;
#859 = ORIENTED_EDGE ( 'NONE', *, *, #6846, .T. ) ;
#860 = ORIENTED_EDGE ( 'NONE', *, *, #5010, .T. ) ;
#861 = CARTESIAN_POINT ( 'NONE',  ( 20.10530292161654842, 13.89999999999999680, -2.234934561338733250 ) ) ;
#862 = COLOUR_RGB ( '',0.8980392156862745390, 0.8980392156862745390, 0.8980392156862745390 ) ;
#863 = LINE ( 'NONE', #696, #121 ) ;
#864 = DIRECTION ( 'NONE',  ( 0.0000000000000000000, 1.000000000000000000, 1.314184451497582245E-16 ) ) ;
#865 = ORIENTED_EDGE ( 'NONE', *, *, #2979, .T. ) ;
#866 = VECTOR ( 'NONE', #1063, 1000.000000000000000 ) ;
#867 =( NAMED_UNIT ( * ) PLANE_ANGLE_UNIT ( ) SI_UNIT ( $, .RADIAN. ) );
#868 = CARTESIAN_POINT ( 'NONE',  ( -27.50000000000000000, 9.400000000000000355, -4.499999999999818812 ) ) ;
#869 = EDGE_CURVE ( 'NONE', #16, #5287, #686, .T. ) ;
#870 = FACE_OUTER_BOUND ( 'NONE', #5489, .T. ) ;
#871 = CARTESIAN_POINT ( 'NONE',  ( 26.74999999999999645, 0.0000000000000000000, 7.999999999999998224 ) ) ;
#872 = DIRECTION ( 'NONE',  ( 0.0000000000000000000, 0.0000000000000000000, -1.000000000000000000 ) ) ;
#873 = VECTOR ( 'NONE', #8867, 1000.000000000000000 ) ;
#874 = VERTEX_POINT ( 'NONE', #8308 ) ;
#875 = EDGE_LOOP ( 'NONE', ( #7023, #1670, #8350, #3982 ) ) ;
#876 = SURFACE_STYLE_FILL_AREA ( #3280 ) ;
#877 = ORIENTED_EDGE ( 'NONE', *, *, #879, .T. ) ;
#878 = CARTESIAN_POINT ( 'NONE',  ( 1.500000000000004885, 8.900000000000000355, -6.099999999999992539 ) ) ;
#879 = EDGE_CURVE ( 'NONE', #3625, #9037, #10672, .T. ) ;
#880 = ORIENTED_EDGE ( 'NONE', *, *, #389, .T. ) ;
#881 = VECTOR ( 'NONE', #4716, 1000.000000000000000 ) ;
#882 = LINE ( 'NONE', #2734, #4941 ) ;
#883 = FILL_AREA_STYLE ('',( #2522 ) ) ;
#884 = CARTESIAN_POINT ( 'NONE',  ( -27.50000000000000000, 19.99999999999999289, 9.000000000000000000 ) ) ;
#885 = VERTEX_POINT ( 'NONE', #1400 ) ;
#886 = DIRECTION ( 'NONE',  ( -1.000000000000000000, 0.0000000000000000000, 0.0000000000000000000 ) ) ;
#887 = LINE ( 'NONE', #10229, #10483 ) ;
#888 = VECTOR ( 'NONE', #7986, 1000.000000000000000 ) ;
#889 =( NAMED_UNIT ( * ) SI_UNIT ( $, .STERADIAN. ) SOLID_ANGLE_UNIT ( ) );
#890 = SURFACE_STYLE_FILL_AREA ( #784 ) ;
#891 = MECHANICAL_DESIGN_GEOMETRIC_PRESENTATION_REPRESENTATION (  '', ( #9897 ), #2804 ) ;
#892 = EDGE_CURVE ( 'NONE', #719, #5379, #4756, .T. ) ;
#893 = UNCERTAINTY_MEASURE_WITH_UNIT (LENGTH_MEASURE( 1.000000000000000082E-05 ), #10037, 'distance_accuracy_value', 'NONE');
#894 = AXIS2_PLACEMENT_3D ( 'NONE', #3695, #9409, #7850 ) ;
#895 = ORIENTED_EDGE ( 'NONE', *, *, #9538, .F. ) ;
#896 =( NAMED_UNIT ( * ) SI_UNIT ( $, .STERADIAN. ) SOLID_ANGLE_UNIT ( ) );
#897 = SURFACE_SIDE_STYLE ('',( #6638 ) ) ;
#898 = EDGE_LOOP ( 'NONE', ( #9312, #5405, #4337, #688 ) ) ;
#899 = CARTESIAN_POINT ( 'NONE',  ( 7.105302921616547529, 13.89999999999999680, 2.234934561338733250 ) ) ;
#900 = MECHANICAL_DESIGN_GEOMETRIC_PRESENTATION_REPRESENTATION (  '', ( #728 ), #4060 ) ;
#901 = ORIENTED_EDGE ( 'NONE', *, *, #5629, .T. ) ;
#902 = DIRECTION ( 'NONE',  ( 0.0000000000000000000, 0.0000000000000000000, 1.000000000000000000 ) ) ;
#903 = LINE ( 'NONE', #67, #2291 ) ;
#904 = EDGE_CURVE ( 'NONE', #1823, #2380, #7426, .T. ) ;
#905 = VECTOR ( 'NONE', #6255, 1000.000000000000000 ) ;
#906 = UNCERTAINTY_MEASURE_WITH_UNIT (LENGTH_MEASURE( 1.000000000000000082E-05 ), #10056, 'distance_accuracy_value', 'NONE');
#907 = FILL_AREA_STYLE ('',( #2595 ) ) ;
#908 = ORIENTED_EDGE ( 'NONE', *, *, #5045, .T. ) ;
#909 = ORIENTED_EDGE ( 'NONE', *, *, #9021, .F. ) ;
#910 = DIRECTION ( 'NONE',  ( 1.000000000000000000, -5.066103599503465719E-32, 3.854941057726238097E-16 ) ) ;
#911 = MECHANICAL_DESIGN_GEOMETRIC_PRESENTATION_REPRESENTATION (  '', ( #7445 ), #4409 ) ;
#912 = LINE ( 'NONE', #7807, #8406 ) ;
#913 = SURFACE_STYLE_USAGE ( .BOTH. , #10891 ) ;
#914 = EDGE_CURVE ( 'NONE', #1991, #4607, #3092, .T. ) ;
#915 = CARTESIAN_POINT ( 'NONE',  ( -19.50000000000000000, 11.89999999999999858, 1.993034753127728376 ) ) ;
#916 = ORIENTED_EDGE ( 'NONE', *, *, #1539, .T. ) ;
#917 = CARTESIAN_POINT ( 'NONE',  ( -20.50000000000000000, -0.0000000000000000000, -0.4999999999999968914 ) ) ;
#918 = CARTESIAN_POINT ( 'NONE',  ( -18.50000000000000000, -3.750000000000000000, -0.4999999999999968914 ) ) ;
#919 = LINE ( 'NONE', #3322, #7327 ) ;
#920 = LINE ( 'NONE', #4266, #1926 ) ;
#921 = DIRECTION ( 'NONE',  ( 0.0000000000000000000, -1.314184451497582492E-16, 1.000000000000000000 ) ) ;
#922 = EDGE_CURVE ( 'NONE', #6865, #2374, #4031, .T. ) ;
#923 = PRESENTATION_STYLE_ASSIGNMENT (( #6762 ) ) ;
#924 = DIRECTION ( 'NONE',  ( 0.0000000000000000000, 0.0000000000000000000, 1.000000000000000000 ) ) ;
#925 = CARTESIAN_POINT ( 'NONE',  ( -14.49999999999999822, 5.200000000000000178, 6.599999999999996092 ) ) ;
#926 = ORIENTED_EDGE ( 'NONE', *, *, #3568, .T. ) ;
#927 = CARTESIAN_POINT ( 'NONE',  ( -7.500000000000001776, 0.0000000000000000000, 0.5000000000000031086 ) ) ;
#928 = EDGE_CURVE ( 'NONE', #7623, #4501, #3928, .T. ) ;
#929 = ORIENTED_EDGE ( 'NONE', *, *, #914, .T. ) ;
#930 = SURFACE_STYLE_FILL_AREA ( #9333 ) ;
#931 = CARTESIAN_POINT ( 'NONE',  ( -27.50000000000000000, 9.400000000000000355, -6.599999999999993427 ) ) ;
#932 = CARTESIAN_POINT ( 'NONE',  ( 24.18480339025593651, 11.39999999999999858, 5.114085138899327809 ) ) ;
#933 = ORIENTED_EDGE ( 'NONE', *, *, #9707, .T. ) ;
#934 = CARTESIAN_POINT ( 'NONE',  ( -1.499999999999997780, 9.399999999999998579, 4.500000000000181188 ) ) ;
#935 = ORIENTED_EDGE ( 'NONE', *, *, #10309, .T. ) ;
#936 = CARTESIAN_POINT ( 'NONE',  ( 6.499999999999999112, 11.89999999999999858, 8.673617379884035472E-16 ) ) ;
#937 = SURFACE_STYLE_FILL_AREA ( #50 ) ;
#938 = DIRECTION ( 'NONE',  ( 0.0000000000000000000, 0.0000000000000000000, -1.000000000000000000 ) ) ;
#939 = LINE ( 'NONE', #1701, #8245 ) ;
#940 = ORIENTED_EDGE ( 'NONE', *, *, #9701, .T. ) ;
#941 = LINE ( 'NONE', #1703, #8722 ) ;
#942 = CARTESIAN_POINT ( 'NONE',  ( -5.894697078383451583, 15.89999999999999680, 2.234934561338733250 ) ) ;
#943 = PLANE ( 'NONE',  #7081 ) ;
#944 = ORIENTED_EDGE ( 'NONE', *, *, #904, .T. ) ;
#945 = ADVANCED_FACE ( 'NONE', ( #3254 ), #9198, .F. ) ;
#946 = ORIENTED_EDGE ( 'NONE', *, *, #5001, .T. ) ;
#947 = VECTOR ( 'NONE', #4128, 1000.000000000000000 ) ;
#948 = FILL_AREA_STYLE ('',( #1664 ) ) ;
#949 = CIRCLE ( 'NONE', #3570, 1.000000000000000000 ) ;
#950 = ORIENTED_EDGE ( 'NONE', *, *, #844, .T. ) ;
#951 = PRESENTATION_STYLE_ASSIGNMENT (( #7750 ) ) ;
#952 = PRESENTATION_STYLE_ASSIGNMENT (( #4412 ) ) ;
#953 = FILL_AREA_STYLE ('',( #8524 ) ) ;
#954 = LINE ( 'NONE', #7540, #5250 ) ;
#955 = ORIENTED_EDGE ( 'NONE', *, *, #8069, .F. ) ;
#956 = VERTEX_POINT ( 'NONE', #10018 ) ;
#957 = DIRECTION ( 'NONE',  ( 0.0000000000000000000, 0.0000000000000000000, -1.000000000000000000 ) ) ;
#958 = COLOUR_RGB ( '',0.8980392156862745390, 0.8980392156862745390, 0.8980392156862745390 ) ;
#959 = DIRECTION ( 'NONE',  ( 0.0000000000000000000, 1.000000000000000000, -0.0000000000000000000 ) ) ;
#960 = EDGE_CURVE ( 'NONE', #4880, #4236, #6584, .T. ) ;
#961 = CARTESIAN_POINT ( 'NONE',  ( -27.50000000000000000, 20.00000000000000000, -9.099999999999972999 ) ) ;
#962 = ORIENTED_EDGE ( 'NONE', *, *, #1813, .T. ) ;
#963 = SURFACE_STYLE_USAGE ( .BOTH. , #9153 ) ;
#964 = DIRECTION ( 'NONE',  ( 0.0000000000000000000, 1.000000000000000000, 1.239088197126289880E-15 ) ) ;
#965 = CARTESIAN_POINT ( 'NONE',  ( 25.25000000000000000, 19.00000000000000000, -7.999999999999998224 ) ) ;
#966 = DIRECTION ( 'NONE',  ( 0.0000000000000000000, 1.314184451497582492E-16, -1.000000000000000000 ) ) ;
#967 = DIRECTION ( 'NONE',  ( -0.0000000000000000000, 1.000000000000000000, 3.854941057726237604E-16 ) ) ;
#968 = ORIENTED_EDGE ( 'NONE', *, *, #2777, .T. ) ;
#969 = STYLED_ITEM ( 'NONE', ( #6355 ), #7790 ) ;
#970 = LINE ( 'NONE', #7559, #2114 ) ;
#971 = VECTOR ( 'NONE', #4556, 1000.000000000000000 ) ;
#972 = ADVANCED_FACE ( 'NONE', ( #10880 ), #1616, .T. ) ;
#973 = COLOUR_RGB ( '',0.8980392156862745390, 0.8980392156862745390, 0.8980392156862745390 ) ;
#974 = EDGE_CURVE ( 'NONE', #1397, #4898, #8246, .T. ) ;
#975 = AXIS2_PLACEMENT_3D ( 'NONE', #7089, #6262, #4634 ) ;
#976 = EDGE_LOOP ( 'NONE', ( #7298, #5513, #6648, #8885 ) ) ;
#977 = FACE_OUTER_BOUND ( 'NONE', #5899, .T. ) ;
#978 =( NAMED_UNIT ( * ) PLANE_ANGLE_UNIT ( ) SI_UNIT ( $, .RADIAN. ) );
#979 = DIRECTION ( 'NONE',  ( 0.0000000000000000000, 1.000000000000000000, 0.0000000000000000000 ) ) ;
#980 = SURFACE_STYLE_FILL_AREA ( #45 ) ;
#981 = VERTEX_POINT ( 'NONE', #8358 ) ;
#982 = LINE ( 'NONE', #10109, #9035 ) ;
#983 = AXIS2_PLACEMENT_3D ( 'NONE', #86, #10093, #8431 ) ;
#984 = EDGE_CURVE ( 'NONE', #6361, #5421, #628, .T. ) ;
#985 = ORIENTED_EDGE ( 'NONE', *, *, #3520, .F. ) ;
#986 = CARTESIAN_POINT ( 'NONE',  ( 14.49999999999999467, 9.400000000000000355, -6.099999999999992539 ) ) ;
#987 = CARTESIAN_POINT ( 'NONE',  ( -26.75000000000000000, 19.00000000000000000, -8.999999999999975131 ) ) ;
#988 = PLANE ( 'NONE',  #3090 ) ;
#989 = MECHANICAL_DESIGN_GEOMETRIC_PRESENTATION_REPRESENTATION (  '', ( #6636 ), #7172 ) ;
#990 =( NAMED_UNIT ( * ) PLANE_ANGLE_UNIT ( ) SI_UNIT ( $, .RADIAN. ) );
#991 = ORIENTED_EDGE ( 'NONE', *, *, #7970, .F. ) ;
#992 = DIRECTION ( 'NONE',  ( 0.0000000000000000000, 1.000000000000000000, 0.0000000000000000000 ) ) ;
#993 = SURFACE_SIDE_STYLE ('',( #8572 ) ) ;
#994 = DIRECTION ( 'NONE',  ( 0.0000000000000000000, 1.000000000000000000, 1.314184451497582245E-16 ) ) ;
#995 = UNCERTAINTY_MEASURE_WITH_UNIT (LENGTH_MEASURE( 1.000000000000000082E-05 ), #10906, 'distance_accuracy_value', 'NONE');
#996 = EDGE_CURVE ( 'NONE', #3011, #10097, #4143, .T. ) ;
#997 = AXIS2_PLACEMENT_3D ( 'NONE', #6074, #1045, #7182 ) ;
#998 = ORIENTED_EDGE ( 'NONE', *, *, #7970, .T. ) ;
#999 = DIRECTION ( 'NONE',  ( 0.0000000000000000000, 0.0000000000000000000, -1.000000000000000000 ) ) ;
#1000 = DIRECTION ( 'NONE',  ( 0.0000000000000000000, 0.0000000000000000000, 1.000000000000000000 ) ) ;
#1001 = CARTESIAN_POINT ( 'NONE',  ( -19.50000000000000000, -2.750000000000000000, 0.0000000000000000000 ) ) ;
#1002 = UNCERTAINTY_MEASURE_WITH_UNIT (LENGTH_MEASURE( 1.000000000000000082E-05 ), #8499, 'distance_accuracy_value', 'NONE');
#1003 = ORIENTED_EDGE ( 'NONE', *, *, #7805, .T. ) ;
#1004 = LINE ( 'NONE', #9243, #3562 ) ;
#1005 = STYLED_ITEM ( 'NONE', ( #3768 ), #3247 ) ;
#1006 = VERTEX_POINT ( 'NONE', #9963 ) ;
#1007 = CARTESIAN_POINT ( 'NONE',  ( 1.500000000000004885, 9.400000000000000355, -6.099999999999992539 ) ) ;
#1008 = UNCERTAINTY_MEASURE_WITH_UNIT (LENGTH_MEASURE( 1.000000000000000082E-05 ), #7427, 'distance_accuracy_value', 'NONE');
#1009 = DIRECTION ( 'NONE',  ( 1.000000000000000000, 0.0000000000000000000, 0.0000000000000000000 ) ) ;
#1010 = VERTEX_POINT ( 'NONE', #6858 ) ;
#1011 = ADVANCED_FACE ( 'NONE', ( #4358 ), #2646, .F. ) ;
#1012 = ORIENTED_EDGE ( 'NONE', *, *, #6753, .F. ) ;
#1013 = DIRECTION ( 'NONE',  ( 1.000000000000000000, 0.0000000000000000000, -1.734723475976805517E-15 ) ) ;
#1014 = VECTOR ( 'NONE', #451, 1000.000000000000000 ) ;
#1015 =( NAMED_UNIT ( * ) SI_UNIT ( $, .STERADIAN. ) SOLID_ANGLE_UNIT ( ) );
#1016 = DIRECTION ( 'NONE',  ( -1.000000000000000000, -0.0000000000000000000, -0.0000000000000000000 ) ) ;
#1017 = CARTESIAN_POINT ( 'NONE',  ( -14.81519660974406349, 11.39999999999999858, 5.114085138899327809 ) ) ;
#1018 = CIRCLE ( 'NONE', #2591, 4.411345746565307202 ) ;
#1019 = ORIENTED_EDGE ( 'NONE', *, *, #3867, .F. ) ;
#1020 = CARTESIAN_POINT ( 'NONE',  ( 19.50000000000000000, 15.89999999999999680, 3.411345746565308534 ) ) ;
#1021 = CARTESIAN_POINT ( 'NONE',  ( -27.50000000000000000, 2.800000000000002043, -8.999999999999996447 ) ) ;
#1022 = DIRECTION ( 'NONE',  ( -1.000000000000000000, 0.0000000000000000000, -0.0000000000000000000 ) ) ;
#1023 = CARTESIAN_POINT ( 'NONE',  ( 27.50000000000000000, 16.99999999999999645, 9.100000000000186162 ) ) ;
#1024 = CIRCLE ( 'NONE', #2769, 1.000000000000000888 ) ;
#1025 = LINE ( 'NONE', #8708, #6727 ) ;
#1026 = CARTESIAN_POINT ( 'NONE',  ( -17.26506543866126719, 13.89999999999999680, 0.6053029216165494164 ) ) ;
#1027 = EDGE_CURVE ( 'NONE', #4704, #835, #66, .T. ) ;
#1028 = AXIS2_PLACEMENT_3D ( 'NONE', #2141, #3835, #7334 ) ;
#1029 = EDGE_LOOP ( 'NONE', ( #3418, #8139, #122, #4410 ) ) ;
#1030 = CARTESIAN_POINT ( 'NONE',  ( 5.499999999999998224, -2.750000000000000000, -0.4999999999999968914 ) ) ;
#1031 = VERTEX_POINT ( 'NONE', #8471 ) ;
#1032 = PRESENTATION_STYLE_ASSIGNMENT (( #217 ) ) ;
#1033 =( NAMED_UNIT ( * ) PLANE_ANGLE_UNIT ( ) SI_UNIT ( $, .RADIAN. ) );
#1034 = DIRECTION ( 'NONE',  ( -0.0000000000000000000, -1.000000000000000000, -0.0000000000000000000 ) ) ;
#1035 = ORIENTED_EDGE ( 'NONE', *, *, #4678, .F. ) ;
#1036 = DIRECTION ( 'NONE',  ( 5.451709925985334213E-16, 0.7071067811865470176, -0.7071067811865479058 ) ) ;
#1037 = FILL_AREA_STYLE ('',( #2372 ) ) ;
#1038 = VECTOR ( 'NONE', #6860, 1000.000000000000000 ) ;
#1039 = EDGE_CURVE ( 'NONE', #8081, #7082, #1824, .T. ) ;
#1040 = PRESENTATION_LAYER_ASSIGNMENT (  '', '', ( #5800 ) ) ;
#1041 = ORIENTED_EDGE ( 'NONE', *, *, #6732, .F. ) ;
#1042 = DIRECTION ( 'NONE',  ( 0.0000000000000000000, 0.0000000000000000000, 1.000000000000000000 ) ) ;
#1043 = LINE ( 'NONE', #7626, #1246 ) ;
#1044 =( NAMED_UNIT ( * ) SI_UNIT ( $, .STERADIAN. ) SOLID_ANGLE_UNIT ( ) );
#1045 = DIRECTION ( 'NONE',  ( -3.326525289697788964E-16, 0.0000000000000000000, 1.000000000000000000 ) ) ;
#1046 = ADVANCED_FACE ( 'NONE', ( #10295 ), #2697, .T. ) ;
#1047 = DIRECTION ( 'NONE',  ( 0.0000000000000000000, 0.0000000000000000000, 1.000000000000000000 ) ) ;
#1048 = ORIENTED_EDGE ( 'NONE', *, *, #3845, .T. ) ;
#1049 = DIRECTION ( 'NONE',  ( -1.734723475976807292E-15, 0.0000000000000000000, -1.000000000000000000 ) ) ;
#1050 = CARTESIAN_POINT ( 'NONE',  ( 0.7500000000000006661, 19.00000000000000000, -7.999999999999998224 ) ) ;
#1051 = EDGE_CURVE ( 'NONE', #5705, #3755, #2214, .T. ) ;
#1052 = VERTEX_POINT ( 'NONE', #7642 ) ;
#1053 =( NAMED_UNIT ( * ) PLANE_ANGLE_UNIT ( ) SI_UNIT ( $, .RADIAN. ) );
#1054 = EDGE_CURVE ( 'NONE', #8800, #1248, #6964, .T. ) ;
#1055 = PRESENTATION_LAYER_ASSIGNMENT (  '', '', ( #367 ) ) ;
#1056 =( GEOMETRIC_REPRESENTATION_CONTEXT ( 3 ) GLOBAL_UNCERTAINTY_ASSIGNED_CONTEXT ( ( #8259 ) ) GLOBAL_UNIT_ASSIGNED_CONTEXT ( ( #9722, #8721, #2147 ) ) REPRESENTATION_CONTEXT ( 'NONE', 'WORKASPACE' ) );
#1057 = ORIENTED_EDGE ( 'NONE', *, *, #7615, .F. ) ;
#1058 = LINE ( 'NONE', #5297, #8356 ) ;
#1059 = EDGE_LOOP ( 'NONE', ( #6476, #6031, #7777, #414 ) ) ;
#1060 = LINE ( 'NONE', #7800, #456 ) ;
#1061 = PLANE ( 'NONE',  #5830 ) ;
#1062 = CARTESIAN_POINT ( 'NONE',  ( 1.815196609744055500, 11.39999999999999858, -5.114085138899324257 ) ) ;
#1063 = DIRECTION ( 'NONE',  ( 0.0000000000000000000, -1.000000000000000000, -1.239088197126289880E-15 ) ) ;
#1064 = ORIENTED_EDGE ( 'NONE', *, *, #3380, .F. ) ;
#1065 = ORIENTED_EDGE ( 'NONE', *, *, #5763, .T. ) ;
#1066 = CARTESIAN_POINT ( 'NONE',  ( -12.00000000000000000, 20.99999999999999645, -4.499999999999725553 ) ) ;
#1067 = CIRCLE ( 'NONE', #9705, 1.000000000000000000 ) ;
#1068 = ORIENTED_EDGE ( 'NONE', *, *, #4523, .F. ) ;
#1069 = CARTESIAN_POINT ( 'NONE',  ( 26.74999999999999645, 0.0000000000000000000, 7.999999999999998224 ) ) ;
#1070 =( GEOMETRIC_REPRESENTATION_CONTEXT ( 3 ) GLOBAL_UNCERTAINTY_ASSIGNED_CONTEXT ( ( #3983 ) ) GLOBAL_UNIT_ASSIGNED_CONTEXT ( ( #1931, #3355, #896 ) ) REPRESENTATION_CONTEXT ( 'NONE', 'WORKASPACE' ) );
#1071 = CYLINDRICAL_SURFACE ( 'NONE', #7765, 4.411345746565307202 ) ;
#1072 = LINE ( 'NONE', #6343, #7282 ) ;
#1073 = DIRECTION ( 'NONE',  ( -0.0000000000000000000, -1.000000000000000000, -1.314184451497582492E-16 ) ) ;
#1074 = LINE ( 'NONE', #3601, #8862 ) ;
#1075 =( NAMED_UNIT ( * ) SI_UNIT ( $, .STERADIAN. ) SOLID_ANGLE_UNIT ( ) );
#1076 = VECTOR ( 'NONE', #2286, 1000.000000000000000 ) ;
#1077 = ORIENTED_EDGE ( 'NONE', *, *, #7124, .T. ) ;
#1078 = MECHANICAL_DESIGN_GEOMETRIC_PRESENTATION_REPRESENTATION (  '', ( #3353 ), #5851 ) ;
#1079 = LINE ( 'NONE', #7818, #9119 ) ;
#1080 = DIRECTION ( 'NONE',  ( -1.000000000000000000, -0.0000000000000000000, -0.0000000000000000000 ) ) ;
#1081 = EDGE_CURVE ( 'NONE', #3687, #2225, #8583, .T. ) ;
#1082 = EDGE_LOOP ( 'NONE', ( #210, #3930, #9560, #7848 ) ) ;
#1083 = LINE ( 'NONE', #155, #10407 ) ;
#1084 = DIRECTION ( 'NONE',  ( -0.0000000000000000000, 1.000000000000000000, -0.0000000000000000000 ) ) ;
#1085 = CARTESIAN_POINT ( 'NONE',  ( 6.499999999999999112, 15.89999999999999680, -4.411345746565306314 ) ) ;
#1086 = CARTESIAN_POINT ( 'NONE',  ( 1.500000000000005773, 19.99999999999999289, 8.000000000000000000 ) ) ;
#1087 = ORIENTED_EDGE ( 'NONE', *, *, #2390, .T. ) ;
#1088 = CARTESIAN_POINT ( 'NONE',  ( 26.75000000000000000, 19.00000000000000000, -7.999999999999998224 ) ) ;
#1089 = CARTESIAN_POINT ( 'NONE',  ( -11.50000000000000355, -18.24828759089465535, -4.499999999999729994 ) ) ;
#1090 = ORIENTED_EDGE ( 'NONE', *, *, #2193, .F. ) ;
#1091 = FACE_OUTER_BOUND ( 'NONE', #1858, .T. ) ;
#1092 = CARTESIAN_POINT ( 'NONE',  ( 13.75000000000000178, 19.00000000000000000, 7.999999999999998224 ) ) ;
#1093 = VECTOR ( 'NONE', #6112, 1000.000000000000000 ) ;
#1094 = CARTESIAN_POINT ( 'NONE',  ( 11.18480339025593473, 11.39999999999999858, -5.114085138899324257 ) ) ;
#1095 = EDGE_CURVE ( 'NONE', #8164, #10003, #2593, .T. ) ;
#1096 = CARTESIAN_POINT ( 'NONE',  ( -27.50000000000000355, 9.400000000000000355, -4.499999999999640288 ) ) ;
#1097 = DIRECTION ( 'NONE',  ( 0.0000000000000000000, 1.000000000000000000, 1.314184451497582245E-16 ) ) ;
#1098 = VERTEX_POINT ( 'NONE', #1007 ) ;
#1099 = DIRECTION ( 'NONE',  ( 0.0000000000000000000, 0.0000000000000000000, -1.000000000000000000 ) ) ;
#1100 = CARTESIAN_POINT ( 'NONE',  ( -26.75000000000000355, 0.0000000000000000000, 8.000000000000001776 ) ) ;
#1101 = DIRECTION ( 'NONE',  ( -1.000000000000000000, 0.0000000000000000000, 0.0000000000000000000 ) ) ;
#1102 = UNCERTAINTY_MEASURE_WITH_UNIT (LENGTH_MEASURE( 1.000000000000000082E-05 ), #4304, 'distance_accuracy_value', 'NONE');
#1103 = EDGE_CURVE ( 'NONE', #8420, #6011, #6092, .T. ) ;
#1104 = ORIENTED_EDGE ( 'NONE', *, *, #10439, .T. ) ;
#1105 = DIRECTION ( 'NONE',  ( -6.653050579395577682E-17, 0.0000000000000000000, -1.000000000000000000 ) ) ;
#1106 = EDGE_CURVE ( 'NONE', #5106, #2471, #1883, .T. ) ;
#1107 = EDGE_CURVE ( 'NONE', #9700, #8811, #1060, .T. ) ;
#1108 = ORIENTED_EDGE ( 'NONE', *, *, #3949, .F. ) ;
#1109 = FACE_OUTER_BOUND ( 'NONE', #571, .T. ) ;
#1110 = ORIENTED_EDGE ( 'NONE', *, *, #4295, .F. ) ;
#1111 = FACE_OUTER_BOUND ( 'NONE', #5642, .T. ) ;
#1112 = DIRECTION ( 'NONE',  ( 0.0000000000000000000, -0.0000000000000000000, 1.000000000000000000 ) ) ;
#1113 = DIRECTION ( 'NONE',  ( 0.0000000000000000000, -0.0000000000000000000, 1.000000000000000000 ) ) ;
#1114 = CARTESIAN_POINT ( 'NONE',  ( -27.50000000000000000, 8.899999999999998579, 6.099999999999996092 ) ) ;
#1115 = EDGE_LOOP ( 'NONE', ( #933, #9539, #10477, #6149 ) ) ;
#1116 = EDGE_CURVE ( 'NONE', #3655, #7720, #2751, .T. ) ;
#1117 = ORIENTED_EDGE ( 'NONE', *, *, #1594, .F. ) ;
#1118 = CARTESIAN_POINT ( 'NONE',  ( -1.815196609744064160, 11.39999999999999858, 5.114085138899327809 ) ) ;
#1119 = CARTESIAN_POINT ( 'NONE',  ( 21.73493456133873281, 13.89999999999999680, 0.6053029216165494164 ) ) ;
#1120 = ORIENTED_EDGE ( 'NONE', *, *, #115, .F. ) ;
#1121 = VERTEX_POINT ( 'NONE', #854 ) ;
#1122 = CARTESIAN_POINT ( 'NONE',  ( -13.75000000000000000, 19.00000000000000000, -7.999999999999998224 ) ) ;
#1123 = DIRECTION ( 'NONE',  ( -1.000000000000000000, -1.013220719900693144E-31, 7.709882115452476194E-16 ) ) ;
#1124 = CARTESIAN_POINT ( 'NONE',  ( 20.10530292161654842, 15.89999999999999680, -0.6053029216165491944 ) ) ;
#1125 = LINE ( 'NONE', #7869, #1443 ) ;
#1126 = CARTESIAN_POINT ( 'NONE',  ( -7.105302921616549305, 13.89999999999999680, -2.234934561338733250 ) ) ;
#1127 = DIRECTION ( 'NONE',  ( 7.709882115452484083E-16, 0.0000000000000000000, 1.000000000000000000 ) ) ;
#1128 = CARTESIAN_POINT ( 'NONE',  ( 5.499999999999998224, -0.0000000000000000000, -0.4999999999999968914 ) ) ;
#1129 = VERTEX_POINT ( 'NONE', #4197 ) ;
#1130 = VECTOR ( 'NONE', #9183, 1000.000000000000000 ) ;
#1131 = CARTESIAN_POINT ( 'NONE',  ( -1.499999999999997780, 2.800000000000002043, -8.999999999999996447 ) ) ;
#1132 = STYLED_ITEM ( 'NONE', ( #5158 ), #10102 ) ;
#1133 = CARTESIAN_POINT ( 'NONE',  ( -12.00000000000000000, -18.24828759089465535, -4.499999999999730882 ) ) ;
#1134 = FILL_AREA_STYLE_COLOUR ( '', #10138 ) ;
#1135 = PRESENTATION_LAYER_ASSIGNMENT (  '', '', ( #6442 ) ) ;
#1136 = ORIENTED_EDGE ( 'NONE', *, *, #710, .T. ) ;
#1137 = LINE ( 'NONE', #10377, #2793 ) ;
#1138 =( GEOMETRIC_REPRESENTATION_CONTEXT ( 3 ) GLOBAL_UNCERTAINTY_ASSIGNED_CONTEXT ( ( #119 ) ) GLOBAL_UNIT_ASSIGNED_CONTEXT ( ( #2989, #10416, #7266 ) ) REPRESENTATION_CONTEXT ( 'NONE', 'WORKASPACE' ) );
#1139 = CARTESIAN_POINT ( 'NONE',  ( -7.105302921616549305, 13.89999999999999680, -2.234934561338733250 ) ) ;
#1140 = PRESENTATION_STYLE_ASSIGNMENT (( #7935 ) ) ;
#1141 = CARTESIAN_POINT ( 'NONE',  ( 0.0000000000000000000, 19.99999999999999289, 8.000000000000000000 ) ) ;
#1142 = ORIENTED_EDGE ( 'NONE', *, *, #7465, .F. ) ;
#1143 = FILL_AREA_STYLE_COLOUR ( '', #2375 ) ;
#1144 = EDGE_LOOP ( 'NONE', ( #9751, #4516, #9204, #7662 ) ) ;
#1145 = CIRCLE ( 'NONE', #1492, 1.000000000000000000 ) ;
#1146 = AXIS2_PLACEMENT_3D ( 'NONE', #8256, #10785, #480 ) ;
#1147 = VECTOR ( 'NONE', #9255, 1000.000000000000000 ) ;
#1148 = VECTOR ( 'NONE', #348, 1000.000000000000000 ) ;
#1149 = DIRECTION ( 'NONE',  ( 1.000000000000000000, 0.0000000000000000000, 0.0000000000000000000 ) ) ;
#1150 = LINE ( 'NONE', #2035, #9740 ) ;
#1151 = DIRECTION ( 'NONE',  ( 0.0000000000000000000, 0.0000000000000000000, -1.000000000000000000 ) ) ;
#1152 = CARTESIAN_POINT ( 'NONE',  ( -27.50000000000000000, 20.00000000000000711, -10.09999999999980247 ) ) ;
#1153 = DIRECTION ( 'NONE',  ( 1.000000000000000000, 0.0000000000000000000, 0.0000000000000000000 ) ) ;
#1154 = ORIENTED_EDGE ( 'NONE', *, *, #9056, .F. ) ;
#1155 = PLANE ( 'NONE',  #3407 ) ;
#1156 = STYLED_ITEM ( 'NONE', ( #117 ), #1440 ) ;
#1157 = DIRECTION ( 'NONE',  ( 0.0000000000000000000, 1.000000000000000000, 0.0000000000000000000 ) ) ;
#1158 = EDGE_CURVE ( 'NONE', #7587, #7044, #10569, .T. ) ;
#1159 = ORIENTED_EDGE ( 'NONE', *, *, #5122, .F. ) ;
#1160 = CARTESIAN_POINT ( 'NONE',  ( 48.33386665984021136, 20.00000000000000711, -10.09999999999980247 ) ) ;
#1161 = VECTOR ( 'NONE', #10635, 1000.000000000000000 ) ;
#1162 = EDGE_LOOP ( 'NONE', ( #10088, #8099, #2853, #916 ) ) ;
#1163 = DIRECTION ( 'NONE',  ( -0.0000000000000000000, 1.000000000000000000, -0.0000000000000000000 ) ) ;
#1164 = EDGE_CURVE ( 'NONE', #8811, #4709, #8693, .T. ) ;
#1165 = ORIENTED_EDGE ( 'NONE', *, *, #3232, .F. ) ;
#1166 = CARTESIAN_POINT ( 'NONE',  ( 19.50000000000000000, 11.89999999999999858, 1.993034753127728376 ) ) ;
#1167 = MECHANICAL_DESIGN_GEOMETRIC_PRESENTATION_REPRESENTATION (  '', ( #9467 ), #5576 ) ;
#1168 = AXIS2_PLACEMENT_3D ( 'NONE', #7258, #9639, #1227 ) ;
#1169 = LINE ( 'NONE', #351, #4718 ) ;
#1170 = EDGE_CURVE ( 'NONE', #4974, #2680, #1329, .T. ) ;
#1171 = ORIENTED_EDGE ( 'NONE', *, *, #9124, .F. ) ;
#1172 = CARTESIAN_POINT ( 'NONE',  ( -12.24999999999999822, 19.00000000000000000, -7.999999999999998224 ) ) ;
#1173 = FILL_AREA_STYLE ('',( #245 ) ) ;
#1174 = STYLED_ITEM ( 'NONE', ( #9889 ), #10885 ) ;
#1175 =( NAMED_UNIT ( * ) PLANE_ANGLE_UNIT ( ) SI_UNIT ( $, .RADIAN. ) );
#1176 = ORIENTED_EDGE ( 'NONE', *, *, #6457, .T. ) ;
#1177 = ORIENTED_EDGE ( 'NONE', *, *, #5388, .F. ) ;
#1178 = EDGE_CURVE ( 'NONE', #6514, #8304, #1850, .T. ) ;
#1179 =( NAMED_UNIT ( * ) SI_UNIT ( $, .STERADIAN. ) SOLID_ANGLE_UNIT ( ) );
#1180 = FILL_AREA_STYLE ('',( #10466 ) ) ;
#1181 = VERTEX_POINT ( 'NONE', #10517 ) ;
#1182 = LINE ( 'NONE', #8654, #4464 ) ;
#1183 =( LENGTH_UNIT ( ) NAMED_UNIT ( * ) SI_UNIT ( .MILLI., .METRE. ) );
#1184 = EDGE_CURVE ( 'NONE', #2381, #16, #5565, .T. ) ;
#1185 = COLOUR_RGB ( '',0.8980392156862745390, 0.8980392156862745390, 0.8980392156862745390 ) ;
#1186 = ORIENTED_EDGE ( 'NONE', *, *, #1779, .F. ) ;
#1187 =( NAMED_UNIT ( * ) SI_UNIT ( $, .STERADIAN. ) SOLID_ANGLE_UNIT ( ) );
#1188 = CARTESIAN_POINT ( 'NONE',  ( 24.49999999999999645, 2.799999999999982059, -9.000000000000015987 ) ) ;
#1189 = VERTEX_POINT ( 'NONE', #6378 ) ;
#1190 =( NAMED_UNIT ( * ) PLANE_ANGLE_UNIT ( ) SI_UNIT ( $, .RADIAN. ) );
#1191 = AXIS2_PLACEMENT_3D ( 'NONE', #4004, #9935, #492 ) ;
#1192 = EDGE_CURVE ( 'NONE', #486, #9123, #9748, .T. ) ;
#1193 = FACE_OUTER_BOUND ( 'NONE', #6391, .T. ) ;
#1194 = CYLINDRICAL_SURFACE ( 'NONE', #6318, 1.000000000000000000 ) ;
#1195 = ORIENTED_EDGE ( 'NONE', *, *, #2516, .F. ) ;
#1196 = AXIS2_PLACEMENT_3D ( 'NONE', #9840, #9012, #2354 ) ;
#1197 = CARTESIAN_POINT ( 'NONE',  ( 11.50000000000000000, 9.400000000000000355, -6.600000000000023626 ) ) ;
#1198 = FILL_AREA_STYLE_COLOUR ( '', #9715 ) ;
#1199 = ORIENTED_EDGE ( 'NONE', *, *, #9636, .F. ) ;
#1200 = TOROIDAL_SURFACE ( 'NONE', #6676, 3.411345746565307646, 1.000000000000000000 ) ;
#1201 = LINE ( 'NONE', #274, #2951 ) ;
#1202 = CARTESIAN_POINT ( 'NONE',  ( 19.50000000000000000, 11.89999999999999858, 8.673617379884035472E-16 ) ) ;
#1203 = MECHANICAL_DESIGN_GEOMETRIC_PRESENTATION_REPRESENTATION (  '', ( #9686 ), #3482 ) ;
#1204 =( LENGTH_UNIT ( ) NAMED_UNIT ( * ) SI_UNIT ( .MILLI., .METRE. ) );
#1205 = DIRECTION ( 'NONE',  ( -0.0000000000000000000, -0.0000000000000000000, 1.000000000000000000 ) ) ;
#1206 = DIRECTION ( 'NONE',  ( 0.0000000000000000000, 0.0000000000000000000, -1.000000000000000000 ) ) ;
#1207 = ORIENTED_EDGE ( 'NONE', *, *, #3248, .T. ) ;
#1208 = ADVANCED_FACE ( 'NONE', ( #4688 ), #2166, .T. ) ;
#1209 =( NAMED_UNIT ( * ) SI_UNIT ( $, .STERADIAN. ) SOLID_ANGLE_UNIT ( ) );
#1210 = DIRECTION ( 'NONE',  ( 0.0000000000000000000, 0.0000000000000000000, -1.000000000000000000 ) ) ;
#1211 = FILL_AREA_STYLE_COLOUR ( '', #7859 ) ;
#1212 = UNCERTAINTY_MEASURE_WITH_UNIT (LENGTH_MEASURE( 1.000000000000000082E-05 ), #5120, 'distance_accuracy_value', 'NONE');
#1213 = CARTESIAN_POINT ( 'NONE',  ( -24.49999999999999645, 20.99999999999999645, 4.500000000000365930 ) ) ;
#1214 = SURFACE_SIDE_STYLE ('',( #9566 ) ) ;
#1215 = VECTOR ( 'NONE', #8426, 1000.000000000000000 ) ;
#1216 = ORIENTED_EDGE ( 'NONE', *, *, #6915, .F. ) ;
#1217 = ADVANCED_FACE ( 'NONE', ( #1111 ), #4457, .T. ) ;
#1218 = LINE ( 'NONE', #6962, #8907 ) ;
#1219 =( LENGTH_UNIT ( ) NAMED_UNIT ( * ) SI_UNIT ( .MILLI., .METRE. ) );
#1220 = EDGE_LOOP ( 'NONE', ( #5480, #4456, #7973, #3314, #4172 ) ) ;
#1221 = CARTESIAN_POINT ( 'NONE',  ( -14.49999999999999822, -18.24828759089465535, -4.499999999999729994 ) ) ;
#1222 = CARTESIAN_POINT ( 'NONE',  ( 0.7500000000000006661, 2.799999999999999822, 9.000000000000000000 ) ) ;
#1223 = PLANE ( 'NONE',  #8090 ) ;
#1224 = FACE_OUTER_BOUND ( 'NONE', #4375, .T. ) ;
#1225 = ORIENTED_EDGE ( 'NONE', *, *, #1699, .F. ) ;
#1226 = VERTEX_POINT ( 'NONE', #2919 ) ;
#1227 = DIRECTION ( 'NONE',  ( 0.0000000000000000000, -1.314184451497582492E-16, 1.000000000000000000 ) ) ;
#1228 = VECTOR ( 'NONE', #267, 1000.000000000000000 ) ;
#1229 =( NAMED_UNIT ( * ) SI_UNIT ( $, .STERADIAN. ) SOLID_ANGLE_UNIT ( ) );
#1230 = ORIENTED_EDGE ( 'NONE', *, *, #10469, .F. ) ;
#1231 = EDGE_CURVE ( 'NONE', #6394, #242, #7158, .T. ) ;
#1232 = ORIENTED_EDGE ( 'NONE', *, *, #7396, .F. ) ;
#1233 = VECTOR ( 'NONE', #4476, 1000.000000000000000 ) ;
#1234 = CARTESIAN_POINT ( 'NONE',  ( 19.50000000000000000, -2.750000000000000000, 0.0000000000000000000 ) ) ;
#1235 = ORIENTED_EDGE ( 'NONE', *, *, #9564, .F. ) ;
#1236 = FACE_BOUND ( 'NONE', #1709, .T. ) ;
#1237 = SURFACE_STYLE_FILL_AREA ( #3764 ) ;
#1238 = ORIENTED_EDGE ( 'NONE', *, *, #3661, .F. ) ;
#1239 = DIRECTION ( 'NONE',  ( 0.0000000000000000000, 1.000000000000000000, -0.0000000000000000000 ) ) ;
#1240 = MECHANICAL_DESIGN_GEOMETRIC_PRESENTATION_REPRESENTATION (  '', ( #6881 ), #2121 ) ;
#1241 = EDGE_CURVE ( 'NONE', #2708, #2696, #9572, .T. ) ;
#1242 = VECTOR ( 'NONE', #5094, 1000.000000000000000 ) ;
#1243 = CARTESIAN_POINT ( 'NONE',  ( 25.25000000000000000, 0.0000000000000000000, -7.999999999999998224 ) ) ;
#1244 = COLOUR_RGB ( '',0.8980392156862745390, 0.8980392156862745390, 0.8980392156862745390 ) ;
#1245 = CARTESIAN_POINT ( 'NONE',  ( -18.89469707838345158, 13.89999999999999680, 2.234934561338733250 ) ) ;
#1246 = VECTOR ( 'NONE', #6135, 1000.000000000000000 ) ;
#1247 = EDGE_CURVE ( 'NONE', #10005, #10274, #9104, .T. ) ;
#1248 = VERTEX_POINT ( 'NONE', #3808 ) ;
#1249 =( NAMED_UNIT ( * ) SI_UNIT ( $, .STERADIAN. ) SOLID_ANGLE_UNIT ( ) );
#1250 = EDGE_CURVE ( 'NONE', #6146, #8220, #4520, .T. ) ;
#1251 = FILL_AREA_STYLE ('',( #3994 ) ) ;
#1252 = CYLINDRICAL_SURFACE ( 'NONE', #7564, 1.000000000000000000 ) ;
#1253 =( LENGTH_UNIT ( ) NAMED_UNIT ( * ) SI_UNIT ( .MILLI., .METRE. ) );
#1254 = ORIENTED_EDGE ( 'NONE', *, *, #4938, .T. ) ;
#1255 = CARTESIAN_POINT ( 'NONE',  ( 1.500000000000004885, -18.24828759089465535, -8.999999999999815259 ) ) ;
#1256 = CARTESIAN_POINT ( 'NONE',  ( -24.99999999999999645, -18.24828759089465535, -4.499999999999639400 ) ) ;
#1257 = DIRECTION ( 'NONE',  ( 1.000000000000000000, 0.0000000000000000000, 0.0000000000000000000 ) ) ;
#1258 = VECTOR ( 'NONE', #4503, 1000.000000000000000 ) ;
#1259 = VERTEX_POINT ( 'NONE', #3638 ) ;
#1260 = EDGE_CURVE ( 'NONE', #10780, #4224, #7201, .T. ) ;
#1261 =( NAMED_UNIT ( * ) SI_UNIT ( $, .STERADIAN. ) SOLID_ANGLE_UNIT ( ) );
#1262 = FACE_OUTER_BOUND ( 'NONE', #248, .T. ) ;
#1263 = CARTESIAN_POINT ( 'NONE',  ( 26.75000000000000000, 0.0000000000000000000, 9.000000000000000000 ) ) ;
#1264 = DIRECTION ( 'NONE',  ( -1.000000000000000000, 0.0000000000000000000, 0.0000000000000000000 ) ) ;
#1265 = ORIENTED_EDGE ( 'NONE', *, *, #4605, .F. ) ;
#1266 = CARTESIAN_POINT ( 'NONE',  ( 19.50000000000000000, 12.89999999999999858, -3.411345746565306758 ) ) ;
#1267 = DIRECTION ( 'NONE',  ( 1.000000000000000000, 0.0000000000000000000, -1.734723475976807292E-15 ) ) ;
#1268 = DIRECTION ( 'NONE',  ( 0.0000000000000000000, -0.0000000000000000000, 1.000000000000000000 ) ) ;
#1269 = FACE_OUTER_BOUND ( 'NONE', #6252, .T. ) ;
#1270 = DIRECTION ( 'NONE',  ( 0.0000000000000000000, 0.0000000000000000000, 1.000000000000000000 ) ) ;
#1271 = EDGE_LOOP ( 'NONE', ( #3292, #9405, #5021, #2008, #8446 ) ) ;
#1272 = CARTESIAN_POINT ( 'NONE',  ( -27.50000000000000000, 0.0000000000000000000, 9.000000000000000000 ) ) ;
#1273 = CARTESIAN_POINT ( 'NONE',  ( 6.499999999999999112, -2.750000000000000000, -0.4999999999999968914 ) ) ;
#1274 = ORIENTED_EDGE ( 'NONE', *, *, #2883, .F. ) ;
#1275 = CARTESIAN_POINT ( 'NONE',  ( 1.500000000000004885, 20.00000000000000000, -7.999999999999976019 ) ) ;
#1276 = LINE ( 'NONE', #8805, #3881 ) ;
#1277 = PRESENTATION_LAYER_ASSIGNMENT (  '', '', ( #6046 ) ) ;
#1278 = DIRECTION ( 'NONE',  ( 1.000000000000000000, 0.0000000000000000000, 0.0000000000000000000 ) ) ;
#1279 = ORIENTED_EDGE ( 'NONE', *, *, #1158, .T. ) ;
#1280 = EDGE_CURVE ( 'NONE', #3495, #1129, #8804, .T. ) ;
#1281 = DIRECTION ( 'NONE',  ( 3.854941057726238097E-16, 1.314184451497582492E-16, -1.000000000000000000 ) ) ;
#1282 = CARTESIAN_POINT ( 'NONE',  ( -27.50000000000000000, 0.0000000000000000000, 9.000000000000000000 ) ) ;
#1283 = EDGE_LOOP ( 'NONE', ( #7804, #2003 ) ) ;
#1284 = EDGE_LOOP ( 'NONE', ( #2453, #2103, #9655, #3841, #6797, #5370, #5638, #9962, #7364, #10337, #7033, #3728 ) ) ;
#1285 = DIRECTION ( 'NONE',  ( -1.000000000000000000, -0.0000000000000000000, -0.0000000000000000000 ) ) ;
#1286 =( NAMED_UNIT ( * ) PLANE_ANGLE_UNIT ( ) SI_UNIT ( $, .RADIAN. ) );
#1287 = CARTESIAN_POINT ( 'NONE',  ( 6.499999999999999112, 14.89999999999999680, 3.411345746565308534 ) ) ;
#1288 = CARTESIAN_POINT ( 'NONE',  ( -7.105302921616549305, 15.89999999999999680, -0.6053029216165489723 ) ) ;
#1289 = VERTEX_POINT ( 'NONE', #1166 ) ;
#1290 = DIRECTION ( 'NONE',  ( 0.0000000000000000000, 0.0000000000000000000, 1.000000000000000000 ) ) ;
#1291 = EDGE_CURVE ( 'NONE', #7968, #874, #7251, .T. ) ;
#1292 = CARTESIAN_POINT ( 'NONE',  ( -5.894697078383451583, 15.89999999999999680, -0.6053029216165491944 ) ) ;
#1293 = PLANE ( 'NONE',  #607 ) ;
#1294 = DIRECTION ( 'NONE',  ( 7.709882115452484083E-16, 3.854941057726242041E-16, -1.000000000000000000 ) ) ;
#1295 = ORIENTED_EDGE ( 'NONE', *, *, #10760, .T. ) ;
#1296 = DIRECTION ( 'NONE',  ( 0.0000000000000000000, 0.0000000000000000000, 1.000000000000000000 ) ) ;
#1297 = DIRECTION ( 'NONE',  ( 0.0000000000000000000, -0.0000000000000000000, 1.000000000000000000 ) ) ;
#1298 = CARTESIAN_POINT ( 'NONE',  ( 18.50000000000000000, 0.0000000000000000000, -0.4999999999999970024 ) ) ;
#1299 = ORIENTED_EDGE ( 'NONE', *, *, #4097, .F. ) ;
#1300 = PRESENTATION_LAYER_ASSIGNMENT (  '', '', ( #8906 ) ) ;
#1301 = DIRECTION ( 'NONE',  ( -1.000000000000000000, 0.0000000000000000000, -1.734723475976793487E-15 ) ) ;
#1302 = CARTESIAN_POINT ( 'NONE',  ( 6.500000000000000000, 12.89999999999999858, 4.411345746565308090 ) ) ;
#1303 = STYLED_ITEM ( 'NONE', ( #5639 ), #302 ) ;
#1304 = VERTEX_POINT ( 'NONE', #5299 ) ;
#1305 = EDGE_CURVE ( 'NONE', #6905, #9925, #7908, .T. ) ;
#1306 = EDGE_CURVE ( 'NONE', #2739, #6560, #7964, .T. ) ;
#1307 = SURFACE_STYLE_USAGE ( .BOTH. , #493 ) ;
#1308 = VECTOR ( 'NONE', #886, 1000.000000000000000 ) ;
#1309 = DIRECTION ( 'NONE',  ( 0.0000000000000000000, -0.7071067811865470176, 0.7071067811865479058 ) ) ;
#1310 = LINE ( 'NONE', #4444, #6117 ) ;
#1311 = FILL_AREA_STYLE ('',( #3225 ) ) ;
#1312 = ORIENTED_EDGE ( 'NONE', *, *, #9398, .T. ) ;
#1313 = CARTESIAN_POINT ( 'NONE',  ( -27.50000000000000000, 20.00000000000000000, -8.999999999999975131 ) ) ;
#1314 = ADVANCED_FACE ( 'NONE', ( #3747 ), #7140, .T. ) ;
#1315 = LINE ( 'NONE', #9893, #8376 ) ;
#1316 = VECTOR ( 'NONE', #3711, 1000.000000000000000 ) ;
#1317 =( LENGTH_UNIT ( ) NAMED_UNIT ( * ) SI_UNIT ( .MILLI., .METRE. ) );
#1318 = AXIS2_PLACEMENT_3D ( 'NONE', #4312, #9149, #1566 ) ;
#1319 = UNCERTAINTY_MEASURE_WITH_UNIT (LENGTH_MEASURE( 1.000000000000000082E-05 ), #9595, 'distance_accuracy_value', 'NONE');
#1320 = VECTOR ( 'NONE', #964, 1000.000000000000000 ) ;
#1321 = CIRCLE ( 'NONE', #9975, 3.411345746565307646 ) ;
#1322 = VECTOR ( 'NONE', #7288, 1000.000000000000000 ) ;
#1323 = VECTOR ( 'NONE', #1938, 1000.000000000000000 ) ;
#1324 = UNCERTAINTY_MEASURE_WITH_UNIT (LENGTH_MEASURE( 1.000000000000000082E-05 ), #2353, 'distance_accuracy_value', 'NONE');
#1325 = ORIENTED_EDGE ( 'NONE', *, *, #5543, .T. ) ;
#1326 = ADVANCED_FACE ( 'NONE', ( #9027 ), #7697, .T. ) ;
#1327 = SURFACE_STYLE_FILL_AREA ( #5996 ) ;
#1328 = ORIENTED_EDGE ( 'NONE', *, *, #4396, .F. ) ;
#1329 = LINE ( 'NONE', #2975, #6452 ) ;
#1330 = CARTESIAN_POINT ( 'NONE',  ( -14.49999999999999822, 19.99999999999998934, 9.000000000000275335 ) ) ;
#1331 = DIRECTION ( 'NONE',  ( 1.000000000000000000, -0.0000000000000000000, 1.224646799147353207E-16 ) ) ;
#1332 = CARTESIAN_POINT ( 'NONE',  ( 11.18480339025593473, 11.39999999999999858, 5.114085138899327809 ) ) ;
#1333 =( GEOMETRIC_REPRESENTATION_CONTEXT ( 3 ) GLOBAL_UNCERTAINTY_ASSIGNED_CONTEXT ( ( #5967 ) ) GLOBAL_UNIT_ASSIGNED_CONTEXT ( ( #5666, #2074, #5434 ) ) REPRESENTATION_CONTEXT ( 'NONE', 'WORKASPACE' ) );
#1334 = ORIENTED_EDGE ( 'NONE', *, *, #8795, .F. ) ;
#1335 = DIRECTION ( 'NONE',  ( 1.000000000000000000, 0.0000000000000000000, 0.0000000000000000000 ) ) ;
#1336 = LINE ( 'NONE', #7260, #632 ) ;
#1337 = EDGE_LOOP ( 'NONE', ( #10052, #730, #9489, #9279 ) ) ;
#1338 = VERTEX_POINT ( 'NONE', #8293 ) ;
#1339 = CARTESIAN_POINT ( 'NONE',  ( -21.73493456133873281, 13.89999999999999680, -0.6053029216165488613 ) ) ;
#1340 = MECHANICAL_DESIGN_GEOMETRIC_PRESENTATION_REPRESENTATION (  '', ( #3265 ), #9474 ) ;
#1341 = CYLINDRICAL_SURFACE ( 'NONE', #8561, 1.000000000000000888 ) ;
#1342 =( LENGTH_UNIT ( ) NAMED_UNIT ( * ) SI_UNIT ( .MILLI., .METRE. ) );
#1343 =( NAMED_UNIT ( * ) SI_UNIT ( $, .STERADIAN. ) SOLID_ANGLE_UNIT ( ) );
#1344 = ORIENTED_EDGE ( 'NONE', *, *, #421, .F. ) ;
#1345 = EDGE_CURVE ( 'NONE', #2750, #1549, #7522, .T. ) ;
#1346 = FACE_OUTER_BOUND ( 'NONE', #6537, .T. ) ;
#1347 = ORIENTED_EDGE ( 'NONE', *, *, #8682, .T. ) ;
#1348 = CARTESIAN_POINT ( 'NONE',  ( -0.7500000000000006661, -0.0000000000000000000, -7.999999999999998224 ) ) ;
#1349 = MECHANICAL_DESIGN_GEOMETRIC_PRESENTATION_REPRESENTATION (  '', ( #8056 ), #7884 ) ;
#1350 = VECTOR ( 'NONE', #3873, 1000.000000000000000 ) ;
#1351 = SURFACE_STYLE_FILL_AREA ( #4602 ) ;
#1352 = DIRECTION ( 'NONE',  ( 0.0000000000000000000, -1.314184451497582492E-16, 1.000000000000000000 ) ) ;
#1353 = ORIENTED_EDGE ( 'NONE', *, *, #6448, .F. ) ;
#1354 =( NAMED_UNIT ( * ) PLANE_ANGLE_UNIT ( ) SI_UNIT ( $, .RADIAN. ) );
#1355 = SURFACE_STYLE_USAGE ( .BOTH. , #8152 ) ;
#1356 = PLANE ( 'NONE',  #10390 ) ;
#1357 = ORIENTED_EDGE ( 'NONE', *, *, #7502, .T. ) ;
#1358 = EDGE_CURVE ( 'NONE', #10149, #3453, #3430, .T. ) ;
#1359 = VECTOR ( 'NONE', #10083, 1000.000000000000000 ) ;
#1360 = PLANE ( 'NONE',  #5016 ) ;
#1361 = LINE ( 'NONE', #9882, #1946 ) ;
#1362 = DIRECTION ( 'NONE',  ( 1.000000000000000000, -0.0000000000000000000, 0.0000000000000000000 ) ) ;
#1363 = VECTOR ( 'NONE', #3269, 1000.000000000000000 ) ;
#1364 = ORIENTED_EDGE ( 'NONE', *, *, #8313, .F. ) ;
#1365 = FACE_OUTER_BOUND ( 'NONE', #9195, .T. ) ;
#1366 = AXIS2_PLACEMENT_3D ( 'NONE', #6621, #2520, #3454 ) ;
#1367 = DIRECTION ( 'NONE',  ( 1.000000000000000000, 4.559493239553147720E-31, -3.469446951953635094E-15 ) ) ;
#1368 = DIRECTION ( 'NONE',  ( -0.0000000000000000000, -0.0000000000000000000, -1.000000000000000000 ) ) ;
#1369 = CIRCLE ( 'NONE', #7202, 1.000000000000000000 ) ;
#1370 = DIRECTION ( 'NONE',  ( 1.000000000000000000, 0.0000000000000000000, 0.0000000000000000000 ) ) ;
#1371 = ORIENTED_EDGE ( 'NONE', *, *, #2057, .F. ) ;
#1372 = EDGE_CURVE ( 'NONE', #8594, #4890, #9951, .T. ) ;
#1373 =( NAMED_UNIT ( * ) SI_UNIT ( $, .STERADIAN. ) SOLID_ANGLE_UNIT ( ) );
#1374 = DIRECTION ( 'NONE',  ( 0.0000000000000000000, 1.000000000000000000, 1.314184451497582245E-16 ) ) ;
#1375 = VECTOR ( 'NONE', #3416, 1000.000000000000000 ) ;
#1376 = PRESENTATION_LAYER_ASSIGNMENT (  '', '', ( #6499 ) ) ;
#1377 = CARTESIAN_POINT ( 'NONE',  ( -24.49999999999999289, 20.99999999999999645, 8.000000000000000000 ) ) ;
#1378 = EDGE_CURVE ( 'NONE', #2187, #7612, #10765, .T. ) ;
#1379 = PRESENTATION_LAYER_ASSIGNMENT (  '', '', ( #3850 ) ) ;
#1380 = VECTOR ( 'NONE', #5188, 1000.000000000000000 ) ;
#1381 = CARTESIAN_POINT ( 'NONE',  ( -7.500000000000001776, -3.750000000000000000, 0.5000000000000031086 ) ) ;
#1382 = ORIENTED_EDGE ( 'NONE', *, *, #9743, .T. ) ;
#1383 = EDGE_CURVE ( 'NONE', #2745, #5923, #4078, .T. ) ;
#1384 = FACE_OUTER_BOUND ( 'NONE', #7144, .T. ) ;
#1385 = ORIENTED_EDGE ( 'NONE', *, *, #398, .T. ) ;
#1386 = DIRECTION ( 'NONE',  ( -0.0000000000000000000, 0.0000000000000000000, 1.000000000000000000 ) ) ;
#1387 = DIRECTION ( 'NONE',  ( 0.0000000000000000000, 0.0000000000000000000, 1.000000000000000000 ) ) ;
#1388 = LINE ( 'NONE', #566, #7160 ) ;
#1389 = AXIS2_PLACEMENT_3D ( 'NONE', #1062, #4359, #7910 ) ;
#1390 = SURFACE_STYLE_USAGE ( .BOTH. , #8978 ) ;
#1391 = AXIS2_PLACEMENT_3D ( 'NONE', #4945, #1587, #2411 ) ;
#1392 = VERTEX_POINT ( 'NONE', #2371 ) ;
#1393 = ADVANCED_FACE ( 'NONE', ( #5747 ), #8347, .T. ) ;
#1394 = CARTESIAN_POINT ( 'NONE',  ( 19.50000000000000000, 14.89999999999999680, 8.673617379884035472E-16 ) ) ;
#1395 = DIRECTION ( 'NONE',  ( -0.0000000000000000000, 0.0000000000000000000, 1.000000000000000000 ) ) ;
#1396 = DIRECTION ( 'NONE',  ( 0.0000000000000000000, 0.0000000000000000000, 1.000000000000000000 ) ) ;
#1397 = VERTEX_POINT ( 'NONE', #1050 ) ;
#1398 = ORIENTED_EDGE ( 'NONE', *, *, #9851, .T. ) ;
#1399 = MECHANICAL_DESIGN_GEOMETRIC_PRESENTATION_REPRESENTATION (  '', ( #7921 ), #7580 ) ;
#1400 = CARTESIAN_POINT ( 'NONE',  ( 19.50000000000000000, 14.89999999999999680, -4.411345746565306314 ) ) ;
#1401 = CARTESIAN_POINT ( 'NONE',  ( 24.50000000000000000, 20.99999999999999645, 4.500000000000002665 ) ) ;
#1402 = ORIENTED_EDGE ( 'NONE', *, *, #5274, .F. ) ;
#1403 = CARTESIAN_POINT ( 'NONE',  ( -27.50000000000000000, 5.200000000000001066, -6.599999999999994316 ) ) ;
#1404 = ORIENTED_EDGE ( 'NONE', *, *, #3535, .F. ) ;
#1405 = DIRECTION ( 'NONE',  ( -1.000000000000000000, 0.0000000000000000000, 0.0000000000000000000 ) ) ;
#1406 = DIRECTION ( 'NONE',  ( 0.0000000000000000000, 1.000000000000000000, 0.0000000000000000000 ) ) ;
#1407 = MECHANICAL_DESIGN_GEOMETRIC_PRESENTATION_REPRESENTATION (  '', ( #4 ), #9357 ) ;
#1408 = CARTESIAN_POINT ( 'NONE',  ( -14.50000000000000178, 5.200000000000001066, -6.599999999999994316 ) ) ;
#1409 = ORIENTED_EDGE ( 'NONE', *, *, #7310, .F. ) ;
#1410 = SURFACE_SIDE_STYLE ('',( #5439 ) ) ;
#1411 = AXIS2_PLACEMENT_3D ( 'NONE', #2833, #2016, #3551 ) ;
#1412 = STYLED_ITEM ( 'NONE', ( #2942 ), #10499 ) ;
#1413 =( LENGTH_UNIT ( ) NAMED_UNIT ( * ) SI_UNIT ( .MILLI., .METRE. ) );
#1414 = FILL_AREA_STYLE ('',( #3107 ) ) ;
#1415 = CARTESIAN_POINT ( 'NONE',  ( -19.50000000000000000, -2.750000000000000000, 0.0000000000000000000 ) ) ;
#1416 = LINE ( 'NONE', #2347, #183 ) ;
#1417 = STYLED_ITEM ( 'NONE', ( #7691 ), #6291 ) ;
#1418 = PLANE ( 'NONE',  #5054 ) ;
#1419 = LINE ( 'NONE', #1582, #5301 ) ;
#1420 = ADVANCED_FACE ( 'NONE', ( #5861 ), #9292, .T. ) ;
#1421 = CYLINDRICAL_SURFACE ( 'NONE', #7512, 4.411345746565307202 ) ;
#1422 = DIRECTION ( 'NONE',  ( 0.0000000000000000000, 0.0000000000000000000, -1.000000000000000000 ) ) ;
#1423 = DIRECTION ( 'NONE',  ( -1.000000000000000000, 0.0000000000000000000, 0.0000000000000000000 ) ) ;
#1424 = EDGE_LOOP ( 'NONE', ( #4763, #2436, #5962, #509 ) ) ;
#1425 = CARTESIAN_POINT ( 'NONE',  ( 20.10530292161654842, 15.89999999999999680, -2.234934561338733250 ) ) ;
#1426 = UNCERTAINTY_MEASURE_WITH_UNIT (LENGTH_MEASURE( 1.000000000000000082E-05 ), #6339, 'distance_accuracy_value', 'NONE');
#1427 = AXIS2_PLACEMENT_3D ( 'NONE', #6675, #8443, #1593 ) ;
#1428 = SURFACE_SIDE_STYLE ('',( #6254 ) ) ;
#1429 = EDGE_CURVE ( 'NONE', #2870, #6940, #10230, .T. ) ;
#1430 = SURFACE_STYLE_USAGE ( .BOTH. , #3071 ) ;
#1431 = EDGE_LOOP ( 'NONE', ( #441, #8288, #1562, #9875 ) ) ;
#1432 =( NAMED_UNIT ( * ) PLANE_ANGLE_UNIT ( ) SI_UNIT ( $, .RADIAN. ) );
#1433 = EDGE_LOOP ( 'NONE', ( #7433, #2518, #9182, #4662 ) ) ;
#1434 = FILL_AREA_STYLE_COLOUR ( '', #8934 ) ;
#1435 = CARTESIAN_POINT ( 'NONE',  ( 13.75000000000000178, 0.0000000000000000000, 9.000000000000000000 ) ) ;
#1436 =( NAMED_UNIT ( * ) PLANE_ANGLE_UNIT ( ) SI_UNIT ( $, .RADIAN. ) );
#1437 = EDGE_CURVE ( 'NONE', #9857, #1897, #8458, .T. ) ;
#1438 = LINE ( 'NONE', #4793, #9154 ) ;
#1439 = ORIENTED_EDGE ( 'NONE', *, *, #4511, .F. ) ;
#1440 = ADVANCED_FACE ( 'NONE', ( #6079 ), #5234, .F. ) ;
#1441 = EDGE_CURVE ( 'NONE', #8611, #2277, #6685, .T. ) ;
#1442 = FACE_OUTER_BOUND ( 'NONE', #5854, .T. ) ;
#1443 = VECTOR ( 'NONE', #6221, 1000.000000000000000 ) ;
#1444 = FACE_OUTER_BOUND ( 'NONE', #3502, .T. ) ;
#1445 = EDGE_LOOP ( 'NONE', ( #3724, #8071 ) ) ;
#1446 = PLANE ( 'NONE',  #6006 ) ;
#1447 = DIRECTION ( 'NONE',  ( 0.0000000000000000000, -2.168404344971012073E-16, 1.000000000000000000 ) ) ;
#1448 = DIRECTION ( 'NONE',  ( 1.000000000000000000, 0.0000000000000000000, 0.0000000000000000000 ) ) ;
#1449 = SURFACE_STYLE_USAGE ( .BOTH. , #2333 ) ;
#1450 = ORIENTED_EDGE ( 'NONE', *, *, #9829, .T. ) ;
#1451 = ADVANCED_FACE ( 'NONE', ( #3399 ), #1704, .F. ) ;
#1452 = UNCERTAINTY_MEASURE_WITH_UNIT (LENGTH_MEASURE( 1.000000000000000082E-05 ), #4177, 'distance_accuracy_value', 'NONE');
#1453 = CARTESIAN_POINT ( 'NONE',  ( -18.89469707838345158, 13.89999999999999680, 2.234934561338733250 ) ) ;
#1454 = ORIENTED_EDGE ( 'NONE', *, *, #8536, .F. ) ;
#1455 = ORIENTED_EDGE ( 'NONE', *, *, #5330, .F. ) ;
#1456 = PLANE ( 'NONE',  #5781 ) ;
#1457 = LINE ( 'NONE', #10786, #9978 ) ;
#1458 = ORIENTED_EDGE ( 'NONE', *, *, #695, .F. ) ;
#1459 = CARTESIAN_POINT ( 'NONE',  ( -27.50000000000000000, 20.00000000000000000, -8.999999999999975131 ) ) ;
#1460 = FACE_OUTER_BOUND ( 'NONE', #345, .T. ) ;
#1461 =( NAMED_UNIT ( * ) PLANE_ANGLE_UNIT ( ) SI_UNIT ( $, .RADIAN. ) );
#1462 = SURFACE_STYLE_FILL_AREA ( #7225 ) ;
#1463 = DIRECTION ( 'NONE',  ( 0.0000000000000000000, 0.0000000000000000000, -1.000000000000000000 ) ) ;
#1464 = ORIENTED_EDGE ( 'NONE', *, *, #9694, .T. ) ;
#1465 =( NAMED_UNIT ( * ) SI_UNIT ( $, .STERADIAN. ) SOLID_ANGLE_UNIT ( ) );
#1466 = CARTESIAN_POINT ( 'NONE',  ( -19.50000000000000000, 11.89999999999999858, 8.673617379884035472E-16 ) ) ;
#1467 = ORIENTED_EDGE ( 'NONE', *, *, #9022, .T. ) ;
#1468 = CARTESIAN_POINT ( 'NONE',  ( 8.734934561338732806, 13.89999999999999680, 0.6053029216165494164 ) ) ;
#1469 = ORIENTED_EDGE ( 'NONE', *, *, #1539, .F. ) ;
#1470 =( NAMED_UNIT ( * ) SI_UNIT ( $, .STERADIAN. ) SOLID_ANGLE_UNIT ( ) );
#1471 = CARTESIAN_POINT ( 'NONE',  ( 24.50000000000000355, 9.400000000000000355, -6.599999999999993427 ) ) ;
#1472 = EDGE_CURVE ( 'NONE', #1129, #2225, #6790, .T. ) ;
#1473 = ORIENTED_EDGE ( 'NONE', *, *, #9558, .F. ) ;
#1474 = MECHANICAL_DESIGN_GEOMETRIC_PRESENTATION_REPRESENTATION (  '', ( #5170 ), #2876 ) ;
#1475 = AXIS2_PLACEMENT_3D ( 'NONE', #10117, #2527, #5062 ) ;
#1476 = COLOUR_RGB ( '',0.8980392156862745390, 0.8980392156862745390, 0.8980392156862745390 ) ;
#1477 = CARTESIAN_POINT ( 'NONE',  ( -14.81519660974406349, 11.39999999999999858, 5.114085138899327809 ) ) ;
#1478 = PRESENTATION_STYLE_ASSIGNMENT (( #9900 ) ) ;
#1479 = DIRECTION ( 'NONE',  ( 1.000000000000000000, 0.0000000000000000000, 0.0000000000000000000 ) ) ;
#1480 = STYLED_ITEM ( 'NONE', ( #5670 ), #7727 ) ;
#1481 = EDGE_LOOP ( 'NONE', ( #6650, #3691, #5028, #2821 ) ) ;
#1482 = VECTOR ( 'NONE', #5686, 1000.000000000000000 ) ;
#1483 = FILL_AREA_STYLE_COLOUR ( '', #62 ) ;
#1484 = VECTOR ( 'NONE', #2766, 1000.000000000000000 ) ;
#1485 = VERTEX_POINT ( 'NONE', #6251 ) ;
#1486 = DIRECTION ( 'NONE',  ( 0.0000000000000000000, 1.000000000000000000, 0.0000000000000000000 ) ) ;
#1487 = CARTESIAN_POINT ( 'NONE',  ( -20.10530292161654842, 13.89999999999999680, 0.6053029216165489723 ) ) ;
#1488 = CARTESIAN_POINT ( 'NONE',  ( 27.50000000000000000, 2.799999999999999822, 9.000000000000000000 ) ) ;
#1489 = EDGE_CURVE ( 'NONE', #7756, #5135, #2877, .T. ) ;
#1490 = DIRECTION ( 'NONE',  ( 1.000000000000000000, 0.0000000000000000000, 0.0000000000000000000 ) ) ;
#1491 = ORIENTED_EDGE ( 'NONE', *, *, #10375, .F. ) ;
#1492 = AXIS2_PLACEMENT_3D ( 'NONE', #10136, #8373, #4049 ) ;
#1493 = VECTOR ( 'NONE', #10254, 1000.000000000000000 ) ;
#1494 = AXIS2_PLACEMENT_3D ( 'NONE', #9306, #187, #3362 ) ;
#1495 = EDGE_CURVE ( 'NONE', #9925, #9895, #6198, .T. ) ;
#1496 = PLANE ( 'NONE',  #7340 ) ;
#1497 = AXIS2_PLACEMENT_3D ( 'NONE', #4743, #3969, #10709 ) ;
#1498 = ORIENTED_EDGE ( 'NONE', *, *, #3384, .T. ) ;
#1499 =( GEOMETRIC_REPRESENTATION_CONTEXT ( 3 ) GLOBAL_UNCERTAINTY_ASSIGNED_CONTEXT ( ( #5080 ) ) GLOBAL_UNIT_ASSIGNED_CONTEXT ( ( #6556, #9158, #4818 ) ) REPRESENTATION_CONTEXT ( 'NONE', 'WORKASPACE' ) );
#1500 = DIRECTION ( 'NONE',  ( 1.000000000000000000, 0.0000000000000000000, 0.0000000000000000000 ) ) ;
#1501 = ORIENTED_EDGE ( 'NONE', *, *, #7021, .F. ) ;
#1502 = ADVANCED_FACE ( 'NONE', ( #2969 ), #2098, .T. ) ;
#1503 = MECHANICAL_DESIGN_GEOMETRIC_PRESENTATION_REPRESENTATION (  '', ( #5376 ), #5563 ) ;
#1504 = EDGE_CURVE ( 'NONE', #6267, #1289, #7342, .T. ) ;
#1505 = CARTESIAN_POINT ( 'NONE',  ( 14.81519660974405639, 11.39999999999999858, 5.114085138899327809 ) ) ;
#1506 = ORIENTED_EDGE ( 'NONE', *, *, #3133, .T. ) ;
#1507 = VERTEX_POINT ( 'NONE', #2044 ) ;
#1508 = FILL_AREA_STYLE ('',( #9972 ) ) ;
#1509 = FACE_OUTER_BOUND ( 'NONE', #7377, .T. ) ;
#1510 = EDGE_CURVE ( 'NONE', #2225, #3625, #3567, .T. ) ;
#1511 = DIRECTION ( 'NONE',  ( 1.000000000000000000, 0.0000000000000000000, -3.469446951953635094E-15 ) ) ;
#1512 = UNCERTAINTY_MEASURE_WITH_UNIT (LENGTH_MEASURE( 1.000000000000000082E-05 ), #4336, 'distance_accuracy_value', 'NONE');
#1513 = EDGE_LOOP ( 'NONE', ( #7705, #3861, #5109, #5482 ) ) ;
#1514 = DIRECTION ( 'NONE',  ( 0.0000000000000000000, 1.000000000000000000, 0.0000000000000000000 ) ) ;
#1515 = DIRECTION ( 'NONE',  ( -0.0000000000000000000, -0.0000000000000000000, 1.000000000000000000 ) ) ;
#1516 = PLANE ( 'NONE',  #8029 ) ;
#1517 = LINE ( 'NONE', #10899, #9014 ) ;
#1518 = ADVANCED_FACE ( 'NONE', ( #7835, #7187 ), #7899, .T. ) ;
#1519 = DIRECTION ( 'NONE',  ( 0.0000000000000000000, -1.314184451497582492E-16, 1.000000000000000000 ) ) ;
#1520 = CARTESIAN_POINT ( 'NONE',  ( -18.89469707838345158, 13.89999999999999680, 2.234934561338733250 ) ) ;
#1521 = LINE ( 'NONE', #10737, #5100 ) ;
#1522 = PRESENTATION_LAYER_ASSIGNMENT (  '', '', ( #2051 ) ) ;
#1523 =( GEOMETRIC_REPRESENTATION_CONTEXT ( 3 ) GLOBAL_UNCERTAINTY_ASSIGNED_CONTEXT ( ( #2852 ) ) GLOBAL_UNIT_ASSIGNED_CONTEXT ( ( #3263, #1565, #5878 ) ) REPRESENTATION_CONTEXT ( 'NONE', 'WORKASPACE' ) );
#1524 = VERTEX_POINT ( 'NONE', #4626 ) ;
#1525 = SURFACE_STYLE_FILL_AREA ( #9265 ) ;
#1526 =( NAMED_UNIT ( * ) SI_UNIT ( $, .STERADIAN. ) SOLID_ANGLE_UNIT ( ) );
#1527 = EDGE_CURVE ( 'NONE', #10565, #4696, #2313, .T. ) ;
#1528 = ORIENTED_EDGE ( 'NONE', *, *, #6920, .F. ) ;
#1529 = CARTESIAN_POINT ( 'NONE',  ( -12.00000000000000000, 9.400000000000000355, -4.499999999999727329 ) ) ;
#1530 = VECTOR ( 'NONE', #1239, 1000.000000000000000 ) ;
#1531 = EDGE_LOOP ( 'NONE', ( #6704, #459, #4277, #10271 ) ) ;
#1532 = COLOUR_RGB ( '',0.8980392156862745390, 0.8980392156862745390, 0.8980392156862745390 ) ;
#1533 = CARTESIAN_POINT ( 'NONE',  ( 18.89469707838345158, 13.89999999999999680, 2.234934561338733250 ) ) ;
#1534 = CARTESIAN_POINT ( 'NONE',  ( -18.89469707838345158, 13.89999999999999680, -2.234934561338733250 ) ) ;
#1535 = UNCERTAINTY_MEASURE_WITH_UNIT (LENGTH_MEASURE( 1.000000000000000082E-05 ), #10495, 'distance_accuracy_value', 'NONE');
#1536 = AXIS2_PLACEMENT_3D ( 'NONE', #8421, #10888, #6548 ) ;
#1537 =( LENGTH_UNIT ( ) NAMED_UNIT ( * ) SI_UNIT ( .MILLI., .METRE. ) );
#1538 = PRESENTATION_LAYER_ASSIGNMENT (  '', '', ( #6331 ) ) ;
#1539 = EDGE_CURVE ( 'NONE', #3955, #764, #3126, .T. ) ;
#1540 = VERTEX_POINT ( 'NONE', #9063 ) ;
#1541 = FACE_OUTER_BOUND ( 'NONE', #8775, .T. ) ;
#1542 = VECTOR ( 'NONE', #4385, 1000.000000000000000 ) ;
#1543 = DIRECTION ( 'NONE',  ( -0.0000000000000000000, -1.000000000000000000, -1.314184451497582492E-16 ) ) ;
#1544 = VERTEX_POINT ( 'NONE', #9844 ) ;
#1545 = SURFACE_STYLE_USAGE ( .BOTH. , #5584 ) ;
#1546 = DIRECTION ( 'NONE',  ( -0.0000000000000000000, 1.000000000000000000, -0.0000000000000000000 ) ) ;
#1547 = UNCERTAINTY_MEASURE_WITH_UNIT (LENGTH_MEASURE( 1.000000000000000082E-05 ), #8413, 'distance_accuracy_value', 'NONE');
#1548 =( NAMED_UNIT ( * ) PLANE_ANGLE_UNIT ( ) SI_UNIT ( $, .RADIAN. ) );
#1549 = VERTEX_POINT ( 'NONE', #553 ) ;
#1550 = CIRCLE ( 'NONE', #7738, 4.411345746565307202 ) ;
#1551 = DIRECTION ( 'NONE',  ( -0.0000000000000000000, 1.000000000000000000, -0.0000000000000000000 ) ) ;
#1552 = EDGE_CURVE ( 'NONE', #10558, #6232, #9016, .T. ) ;
#1553 = CARTESIAN_POINT ( 'NONE',  ( -11.18480339025594361, 11.39999999999999858, -5.114085138899324257 ) ) ;
#1554 = VERTEX_POINT ( 'NONE', #9894 ) ;
#1555 = ORIENTED_EDGE ( 'NONE', *, *, #8117, .F. ) ;
#1556 = ORIENTED_EDGE ( 'NONE', *, *, #1306, .T. ) ;
#1557 = CARTESIAN_POINT ( 'NONE',  ( 11.50000000000000000, 2.799999999999901679, 9.000000000000094147 ) ) ;
#1558 = PRESENTATION_STYLE_ASSIGNMENT (( #9140 ) ) ;
#1559 = EDGE_LOOP ( 'NONE', ( #576, #10354, #3033, #8874 ) ) ;
#1560 = UNCERTAINTY_MEASURE_WITH_UNIT (LENGTH_MEASURE( 1.000000000000000082E-05 ), #10599, 'distance_accuracy_value', 'NONE');
#1561 = CARTESIAN_POINT ( 'NONE',  ( 6.499999999999999112, -2.750000000000000000, 0.0000000000000000000 ) ) ;
#1562 = ORIENTED_EDGE ( 'NONE', *, *, #3738, .T. ) ;
#1563 = ORIENTED_EDGE ( 'NONE', *, *, #5572, .T. ) ;
#1564 = CARTESIAN_POINT ( 'NONE',  ( -6.500000000000000888, 11.89999999999999858, -1.993034753127726821 ) ) ;
#1565 =( NAMED_UNIT ( * ) PLANE_ANGLE_UNIT ( ) SI_UNIT ( $, .RADIAN. ) );
#1566 = DIRECTION ( 'NONE',  ( 0.0000000000000000000, -3.854941057726237604E-16, 1.000000000000000000 ) ) ;
#1567 = EDGE_CURVE ( 'NONE', #2870, #3211, #8962, .T. ) ;
#1568 = COLOUR_RGB ( '',0.8980392156862745390, 0.8980392156862745390, 0.8980392156862745390 ) ;
#1569 = LINE ( 'NONE', #2451, #7503 ) ;
#1570 = VERTEX_POINT ( 'NONE', #8162 ) ;
#1571 = LINE ( 'NONE', #3320, #6827 ) ;
#1572 = MECHANICAL_DESIGN_GEOMETRIC_PRESENTATION_REPRESENTATION (  '', ( #10740 ), #7411 ) ;
#1573 = CARTESIAN_POINT ( 'NONE',  ( 11.99999999999999822, -18.24828759089465535, 4.500000000000087930 ) ) ;
#1574 = DIRECTION ( 'NONE',  ( 0.0000000000000000000, -1.000000000000000000, -1.314184451497582492E-16 ) ) ;
#1575 = LINE ( 'NONE', #10794, #10840 ) ;
#1576 = DIRECTION ( 'NONE',  ( 1.000000000000000000, 0.0000000000000000000, 3.326525289697788964E-16 ) ) ;
#1577 = FACE_OUTER_BOUND ( 'NONE', #663, .T. ) ;
#1578 = EDGE_CURVE ( 'NONE', #5254, #4871, #10698, .T. ) ;
#1579 = ORIENTED_EDGE ( 'NONE', *, *, #6063, .F. ) ;
#1580 =( GEOMETRIC_REPRESENTATION_CONTEXT ( 3 ) GLOBAL_UNCERTAINTY_ASSIGNED_CONTEXT ( ( #4841 ) ) GLOBAL_UNIT_ASSIGNED_CONTEXT ( ( #10259, #6279, #8598 ) ) REPRESENTATION_CONTEXT ( 'NONE', 'WORKASPACE' ) );
#1581 = LINE ( 'NONE', #4892, #3266 ) ;
#1582 = CARTESIAN_POINT ( 'NONE',  ( -1.499999999999997780, -18.24828759089465535, 4.500000000000179412 ) ) ;
#1583 = EDGE_CURVE ( 'NONE', #10775, #9514, #4782, .T. ) ;
#1584 = EDGE_CURVE ( 'NONE', #26, #2480, #2260, .T. ) ;
#1585 = STYLED_ITEM ( 'NONE', ( #4888 ), #10301 ) ;
#1586 = VERTEX_POINT ( 'NONE', #3065 ) ;
#1587 = DIRECTION ( 'NONE',  ( 1.000000000000000000, -1.013220719900694020E-31, 7.709882115452482111E-16 ) ) ;
#1588 = CARTESIAN_POINT ( 'NONE',  ( -1.815196609744064160, 11.39999999999999858, 5.114085138899327809 ) ) ;
#1589 = LINE ( 'NONE', #3389, #3947 ) ;
#1590 = CYLINDRICAL_SURFACE ( 'NONE', #8983, 1.000000000000000000 ) ;
#1591 = ORIENTED_EDGE ( 'NONE', *, *, #6715, .F. ) ;
#1592 = VECTOR ( 'NONE', #5445, 1000.000000000000000 ) ;
#1593 = DIRECTION ( 'NONE',  ( 0.0000000000000000000, 0.0000000000000000000, 1.000000000000000000 ) ) ;
#1594 = EDGE_CURVE ( 'NONE', #352, #2374, #4838, .T. ) ;
#1595 = EDGE_LOOP ( 'NONE', ( #10263, #2162, #4687, #5432 ) ) ;
#1596 = AXIS2_PLACEMENT_3D ( 'NONE', #1796, #8821, #2718 ) ;
#1597 = CARTESIAN_POINT ( 'NONE',  ( 11.50000000000000178, -18.24828759089465535, 9.000000000000087041 ) ) ;
#1598 = VECTOR ( 'NONE', #7336, 1000.000000000000000 ) ;
#1599 = DIRECTION ( 'NONE',  ( 1.000000000000000000, 0.0000000000000000000, 3.326525289697788964E-16 ) ) ;
#1600 = FACE_OUTER_BOUND ( 'NONE', #491, .T. ) ;
#1601 = VECTOR ( 'NONE', #57, 1000.000000000000000 ) ;
#1602 = FACE_OUTER_BOUND ( 'NONE', #249, .T. ) ;
#1603 = ORIENTED_EDGE ( 'NONE', *, *, #9165, .T. ) ;
#1604 = CARTESIAN_POINT ( 'NONE',  ( 21.73493456133873281, 13.89999999999999680, 0.6053029216165494164 ) ) ;
#1605 =( LENGTH_UNIT ( ) NAMED_UNIT ( * ) SI_UNIT ( .MILLI., .METRE. ) );
#1606 = ORIENTED_EDGE ( 'NONE', *, *, #3584, .T. ) ;
#1607 = DIRECTION ( 'NONE',  ( 1.000000000000000000, 0.0000000000000000000, 0.0000000000000000000 ) ) ;
#1608 = PRESENTATION_LAYER_ASSIGNMENT (  '', '', ( #7445 ) ) ;
#1609 = SURFACE_STYLE_USAGE ( .BOTH. , #9130 ) ;
#1610 = VECTOR ( 'NONE', #4562, 1000.000000000000000 ) ;
#1611 = EDGE_LOOP ( 'NONE', ( #10413, #5650, #773, #569, #2462 ) ) ;
#1612 = SURFACE_STYLE_USAGE ( .BOTH. , #3141 ) ;
#1613 = LINE ( 'NONE', #8352, #9815 ) ;
#1614 = ORIENTED_EDGE ( 'NONE', *, *, #5339, .F. ) ;
#1615 = VERTEX_POINT ( 'NONE', #5574 ) ;
#1616 = PLANE ( 'NONE',  #5740 ) ;
#1617 = DIRECTION ( 'NONE',  ( 0.0000000000000000000, 1.000000000000000000, 0.0000000000000000000 ) ) ;
#1618 = ORIENTED_EDGE ( 'NONE', *, *, #10248, .T. ) ;
#1619 = ORIENTED_EDGE ( 'NONE', *, *, #9523, .T. ) ;
#1620 = EDGE_CURVE ( 'NONE', #10679, #719, #2206, .T. ) ;
#1621 = ORIENTED_EDGE ( 'NONE', *, *, #7795, .F. ) ;
#1622 = CARTESIAN_POINT ( 'NONE',  ( 6.499999999999999112, 11.89999999999999858, 8.673617379884035472E-16 ) ) ;
#1623 = CARTESIAN_POINT ( 'NONE',  ( 18.89469707838345158, 15.89999999999999680, 2.234934561338733250 ) ) ;
#1624 = LINE ( 'NONE', #3316, #4298 ) ;
#1625 = ORIENTED_EDGE ( 'NONE', *, *, #7637, .F. ) ;
#1626 = FILL_AREA_STYLE_COLOUR ( '', #1568 ) ;
#1627 = LINE ( 'NONE', #5777, #3055 ) ;
#1628 = DIRECTION ( 'NONE',  ( 0.0000000000000000000, 0.0000000000000000000, 1.000000000000000000 ) ) ;
#1629 = CARTESIAN_POINT ( 'NONE',  ( -27.50000000000000000, 9.400000000000000355, -6.099999999999992539 ) ) ;
#1630 = DIRECTION ( 'NONE',  ( 0.0000000000000000000, 0.0000000000000000000, -1.000000000000000000 ) ) ;
#1631 = CARTESIAN_POINT ( 'NONE',  ( 11.99999999999999822, 20.99999999999999645, -4.499999999999907629 ) ) ;
#1632 = SURFACE_STYLE_FILL_AREA ( #10903 ) ;
#1633 = EDGE_CURVE ( 'NONE', #7082, #9233, #4013, .T. ) ;
#1634 = VERTEX_POINT ( 'NONE', #602 ) ;
#1635 = CARTESIAN_POINT ( 'NONE',  ( 48.33386665984021136, 20.00000000000000000, -7.999999999999976019 ) ) ;
#1636 = CARTESIAN_POINT ( 'NONE',  ( -5.894697078383451583, 13.89999999999999680, -0.6053029216165491944 ) ) ;
#1637 = ORIENTED_EDGE ( 'NONE', *, *, #8269, .T. ) ;
#1638 = SURFACE_SIDE_STYLE ('',( #10213 ) ) ;
#1639 = EDGE_CURVE ( 'NONE', #1586, #10327, #3956, .T. ) ;
#1640 = DIRECTION ( 'NONE',  ( 0.0000000000000000000, 1.000000000000000000, 0.0000000000000000000 ) ) ;
#1641 = ORIENTED_EDGE ( 'NONE', *, *, #1305, .T. ) ;
#1642 = CARTESIAN_POINT ( 'NONE',  ( -14.00000000000000178, -18.24828759089465535, -4.499999999999731770 ) ) ;
#1643 = COLOUR_RGB ( '',0.8980392156862745390, 0.8980392156862745390, 0.8980392156862745390 ) ;
#1644 = EDGE_CURVE ( 'NONE', #4027, #6216, #4900, .T. ) ;
#1645 = EDGE_CURVE ( 'NONE', #3536, #2294, #6566, .T. ) ;
#1646 = ORIENTED_EDGE ( 'NONE', *, *, #2579, .F. ) ;
#1647 = DIRECTION ( 'NONE',  ( 0.0000000000000000000, 0.0000000000000000000, 1.000000000000000000 ) ) ;
#1648 = DIRECTION ( 'NONE',  ( 1.000000000000000000, -0.0000000000000000000, 1.224646799147353207E-16 ) ) ;
#1649 = DIRECTION ( 'NONE',  ( 0.0000000000000000000, -2.190088388420722428E-14, -1.000000000000000000 ) ) ;
#1650 = AXIS2_PLACEMENT_3D ( 'NONE', #9849, #3862, #7248 ) ;
#1651 =( LENGTH_UNIT ( ) NAMED_UNIT ( * ) SI_UNIT ( .MILLI., .METRE. ) );
#1652 = EDGE_CURVE ( 'NONE', #715, #4697, #9120, .T. ) ;
#1653 = ORIENTED_EDGE ( 'NONE', *, *, #7762, .T. ) ;
#1654 = CARTESIAN_POINT ( 'NONE',  ( 7.105302921616547529, 13.89999999999999680, -2.234934561338733250 ) ) ;
#1655 =( NAMED_UNIT ( * ) PLANE_ANGLE_UNIT ( ) SI_UNIT ( $, .RADIAN. ) );
#1656 = CARTESIAN_POINT ( 'NONE',  ( -1.815196609744064160, 11.39999999999999858, 5.114085138899327809 ) ) ;
#1657 = COLOUR_RGB ( '',0.8980392156862745390, 0.8980392156862745390, 0.8980392156862745390 ) ;
#1658 = LINE ( 'NONE', #7579, #6352 ) ;
#1659 = ORIENTED_EDGE ( 'NONE', *, *, #6519, .F. ) ;
#1660 = DIRECTION ( 'NONE',  ( 1.000000000000000000, 0.0000000000000000000, 0.0000000000000000000 ) ) ;
#1661 = EDGE_CURVE ( 'NONE', #500, #956, #4676, .T. ) ;
#1662 = PRESENTATION_LAYER_ASSIGNMENT (  '', '', ( #5906 ) ) ;
#1663 = VERTEX_POINT ( 'NONE', #6421 ) ;
#1664 = FILL_AREA_STYLE_COLOUR ( '', #1643 ) ;
#1665 = CARTESIAN_POINT ( 'NONE',  ( 7.105302921616547529, 15.89999999999999680, 2.234934561338733250 ) ) ;
#1666 = LINE ( 'NONE', #2594, #5820 ) ;
#1667 = ORIENTED_EDGE ( 'NONE', *, *, #4185, .T. ) ;
#1668 = UNCERTAINTY_MEASURE_WITH_UNIT (LENGTH_MEASURE( 1.000000000000000082E-05 ), #7008, 'distance_accuracy_value', 'NONE');
#1669 = VECTOR ( 'NONE', #1084, 1000.000000000000000 ) ;
#1670 = ORIENTED_EDGE ( 'NONE', *, *, #1305, .F. ) ;
#1671 = VECTOR ( 'NONE', #5253, 1000.000000000000000 ) ;
#1672 = EDGE_LOOP ( 'NONE', ( #9817, #9353 ) ) ;
#1673 = AXIS2_PLACEMENT_3D ( 'NONE', #6800, #9354, #1717 ) ;
#1674 = SURFACE_SIDE_STYLE ('',( #9045 ) ) ;
#1675 = PRESENTATION_STYLE_ASSIGNMENT (( #10890 ) ) ;
#1676 = CARTESIAN_POINT ( 'NONE',  ( -26.75000000000000355, 19.00000000000000000, 8.000000000000001776 ) ) ;
#1677 = PRODUCT_DEFINITION_FORMATION_WITH_SPECIFIED_SOURCE ( 'ANY', '', #5648, .NOT_KNOWN. ) ;
#1678 = AXIS2_PLACEMENT_3D ( 'NONE', #4774, #591, #8154 ) ;
#1679 = ADVANCED_FACE ( 'NONE', ( #5545 ), #2076, .F. ) ;
#1680 = VERTEX_POINT ( 'NONE', #10427 ) ;
#1681 =( NAMED_UNIT ( * ) PLANE_ANGLE_UNIT ( ) SI_UNIT ( $, .RADIAN. ) );
#1682 =( NAMED_UNIT ( * ) SI_UNIT ( $, .STERADIAN. ) SOLID_ANGLE_UNIT ( ) );
#1683 = FILL_AREA_STYLE ('',( #3324 ) ) ;
#1684 = FACE_OUTER_BOUND ( 'NONE', #10744, .T. ) ;
#1685 = DIRECTION ( 'NONE',  ( 0.0000000000000000000, 0.0000000000000000000, 1.000000000000000000 ) ) ;
#1686 = VERTEX_POINT ( 'NONE', #10476 ) ;
#1687 = AXIS2_PLACEMENT_3D ( 'NONE', #10208, #5209, #9382 ) ;
#1688 = EDGE_CURVE ( 'NONE', #6011, #2441, #8093, .T. ) ;
#1689 = ORIENTED_EDGE ( 'NONE', *, *, #3796, .T. ) ;
#1690 = PRESENTATION_STYLE_ASSIGNMENT (( #5894 ) ) ;
#1691 = SURFACE_STYLE_USAGE ( .BOTH. , #2470 ) ;
#1692 = CARTESIAN_POINT ( 'NONE',  ( 7.500000000000000000, -2.750000000000000000, -0.4999999999999968914 ) ) ;
#1693 = ORIENTED_EDGE ( 'NONE', *, *, #6242, .T. ) ;
#1694 = AXIS2_PLACEMENT_3D ( 'NONE', #9859, #8135, #7915 ) ;
#1695 = CARTESIAN_POINT ( 'NONE',  ( -27.50000000000000000, 21.09999999999999787, -7.999999999999976019 ) ) ;
#1696 = ORIENTED_EDGE ( 'NONE', *, *, #4063, .F. ) ;
#1697 = DIRECTION ( 'NONE',  ( -1.734723475976817547E-15, -1.314184451497582245E-16, 1.000000000000000000 ) ) ;
#1698 = CARTESIAN_POINT ( 'NONE',  ( -5.894697078383451583, 13.89999999999999680, 2.234934561338733250 ) ) ;
#1699 = EDGE_CURVE ( 'NONE', #10003, #508, #6353, .T. ) ;
#1700 = DIRECTION ( 'NONE',  ( 0.0000000000000000000, -1.000000000000000000, 0.0000000000000000000 ) ) ;
#1701 = CARTESIAN_POINT ( 'NONE',  ( 0.0000000000000000000, 21.00000000000000000, -7.999999999999976019 ) ) ;
#1702 = ORIENTED_EDGE ( 'NONE', *, *, #10275, .T. ) ;
#1703 = CARTESIAN_POINT ( 'NONE',  ( -4.265065438661267194, 13.89999999999999680, 0.6053029216165494164 ) ) ;
#1704 = PLANE ( 'NONE',  #1475 ) ;
#1705 = AXIS2_PLACEMENT_3D ( 'NONE', #504, #9899, #2159 ) ;
#1706 = DIRECTION ( 'NONE',  ( 0.0000000000000000000, 1.000000000000000000, 1.314184451497582245E-16 ) ) ;
#1707 = EDGE_CURVE ( 'NONE', #2696, #6203, #8940, .T. ) ;
#1709 = EDGE_LOOP ( 'NONE', ( #3750, #700, #7120, #7294 ) ) ;
#1708 =( GEOMETRIC_REPRESENTATION_CONTEXT ( 3 ) GLOBAL_UNCERTAINTY_ASSIGNED_CONTEXT ( ( #6617 ) ) GLOBAL_UNIT_ASSIGNED_CONTEXT ( ( #2603, #5993, #1788 ) ) REPRESENTATION_CONTEXT ( 'NONE', 'WORKASPACE' ) );
#1710 = FACE_OUTER_BOUND ( 'NONE', #25, .T. ) ;
#1711 = EDGE_CURVE ( 'NONE', #508, #3889, #6996, .T. ) ;
#1712 = MECHANICAL_DESIGN_GEOMETRIC_PRESENTATION_REPRESENTATION (  '', ( #8430 ), #7730 ) ;
#1713 = EDGE_LOOP ( 'NONE', ( #2330, #4193, #9400, #7031 ) ) ;
#1714 = DIRECTION ( 'NONE',  ( 1.000000000000000000, 0.0000000000000000000, 0.0000000000000000000 ) ) ;
#1715 = PRESENTATION_LAYER_ASSIGNMENT (  '', '', ( #852 ) ) ;
#1716 = VERTEX_POINT ( 'NONE', #319 ) ;
#1717 = DIRECTION ( 'NONE',  ( 0.0000000000000000000, 1.000000000000000000, 1.314184451497582245E-16 ) ) ;
#1718 =( LENGTH_UNIT ( ) NAMED_UNIT ( * ) SI_UNIT ( .MILLI., .METRE. ) );
#1719 = ORIENTED_EDGE ( 'NONE', *, *, #5901, .F. ) ;
#1720 =( GEOMETRIC_REPRESENTATION_CONTEXT ( 3 ) GLOBAL_UNCERTAINTY_ASSIGNED_CONTEXT ( ( #339 ) ) GLOBAL_UNIT_ASSIGNED_CONTEXT ( ( #3921, #3138, #9750 ) ) REPRESENTATION_CONTEXT ( 'NONE', 'WORKASPACE' ) );
#1721 = EDGE_CURVE ( 'NONE', #6751, #5902, #10822, .T. ) ;
#1722 = EDGE_LOOP ( 'NONE', ( #8869, #946, #5425, #9924, #1852 ) ) ;
#1723 = LINE ( 'NONE', #136, #3997 ) ;
#1724 = VECTOR ( 'NONE', #7882, 1000.000000000000000 ) ;
#1725 = DIRECTION ( 'NONE',  ( -1.000000000000000000, 1.013220719900693144E-31, -7.709882115452475208E-16 ) ) ;
#1726 = FACE_OUTER_BOUND ( 'NONE', #10300, .T. ) ;
#1727 = DIRECTION ( 'NONE',  ( 1.000000000000000000, 0.0000000000000000000, 0.0000000000000000000 ) ) ;
#1728 = VERTEX_POINT ( 'NONE', #8774 ) ;
#1729 = CARTESIAN_POINT ( 'NONE',  ( -12.24999999999999822, 0.0000000000000000000, -9.000000000000000000 ) ) ;
#1730 = AXIS2_PLACEMENT_3D ( 'NONE', #546, #3905, #6417 ) ;
#1731 = PLANE ( 'NONE',  #1843 ) ;
#1732 = FILL_AREA_STYLE ('',( #6600 ) ) ;
#1733 = CARTESIAN_POINT ( 'NONE',  ( -1.499999999999997780, 9.399999999999998579, 6.099999999999996092 ) ) ;
#1734 = CIRCLE ( 'NONE', #6683, 1.000000000000000000 ) ;
#1735 = DIRECTION ( 'NONE',  ( -1.000000000000000000, 0.0000000000000000000, -0.0000000000000000000 ) ) ;
#1736 = DIRECTION ( 'NONE',  ( -1.000000000000000000, 0.0000000000000000000, 6.653050579395577682E-17 ) ) ;
#1737 = LINE ( 'NONE', #6764, #533 ) ;
#1738 = VECTOR ( 'NONE', #7802, 1000.000000000000000 ) ;
#1739 = EDGE_LOOP ( 'NONE', ( #4595, #7558, #2224, #10825, #4600, #563, #9058, #794, #142, #9576, #5502, #8739 ) ) ;
#1740 = COLOUR_RGB ( '',0.8980392156862745390, 0.8980392156862745390, 0.8980392156862745390 ) ;
#1741 =( NAMED_UNIT ( * ) PLANE_ANGLE_UNIT ( ) SI_UNIT ( $, .RADIAN. ) );
#1742 = FILL_AREA_STYLE ('',( #7719 ) ) ;
#1743 = VERTEX_POINT ( 'NONE', #3769 ) ;
#1744 = FILL_AREA_STYLE_COLOUR ( '', #6851 ) ;
#1745 =( NAMED_UNIT ( * ) SI_UNIT ( $, .STERADIAN. ) SOLID_ANGLE_UNIT ( ) );
#1746 = DIRECTION ( 'NONE',  ( -0.0000000000000000000, -1.000000000000000000, -0.0000000000000000000 ) ) ;
#1747 = FILL_AREA_STYLE_COLOUR ( '', #9680 ) ;
#1748 = ORIENTED_EDGE ( 'NONE', *, *, #7460, .T. ) ;
#1749 = DIRECTION ( 'NONE',  ( -1.000000000000000000, -0.0000000000000000000, -0.0000000000000000000 ) ) ;
#1750 = ORIENTED_EDGE ( 'NONE', *, *, #5440, .F. ) ;
#1751 = DIRECTION ( 'NONE',  ( -0.0000000000000000000, -1.000000000000000000, -0.0000000000000000000 ) ) ;
#1752 = MECHANICAL_DESIGN_GEOMETRIC_PRESENTATION_REPRESENTATION (  '', ( #7771 ), #3153 ) ;
#1753 = LINE ( 'NONE', #7572, #4416 ) ;
#1754 = PRESENTATION_STYLE_ASSIGNMENT (( #6843 ) ) ;
#1755 = ORIENTED_EDGE ( 'NONE', *, *, #1915, .T. ) ;
#1756 =( NAMED_UNIT ( * ) PLANE_ANGLE_UNIT ( ) SI_UNIT ( $, .RADIAN. ) );
#1757 = AXIS2_PLACEMENT_3D ( 'NONE', #9596, #4610, #7115 ) ;
#1758 = DIRECTION ( 'NONE',  ( 0.0000000000000000000, 0.0000000000000000000, -1.000000000000000000 ) ) ;
#1759 = CARTESIAN_POINT ( 'NONE',  ( -7.105302921616549305, 15.89999999999999680, 0.6053029216165489723 ) ) ;
#1760 = STYLED_ITEM ( 'NONE', ( #10238 ), #10540 ) ;
#1761 = AXIS2_PLACEMENT_3D ( 'NONE', #6856, #4355, #4141 ) ;
#1762 = EDGE_CURVE ( 'NONE', #4607, #4497, #10374, .T. ) ;
#1763 = VECTOR ( 'NONE', #10458, 1000.000000000000000 ) ;
#1764 = ORIENTED_EDGE ( 'NONE', *, *, #10787, .T. ) ;
#1765 = CARTESIAN_POINT ( 'NONE',  ( 17.26506543866126719, 15.89999999999999680, -0.6053029216165488613 ) ) ;
#1766 = AXIS2_PLACEMENT_3D ( 'NONE', #4563, #7234, #3620 ) ;
#1767 = LINE ( 'NONE', #5126, #8601 ) ;
#1768 =( LENGTH_UNIT ( ) NAMED_UNIT ( * ) SI_UNIT ( .MILLI., .METRE. ) );
#1769 = EDGE_LOOP ( 'NONE', ( #8918, #2592, #5876, #6160 ) ) ;
#1770 = CARTESIAN_POINT ( 'NONE',  ( 14.50000000000000178, 2.799999999999999822, 9.000000000000000000 ) ) ;
#1771 = EDGE_CURVE ( 'NONE', #10835, #3792, #2834, .T. ) ;
#1772 = DIRECTION ( 'NONE',  ( 0.0000000000000000000, 0.0000000000000000000, 1.000000000000000000 ) ) ;
#1773 = CARTESIAN_POINT ( 'NONE',  ( -11.50000000000000355, 20.99999999999999645, -4.499999999999724665 ) ) ;
#1774 = PLANE ( 'NONE',  #7177 ) ;
#1775 = PRESENTATION_LAYER_ASSIGNMENT (  '', '', ( #3353 ) ) ;
#1776 = UNCERTAINTY_MEASURE_WITH_UNIT (LENGTH_MEASURE( 1.000000000000000082E-05 ), #9716, 'distance_accuracy_value', 'NONE');
#1777 = CARTESIAN_POINT ( 'NONE',  ( -19.50000000000000000, 11.39999999999999858, 1.993034753127728376 ) ) ;
#1778 = VERTEX_POINT ( 'NONE', #4490 ) ;
#1779 = EDGE_CURVE ( 'NONE', #4117, #828, #4650, .T. ) ;
#1780 = EDGE_CURVE ( 'NONE', #5046, #6613, #7163, .T. ) ;
#1781 = ORIENTED_EDGE ( 'NONE', *, *, #4732, .T. ) ;
#1782 = LINE ( 'NONE', #9681, #9670 ) ;
#1783 = VECTOR ( 'NONE', #1795, 1000.000000000000000 ) ;
#1784 = SURFACE_SIDE_STYLE ('',( #9365 ) ) ;
#1785 = FACE_OUTER_BOUND ( 'NONE', #10180, .T. ) ;
#1786 = DIRECTION ( 'NONE',  ( 0.0000000000000000000, 0.0000000000000000000, 1.000000000000000000 ) ) ;
#1787 = ORIENTED_EDGE ( 'NONE', *, *, #6089, .F. ) ;
#1788 =( NAMED_UNIT ( * ) SI_UNIT ( $, .STERADIAN. ) SOLID_ANGLE_UNIT ( ) );
#1789 = ADVANCED_FACE ( 'NONE', ( #376 ), #9712, .F. ) ;
#1790 = CARTESIAN_POINT ( 'NONE',  ( 13.75000000000000178, 19.00000000000000000, -7.999999999999998224 ) ) ;
#1791 = SURFACE_SIDE_STYLE ('',( #1327 ) ) ;
#1792 = FILL_AREA_STYLE ('',( #3271 ) ) ;
#1793 = CARTESIAN_POINT ( 'NONE',  ( -1.499999999999997780, 20.99999999999999645, 4.500000000000184741 ) ) ;
#1794 = CARTESIAN_POINT ( 'NONE',  ( 0.0000000000000000000, 19.99999999999999289, 8.000000000000000000 ) ) ;
#1795 = DIRECTION ( 'NONE',  ( 0.0000000000000000000, 0.0000000000000000000, 1.000000000000000000 ) ) ;
#1796 = CARTESIAN_POINT ( 'NONE',  ( 48.33386665984021136, 19.99999999999998934, 10.10000000000018439 ) ) ;
#1797 = ORIENTED_EDGE ( 'NONE', *, *, #8069, .T. ) ;
#1798 = LINE ( 'NONE', #1030, #639 ) ;
#1799 = DIRECTION ( 'NONE',  ( 0.0000000000000000000, -1.000000000000000000, 6.129356281784727656E-14 ) ) ;
#1800 = AXIS2_PLACEMENT_3D ( 'NONE', #3491, #8490, #6875 ) ;
#1801 = ORIENTED_EDGE ( 'NONE', *, *, #3593, .F. ) ;
#1802 = CARTESIAN_POINT ( 'NONE',  ( -18.89469707838345158, 13.89999999999999680, -0.6053029216165491944 ) ) ;
#1803 = CARTESIAN_POINT ( 'NONE',  ( 11.50000000000000178, 20.99999999999999645, 4.500000000000093259 ) ) ;
#1804 = ORIENTED_EDGE ( 'NONE', *, *, #7578, .F. ) ;
#1805 = CIRCLE ( 'NONE', #7634, 1.000000000000000000 ) ;
#1806 = DIRECTION ( 'NONE',  ( 0.0000000000000000000, 0.0000000000000000000, 1.000000000000000000 ) ) ;
#1807 = VERTEX_POINT ( 'NONE', #3719 ) ;
#1808 =( LENGTH_UNIT ( ) NAMED_UNIT ( * ) SI_UNIT ( .MILLI., .METRE. ) );
#1809 = DIRECTION ( 'NONE',  ( 1.000000000000000000, 0.0000000000000000000, -3.469446951953635094E-15 ) ) ;
#1810 = DIRECTION ( 'NONE',  ( -0.0000000000000000000, 1.000000000000000000, 0.0000000000000000000 ) ) ;
#1811 =( NAMED_UNIT ( * ) SI_UNIT ( $, .STERADIAN. ) SOLID_ANGLE_UNIT ( ) );
#1812 = VERTEX_POINT ( 'NONE', #4708 ) ;
#1813 = EDGE_CURVE ( 'NONE', #6375, #1870, #2949, .T. ) ;
#1814 = CARTESIAN_POINT ( 'NONE',  ( -5.894697078383451583, 13.89999999999999680, -0.6053029216165491944 ) ) ;
#1815 = SURFACE_STYLE_USAGE ( .BOTH. , #9395 ) ;
#1816 = DIRECTION ( 'NONE',  ( -0.0000000000000000000, -1.000000000000000000, -1.314184451497582492E-16 ) ) ;
#1817 = ORIENTED_EDGE ( 'NONE', *, *, #2586, .F. ) ;
#1818 = CARTESIAN_POINT ( 'NONE',  ( 18.50000000000000000, -2.750000000000000000, -0.4999999999999968914 ) ) ;
#1819 = CARTESIAN_POINT ( 'NONE',  ( -27.50000000000000000, 9.400000000000000355, -6.599999999999993427 ) ) ;
#1820 = ORIENTED_EDGE ( 'NONE', *, *, #7271, .T. ) ;
#1821 = DIRECTION ( 'NONE',  ( 0.0000000000000000000, 0.0000000000000000000, 1.000000000000000000 ) ) ;
#1822 = STYLED_ITEM ( 'NONE', ( #9907 ), #294 ) ;
#1823 = VERTEX_POINT ( 'NONE', #2018 ) ;
#1824 = LINE ( 'NONE', #3530, #282 ) ;
#1825 = DIRECTION ( 'NONE',  ( -1.000000000000000000, 0.0000000000000000000, 0.0000000000000000000 ) ) ;
#1826 = DIRECTION ( 'NONE',  ( 7.709882115452484083E-16, 0.0000000000000000000, 1.000000000000000000 ) ) ;
#1827 = LINE ( 'NONE', #10408, #330 ) ;
#1828 = ORIENTED_EDGE ( 'NONE', *, *, #3310, .T. ) ;
#1829 = DIRECTION ( 'NONE',  ( 7.709882115452484083E-16, -1.314184451497582492E-16, 1.000000000000000000 ) ) ;
#1830 =( GEOMETRIC_REPRESENTATION_CONTEXT ( 3 ) GLOBAL_UNCERTAINTY_ASSIGNED_CONTEXT ( ( #4744 ) ) GLOBAL_UNIT_ASSIGNED_CONTEXT ( ( #10168, #442, #8681 ) ) REPRESENTATION_CONTEXT ( 'NONE', 'WORKASPACE' ) );
#1831 = CARTESIAN_POINT ( 'NONE',  ( 12.25000000000000000, 19.00000000000000000, 7.999999999999998224 ) ) ;
#1832 = EDGE_CURVE ( 'NONE', #8497, #2437, #5905, .T. ) ;
#1833 = ORIENTED_EDGE ( 'NONE', *, *, #9090, .T. ) ;
#1834 = CARTESIAN_POINT ( 'NONE',  ( -1.815196609744064160, 11.39999999999999858, -5.114085138899324257 ) ) ;
#1835 = VECTOR ( 'NONE', #588, 1000.000000000000000 ) ;
#1836 = CARTESIAN_POINT ( 'NONE',  ( -26.75000000000000000, 0.0000000000000000000, -9.000000000000000000 ) ) ;
#1837 = CARTESIAN_POINT ( 'NONE',  ( 14.50000000000000178, 5.200000000000016165, 6.599999999999980105 ) ) ;
#1838 = DIRECTION ( 'NONE',  ( 1.000000000000000000, 0.0000000000000000000, -5.987745521456020037E-16 ) ) ;
#1839 = DIRECTION ( 'NONE',  ( 0.0000000000000000000, 0.0000000000000000000, -1.000000000000000000 ) ) ;
#1840 = CARTESIAN_POINT ( 'NONE',  ( -19.50000000000000000, 15.89999999999999680, 8.673617379884035472E-16 ) ) ;
#1841 = PLANE ( 'NONE',  #2144 ) ;
#1842 = PLANE ( 'NONE',  #3875 ) ;
#1843 = AXIS2_PLACEMENT_3D ( 'NONE', #6278, #3653, #2230 ) ;
#1844 = ORIENTED_EDGE ( 'NONE', *, *, #4541, .T. ) ;
#1845 = EDGE_CURVE ( 'NONE', #352, #5345, #3948, .T. ) ;
#1846 = CARTESIAN_POINT ( 'NONE',  ( -27.50000000000000000, 8.899999999999998579, 6.599999999999996092 ) ) ;
#1847 = SURFACE_STYLE_USAGE ( .BOTH. , #10853 ) ;
#1848 = CIRCLE ( 'NONE', #8931, 1.000000000000000888 ) ;
#1849 = STYLED_ITEM ( 'NONE', ( #4812 ), #1891 ) ;
#1850 = CIRCLE ( 'NONE', #6101, 1.000000000000000888 ) ;
#1851 = EDGE_CURVE ( 'NONE', #9123, #3564, #7877, .T. ) ;
#1852 = ORIENTED_EDGE ( 'NONE', *, *, #4677, .T. ) ;
#1853 = SURFACE_STYLE_FILL_AREA ( #7721 ) ;
#1854 = DIRECTION ( 'NONE',  ( 0.0000000000000000000, 0.0000000000000000000, 1.000000000000000000 ) ) ;
#1855 = ADVANCED_FACE ( 'NONE', ( #481 ), #1963, .F. ) ;
#1856 = FACE_BOUND ( 'NONE', #34, .T. ) ;
#1857 = CARTESIAN_POINT ( 'NONE',  ( 27.50000000000000000, 16.99999999999999645, -9.099999999999800693 ) ) ;
#1858 = EDGE_LOOP ( 'NONE', ( #4859, #4039, #1230, #7428 ) ) ;
#1859 = LINE ( 'NONE', #7005, #5191 ) ;
#1860 = LINE ( 'NONE', #5221, #4570 ) ;
#1861 = VECTOR ( 'NONE', #3142, 1000.000000000000000 ) ;
#1862 = EDGE_LOOP ( 'NONE', ( #10073, #793, #10603, #7424 ) ) ;
#1863 = EDGE_CURVE ( 'NONE', #4092, #7477, #3599, .T. ) ;
#1864 = CARTESIAN_POINT ( 'NONE',  ( 24.50000000000000000, -18.24828759089465535, -4.500000000000002665 ) ) ;
#1865 = FILL_AREA_STYLE_COLOUR ( '', #4848 ) ;
#1866 = VECTOR ( 'NONE', #1700, 1000.000000000000000 ) ;
#1867 = CARTESIAN_POINT ( 'NONE',  ( 6.499999999999999112, 15.89999999999999680, 8.673617379884035472E-16 ) ) ;
#1868 = VECTOR ( 'NONE', #5266, 1000.000000000000000 ) ;
#1869 = DIRECTION ( 'NONE',  ( 0.0000000000000000000, -0.7071067811865470176, 0.7071067811865479058 ) ) ;
#1870 = VERTEX_POINT ( 'NONE', #4096 ) ;
#1871 = DIRECTION ( 'NONE',  ( 1.000000000000000000, -0.0000000000000000000, 1.224646799147353207E-16 ) ) ;
#1872 = PLANE ( 'NONE',  #5530 ) ;
#1873 = FILL_AREA_STYLE ('',( #9664 ) ) ;
#1874 = AXIS2_PLACEMENT_3D ( 'NONE', #2092, #10556, #6365 ) ;
#1875 = MECHANICAL_DESIGN_GEOMETRIC_PRESENTATION_REPRESENTATION (  '', ( #9652 ), #8959 ) ;
#1876 = ORIENTED_EDGE ( 'NONE', *, *, #4005, .T. ) ;
#1877 = CARTESIAN_POINT ( 'NONE',  ( -14.49999999999999822, 20.99999999999999645, 8.000000000000000000 ) ) ;
#1878 = EDGE_CURVE ( 'NONE', #2355, #471, #1457, .T. ) ;
#1879 = VERTEX_POINT ( 'NONE', #7274 ) ;
#1880 = CARTESIAN_POINT ( 'NONE',  ( 0.0000000000000000000, 19.00000000000000000, 0.0000000000000000000 ) ) ;
#1881 = CIRCLE ( 'NONE', #7716, 1.000000000000000888 ) ;
#1882 = VERTEX_POINT ( 'NONE', #5667 ) ;
#1883 = LINE ( 'NONE', #5245, #4484 ) ;
#1884 = CARTESIAN_POINT ( 'NONE',  ( 7.105302921616547529, 13.89999999999999680, 0.6053029216165488613 ) ) ;
#1885 = LINE ( 'NONE', #4413, #1738 ) ;
#1886 = UNCERTAINTY_MEASURE_WITH_UNIT (LENGTH_MEASURE( 1.000000000000000082E-05 ), #4113, 'distance_accuracy_value', 'NONE');
#1887 = CARTESIAN_POINT ( 'NONE',  ( 6.499999999999999112, 14.89999999999999680, -4.411345746565306314 ) ) ;
#1888 = AXIS2_PLACEMENT_3D ( 'NONE', #7041, #10415, #5359 ) ;
#1889 = VERTEX_POINT ( 'NONE', #699 ) ;
#1890 = ORIENTED_EDGE ( 'NONE', *, *, #2901, .F. ) ;
#1891 = ADVANCED_FACE ( 'NONE', ( #10839 ), #802, .T. ) ;
#1892 = FILL_AREA_STYLE ('',( #10355 ) ) ;
#1893 = FACE_OUTER_BOUND ( 'NONE', #4230, .T. ) ;
#1894 = CARTESIAN_POINT ( 'NONE',  ( -6.500000000000000888, 15.89999999999999680, 8.673617379884035472E-16 ) ) ;
#1895 = CIRCLE ( 'NONE', #10016, 1.993034753127727488 ) ;
#1896 = ORIENTED_EDGE ( 'NONE', *, *, #747, .T. ) ;
#1897 = VERTEX_POINT ( 'NONE', #10032 ) ;
#1898 = DIRECTION ( 'NONE',  ( 1.734723475976807094E-15, 0.0000000000000000000, 1.000000000000000000 ) ) ;
#1899 = PLANE ( 'NONE',  #7504 ) ;
#1900 = PRESENTATION_STYLE_ASSIGNMENT (( #6110 ) ) ;
#1901 = CARTESIAN_POINT ( 'NONE',  ( 11.50000000000000000, 8.899999999999998579, 6.099999999999996092 ) ) ;
#1902 = PRESENTATION_LAYER_ASSIGNMENT (  '', '', ( #2424 ) ) ;
#1903 = LINE ( 'NONE', #10365, #2388 ) ;
#1904 = PRESENTATION_STYLE_ASSIGNMENT (( #8600 ) ) ;
#1905 = SURFACE_STYLE_USAGE ( .BOTH. , #5429 ) ;
#1906 = VERTEX_POINT ( 'NONE', #1408 ) ;
#1907 = EDGE_CURVE ( 'NONE', #2918, #2611, #1569, .T. ) ;
#1908 = LINE ( 'NONE', #6059, #1868 ) ;
#1909 = COLOUR_RGB ( '',1.000000000000000000, 1.000000000000000000, 1.000000000000000000 ) ;
#1910 = COLOUR_RGB ( '',0.8980392156862745390, 0.8980392156862745390, 0.8980392156862745390 ) ;
#1911 = ORIENTED_EDGE ( 'NONE', *, *, #5400, .F. ) ;
#1912 = LINE ( 'NONE', #5380, #7048 ) ;
#1913 = ORIENTED_EDGE ( 'NONE', *, *, #4404, .T. ) ;
#1914 = COLOUR_RGB ( '',0.8980392156862745390, 0.8980392156862745390, 0.8980392156862745390 ) ;
#1915 = EDGE_CURVE ( 'NONE', #7085, #1006, #9097, .T. ) ;
#1916 = LINE ( 'NONE', #1255, #2907 ) ;
#1917 = CARTESIAN_POINT ( 'NONE',  ( 20.10530292161654842, 13.89999999999999680, -2.234934561338733250 ) ) ;
#1918 = ORIENTED_EDGE ( 'NONE', *, *, #3189, .T. ) ;
#1919 = EDGE_CURVE ( 'NONE', #4140, #9093, #4045, .T. ) ;
#1920 = EDGE_CURVE ( 'NONE', #5421, #8616, #8149, .T. ) ;
#1921 = DIRECTION ( 'NONE',  ( 0.0000000000000000000, -0.0000000000000000000, -1.000000000000000000 ) ) ;
#1922 = CARTESIAN_POINT ( 'NONE',  ( -0.7500000000000006661, 19.00000000000000000, -7.999999999999998224 ) ) ;
#1923 = CARTESIAN_POINT ( 'NONE',  ( 14.00000000000000000, 20.99999999999999645, -4.499999999999906741 ) ) ;
#1924 = CARTESIAN_POINT ( 'NONE',  ( 6.499999999999999112, 11.89999999999999858, 8.673617379884035472E-16 ) ) ;
#1925 = ORIENTED_EDGE ( 'NONE', *, *, #857, .T. ) ;
#1926 = VECTOR ( 'NONE', #6817, 1000.000000000000000 ) ;
#1927 = EDGE_CURVE ( 'NONE', #1540, #2055, #7155, .T. ) ;
#1928 = LINE ( 'NONE', #443, #73 ) ;
#1929 = VECTOR ( 'NONE', #4499, 1000.000000000000000 ) ;
#1930 = ORIENTED_EDGE ( 'NONE', *, *, #10359, .T. ) ;
#1931 =( LENGTH_UNIT ( ) NAMED_UNIT ( * ) SI_UNIT ( .MILLI., .METRE. ) );
#1932 = VECTOR ( 'NONE', #8030, 1000.000000000000000 ) ;
#1933 =( GEOMETRIC_REPRESENTATION_CONTEXT ( 3 ) GLOBAL_UNCERTAINTY_ASSIGNED_CONTEXT ( ( #798 ) ) GLOBAL_UNIT_ASSIGNED_CONTEXT ( ( #10317, #213, #1187 ) ) REPRESENTATION_CONTEXT ( 'NONE', 'WORKASPACE' ) );
#1934 = COLOUR_RGB ( '',0.8980392156862745390, 0.8980392156862745390, 0.8980392156862745390 ) ;
#1935 = ORIENTED_EDGE ( 'NONE', *, *, #10022, .F. ) ;
#1936 = DIRECTION ( 'NONE',  ( 0.0000000000000000000, 0.0000000000000000000, 1.000000000000000000 ) ) ;
#1937 = ORIENTED_EDGE ( 'NONE', *, *, #7746, .T. ) ;
#1938 = DIRECTION ( 'NONE',  ( 0.0000000000000000000, 0.0000000000000000000, 1.000000000000000000 ) ) ;
#1939 = CARTESIAN_POINT ( 'NONE',  ( 48.33386665984021136, 22.09999999999982734, -7.999999999999976019 ) ) ;
#1940 = VECTOR ( 'NONE', #9028, 1000.000000000000000 ) ;
#1941 = PLANE ( 'NONE',  #2776 ) ;
#1942 = ORIENTED_EDGE ( 'NONE', *, *, #6470, .F. ) ;
#1943 = ORIENTED_EDGE ( 'NONE', *, *, #3535, .T. ) ;
#1944 = AXIS2_PLACEMENT_3D ( 'NONE', #3031, #1395, #1335 ) ;
#1945 = LINE ( 'NONE', #9579, #9800 ) ;
#1946 = VECTOR ( 'NONE', #706, 1000.000000000000000 ) ;
#1947 = LINE ( 'NONE', #6389, #6616 ) ;
#1948 = PRESENTATION_LAYER_ASSIGNMENT (  '', '', ( #10740 ) ) ;
#1949 = ORIENTED_EDGE ( 'NONE', *, *, #9835, .T. ) ;
#1950 = ORIENTED_EDGE ( 'NONE', *, *, #984, .F. ) ;
#1951 = CARTESIAN_POINT ( 'NONE',  ( 12.25000000000000000, 19.00000000000000000, 7.999999999999998224 ) ) ;
#1952 = COLOUR_RGB ( '',0.8980392156862745390, 0.8980392156862745390, 0.8980392156862745390 ) ;
#1953 = CYLINDRICAL_SURFACE ( 'NONE', #612, 0.5000000000000004441 ) ;
#1954 = ADVANCED_FACE ( 'NONE', ( #5033 ), #7651, .T. ) ;
#1955 = FACE_OUTER_BOUND ( 'NONE', #8864, .T. ) ;
#1956 = CARTESIAN_POINT ( 'NONE',  ( -25.25000000000000000, 19.00000000000000000, 8.000000000000001776 ) ) ;
#1957 = SURFACE_STYLE_FILL_AREA ( #7871 ) ;
#1958 = AXIS2_PLACEMENT_3D ( 'NONE', #10586, #6397, #8933 ) ;
#1959 = ORIENTED_EDGE ( 'NONE', *, *, #644, .F. ) ;
#1960 = COLOUR_RGB ( '',0.8980392156862745390, 0.8980392156862745390, 0.8980392156862745390 ) ;
#1961 = PLANE ( 'NONE',  #6118 ) ;
#1962 = CARTESIAN_POINT ( 'NONE',  ( -1.499999999999997780, 20.99999999999999645, -8.999999999999809930 ) ) ;
#1963 = PLANE ( 'NONE',  #10331 ) ;
#1964 = ORIENTED_EDGE ( 'NONE', *, *, #8713, .T. ) ;
#1965 = PLANE ( 'NONE',  #698 ) ;
#1966 = DIRECTION ( 'NONE',  ( -0.0000000000000000000, 1.000000000000000000, -0.0000000000000000000 ) ) ;
#1967 = DIRECTION ( 'NONE',  ( -1.000000000000000000, 0.0000000000000000000, 0.0000000000000000000 ) ) ;
#1968 = DIRECTION ( 'NONE',  ( 1.000000000000000000, 0.0000000000000000000, -5.987745521456020037E-16 ) ) ;
#1969 = ORIENTED_EDGE ( 'NONE', *, *, #9410, .T. ) ;
#1970 = EDGE_CURVE ( 'NONE', #3569, #10438, #9317, .T. ) ;
#1971 = CARTESIAN_POINT ( 'NONE',  ( -18.89469707838345158, 13.89999999999999680, -0.6053029216165491944 ) ) ;
#1972 = DIRECTION ( 'NONE',  ( 7.709882115452484083E-16, 3.854941057726242041E-16, -1.000000000000000000 ) ) ;
#1973 = ORIENTED_EDGE ( 'NONE', *, *, #1103, .F. ) ;
#1974 = SURFACE_STYLE_USAGE ( .BOTH. , #5390 ) ;
#1975 = PRESENTATION_LAYER_ASSIGNMENT (  '', '', ( #6908 ) ) ;
#1976 =( NAMED_UNIT ( * ) PLANE_ANGLE_UNIT ( ) SI_UNIT ( $, .RADIAN. ) );
#1977 = CARTESIAN_POINT ( 'NONE',  ( -0.7500000000000006661, 0.0000000000000000000, -8.999999999999996447 ) ) ;
#1978 = SURFACE_STYLE_USAGE ( .BOTH. , #2094 ) ;
#1979 = VERTEX_POINT ( 'NONE', #961 ) ;
#1981 = EDGE_CURVE ( 'NONE', #1181, #3837, #3540, .T. ) ;
#1980 = CARTESIAN_POINT ( 'NONE',  ( -25.24999999999999645, 19.00000000000000000, -7.999999999999998224 ) ) ;
#1982 = EDGE_CURVE ( 'NONE', #10761, #5296, #2707, .T. ) ;
#1983 = CARTESIAN_POINT ( 'NONE',  ( -11.50000000000000000, 2.800000000000002043, -8.999999999999996447 ) ) ;
#1984 = UNCERTAINTY_MEASURE_WITH_UNIT (LENGTH_MEASURE( 1.000000000000000082E-05 ), #8006, 'distance_accuracy_value', 'NONE');
#1985 = ORIENTED_EDGE ( 'NONE', *, *, #7742, .T. ) ;
#1986 = EDGE_CURVE ( 'NONE', #3819, #10044, #2601, .T. ) ;
#1987 = UNCERTAINTY_MEASURE_WITH_UNIT (LENGTH_MEASURE( 1.000000000000000082E-05 ), #8234, 'distance_accuracy_value', 'NONE');
#1988 = EDGE_LOOP ( 'NONE', ( #10134, #8508, #9089, #7392 ) ) ;
#1990 = ADVANCED_FACE ( 'NONE', ( #2502 ), #9368, .T. ) ;
#1989 = DIRECTION ( 'NONE',  ( 0.0000000000000000000, 0.0000000000000000000, 1.000000000000000000 ) ) ;
#1991 = VERTEX_POINT ( 'NONE', #6103 ) ;
#1992 = CARTESIAN_POINT ( 'NONE',  ( -20.10530292161654842, 13.89999999999999680, 0.6053029216165489723 ) ) ;
#1993 = LINE ( 'NONE', #6093, #720 ) ;
#1994 = LINE ( 'NONE', #4580, #7385 ) ;
#1995 = VERTEX_POINT ( 'NONE', #10305 ) ;
#1996 = ORIENTED_EDGE ( 'NONE', *, *, #3393, .F. ) ;
#1997 = ADVANCED_FACE ( 'NONE', ( #5141 ), #4313, .F. ) ;
#1998 = CARTESIAN_POINT ( 'NONE',  ( -24.49999999999999645, 20.99999999999999645, 4.500000000000365930 ) ) ;
#1999 = CARTESIAN_POINT ( 'NONE',  ( 0.0000000000000000000, 20.99999999999999289, 8.000000000000000000 ) ) ;
#2000 = CARTESIAN_POINT ( 'NONE',  ( -0.7500000000000006661, 19.00000000000000000, 7.999999999999998224 ) ) ;
#2001 = VECTOR ( 'NONE', #346, 1000.000000000000000 ) ;
#2002 = EDGE_LOOP ( 'NONE', ( #6901, #9319, #3313, #3199 ) ) ;
#2003 = ORIENTED_EDGE ( 'NONE', *, *, #3220, .F. ) ;
#2004 = CARTESIAN_POINT ( 'NONE',  ( 11.18480339025593473, 9.399999999999998579, 5.114085138899327809 ) ) ;
#2005 = FILL_AREA_STYLE ('',( #8876 ) ) ;
#2006 = FACE_OUTER_BOUND ( 'NONE', #1433, .T. ) ;
#2007 = LINE ( 'NONE', #3546, #1093 ) ;
#2008 = ORIENTED_EDGE ( 'NONE', *, *, #8617, .T. ) ;
#2009 = DIRECTION ( 'NONE',  ( -1.000000000000000000, -0.0000000000000000000, -0.0000000000000000000 ) ) ;
#2010 = STYLED_ITEM ( 'NONE', ( #6026 ), #8047 ) ;
#2011 = MECHANICAL_DESIGN_GEOMETRIC_PRESENTATION_REPRESENTATION (  '', ( #9988 ), #6259 ) ;
#2012 = ORIENTED_EDGE ( 'NONE', *, *, #9692, .F. ) ;
#2013 = COLOUR_RGB ( '',0.8980392156862745390, 0.8980392156862745390, 0.8980392156862745390 ) ;
#2014 = CARTESIAN_POINT ( 'NONE',  ( 11.49999999999999822, 20.00000000000000355, -8.999999999999902300 ) ) ;
#2015 = PRESENTATION_STYLE_ASSIGNMENT (( #316 ) ) ;
#2016 = DIRECTION ( 'NONE',  ( 1.000000000000000000, 1.013220719900693144E-31, -7.709882115452476194E-16 ) ) ;
#2017 = ADVANCED_FACE ( 'NONE', ( #8532 ), #3484, .T. ) ;
#2018 = CARTESIAN_POINT ( 'NONE',  ( -25.24999999999999645, 19.00000000000000000, -8.999999999999975131 ) ) ;
#2019 = VECTOR ( 'NONE', #419, 1000.000000000000000 ) ;
#2020 = VECTOR ( 'NONE', #5573, 1000.000000000000000 ) ;
#2021 = ORIENTED_EDGE ( 'NONE', *, *, #2856, .F. ) ;
#2022 =( NAMED_UNIT ( * ) SI_UNIT ( $, .STERADIAN. ) SOLID_ANGLE_UNIT ( ) );
#2023 = COLOUR_RGB ( '',0.8980392156862745390, 0.8980392156862745390, 0.8980392156862745390 ) ;
#2024 = DIRECTION ( 'NONE',  ( -0.0000000000000000000, 0.7071067811865480168, 0.7071067811865471286 ) ) ;
#2025 =( NAMED_UNIT ( * ) SI_UNIT ( $, .STERADIAN. ) SOLID_ANGLE_UNIT ( ) );
#2026 = CARTESIAN_POINT ( 'NONE',  ( -27.50000000000000000, 0.0000000000000000000, -9.000000000000000000 ) ) ;
#2027 = ORIENTED_EDGE ( 'NONE', *, *, #6634, .F. ) ;
#2028 = DIRECTION ( 'NONE',  ( 0.0000000000000000000, 0.0000000000000000000, 1.000000000000000000 ) ) ;
#2029 = LINE ( 'NONE', #5326, #7585 ) ;
#2030 = ORIENTED_EDGE ( 'NONE', *, *, #5063, .T. ) ;
#2031 =( GEOMETRIC_REPRESENTATION_CONTEXT ( 3 ) GLOBAL_UNCERTAINTY_ASSIGNED_CONTEXT ( ( #6649 ) ) GLOBAL_UNIT_ASSIGNED_CONTEXT ( ( #9873, #7436, #8938 ) ) REPRESENTATION_CONTEXT ( 'NONE', 'WORKASPACE' ) );
#2032 = VECTOR ( 'NONE', #10358, 1000.000000000000000 ) ;
#2033 =( GEOMETRIC_REPRESENTATION_CONTEXT ( 3 ) GLOBAL_UNCERTAINTY_ASSIGNED_CONTEXT ( ( #6740 ) ) GLOBAL_UNIT_ASSIGNED_CONTEXT ( ( #3412, #5130, #7588 ) ) REPRESENTATION_CONTEXT ( 'NONE', 'WORKASPACE' ) );
#2034 = CARTESIAN_POINT ( 'NONE',  ( -21.73493456133873281, 13.89999999999999680, 0.6053029216165499715 ) ) ;
#2035 = CARTESIAN_POINT ( 'NONE',  ( 5.894697078383449806, 13.89999999999999680, -2.234934561338733250 ) ) ;
#2036 = FILL_AREA_STYLE ('',( #6310 ) ) ;
#2037 = CARTESIAN_POINT ( 'NONE',  ( -26.75000000000000355, 2.799999999999999822, 9.000000000000000000 ) ) ;
#2038 = ORIENTED_EDGE ( 'NONE', *, *, #2360, .F. ) ;
#2039 = VECTOR ( 'NONE', #10549, 1000.000000000000000 ) ;
#2040 = LINE ( 'NONE', #6599, #6260 ) ;
#2041 = PRESENTATION_LAYER_ASSIGNMENT (  '', '', ( #5376 ) ) ;
#2042 = PRESENTATION_STYLE_ASSIGNMENT (( #2798 ) ) ;
#2043 = AXIS2_PLACEMENT_3D ( 'NONE', #10868, #2581, #1758 ) ;
#2044 = CARTESIAN_POINT ( 'NONE',  ( -14.50000000000000178, 2.800000000000002043, -8.999999999999996447 ) ) ;
#2045 = FACE_OUTER_BOUND ( 'NONE', #9637, .T. ) ;
#2046 = PLANE ( 'NONE',  #2479 ) ;
#2047 = EDGE_CURVE ( 'NONE', #8769, #2884, #5199, .T. ) ;
#2048 = ORIENTED_EDGE ( 'NONE', *, *, #1845, .F. ) ;
#2049 = ORIENTED_EDGE ( 'NONE', *, *, #1241, .T. ) ;
#2050 = DIRECTION ( 'NONE',  ( 0.0000000000000000000, 0.0000000000000000000, 1.000000000000000000 ) ) ;
#2051 = STYLED_ITEM ( 'NONE', ( #8453 ), #10682 ) ;
#2052 = COLOUR_RGB ( '',0.8980392156862745390, 0.8980392156862745390, 0.8980392156862745390 ) ;
#2053 = EDGE_CURVE ( 'NONE', #2176, #2805, #2659, .T. ) ;
#2054 = LINE ( 'NONE', #2812, #1380 ) ;
#2055 = VERTEX_POINT ( 'NONE', #915 ) ;
#2056 = ORIENTED_EDGE ( 'NONE', *, *, #7341, .F. ) ;
#2057 = EDGE_CURVE ( 'NONE', #381, #8164, #8484, .T. ) ;
#2058 = EDGE_CURVE ( 'NONE', #1870, #9037, #5879, .T. ) ;
#2059 = PLANE ( 'NONE',  #6992 ) ;
#2060 = COLOUR_RGB ( '',0.8980392156862745390, 0.8980392156862745390, 0.8980392156862745390 ) ;
#2061 = CARTESIAN_POINT ( 'NONE',  ( 26.74999999999999289, 2.799999999999999822, 9.000000000000000000 ) ) ;
#2062 = ORIENTED_EDGE ( 'NONE', *, *, #4138, .T. ) ;
#2063 = PLANE ( 'NONE',  #4698 ) ;
#2064 = AXIS2_PLACEMENT_3D ( 'NONE', #9529, #3487, #6981 ) ;
#2065 = PRESENTATION_STYLE_ASSIGNMENT (( #7976 ) ) ;
#2066 = LINE ( 'NONE', #8765, #2498 ) ;
#2067 = ORIENTED_EDGE ( 'NONE', *, *, #9410, .F. ) ;
#2068 = ADVANCED_FACE ( 'NONE', ( #8593 ), #8369, .F. ) ;
#2069 =( NAMED_UNIT ( * ) SI_UNIT ( $, .STERADIAN. ) SOLID_ANGLE_UNIT ( ) );
#2070 = CARTESIAN_POINT ( 'NONE',  ( -24.49999999999999645, 9.399999999999998579, 4.500000000000363265 ) ) ;
#2071 = VECTOR ( 'NONE', #5634, 1000.000000000000000 ) ;
#2072 = VERTEX_POINT ( 'NONE', #1017 ) ;
#2073 = DIRECTION ( 'NONE',  ( 0.0000000000000000000, 1.000000000000000000, 0.0000000000000000000 ) ) ;
#2074 =( NAMED_UNIT ( * ) PLANE_ANGLE_UNIT ( ) SI_UNIT ( $, .RADIAN. ) );
#2075 = DIRECTION ( 'NONE',  ( 0.0000000000000000000, 1.000000000000000000, -0.0000000000000000000 ) ) ;
#2076 = PLANE ( 'NONE',  #2367 ) ;
#2077 = ORIENTED_EDGE ( 'NONE', *, *, #4952, .T. ) ;
#2078 = VECTOR ( 'NONE', #4502, 1000.000000000000000 ) ;
#2079 = CARTESIAN_POINT ( 'NONE',  ( 25.25000000000000000, 19.00000000000000000, -7.999999999999998224 ) ) ;
#2080 = CARTESIAN_POINT ( 'NONE',  ( -27.50000000000000000, 0.0000000000000000000, 9.000000000000000000 ) ) ;
#2081 = ORIENTED_EDGE ( 'NONE', *, *, #2516, .T. ) ;
#2082 = PRESENTATION_LAYER_ASSIGNMENT (  '', '', ( #5419 ) ) ;
#2083 = DIRECTION ( 'NONE',  ( -0.0000000000000000000, -1.000000000000000000, -0.0000000000000000000 ) ) ;
#2084 = CARTESIAN_POINT ( 'NONE',  ( -27.49999999999999289, 9.400000000000000355, -4.499999999999681144 ) ) ;
#2085 = EDGE_CURVE ( 'NONE', #7373, #8249, #8203, .T. ) ;
#2086 = ORIENTED_EDGE ( 'NONE', *, *, #9235, .F. ) ;
#2087 = PRESENTATION_LAYER_ASSIGNMENT (  '', '', ( #6497 ) ) ;
#2088 = PRESENTATION_STYLE_ASSIGNMENT (( #9668 ) ) ;
#2089 = LINE ( 'NONE', #1092, #8678 ) ;
#2090 =( NAMED_UNIT ( * ) SI_UNIT ( $, .STERADIAN. ) SOLID_ANGLE_UNIT ( ) );
#2091 = FILL_AREA_STYLE_COLOUR ( '', #8578 ) ;
#2092 = CARTESIAN_POINT ( 'NONE',  ( -4.265065438661267194, 13.89999999999999680, -0.6053029216165494164 ) ) ;
#2093 = AXIS2_PLACEMENT_3D ( 'NONE', #5871, #1617, #8360 ) ;
#2094 = SURFACE_SIDE_STYLE ('',( #9674 ) ) ;
#2095 = ORIENTED_EDGE ( 'NONE', *, *, #2349, .T. ) ;
#2096 = PRESENTATION_STYLE_ASSIGNMENT (( #8851 ) ) ;
#2097 = CARTESIAN_POINT ( 'NONE',  ( 7.105302921616547529, 15.89999999999999680, 2.234934561338733250 ) ) ;
#2098 = CYLINDRICAL_SURFACE ( 'NONE', #8550, 4.411345746565307202 ) ;
#2099 = EDGE_CURVE ( 'NONE', #1052, #3480, #9623, .T. ) ;
#2100 = CARTESIAN_POINT ( 'NONE',  ( -27.50000000000000000, 9.399999999999998579, 6.099999999999996092 ) ) ;
#2101 = FACE_OUTER_BOUND ( 'NONE', #6212, .T. ) ;
#2102 = UNCERTAINTY_MEASURE_WITH_UNIT (LENGTH_MEASURE( 1.000000000000000082E-05 ), #3379, 'distance_accuracy_value', 'NONE');
#2103 = ORIENTED_EDGE ( 'NONE', *, *, #6634, .T. ) ;
#2104 = PLANE ( 'NONE',  #64 ) ;
#2105 = EDGE_LOOP ( 'NONE', ( #3577, #8173, #2784, #6295 ) ) ;
#2106 = CARTESIAN_POINT ( 'NONE',  ( 19.50000000000000000, 11.39999999999999858, 8.673617379884035472E-16 ) ) ;
#2107 = DIRECTION ( 'NONE',  ( 0.0000000000000000000, 1.000000000000000000, 1.314184451497582245E-16 ) ) ;
#2108 = DIRECTION ( 'NONE',  ( -1.000000000000000000, 0.0000000000000000000, 0.0000000000000000000 ) ) ;
#2109 = EDGE_CURVE ( 'NONE', #1686, #10775, #272, .T. ) ;
#2110 = FILL_AREA_STYLE_COLOUR ( '', #10895 ) ;
#2111 = ORIENTED_EDGE ( 'NONE', *, *, #8339, .T. ) ;
#2112 = AXIS2_PLACEMENT_3D ( 'NONE', #4593, #474, #3146 ) ;
#2113 = ORIENTED_EDGE ( 'NONE', *, *, #8726, .T. ) ;
#2114 = VECTOR ( 'NONE', #6725, 1000.000000000000000 ) ;
#2115 = AXIS2_PLACEMENT_3D ( 'NONE', #6181, #328, #7337 ) ;
#2116 = FACE_OUTER_BOUND ( 'NONE', #4519, .T. ) ;
#2117 = FACE_OUTER_BOUND ( 'NONE', #5113, .T. ) ;
#2118 = ORIENTED_EDGE ( 'NONE', *, *, #1919, .T. ) ;
#2119 = EDGE_LOOP ( 'NONE', ( #1238, #8112, #2972, #7791 ) ) ;
#2120 =( NAMED_UNIT ( * ) PLANE_ANGLE_UNIT ( ) SI_UNIT ( $, .RADIAN. ) );
#2121 =( GEOMETRIC_REPRESENTATION_CONTEXT ( 3 ) GLOBAL_UNCERTAINTY_ASSIGNED_CONTEXT ( ( #10297 ) ) GLOBAL_UNIT_ASSIGNED_CONTEXT ( ( #4183, #4023, #9126 ) ) REPRESENTATION_CONTEXT ( 'NONE', 'WORKASPACE' ) );
#2122 =( NAMED_UNIT ( * ) SI_UNIT ( $, .STERADIAN. ) SOLID_ANGLE_UNIT ( ) );
#2123 =( NAMED_UNIT ( * ) SI_UNIT ( $, .STERADIAN. ) SOLID_ANGLE_UNIT ( ) );
#2124 = CARTESIAN_POINT ( 'NONE',  ( 6.499999999999999112, 12.89999999999999858, -3.411345746565306758 ) ) ;
#2125 = ORIENTED_EDGE ( 'NONE', *, *, #3371, .T. ) ;
#2126 = EDGE_CURVE ( 'NONE', #1870, #7797, #2868, .T. ) ;
#2127 = EDGE_CURVE ( 'NONE', #3366, #5316, #6274, .T. ) ;
#2128 = LINE ( 'NONE', #6347, #3770 ) ;
#2129 = DIRECTION ( 'NONE',  ( 0.0000000000000000000, -1.000000000000000000, 0.0000000000000000000 ) ) ;
#2130 = AXIS2_PLACEMENT_3D ( 'NONE', #411, #10304, #357 ) ;
#2131 = STYLED_ITEM ( 'NONE', ( #3408 ), #10576 ) ;
#2132 = ORIENTED_EDGE ( 'NONE', *, *, #2538, .F. ) ;
#2133 = CARTESIAN_POINT ( 'NONE',  ( 14.50000000000000355, 20.99999999999999645, 8.000000000000000000 ) ) ;
#2134 =( GEOMETRIC_REPRESENTATION_CONTEXT ( 3 ) GLOBAL_UNCERTAINTY_ASSIGNED_CONTEXT ( ( #9309 ) ) GLOBAL_UNIT_ASSIGNED_CONTEXT ( ( #4613, #3400, #5235 ) ) REPRESENTATION_CONTEXT ( 'NONE', 'WORKASPACE' ) );
#2135 = LINE ( 'NONE', #7876, #10061 ) ;
#2136 = STYLED_ITEM ( 'NONE', ( #544 ), #8756 ) ;
#2137 = ADVANCED_FACE ( 'NONE', ( #2117 ), #303, .F. ) ;
#2138 = DIRECTION ( 'NONE',  ( -1.000000000000000000, 0.0000000000000000000, 0.0000000000000000000 ) ) ;
#2139 = ORIENTED_EDGE ( 'NONE', *, *, #4807, .F. ) ;
#2140 = CARTESIAN_POINT ( 'NONE',  ( 19.50000000000000000, 15.89999999999999680, 8.673617379884035472E-16 ) ) ;
#2141 = CARTESIAN_POINT ( 'NONE',  ( -5.894697078383451583, 13.89999999999999680, 2.234934561338733250 ) ) ;
#2142 = CARTESIAN_POINT ( 'NONE',  ( 24.49999999999999645, 9.400000000000000355, -6.600000000000032507 ) ) ;
#2143 = ORIENTED_EDGE ( 'NONE', *, *, #2085, .F. ) ;
#2144 = AXIS2_PLACEMENT_3D ( 'NONE', #207, #8655, #2717 ) ;
#2145 =( NAMED_UNIT ( * ) SI_UNIT ( $, .STERADIAN. ) SOLID_ANGLE_UNIT ( ) );
#2146 =( NAMED_UNIT ( * ) SI_UNIT ( $, .STERADIAN. ) SOLID_ANGLE_UNIT ( ) );
#2147 =( NAMED_UNIT ( * ) SI_UNIT ( $, .STERADIAN. ) SOLID_ANGLE_UNIT ( ) );
#2148 =( GEOMETRIC_REPRESENTATION_CONTEXT ( 3 ) GLOBAL_UNCERTAINTY_ASSIGNED_CONTEXT ( ( #4972 ) ) GLOBAL_UNIT_ASSIGNED_CONTEXT ( ( #5856, #10160, #5000 ) ) REPRESENTATION_CONTEXT ( 'NONE', 'WORKASPACE' ) );
#2149 = VERTEX_POINT ( 'NONE', #8701 ) ;
#2150 = DIRECTION ( 'NONE',  ( -0.0000000000000000000, -1.000000000000000000, -0.0000000000000000000 ) ) ;
#2151 = VECTOR ( 'NONE', #4805, 1000.000000000000000 ) ;
#2152 = EDGE_CURVE ( 'NONE', #10707, #2750, #3705, .T. ) ;
#2153 = FILL_AREA_STYLE ('',( #2846 ) ) ;
#2154 = DIRECTION ( 'NONE',  ( -1.000000000000000000, 0.0000000000000000000, 1.330610115879115536E-16 ) ) ;
#2155 = FILL_AREA_STYLE ('',( #6946 ) ) ;
#2156 = ORIENTED_EDGE ( 'NONE', *, *, #2925, .T. ) ;
#2157 = DIRECTION ( 'NONE',  ( 0.0000000000000000000, 1.000000000000000000, 1.314184451497582245E-16 ) ) ;
#2158 = LINE ( 'NONE', #5288, #4465 ) ;
#2159 = DIRECTION ( 'NONE',  ( 0.0000000000000000000, 0.0000000000000000000, 1.000000000000000000 ) ) ;
#2160 = CARTESIAN_POINT ( 'NONE',  ( -7.105302921616549305, 13.89999999999999680, -0.6053029216165489723 ) ) ;
#2161 = EDGE_CURVE ( 'NONE', #2467, #6629, #9580, .T. ) ;
#2162 = ORIENTED_EDGE ( 'NONE', *, *, #74, .F. ) ;
#2163 = CARTESIAN_POINT ( 'NONE',  ( 0.7500000000000006661, 19.00000000000000000, 7.999999999999998224 ) ) ;
#2164 = PLANE ( 'NONE',  #5162 ) ;
#2165 = ORIENTED_EDGE ( 'NONE', *, *, #7526, .T. ) ;
#2166 = PLANE ( 'NONE',  #975 ) ;
#2167 = DIRECTION ( 'NONE',  ( 0.0000000000000000000, 1.000000000000000000, 1.314184451497582245E-16 ) ) ;
#2168 = FACE_OUTER_BOUND ( 'NONE', #2857, .T. ) ;
#2169 = ORIENTED_EDGE ( 'NONE', *, *, #7608, .T. ) ;
#2170 = CARTESIAN_POINT ( 'NONE',  ( 24.50000000000000355, 9.399999999999998579, 4.500000000000000888 ) ) ;
#2171 = FACE_OUTER_BOUND ( 'NONE', #7907, .T. ) ;
#2172 = EDGE_CURVE ( 'NONE', #7315, #1485, #7972, .T. ) ;
#2173 = DIRECTION ( 'NONE',  ( -1.330610115879115536E-16, 0.0000000000000000000, -1.000000000000000000 ) ) ;
#2174 = ORIENTED_EDGE ( 'NONE', *, *, #9617, .F. ) ;
#2175 = ORIENTED_EDGE ( 'NONE', *, *, #6519, .T. ) ;
#2176 = VERTEX_POINT ( 'NONE', #2984 ) ;
#2177 = DIRECTION ( 'NONE',  ( 1.000000000000000000, 0.0000000000000000000, -5.987745521456020037E-16 ) ) ;
#2178 = ORIENTED_EDGE ( 'NONE', *, *, #3867, .T. ) ;
#2179 = DIRECTION ( 'NONE',  ( -1.000000000000000000, 0.0000000000000000000, 0.0000000000000000000 ) ) ;
#2180 = CARTESIAN_POINT ( 'NONE',  ( -25.00000000000000000, -18.24828759089465535, 4.500000000000359712 ) ) ;
#2181 = SURFACE_STYLE_FILL_AREA ( #9821 ) ;
#2182 = EDGE_CURVE ( 'NONE', #10707, #1181, #10526, .T. ) ;
#2183 = DIRECTION ( 'NONE',  ( 1.000000000000000000, -0.0000000000000000000, -0.0000000000000000000 ) ) ;
#2184 = ORIENTED_EDGE ( 'NONE', *, *, #9206, .T. ) ;
#2185 = PLANE ( 'NONE',  #5809 ) ;
#2186 =( NAMED_UNIT ( * ) PLANE_ANGLE_UNIT ( ) SI_UNIT ( $, .RADIAN. ) );
#2187 = VERTEX_POINT ( 'NONE', #1119 ) ;
#2188 = VECTOR ( 'NONE', #8346, 1000.000000000000000 ) ;
#2189 = CARTESIAN_POINT ( 'NONE',  ( -26.75000000000000355, 0.0000000000000000000, 8.000000000000001776 ) ) ;
#2190 = FACE_OUTER_BOUND ( 'NONE', #1862, .T. ) ;
#2191 = PLANE ( 'NONE',  #2115 ) ;
#2192 = STYLED_ITEM ( 'NONE', ( #2481 ), #440 ) ;
#2193 = EDGE_CURVE ( 'NONE', #1554, #3514, #1947, .T. ) ;
#2194 = ORIENTED_EDGE ( 'NONE', *, *, #4938, .F. ) ;
#2195 =( NAMED_UNIT ( * ) PLANE_ANGLE_UNIT ( ) SI_UNIT ( $, .RADIAN. ) );
#2196 = EDGE_CURVE ( 'NONE', #685, #7085, #4588, .T. ) ;
#2197 = AXIS2_PLACEMENT_3D ( 'NONE', #5494, #3002, #6403 ) ;
#2198 = AXIS2_PLACEMENT_3D ( 'NONE', #4567, #9676, #2908 ) ;
#2199 = FACE_OUTER_BOUND ( 'NONE', #9505, .T. ) ;
#2200 = CARTESIAN_POINT ( 'NONE',  ( -20.50000000000000000, 0.0000000000000000000, 0.5000000000000031086 ) ) ;
#2201 = SURFACE_STYLE_USAGE ( .BOTH. , #4833 ) ;
#2202 = DIRECTION ( 'NONE',  ( -0.0000000000000000000, -1.000000000000000000, -0.0000000000000000000 ) ) ;
#2203 = ORIENTED_EDGE ( 'NONE', *, *, #5938, .F. ) ;
#2204 = CARTESIAN_POINT ( 'NONE',  ( -27.50000000000000000, 9.399999999999998579, 6.099999999999996092 ) ) ;
#2205 = VECTOR ( 'NONE', #6498, 1000.000000000000000 ) ;
#2206 = LINE ( 'NONE', #2357, #2704 ) ;
#2207 = VECTOR ( 'NONE', #5990, 1000.000000000000000 ) ;
#2208 = MECHANICAL_DESIGN_GEOMETRIC_PRESENTATION_REPRESENTATION (  '', ( #2543 ), #6085 ) ;
#2209 = CARTESIAN_POINT ( 'NONE',  ( -24.99999999999999645, 20.99999999999999645, -4.499999999999634070 ) ) ;
#2210 = MECHANICAL_DESIGN_GEOMETRIC_PRESENTATION_REPRESENTATION (  '', ( #10509 ), #91 ) ;
#2211 = AXIS2_PLACEMENT_3D ( 'NONE', #3672, #10384, #2028 ) ;
#2212 = CARTESIAN_POINT ( 'NONE',  ( -7.500000000000001776, -2.750000000000000000, 0.5000000000000031086 ) ) ;
#2213 =( GEOMETRIC_REPRESENTATION_CONTEXT ( 3 ) GLOBAL_UNCERTAINTY_ASSIGNED_CONTEXT ( ( #3402 ) ) GLOBAL_UNIT_ASSIGNED_CONTEXT ( ( #5282, #791, #1044 ) ) REPRESENTATION_CONTEXT ( 'NONE', 'WORKASPACE' ) );
#2214 = CIRCLE ( 'NONE', #273, 1.993034753127727488 ) ;
#2215 = ORIENTED_EDGE ( 'NONE', *, *, #9147, .T. ) ;
#2216 = SURFACE_SIDE_STYLE ('',( #3238 ) ) ;
#2217 = DIRECTION ( 'NONE',  ( 0.0000000000000000000, 1.000000000000000000, 4.130293990420970869E-16 ) ) ;
#2218 = ORIENTED_EDGE ( 'NONE', *, *, #10322, .F. ) ;
#2219 = CARTESIAN_POINT ( 'NONE',  ( -8.734934561338734582, 13.89999999999999680, -0.6053029216165488613 ) ) ;
#2220 = DIRECTION ( 'NONE',  ( -1.000000000000000000, 0.0000000000000000000, 0.0000000000000000000 ) ) ;
#2221 = DIRECTION ( 'NONE',  ( 0.0000000000000000000, 1.000000000000000000, 1.314184451497582245E-16 ) ) ;
#2222 = VECTOR ( 'NONE', #2507, 1000.000000000000000 ) ;
#2223 = COLOUR_RGB ( '',1.000000000000000000, 1.000000000000000000, 1.000000000000000000 ) ;
#2224 = ORIENTED_EDGE ( 'NONE', *, *, #1645, .F. ) ;
#2225 = VERTEX_POINT ( 'NONE', #4421 ) ;
#2226 = LINE ( 'NONE', #2489, #9898 ) ;
#2227 =( NAMED_UNIT ( * ) SI_UNIT ( $, .STERADIAN. ) SOLID_ANGLE_UNIT ( ) );
#2228 = MECHANICAL_DESIGN_GEOMETRIC_PRESENTATION_REPRESENTATION (  '', ( #9651 ), #2736 ) ;
#2229 = VECTOR ( 'NONE', #6808, 1000.000000000000000 ) ;
#2230 = DIRECTION ( 'NONE',  ( -0.0000000000000000000, 0.0000000000000000000, -1.000000000000000000 ) ) ;
#2231 = CARTESIAN_POINT ( 'NONE',  ( -0.7500000000000006661, 0.0000000000000000000, -9.000000000000000000 ) ) ;
#2232 = CARTESIAN_POINT ( 'NONE',  ( -12.24999999999999822, 19.00000000000000000, -7.999999999999998224 ) ) ;
#2233 = EDGE_LOOP ( 'NONE', ( #6480, #5053, #4273, #6626 ) ) ;
#2234 = CARTESIAN_POINT ( 'NONE',  ( -14.49999999999999822, 20.99999999999999645, -4.499999999999724665 ) ) ;
#2235 = EDGE_CURVE ( 'NONE', #1823, #8169, #9754, .T. ) ;
#2236 = ORIENTED_EDGE ( 'NONE', *, *, #9165, .F. ) ;
#2237 = SURFACE_STYLE_FILL_AREA ( #8770 ) ;
#2238 = VECTOR ( 'NONE', #2412, 1000.000000000000000 ) ;
#2239 = AXIS2_PLACEMENT_3D ( 'NONE', #3249, #9033, #5019 ) ;
#2240 = DIRECTION ( 'NONE',  ( 0.0000000000000000000, 0.0000000000000000000, -1.000000000000000000 ) ) ;
#2241 = SURFACE_SIDE_STYLE ('',( #6551 ) ) ;
#2242 = ORIENTED_EDGE ( 'NONE', *, *, #4683, .T. ) ;
#2243 =( NAMED_UNIT ( * ) SI_UNIT ( $, .STERADIAN. ) SOLID_ANGLE_UNIT ( ) );
#2244 = VECTOR ( 'NONE', #4232, 1000.000000000000000 ) ;
#2245 = DIRECTION ( 'NONE',  ( -5.451709925985335199E-16, 0.7071067811865470176, -0.7071067811865479058 ) ) ;
#2246 = CARTESIAN_POINT ( 'NONE',  ( 6.499999999999999112, -2.750000000000000000, 0.5000000000000031086 ) ) ;
#2247 = FILL_AREA_STYLE ('',( #539 ) ) ;
#2248 = EDGE_CURVE ( 'NONE', #10482, #1010, #6215, .T. ) ;
#2249 = AXIS2_PLACEMENT_3D ( 'NONE', #754, #1514, #80 ) ;
#2250 = ORIENTED_EDGE ( 'NONE', *, *, #10738, .F. ) ;
#2251 = LINE ( 'NONE', #10551, #7205 ) ;
#2252 = AXIS2_PLACEMENT_3D ( 'NONE', #936, #3395, #10807 ) ;
#2253 = SURFACE_STYLE_FILL_AREA ( #2036 ) ;
#2254 = CARTESIAN_POINT ( 'NONE',  ( -0.7500000000000006661, 0.0000000000000000000, 7.999999999999998224 ) ) ;
#2255 = DIRECTION ( 'NONE',  ( -0.0000000000000000000, -1.000000000000000000, -0.0000000000000000000 ) ) ;
#2256 = ADVANCED_FACE ( 'NONE', ( #10464 ), #4641, .F. ) ;
#2257 = LINE ( 'NONE', #8160, #8979 ) ;
#2258 = VERTEX_POINT ( 'NONE', #8982 ) ;
#2259 = LINE ( 'NONE', #5631, #8911 ) ;
#2260 = LINE ( 'NONE', #10649, #3239 ) ;
#2261 = EDGE_CURVE ( 'NONE', #2277, #1259, #8138, .T. ) ;
#2262 = AXIS2_PLACEMENT_3D ( 'NONE', #10441, #1042, #5277 ) ;
#2263 = EDGE_CURVE ( 'NONE', #3063, #2773, #2279, .T. ) ;
#2264 =( GEOMETRIC_REPRESENTATION_CONTEXT ( 3 ) GLOBAL_UNCERTAINTY_ASSIGNED_CONTEXT ( ( #6520 ) ) GLOBAL_UNIT_ASSIGNED_CONTEXT ( ( #824, #3390, #99 ) ) REPRESENTATION_CONTEXT ( 'NONE', 'WORKASPACE' ) );
#2265 = LINE ( 'NONE', #9738, #4174 ) ;
#2266 = VECTOR ( 'NONE', #4691, 1000.000000000000000 ) ;
#2267 = LINE ( 'NONE', #9947, #3979 ) ;
#2268 = ADVANCED_FACE ( 'NONE', ( #1444 ), #5752, .F. ) ;
#2269 = ORIENTED_EDGE ( 'NONE', *, *, #4466, .F. ) ;
#2270 = SURFACE_STYLE_USAGE ( .BOTH. , #3965 ) ;
#2271 = DIRECTION ( 'NONE',  ( 0.0000000000000000000, 0.0000000000000000000, 1.000000000000000000 ) ) ;
#2272 = ORIENTED_EDGE ( 'NONE', *, *, #3803, .T. ) ;
#2273 = DIRECTION ( 'NONE',  ( 1.000000000000000000, 0.0000000000000000000, 0.0000000000000000000 ) ) ;
#2274 = PLANE ( 'NONE',  #9511 ) ;
#2275 = PLANE ( 'NONE',  #7032 ) ;
#2276 = MECHANICAL_DESIGN_GEOMETRIC_PRESENTATION_REPRESENTATION (  '', ( #9337 ), #4548 ) ;
#2277 = VERTEX_POINT ( 'NONE', #4797 ) ;
#2278 = FILL_AREA_STYLE ('',( #8136 ) ) ;
#2279 = LINE ( 'NONE', #6535, #2898 ) ;
#2280 = EDGE_LOOP ( 'NONE', ( #4085, #6799, #4261, #5794 ) ) ;
#2281 = SURFACE_SIDE_STYLE ('',( #9196 ) ) ;
#2282 = AXIS2_PLACEMENT_3D ( 'NONE', #9490, #9593, #7112 ) ;
#2283 = DIRECTION ( 'NONE',  ( -0.0000000000000000000, 1.000000000000000000, 0.0000000000000000000 ) ) ;
#2284 = SURFACE_STYLE_USAGE ( .BOTH. , #9921 ) ;
#2285 = ORIENTED_EDGE ( 'NONE', *, *, #5938, .T. ) ;
#2286 = DIRECTION ( 'NONE',  ( 7.709882115452475208E-16, 3.854941057726237604E-16, -1.000000000000000000 ) ) ;
#2287 = ORIENTED_EDGE ( 'NONE', *, *, #408, .F. ) ;
#2288 = VECTOR ( 'NONE', #9831, 1000.000000000000000 ) ;
#2289 = LINE ( 'NONE', #5877, #5588 ) ;
#2290 = CARTESIAN_POINT ( 'NONE',  ( 7.500000000000000000, 0.0000000000000000000, 0.5000000000000031086 ) ) ;
#2291 = VECTOR ( 'NONE', #10185, 1000.000000000000000 ) ;
#2292 = DIRECTION ( 'NONE',  ( 0.0000000000000000000, 0.0000000000000000000, -1.000000000000000000 ) ) ;
#2293 = EDGE_CURVE ( 'NONE', #10697, #10583, #5593, .T. ) ;
#2294 = VERTEX_POINT ( 'NONE', #6639 ) ;
#2295 = FACE_OUTER_BOUND ( 'NONE', #3934, .T. ) ;
#2296 = AXIS2_PLACEMENT_3D ( 'NONE', #8158, #6414, #10799 ) ;
#2297 = AXIS2_PLACEMENT_3D ( 'NONE', #10367, #10421, #7584 ) ;
#2298 = DIRECTION ( 'NONE',  ( 0.0000000000000000000, 0.0000000000000000000, 1.000000000000000000 ) ) ;
#2299 = CARTESIAN_POINT ( 'NONE',  ( -19.50000000000000000, 14.89999999999999680, -3.411345746565306758 ) ) ;
#2300 = PRESENTATION_STYLE_ASSIGNMENT (( #3163 ) ) ;
#2301 = CARTESIAN_POINT ( 'NONE',  ( 27.50000000000000000, 16.99999999999999645, -10.09999999999980069 ) ) ;
#2302 = FACE_OUTER_BOUND ( 'NONE', #875, .T. ) ;
#2303 = CIRCLE ( 'NONE', #370, 0.5000000000000004441 ) ;
#2304 = EDGE_LOOP ( 'NONE', ( #8924, #1498, #8475, #6142, #10606, #6326, #5846, #7047, #10353, #1110, #3076, #314 ) ) ;
#2305 = PRESENTATION_LAYER_ASSIGNMENT (  '', '', ( #10078 ) ) ;
#2306 = DIRECTION ( 'NONE',  ( 0.0000000000000000000, 0.0000000000000000000, 1.000000000000000000 ) ) ;
#2307 = VECTOR ( 'NONE', #7783, 1000.000000000000000 ) ;
#2308 = ADVANCED_FACE ( 'NONE', ( #4915 ), #1496, .F. ) ;
#2309 = ORIENTED_EDGE ( 'NONE', *, *, #4729, .F. ) ;
#2310 = FACE_OUTER_BOUND ( 'NONE', #9287, .T. ) ;
#2311 = FACE_OUTER_BOUND ( 'NONE', #2950, .T. ) ;
#2312 = CIRCLE ( 'NONE', #2484, 1.000000000000000000 ) ;
#2313 = LINE ( 'NONE', #502, #9791 ) ;
#2314 = ORIENTED_EDGE ( 'NONE', *, *, #3043, .F. ) ;
#2315 = EDGE_CURVE ( 'NONE', #1979, #6865, #4674, .T. ) ;
#2316 = CARTESIAN_POINT ( 'NONE',  ( -18.89469707838345158, 15.89999999999999680, 2.234934561338733250 ) ) ;
#2317 = EDGE_CURVE ( 'NONE', #10024, #7974, #8177, .T. ) ;
#2318 = EDGE_CURVE ( 'NONE', #9469, #9240, #3198, .T. ) ;
#2319 = ORIENTED_EDGE ( 'NONE', *, *, #5264, .F. ) ;
#2320 =( LENGTH_UNIT ( ) NAMED_UNIT ( * ) SI_UNIT ( .MILLI., .METRE. ) );
#2321 = PLANE ( 'NONE',  #6071 ) ;
#2322 = VERTEX_POINT ( 'NONE', #740 ) ;
#2323 = PRESENTATION_STYLE_ASSIGNMENT (( #4910 ) ) ;
#2324 = EDGE_CURVE ( 'NONE', #4086, #6139, #3607, .T. ) ;
#2325 = ORIENTED_EDGE ( 'NONE', *, *, #5400, .T. ) ;
#2326 = CARTESIAN_POINT ( 'NONE',  ( -7.105302921616549305, 13.89999999999999680, 2.234934561338733250 ) ) ;
#2327 = COLOUR_RGB ( '',0.8980392156862745390, 0.8980392156862745390, 0.8980392156862745390 ) ;
#2328 = EDGE_CURVE ( 'NONE', #9197, #9469, #1336, .T. ) ;
#2329 = FILL_AREA_STYLE_COLOUR ( '', #973 ) ;
#2330 = ORIENTED_EDGE ( 'NONE', *, *, #1178, .F. ) ;
#2331 = CARTESIAN_POINT ( 'NONE',  ( 1.500000000000004885, -18.24828759089465535, 9.000000000000179412 ) ) ;
#2332 = SURFACE_STYLE_FILL_AREA ( #10673 ) ;
#2333 = SURFACE_SIDE_STYLE ('',( #6487 ) ) ;
#2334 = EDGE_LOOP ( 'NONE', ( #606, #10414, #2203, #5217 ) ) ;
#2335 = DIRECTION ( 'NONE',  ( 0.0000000000000000000, 0.0000000000000000000, -1.000000000000000000 ) ) ;
#2336 = EDGE_LOOP ( 'NONE', ( #10818, #6436, #10655, #1382 ) ) ;
#2337 = ADVANCED_FACE ( 'NONE', ( #3250 ), #6434, .T. ) ;
#2338 = ORIENTED_EDGE ( 'NONE', *, *, #1661, .T. ) ;
#2339 = DIRECTION ( 'NONE',  ( 7.709882115452484083E-16, 1.314184451497582492E-16, -1.000000000000000000 ) ) ;
#2340 = DIRECTION ( 'NONE',  ( -0.0000000000000000000, -1.000000000000000000, -0.0000000000000000000 ) ) ;
#2341 = ORIENTED_EDGE ( 'NONE', *, *, #9358, .F. ) ;
#2342 = CARTESIAN_POINT ( 'NONE',  ( -24.49999999999999289, 9.399999999999998579, 6.599999999999996092 ) ) ;
#2343 = DIRECTION ( 'NONE',  ( 0.0000000000000000000, 0.0000000000000000000, -1.000000000000000000 ) ) ;
#2344 =( LENGTH_UNIT ( ) NAMED_UNIT ( * ) SI_UNIT ( .MILLI., .METRE. ) );
#2345 = DIRECTION ( 'NONE',  ( -0.0000000000000000000, -1.000000000000000000, -1.314184451497582492E-16 ) ) ;
#2346 = FACE_OUTER_BOUND ( 'NONE', #10619, .T. ) ;
#2347 = CARTESIAN_POINT ( 'NONE',  ( -25.25000000000000000, 0.0000000000000000000, 8.000000000000001776 ) ) ;
#2348 = ORIENTED_EDGE ( 'NONE', *, *, #6119, .T. ) ;
#2349 = EDGE_CURVE ( 'NONE', #8611, #5880, #622, .T. ) ;
#2350 =( GEOMETRIC_REPRESENTATION_CONTEXT ( 3 ) GLOBAL_UNCERTAINTY_ASSIGNED_CONTEXT ( ( #577 ) ) GLOBAL_UNIT_ASSIGNED_CONTEXT ( ( #8570, #6078, #338 ) ) REPRESENTATION_CONTEXT ( 'NONE', 'WORKASPACE' ) );
#2351 = ORIENTED_EDGE ( 'NONE', *, *, #385, .F. ) ;
#2352 = DIRECTION ( 'NONE',  ( 0.0000000000000000000, 1.000000000000000000, 1.314184451497582245E-16 ) ) ;
#2353 =( LENGTH_UNIT ( ) NAMED_UNIT ( * ) SI_UNIT ( .MILLI., .METRE. ) );
#2354 = DIRECTION ( 'NONE',  ( 0.0000000000000000000, -0.0000000000000000000, -1.000000000000000000 ) ) ;
#2355 = VERTEX_POINT ( 'NONE', #1922 ) ;
#2356 = CARTESIAN_POINT ( 'NONE',  ( -27.50000000000000000, 5.200000000000001066, -6.599999999999994316 ) ) ;
#2357 = CARTESIAN_POINT ( 'NONE',  ( 24.18480339025593651, 9.399999999999998579, 5.114085138899327809 ) ) ;
#2358 = ORIENTED_EDGE ( 'NONE', *, *, #6132, .T. ) ;
#2359 = VECTOR ( 'NONE', #2395, 1000.000000000000000 ) ;
#2360 = EDGE_CURVE ( 'NONE', #5939, #2739, #5164, .T. ) ;
#2361 = PRESENTATION_LAYER_ASSIGNMENT (  '', '', ( #2192 ) ) ;
#2362 = PLANE ( 'NONE',  #1366 ) ;
#2363 = DIRECTION ( 'NONE',  ( 0.0000000000000000000, 0.0000000000000000000, -1.000000000000000000 ) ) ;
#2364 = AXIS2_PLACEMENT_3D ( 'NONE', #1126, #3657, #5366 ) ;
#2365 = VERTEX_POINT ( 'NONE', #8563 ) ;
#2366 = SURFACE_STYLE_FILL_AREA ( #4685 ) ;
#2367 = AXIS2_PLACEMENT_3D ( 'NONE', #8884, #5319, #7110 ) ;
#2368 = CARTESIAN_POINT ( 'NONE',  ( -27.50000000000000000, 9.399999999999998579, 6.599999999999996092 ) ) ;
#2369 = VECTOR ( 'NONE', #7312, 1000.000000000000000 ) ;
#2370 = ORIENTED_EDGE ( 'NONE', *, *, #1164, .T. ) ;
#2371 = CARTESIAN_POINT ( 'NONE',  ( 5.894697078383449806, 13.89999999999999680, -0.6053029216165489723 ) ) ;
#2372 = FILL_AREA_STYLE_COLOUR ( '', #2408 ) ;
#2373 = EDGE_CURVE ( 'NONE', #4799, #8723, #5866, .T. ) ;
#2374 = VERTEX_POINT ( 'NONE', #3511 ) ;
#2375 = COLOUR_RGB ( '',0.8980392156862745390, 0.8980392156862745390, 0.8980392156862745390 ) ;
#2376 =( GEOMETRIC_REPRESENTATION_CONTEXT ( 3 ) GLOBAL_UNCERTAINTY_ASSIGNED_CONTEXT ( ( #3630 ) ) GLOBAL_UNIT_ASSIGNED_CONTEXT ( ( #640, #3992, #6596 ) ) REPRESENTATION_CONTEXT ( 'NONE', 'WORKASPACE' ) );
#2377 = FACE_OUTER_BOUND ( 'NONE', #2669, .T. ) ;
#2378 = VECTOR ( 'NONE', #8414, 1000.000000000000000 ) ;
#2379 = CARTESIAN_POINT ( 'NONE',  ( 1.815196609744055500, 9.399999999999998579, -5.114085138899324257 ) ) ;
#2380 = VERTEX_POINT ( 'NONE', #987 ) ;
#2381 = VERTEX_POINT ( 'NONE', #5228 ) ;
#2382 = EDGE_CURVE ( 'NONE', #6777, #6850, #7830, .T. ) ;
#2383 = EDGE_LOOP ( 'NONE', ( #8680, #6156, #8910, #10021 ) ) ;
#2384 = LINE ( 'NONE', #5870, #5729 ) ;
#2385 = CARTESIAN_POINT ( 'NONE',  ( 1.815196609744055500, 11.39999999999999858, -5.114085138899324257 ) ) ;
#2386 = CARTESIAN_POINT ( 'NONE',  ( 18.50000000000000000, -2.750000000000000000, -0.4999999999999968914 ) ) ;
#2387 = EDGE_LOOP ( 'NONE', ( #8829, #2445, #10837, #7787 ) ) ;
#2388 = VECTOR ( 'NONE', #1073, 1000.000000000000000 ) ;
#2389 = VERTEX_POINT ( 'NONE', #4343 ) ;
#2390 = EDGE_CURVE ( 'NONE', #1728, #3940, #10392, .T. ) ;
#2391 = ADVANCED_FACE ( 'NONE', ( #5813, #168 ), #10334, .T. ) ;
#2392 = VERTEX_POINT ( 'NONE', #1977 ) ;
#2393 = CARTESIAN_POINT ( 'NONE',  ( 14.81519660974405639, 11.39999999999999858, 5.114085138899327809 ) ) ;
#2394 = CARTESIAN_POINT ( 'NONE',  ( 6.499999999999999112, -2.750000000000000000, 0.5000000000000031086 ) ) ;
#2395 = DIRECTION ( 'NONE',  ( -0.0000000000000000000, 1.000000000000000000, -0.0000000000000000000 ) ) ;
#2396 = AXIS2_PLACEMENT_3D ( 'NONE', #8937, #1405, #8824 ) ;
#2397 = VERTEX_POINT ( 'NONE', #227 ) ;
#2398 =( LENGTH_UNIT ( ) NAMED_UNIT ( * ) SI_UNIT ( .MILLI., .METRE. ) );
#2399 = EDGE_CURVE ( 'NONE', #1507, #1906, #1613, .T. ) ;
#2400 = PLANE ( 'NONE',  #792 ) ;
#2401 = PLANE ( 'NONE',  #548 ) ;
#2402 = FACE_OUTER_BOUND ( 'NONE', #3666, .T. ) ;
#2403 = CARTESIAN_POINT ( 'NONE',  ( 12.25000000000000000, 0.0000000000000000000, 7.999999999999998224 ) ) ;
#2404 = CARTESIAN_POINT ( 'NONE',  ( 1.815196609744055500, 9.399999999999998579, 5.114085138899327809 ) ) ;
#2405 = VECTOR ( 'NONE', #335, 1000.000000000000000 ) ;
#2406 = CIRCLE ( 'NONE', #6642, 0.5000000000000004441 ) ;
#2407 = ORIENTED_EDGE ( 'NONE', *, *, #10800, .T. ) ;
#2408 = COLOUR_RGB ( '',0.8980392156862745390, 0.8980392156862745390, 0.8980392156862745390 ) ;
#2409 = AXIS2_PLACEMENT_3D ( 'NONE', #6454, #10793, #7444 ) ;
#2410 = ORIENTED_EDGE ( 'NONE', *, *, #180, .T. ) ;
#2411 = DIRECTION ( 'NONE',  ( 0.0000000000000000000, 0.0000000000000000000, -1.000000000000000000 ) ) ;
#2412 = DIRECTION ( 'NONE',  ( -1.000000000000000000, 0.0000000000000000000, 0.0000000000000000000 ) ) ;
#2413 = LINE ( 'NONE', #1803, #81 ) ;
#2414 = CARTESIAN_POINT ( 'NONE',  ( 18.89469707838345158, 15.89999999999999680, -0.6053029216165489723 ) ) ;
#2415 = ORIENTED_EDGE ( 'NONE', *, *, #9591, .F. ) ;
#2416 = ADVANCED_FACE ( 'NONE', ( #7892 ), #5331, .F. ) ;
#2417 = FILL_AREA_STYLE_COLOUR ( '', #4118 ) ;
#2418 = ORIENTED_EDGE ( 'NONE', *, *, #726, .F. ) ;
#2419 = VECTOR ( 'NONE', #3129, 1000.000000000000000 ) ;
#2420 = PRESENTATION_STYLE_ASSIGNMENT (( #1430 ) ) ;
#2421 = ORIENTED_EDGE ( 'NONE', *, *, #225, .T. ) ;
#2422 = EDGE_CURVE ( 'NONE', #9661, #2996, #10874, .T. ) ;
#2423 = DIRECTION ( 'NONE',  ( -0.0000000000000000000, -1.000000000000000000, -0.0000000000000000000 ) ) ;
#2424 = STYLED_ITEM ( 'NONE', ( #594 ), #3961 ) ;
#2425 = CYLINDRICAL_SURFACE ( 'NONE', #3221, 1.000000000000000000 ) ;
#2426 = ORIENTED_EDGE ( 'NONE', *, *, #9767, .T. ) ;
#2427 = CARTESIAN_POINT ( 'NONE',  ( 13.00000000000000000, 11.39999999999999858, 2.628368902995164983E-16 ) ) ;
#2428 = LINE ( 'NONE', #10767, #4387 ) ;
#2429 = UNCERTAINTY_MEASURE_WITH_UNIT (LENGTH_MEASURE( 1.000000000000000082E-05 ), #5456, 'distance_accuracy_value', 'NONE');
#2430 = LINE ( 'NONE', #6633, #689 ) ;
#2431 = EDGE_LOOP ( 'NONE', ( #10212, #10797, #6007, #2062 ) ) ;
#2432 = PLANE ( 'NONE',  #10870 ) ;
#2433 = DIRECTION ( 'NONE',  ( 0.0000000000000000000, 0.0000000000000000000, 1.000000000000000000 ) ) ;
#2434 = ORIENTED_EDGE ( 'NONE', *, *, #879, .F. ) ;
#2435 = EDGE_CURVE ( 'NONE', #10247, #9762, #9502, .T. ) ;
#2436 = ORIENTED_EDGE ( 'NONE', *, *, #8208, .T. ) ;
#2437 = VERTEX_POINT ( 'NONE', #1152 ) ;
#2438 = DIRECTION ( 'NONE',  ( 7.709882115452475208E-16, 0.0000000000000000000, -1.000000000000000000 ) ) ;
#2439 = FILL_AREA_STYLE_COLOUR ( '', #5457 ) ;
#2440 = DIRECTION ( 'NONE',  ( 0.0000000000000000000, -0.0000000000000000000, 1.000000000000000000 ) ) ;
#2441 = VERTEX_POINT ( 'NONE', #4504 ) ;
#2442 = AXIS2_PLACEMENT_3D ( 'NONE', #2966, #6364, #1309 ) ;
#2443 = UNCERTAINTY_MEASURE_WITH_UNIT (LENGTH_MEASURE( 1.000000000000000082E-05 ), #3214, 'distance_accuracy_value', 'NONE');
#2444 = DIRECTION ( 'NONE',  ( 0.0000000000000000000, -0.0000000000000000000, 1.000000000000000000 ) ) ;
#2445 = ORIENTED_EDGE ( 'NONE', *, *, #3716, .F. ) ;
#2446 = ORIENTED_EDGE ( 'NONE', *, *, #358, .F. ) ;
#2447 =( NAMED_UNIT ( * ) SI_UNIT ( $, .STERADIAN. ) SOLID_ANGLE_UNIT ( ) );
#2448 = EDGE_CURVE ( 'NONE', #7082, #2918, #334, .T. ) ;
#2449 = FILL_AREA_STYLE ('',( #9254 ) ) ;
#2450 = AXIS2_PLACEMENT_3D ( 'NONE', #8486, #6659, #6814 ) ;
#2451 = CARTESIAN_POINT ( 'NONE',  ( 1.000000000000004441, -18.24828759089465535, -4.499999999999820588 ) ) ;
#2452 = EDGE_CURVE ( 'NONE', #5554, #1882, #10072, .T. ) ;
#2453 = ORIENTED_EDGE ( 'NONE', *, *, #1780, .F. ) ;
#2454 = SURFACE_STYLE_FILL_AREA ( #5881 ) ;
#2455 = AXIS2_PLACEMENT_3D ( 'NONE', #4984, #2459, #10792 ) ;
#2456 = ADVANCED_FACE ( 'NONE', ( #2199 ), #5568, .F. ) ;
#2457 = PLANE ( 'NONE',  #7671 ) ;
#2458 = SURFACE_STYLE_FILL_AREA ( #10791 ) ;
#2459 = DIRECTION ( 'NONE',  ( 0.0000000000000000000, 1.314184451497582245E-16, -1.000000000000000000 ) ) ;
#2460 = CARTESIAN_POINT ( 'NONE',  ( 11.50000000000000178, 19.99999999999999289, 8.000000000000000000 ) ) ;
#2461 = CARTESIAN_POINT ( 'NONE',  ( -24.18480339025594361, 11.39999999999999858, 5.114085138899327809 ) ) ;
#2462 = ORIENTED_EDGE ( 'NONE', *, *, #3084, .F. ) ;
#2463 = EDGE_CURVE ( 'NONE', #7257, #6997, #9728, .T. ) ;
#2464 = DIRECTION ( 'NONE',  ( 0.0000000000000000000, 0.0000000000000000000, -1.000000000000000000 ) ) ;
#2465 = SURFACE_SIDE_STYLE ('',( #4108 ) ) ;
#2466 = PRESENTATION_LAYER_ASSIGNMENT (  '', '', ( #9536 ) ) ;
#2467 = VERTEX_POINT ( 'NONE', #2902 ) ;
#2468 = DIRECTION ( 'NONE',  ( 0.0000000000000000000, -1.314184451497582492E-16, 1.000000000000000000 ) ) ;
#2469 = FACE_OUTER_BOUND ( 'NONE', #10593, .T. ) ;
#2470 = SURFACE_SIDE_STYLE ('',( #7565 ) ) ;
#2471 = VERTEX_POINT ( 'NONE', #2965 ) ;
#2472 = LINE ( 'NONE', #7674, #4944 ) ;
#2473 = ORIENTED_EDGE ( 'NONE', *, *, #8065, .T. ) ;
#2474 = ADVANCED_FACE ( 'NONE', ( #1262 ), #1421, .T. ) ;
#2475 = DIRECTION ( 'NONE',  ( 1.000000000000000000, 0.0000000000000000000, 0.0000000000000000000 ) ) ;
#2476 = SURFACE_STYLE_USAGE ( .BOTH. , #9340 ) ;
#2477 =( LENGTH_UNIT ( ) NAMED_UNIT ( * ) SI_UNIT ( .MILLI., .METRE. ) );
#2478 = SURFACE_SIDE_STYLE ('',( #3343 ) ) ;
#2479 = AXIS2_PLACEMENT_3D ( 'NONE', #4630, #3742, #8010 ) ;
#2480 = VERTEX_POINT ( 'NONE', #5451 ) ;
#2481 = PRESENTATION_STYLE_ASSIGNMENT (( #10866 ) ) ;
#2482 = FILL_AREA_STYLE ('',( #10766 ) ) ;
#2483 = AXIS2_PLACEMENT_3D ( 'NONE', #477, #2993, #4870 ) ;
#2484 = AXIS2_PLACEMENT_3D ( 'NONE', #7625, #1648, #6941 ) ;
#2485 = ORIENTED_EDGE ( 'NONE', *, *, #8343, .T. ) ;
#2486 = ADVANCED_FACE ( 'NONE', ( #7947 ), #5102, .F. ) ;
#2487 = DIRECTION ( 'NONE',  ( 1.000000000000000000, 0.0000000000000000000, 0.0000000000000000000 ) ) ;
#2488 = VERTEX_POINT ( 'NONE', #3382 ) ;
#2489 = CARTESIAN_POINT ( 'NONE',  ( -14.49999999999999822, -18.24828759089465535, -4.499999999999729994 ) ) ;
#2490 = ORIENTED_EDGE ( 'NONE', *, *, #6724, .T. ) ;
#2491 = CARTESIAN_POINT ( 'NONE',  ( -18.89469707838345158, 15.89999999999999680, 2.234934561338733250 ) ) ;
#2492 = CARTESIAN_POINT ( 'NONE',  ( -26.75000000000000000, 0.0000000000000000000, -8.999999999999996447 ) ) ;
#2493 = ORIENTED_EDGE ( 'NONE', *, *, #8819, .F. ) ;
#2494 = PRESENTATION_STYLE_ASSIGNMENT (( #10080 ) ) ;
#2495 = EDGE_LOOP ( 'NONE', ( #6703, #9457 ) ) ;
#2496 = VERTEX_POINT ( 'NONE', #763 ) ;
#2497 = LINE ( 'NONE', #1564, #1359 ) ;
#2498 = VECTOR ( 'NONE', #3709, 1000.000000000000000 ) ;
#2499 = EDGE_CURVE ( 'NONE', #5027, #2645, #10099, .T. ) ;
#2500 = DIRECTION ( 'NONE',  ( -1.000000000000000000, 0.0000000000000000000, 0.0000000000000000000 ) ) ;
#2501 = DIRECTION ( 'NONE',  ( 1.000000000000000000, 0.0000000000000000000, 3.326525289697788964E-16 ) ) ;
#2502 = FACE_OUTER_BOUND ( 'NONE', #10692, .T. ) ;
#2503 = VERTEX_POINT ( 'NONE', #927 ) ;
#2504 = DIRECTION ( 'NONE',  ( 0.0000000000000000000, 0.0000000000000000000, 1.000000000000000000 ) ) ;
#2505 = DIRECTION ( 'NONE',  ( 1.000000000000000000, 0.0000000000000000000, -5.987745521456020037E-16 ) ) ;
#2506 = DIRECTION ( 'NONE',  ( -0.0000000000000000000, -0.0000000000000000000, -1.000000000000000000 ) ) ;
#2507 = DIRECTION ( 'NONE',  ( -0.0000000000000000000, -1.000000000000000000, -1.314184451497582492E-16 ) ) ;
#2508 = DIRECTION ( 'NONE',  ( -1.000000000000000000, 0.0000000000000000000, -1.734723475976793487E-15 ) ) ;
#2509 = FACE_OUTER_BOUND ( 'NONE', #4418, .T. ) ;
#2510 = ORIENTED_EDGE ( 'NONE', *, *, #9275, .T. ) ;
#2511 = EDGE_CURVE ( 'NONE', #2389, #6742, #1581, .T. ) ;
#2512 = ORIENTED_EDGE ( 'NONE', *, *, #6089, .T. ) ;
#2513 = SURFACE_SIDE_STYLE ('',( #930 ) ) ;
#2514 = PLANE ( 'NONE',  #5401 ) ;
#2515 = ORIENTED_EDGE ( 'NONE', *, *, #5640, .T. ) ;
#2516 = EDGE_CURVE ( 'NONE', #9941, #7315, #10852, .T. ) ;
#2517 = CARTESIAN_POINT ( 'NONE',  ( 1.500000000000008216, 20.99999999999999645, 4.500000000000184741 ) ) ;
#2518 = ORIENTED_EDGE ( 'NONE', *, *, #4913, .T. ) ;
#2519 = ADVANCED_FACE ( 'NONE', ( #4940 ), #90, .F. ) ;
#2520 = DIRECTION ( 'NONE',  ( 0.0000000000000000000, -1.000000000000000000, 0.0000000000000000000 ) ) ;
#2521 = DIRECTION ( 'NONE',  ( -1.000000000000000000, -0.0000000000000000000, -0.0000000000000000000 ) ) ;
#2522 = FILL_AREA_STYLE_COLOUR ( '', #7873 ) ;
#2523 = ORIENTED_EDGE ( 'NONE', *, *, #1106, .T. ) ;
#2524 = DIRECTION ( 'NONE',  ( -1.000000000000000000, -0.0000000000000000000, -0.0000000000000000000 ) ) ;
#2525 = ADVANCED_FACE ( 'NONE', ( #3441 ), #6828, .F. ) ;
#2526 = LINE ( 'NONE', #5964, #5711 ) ;
#2527 = DIRECTION ( 'NONE',  ( 1.000000000000000000, 0.0000000000000000000, 0.0000000000000000000 ) ) ;
#2528 = CARTESIAN_POINT ( 'NONE',  ( 20.10530292161654842, 15.89999999999999680, 0.6053029216165488613 ) ) ;
#2529 = AXIS2_PLACEMENT_3D ( 'NONE', #5691, #4789, #8230 ) ;
#2530 = UNCERTAINTY_MEASURE_WITH_UNIT (LENGTH_MEASURE( 1.000000000000000082E-05 ), #10006, 'distance_accuracy_value', 'NONE');
#2531 = COLOUR_RGB ( '',0.8980392156862745390, 0.8980392156862745390, 0.8980392156862745390 ) ;
#2532 = ORIENTED_EDGE ( 'NONE', *, *, #573, .F. ) ;
#2533 = CARTESIAN_POINT ( 'NONE',  ( -19.50000000000000000, 12.89999999999999858, -3.411345746565306758 ) ) ;
#2534 = ORIENTED_EDGE ( 'NONE', *, *, #8208, .F. ) ;
#2535 = DIRECTION ( 'NONE',  ( 0.0000000000000000000, -0.0000000000000000000, -1.000000000000000000 ) ) ;
#2536 = ORIENTED_EDGE ( 'NONE', *, *, #1652, .T. ) ;
#2537 =( LENGTH_UNIT ( ) NAMED_UNIT ( * ) SI_UNIT ( .MILLI., .METRE. ) );
#2538 = EDGE_CURVE ( 'NONE', #4916, #4153, #9644, .T. ) ;
#2539 = UNCERTAINTY_MEASURE_WITH_UNIT (LENGTH_MEASURE( 1.000000000000000082E-05 ), #9236, 'distance_accuracy_value', 'NONE');
#2540 = DIRECTION ( 'NONE',  ( 1.000000000000000000, 0.0000000000000000000, -5.987745521456020037E-16 ) ) ;
#2541 = VECTOR ( 'NONE', #4155, 1000.000000000000000 ) ;
#2542 = ORIENTED_EDGE ( 'NONE', *, *, #4260, .F. ) ;
#2543 = STYLED_ITEM ( 'NONE', ( #9698 ), #2256 ) ;
#2544 = ORIENTED_EDGE ( 'NONE', *, *, #9966, .F. ) ;
#2545 = MECHANICAL_DESIGN_GEOMETRIC_PRESENTATION_REPRESENTATION (  '', ( #10342 ), #3423 ) ;
#2546 = CARTESIAN_POINT ( 'NONE',  ( 13.75000000000000178, 19.00000000000000000, -7.999999999999998224 ) ) ;
#2547 = CARTESIAN_POINT ( 'NONE',  ( -8.734934561338734582, 13.89999999999999680, -0.6053029216165488613 ) ) ;
#2548 = CARTESIAN_POINT ( 'NONE',  ( 4.265065438661265418, 15.89999999999999680, 0.6053029216165499715 ) ) ;
#2549 = DIRECTION ( 'NONE',  ( -1.000000000000000000, 0.0000000000000000000, -0.0000000000000000000 ) ) ;
#2550 = VECTOR ( 'NONE', #1806, 1000.000000000000000 ) ;
#2551 = ORIENTED_EDGE ( 'NONE', *, *, #5562, .T. ) ;
#2552 = LINE ( 'NONE', #7549, #9318 ) ;
#2553 = VECTOR ( 'NONE', #8303, 1000.000000000000000 ) ;
#2554 = COLOUR_RGB ( '',0.8980392156862745390, 0.8980392156862745390, 0.8980392156862745390 ) ;
#2555 = DIRECTION ( 'NONE',  ( 1.000000000000000000, 0.0000000000000000000, 0.0000000000000000000 ) ) ;
#2556 = LINE ( 'NONE', #868, #6522 ) ;
#2557 = CARTESIAN_POINT ( 'NONE',  ( 11.49999999999999822, 20.99999999999999645, -7.999999999999976019 ) ) ;
#2558 = EDGE_CURVE ( 'NONE', #1392, #8194, #2832, .T. ) ;
#2559 = ORIENTED_EDGE ( 'NONE', *, *, #9902, .F. ) ;
#2560 =( NAMED_UNIT ( * ) PLANE_ANGLE_UNIT ( ) SI_UNIT ( $, .RADIAN. ) );
#2561 = ORIENTED_EDGE ( 'NONE', *, *, #9880, .T. ) ;
#2562 = CARTESIAN_POINT ( 'NONE',  ( 20.50000000000000000, -3.750000000000000000, 0.5000000000000031086 ) ) ;
#2563 = SURFACE_STYLE_USAGE ( .BOTH. , #8501 ) ;
#2564 = VERTEX_POINT ( 'NONE', #6932 ) ;
#2565 = ADVANCED_FACE ( 'NONE', ( #7049 ), #1961, .T. ) ;
#2566 = VECTOR ( 'NONE', #6044, 1000.000000000000000 ) ;
#2567 = CARTESIAN_POINT ( 'NONE',  ( 27.50000000000000000, 20.00000000000000000, -7.999999999999976019 ) ) ;
#2568 = ORIENTED_EDGE ( 'NONE', *, *, #6132, .F. ) ;
#2569 = AXIS2_PLACEMENT_3D ( 'NONE', #3434, #966, #757 ) ;
#2570 = CIRCLE ( 'NONE', #9483, 1.993034753127727488 ) ;
#2571 = EDGE_CURVE ( 'NONE', #4898, #5590, #1908, .T. ) ;
#2572 = LINE ( 'NONE', #167, #5844 ) ;
#2573 = AXIS2_PLACEMENT_3D ( 'NONE', #1917, #785, #4024 ) ;
#2574 = CYLINDRICAL_SURFACE ( 'NONE', #5935, 0.5000000000000004441 ) ;
#2575 = SURFACE_SIDE_STYLE ('',( #10166 ) ) ;
#2576 = ORIENTED_EDGE ( 'NONE', *, *, #8370, .T. ) ;
#2578 = EDGE_CURVE ( 'NONE', #6034, #7139, #8711, .T. ) ;
#2577 = LINE ( 'NONE', #1814, #3576 ) ;
#2579 = EDGE_CURVE ( 'NONE', #3200, #10433, #1798, .T. ) ;
#2580 = CARTESIAN_POINT ( 'NONE',  ( 7.500000000000000000, -3.750000000000000000, -0.4999999999999968914 ) ) ;
#2581 = DIRECTION ( 'NONE',  ( 1.000000000000000000, 0.0000000000000000000, 0.0000000000000000000 ) ) ;
#2582 = VECTOR ( 'NONE', #1829, 1000.000000000000000 ) ;
#2584 = EDGE_LOOP ( 'NONE', ( #8842, #5383, #268, #5918, #6200, #4110 ) ) ;
#2583 = VECTOR ( 'NONE', #3543, 1000.000000000000000 ) ;
#2585 = PLANE ( 'NONE',  #6383 ) ;
#2586 = EDGE_CURVE ( 'NONE', #9343, #4631, #8545, .T. ) ;
#2587 = SURFACE_STYLE_USAGE ( .BOTH. , #897 ) ;
#2588 = PLANE ( 'NONE',  #6991 ) ;
#2589 = VERTEX_POINT ( 'NONE', #8660 ) ;
#2590 = DIRECTION ( 'NONE',  ( -1.000000000000000000, 0.0000000000000000000, 0.0000000000000000000 ) ) ;
#2591 = AXIS2_PLACEMENT_3D ( 'NONE', #5732, #2202, #10646 ) ;
#2592 = ORIENTED_EDGE ( 'NONE', *, *, #3794, .F. ) ;
#2593 = LINE ( 'NONE', #1665, #4308 ) ;
#2594 = CARTESIAN_POINT ( 'NONE',  ( -0.7500000000000006661, 0.0000000000000000000, 7.999999999999998224 ) ) ;
#2595 = FILL_AREA_STYLE_COLOUR ( '', #1910 ) ;
#2596 = ORIENTED_EDGE ( 'NONE', *, *, #2328, .T. ) ;
#2597 = ORIENTED_EDGE ( 'NONE', *, *, #7666, .T. ) ;
#2598 = CARTESIAN_POINT ( 'NONE',  ( 0.0000000000000000000, 19.00000000000000000, 0.0000000000000000000 ) ) ;
#2599 = STYLED_ITEM ( 'NONE', ( #4817 ), #5455 ) ;
#2600 = LINE ( 'NONE', #10132, #2207 ) ;
#2601 = LINE ( 'NONE', #4208, #7687 ) ;
#2602 = VERTEX_POINT ( 'NONE', #9430 ) ;
#2603 =( LENGTH_UNIT ( ) NAMED_UNIT ( * ) SI_UNIT ( .MILLI., .METRE. ) );
#2604 = DIRECTION ( 'NONE',  ( -7.709882115452476194E-16, 3.854941057726238097E-16, -1.000000000000000000 ) ) ;
#2605 = DIRECTION ( 'NONE',  ( 7.709882115452484083E-16, 0.0000000000000000000, -1.000000000000000000 ) ) ;
#2606 = DIRECTION ( 'NONE',  ( 1.000000000000000000, 0.0000000000000000000, 0.0000000000000000000 ) ) ;
#2607 = DIRECTION ( 'NONE',  ( 1.000000000000000000, -2.279746619776573860E-31, 1.734723475976817547E-15 ) ) ;
#2608 = CARTESIAN_POINT ( 'NONE',  ( 11.50000000000000000, 5.200000000000000178, 6.599999999999996092 ) ) ;
#2609 = LINE ( 'NONE', #1631, #8673 ) ;
#2610 = CARTESIAN_POINT ( 'NONE',  ( 11.49999999999999822, -18.24828759089465535, -8.999999999999907629 ) ) ;
#2611 = VERTEX_POINT ( 'NONE', #7930 ) ;
#2612 = PLANE ( 'NONE',  #11 ) ;
#2613 = ORIENTED_EDGE ( 'NONE', *, *, #8477, .T. ) ;
#2614 = DIRECTION ( 'NONE',  ( -1.000000000000000000, 0.0000000000000000000, 0.0000000000000000000 ) ) ;
#2615 = FILL_AREA_STYLE_COLOUR ( '', #2772 ) ;
#2616 = ORIENTED_EDGE ( 'NONE', *, *, #6415, .F. ) ;
#2617 = DIRECTION ( 'NONE',  ( 0.0000000000000000000, -0.7071067811865473507, -0.7071067811865477948 ) ) ;
#2618 =( NAMED_UNIT ( * ) SI_UNIT ( $, .STERADIAN. ) SOLID_ANGLE_UNIT ( ) );
#2619 = PRESENTATION_LAYER_ASSIGNMENT (  '', '', ( #2980 ) ) ;
#2620 = ORIENTED_EDGE ( 'NONE', *, *, #8617, .F. ) ;
#2621 = CARTESIAN_POINT ( 'NONE',  ( -5.500000000000000000, -0.0000000000000000000, -0.4999999999999968914 ) ) ;
#2622 = AXIS2_PLACEMENT_3D ( 'NONE', #10604, #4058, #7449 ) ;
#2623 = VECTOR ( 'NONE', #3494, 1000.000000000000000 ) ;
#2624 = EDGE_CURVE ( 'NONE', #7950, #1248, #1079, .T. ) ;
#2625 = DIRECTION ( 'NONE',  ( 1.000000000000000000, 1.013220719900693144E-31, -7.709882115452476194E-16 ) ) ;
#2626 =( GEOMETRIC_REPRESENTATION_CONTEXT ( 3 ) GLOBAL_UNCERTAINTY_ASSIGNED_CONTEXT ( ( #7406 ) ) GLOBAL_UNIT_ASSIGNED_CONTEXT ( ( #5703, #5599, #2123 ) ) REPRESENTATION_CONTEXT ( 'NONE', 'WORKASPACE' ) );
#2627 =( NAMED_UNIT ( * ) SI_UNIT ( $, .STERADIAN. ) SOLID_ANGLE_UNIT ( ) );
#2628 = CARTESIAN_POINT ( 'NONE',  ( 17.26506543866126719, 13.89999999999999680, -0.6053029216165488613 ) ) ;
#2629 = VERTEX_POINT ( 'NONE', #153 ) ;
#2630 = LINE ( 'NONE', #6025, #1130 ) ;
#2631 = FACE_OUTER_BOUND ( 'NONE', #9954, .T. ) ;
#2632 = STYLED_ITEM ( 'NONE', ( #7207 ), #8533 ) ;
#2633 = SURFACE_STYLE_USAGE ( .BOTH. , #4289 ) ;
#2634 = CIRCLE ( 'NONE', #7946, 1.000000000000000888 ) ;
#2635 = VECTOR ( 'NONE', #7909, 1000.000000000000000 ) ;
#2636 = ORIENTED_EDGE ( 'NONE', *, *, #8895, .F. ) ;
#2637 = LINE ( 'NONE', #6032, #7077 ) ;
#2638 = EDGE_CURVE ( 'NONE', #3807, #3024, #258, .T. ) ;
#2639 = EDGE_CURVE ( 'NONE', #5733, #9862, #4706, .T. ) ;
#2640 = FACE_BOUND ( 'NONE', #6963, .T. ) ;
#2641 = UNCERTAINTY_MEASURE_WITH_UNIT (LENGTH_MEASURE( 1.000000000000000082E-05 ), #5273, 'distance_accuracy_value', 'NONE');
#2642 = ORIENTED_EDGE ( 'NONE', *, *, #2161, .F. ) ;
#2643 = DIRECTION ( 'NONE',  ( 0.0000000000000000000, 1.000000000000000000, 0.0000000000000000000 ) ) ;
#2644 = VECTOR ( 'NONE', #538, 1000.000000000000000 ) ;
#2645 = VERTEX_POINT ( 'NONE', #2290 ) ;
#2646 = PLANE ( 'NONE',  #1494 ) ;
#2647 = CARTESIAN_POINT ( 'NONE',  ( 19.50000000000000000, -2.750000000000000000, 0.5000000000000031086 ) ) ;
#2648 = DIRECTION ( 'NONE',  ( 0.0000000000000000000, 2.190088388420722428E-14, 1.000000000000000000 ) ) ;
#2649 = EDGE_CURVE ( 'NONE', #3003, #3536, #4654, .T. ) ;
#2650 = UNCERTAINTY_MEASURE_WITH_UNIT (LENGTH_MEASURE( 1.000000000000000082E-05 ), #10493, 'distance_accuracy_value', 'NONE');
#2651 = DIRECTION ( 'NONE',  ( -1.000000000000000000, 0.0000000000000000000, -1.734723475976793487E-15 ) ) ;
#2652 = VERTEX_POINT ( 'NONE', #424 ) ;
#2653 = ORIENTED_EDGE ( 'NONE', *, *, #3232, .T. ) ;
#2654 = DIRECTION ( 'NONE',  ( 0.0000000000000000000, -2.168404344971012319E-16, 1.000000000000000000 ) ) ;
#2655 = EDGE_CURVE ( 'NONE', #6154, #2602, #5607, .T. ) ;
#2656 = AXIS2_PLACEMENT_3D ( 'NONE', #7269, #10722, #6441 ) ;
#2657 =( LENGTH_UNIT ( ) NAMED_UNIT ( * ) SI_UNIT ( .MILLI., .METRE. ) );
#2658 = CARTESIAN_POINT ( 'NONE',  ( 1.500000000000008216, -18.24828759089465535, 4.500000000000179412 ) ) ;
#2659 = LINE ( 'NONE', #6047, #5549 ) ;
#2660 = ORIENTED_EDGE ( 'NONE', *, *, #8629, .F. ) ;
#2661 = LINE ( 'NONE', #1834, #315 ) ;
#2662 = FILL_AREA_STYLE ('',( #4317 ) ) ;
#2663 =( NAMED_UNIT ( * ) SI_UNIT ( $, .STERADIAN. ) SOLID_ANGLE_UNIT ( ) );
#2664 = PLANE ( 'NONE',  #6408 ) ;
#2665 = EDGE_CURVE ( 'NONE', #7628, #6504, #2999, .T. ) ;
#2666 = CARTESIAN_POINT ( 'NONE',  ( -0.7500000000000006661, 0.0000000000000000000, 9.000000000000000000 ) ) ;
#2667 = DIRECTION ( 'NONE',  ( -1.000000000000000000, 0.0000000000000000000, 0.0000000000000000000 ) ) ;
#2668 =( NAMED_UNIT ( * ) SI_UNIT ( $, .STERADIAN. ) SOLID_ANGLE_UNIT ( ) );
#2669 = EDGE_LOOP ( 'NONE', ( #842, #10047, #6637, #2871 ) ) ;
#2670 = CARTESIAN_POINT ( 'NONE',  ( 48.33386665984021136, 21.09999999999999787, -7.999999999999976019 ) ) ;
#2671 = SURFACE_STYLE_FILL_AREA ( #1742 ) ;
#2672 = ORIENTED_EDGE ( 'NONE', *, *, #1378, .F. ) ;
#2673 = DIRECTION ( 'NONE',  ( 0.0000000000000000000, 1.000000000000000000, -5.782411586589338903E-16 ) ) ;
#2674 = SURFACE_SIDE_STYLE ('',( #766 ) ) ;
#2675 = CARTESIAN_POINT ( 'NONE',  ( -25.00000000000000000, 9.399999999999998579, 4.500000000000365930 ) ) ;
#2676 = DIRECTION ( 'NONE',  ( -0.0000000000000000000, 0.0000000000000000000, -1.000000000000000000 ) ) ;
#2677 = VERTEX_POINT ( 'NONE', #9820 ) ;
#2678 = AXIS2_PLACEMENT_3D ( 'NONE', #10519, #1331, #6329 ) ;
#2679 = CARTESIAN_POINT ( 'NONE',  ( 6.499999999999999112, -2.750000000000000000, 0.0000000000000000000 ) ) ;
#2680 = VERTEX_POINT ( 'NONE', #8039 ) ;
#2681 = CARTESIAN_POINT ( 'NONE',  ( 24.50000000000000355, 8.899999999999998579, 6.599999999999996092 ) ) ;
#2682 = FACE_OUTER_BOUND ( 'NONE', #8697, .T. ) ;
#2683 = FACE_OUTER_BOUND ( 'NONE', #3253, .T. ) ;
#2684 = SURFACE_STYLE_FILL_AREA ( #6897 ) ;
#2685 =( LENGTH_UNIT ( ) NAMED_UNIT ( * ) SI_UNIT ( .MILLI., .METRE. ) );
#2686 = VERTEX_POINT ( 'NONE', #7220 ) ;
#2687 = LINE ( 'NONE', #9452, #7497 ) ;
#2688 = ADVANCED_FACE ( 'NONE', ( #10589 ), #8196, .F. ) ;
#2689 = VERTEX_POINT ( 'NONE', #6400 ) ;
#2690 = PLANE ( 'NONE',  #6723 ) ;
#2691 = SURFACE_STYLE_FILL_AREA ( #3525 ) ;
#2692 = ORIENTED_EDGE ( 'NONE', *, *, #4109, .T. ) ;
#2693 =( GEOMETRIC_REPRESENTATION_CONTEXT ( 3 ) GLOBAL_UNCERTAINTY_ASSIGNED_CONTEXT ( ( #2539 ) ) GLOBAL_UNIT_ASSIGNED_CONTEXT ( ( #9236, #1756, #116 ) ) REPRESENTATION_CONTEXT ( 'NONE', 'WORKASPACE' ) );
#2694 = LINE ( 'NONE', #6090, #9778 ) ;
#2695 = MECHANICAL_DESIGN_GEOMETRIC_PRESENTATION_REPRESENTATION (  '', ( #1303 ), #6944 ) ;
#2696 = VERTEX_POINT ( 'NONE', #10474 ) ;
#2697 = PLANE ( 'NONE',  #1673 ) ;
#2698 = DIRECTION ( 'NONE',  ( 0.0000000000000000000, 0.0000000000000000000, 1.000000000000000000 ) ) ;
#2699 = ADVANCED_FACE ( 'NONE', ( #7985 ), #8993, .T. ) ;
#2700 = CARTESIAN_POINT ( 'NONE',  ( -11.50000000000000000, -18.24828759089465535, 4.500000000000269118 ) ) ;
#2701 = VERTEX_POINT ( 'NONE', #4042 ) ;
#2702 = ORIENTED_EDGE ( 'NONE', *, *, #928, .F. ) ;
#2703 = AXIS2_PLACEMENT_3D ( 'NONE', #10559, #5458, #3685 ) ;
#2704 = VECTOR ( 'NONE', #666, 1000.000000000000000 ) ;
#2705 = CARTESIAN_POINT ( 'NONE',  ( -6.500000000000000000, 14.89999999999999680, 4.411345746565308090 ) ) ;
#2706 = ADVANCED_FACE ( 'NONE', ( #751 ), #6754, .F. ) ;
#2707 = LINE ( 'NONE', #1676, #9102 ) ;
#2708 = VERTEX_POINT ( 'NONE', #1623 ) ;
#2709 = LINE ( 'NONE', #9477, #5230 ) ;
#2710 = AXIS2_PLACEMENT_3D ( 'NONE', #2079, #7881, #323 ) ;
#2711 = CARTESIAN_POINT ( 'NONE',  ( 0.0000000000000000000, 21.00000000000000000, -7.999999999999976019 ) ) ;
#2712 = DIRECTION ( 'NONE',  ( 0.0000000000000000000, 0.0000000000000000000, 1.000000000000000000 ) ) ;
#2713 = PRESENTATION_LAYER_ASSIGNMENT (  '', '', ( #10502 ) ) ;
#2714 = EDGE_CURVE ( 'NONE', #8220, #2258, #863, .T. ) ;
#2715 = VECTOR ( 'NONE', #3939, 1000.000000000000000 ) ;
#2716 = EDGE_CURVE ( 'NONE', #9762, #10685, #7381, .T. ) ;
#2717 = DIRECTION ( 'NONE',  ( 1.000000000000000000, 0.0000000000000000000, 0.0000000000000000000 ) ) ;
#2718 = DIRECTION ( 'NONE',  ( 1.000000000000000000, 0.0000000000000000000, -0.0000000000000000000 ) ) ;
#2719 = EDGE_LOOP ( 'NONE', ( #5618, #3411, #3927, #536 ) ) ;
#2720 = COLOUR_RGB ( '',0.8980392156862745390, 0.8980392156862745390, 0.8980392156862745390 ) ;
#2721 = LINE ( 'NONE', #1962, #8291 ) ;
#2722 = STYLED_ITEM ( 'NONE', ( #8838 ), #7071 ) ;
#2723 = AXIS2_PLACEMENT_3D ( 'NONE', #2735, #4965, #4390 ) ;
#2724 = EDGE_CURVE ( 'NONE', #7275, #7315, #5712, .T. ) ;
#2725 = AXIS2_PLACEMENT_3D ( 'NONE', #2106, #7849, #5522 ) ;
#2726 = ORIENTED_EDGE ( 'NONE', *, *, #3259, .F. ) ;
#2727 = LINE ( 'NONE', #10479, #1669 ) ;
#2728 = SURFACE_SIDE_STYLE ('',( #10325 ) ) ;
#2729 = CARTESIAN_POINT ( 'NONE',  ( 17.26506543866126719, 13.89999999999999680, 0.6053029216165499715 ) ) ;
#2730 = EDGE_LOOP ( 'NONE', ( #1464, #10640 ) ) ;
#2731 = AXIS2_PLACEMENT_3D ( 'NONE', #5933, #10838, #9096 ) ;
#2732 = ORIENTED_EDGE ( 'NONE', *, *, #8892, .F. ) ;
#2733 = CARTESIAN_POINT ( 'NONE',  ( 14.50000000000000355, 20.99999999999999645, 9.000000000000092371 ) ) ;
#2734 = CARTESIAN_POINT ( 'NONE',  ( -27.50000000000000000, 19.00000000000000000, -8.999999999999975131 ) ) ;
#2735 = CARTESIAN_POINT ( 'NONE',  ( -19.50000000000000000, 15.89999999999999680, 8.673617379884035472E-16 ) ) ;
#2736 =( GEOMETRIC_REPRESENTATION_CONTEXT ( 3 ) GLOBAL_UNCERTAINTY_ASSIGNED_CONTEXT ( ( #4192 ) ) GLOBAL_UNIT_ASSIGNED_CONTEXT ( ( #7785, #5116, #2627 ) ) REPRESENTATION_CONTEXT ( 'NONE', 'WORKASPACE' ) );
#2737 = CIRCLE ( 'NONE', #5395, 1.000000000000000000 ) ;
#2738 =( LENGTH_UNIT ( ) NAMED_UNIT ( * ) SI_UNIT ( .MILLI., .METRE. ) );
#2739 = VERTEX_POINT ( 'NONE', #3369 ) ;
#2740 = FILL_AREA_STYLE ('',( #7834 ) ) ;
#2741 = FILL_AREA_STYLE_COLOUR ( '', #2554 ) ;
#2742 = UNCERTAINTY_MEASURE_WITH_UNIT (LENGTH_MEASURE( 1.000000000000000082E-05 ), #165, 'distance_accuracy_value', 'NONE');
#2743 = MECHANICAL_DESIGN_GEOMETRIC_PRESENTATION_REPRESENTATION (  '', ( #6824 ), #278 ) ;
#2744 = CIRCLE ( 'NONE', #5936, 1.000000000000000000 ) ;
#2745 = VERTEX_POINT ( 'NONE', #2547 ) ;
#2746 = EDGE_CURVE ( 'NONE', #9868, #2589, #2406, .T. ) ;
#2747 = LINE ( 'NONE', #7794, #5464 ) ;
#2748 = ORIENTED_EDGE ( 'NONE', *, *, #5507, .F. ) ;
#2749 = VECTOR ( 'NONE', #6533, 1000.000000000000000 ) ;
#2750 = VERTEX_POINT ( 'NONE', #8481 ) ;
#2751 = LINE ( 'NONE', #5023, #2378 ) ;
#2752 = DIRECTION ( 'NONE',  ( 1.000000000000000000, -0.0000000000000000000, -0.0000000000000000000 ) ) ;
#2753 = DIRECTION ( 'NONE',  ( 0.0000000000000000000, 1.000000000000000000, 0.0000000000000000000 ) ) ;
#2754 =( GEOMETRIC_REPRESENTATION_CONTEXT ( 3 ) GLOBAL_UNCERTAINTY_ASSIGNED_CONTEXT ( ( #10699 ) ) GLOBAL_UNIT_ASSIGNED_CONTEXT ( ( #2398, #35, #10789 ) ) REPRESENTATION_CONTEXT ( 'NONE', 'WORKASPACE' ) );
#2755 = EDGE_LOOP ( 'NONE', ( #10812, #4843 ) ) ;
#2756 = VERTEX_POINT ( 'NONE', #10784 ) ;
#2757 = AXIS2_PLACEMENT_3D ( 'NONE', #5907, #1697, #727 ) ;
#2758 =( NAMED_UNIT ( * ) PLANE_ANGLE_UNIT ( ) SI_UNIT ( $, .RADIAN. ) );
#2759 = DIRECTION ( 'NONE',  ( 1.000000000000000000, 0.0000000000000000000, -3.469446951953635094E-15 ) ) ;
#2760 = EDGE_CURVE ( 'NONE', #2884, #6126, #10726, .T. ) ;
#2761 = DIRECTION ( 'NONE',  ( -1.000000000000000000, -0.0000000000000000000, -0.0000000000000000000 ) ) ;
#2762 = COLOUR_RGB ( '',1.000000000000000000, 1.000000000000000000, 1.000000000000000000 ) ;
#2763 = VERTEX_POINT ( 'NONE', #6550 ) ;
#2764 = ORIENTED_EDGE ( 'NONE', *, *, #232, .T. ) ;
#2765 = DIRECTION ( 'NONE',  ( 0.0000000000000000000, 1.000000000000000000, 1.314184451497582245E-16 ) ) ;
#2766 = DIRECTION ( 'NONE',  ( -0.0000000000000000000, 1.000000000000000000, -0.0000000000000000000 ) ) ;
#2767 = CARTESIAN_POINT ( 'NONE',  ( 17.26506543866126719, 13.89999999999999680, 0.6053029216165499715 ) ) ;
#2768 = LINE ( 'NONE', #6165, #6568 ) ;
#2769 = AXIS2_PLACEMENT_3D ( 'NONE', #5224, #1921, #5389 ) ;
#2770 = FILL_AREA_STYLE ('',( #9480 ) ) ;
#2771 = EDGE_CURVE ( 'NONE', #8425, #7373, #3210, .T. ) ;
#2772 = COLOUR_RGB ( '',0.8980392156862745390, 0.8980392156862745390, 0.8980392156862745390 ) ;
#2773 = VERTEX_POINT ( 'NONE', #6593 ) ;
#2774 = CARTESIAN_POINT ( 'NONE',  ( 7.105302921616547529, 13.89999999999999680, -0.6053029216165491944 ) ) ;
#2775 = EDGE_CURVE ( 'NONE', #10433, #2365, #2737, .T. ) ;
#2776 = AXIS2_PLACEMENT_3D ( 'NONE', #5302, #4461, #297 ) ;
#2777 = EDGE_CURVE ( 'NONE', #10753, #4027, #4094, .T. ) ;
#2778 = CARTESIAN_POINT ( 'NONE',  ( -24.49999999999999645, 20.00000000000000000, -7.999999999999976019 ) ) ;
#2779 = ORIENTED_EDGE ( 'NONE', *, *, #9341, .F. ) ;
#2780 = CYLINDRICAL_SURFACE ( 'NONE', #10224, 0.5000000000000004441 ) ;
#2781 = DIRECTION ( 'NONE',  ( 0.0000000000000000000, -0.7071067811865470176, 0.7071067811865479058 ) ) ;
#2782 = PLANE ( 'NONE',  #9861 ) ;
#2783 = PRESENTATION_STYLE_ASSIGNMENT (( #2954 ) ) ;
#2784 = ORIENTED_EDGE ( 'NONE', *, *, #8590, .F. ) ;
#2785 = PRESENTATION_LAYER_ASSIGNMENT (  '', '', ( #6511 ) ) ;
#2786 = FACE_OUTER_BOUND ( 'NONE', #10396, .T. ) ;
#2787 = VECTOR ( 'NONE', #8957, 1000.000000000000000 ) ;
#2788 = EDGE_CURVE ( 'NONE', #2149, #6514, #10029, .T. ) ;
#2789 = ORIENTED_EDGE ( 'NONE', *, *, #469, .T. ) ;
#2790 = FILL_AREA_STYLE_COLOUR ( '', #3469 ) ;
#2791 = CARTESIAN_POINT ( 'NONE',  ( -18.89469707838345158, 13.89999999999999680, -0.6053029216165491944 ) ) ;
#2792 = CARTESIAN_POINT ( 'NONE',  ( 25.24999999999999645, 0.0000000000000000000, 7.999999999999998224 ) ) ;
#2793 = VECTOR ( 'NONE', #9434, 1000.000000000000000 ) ;
#2794 =( LENGTH_UNIT ( ) NAMED_UNIT ( * ) SI_UNIT ( .MILLI., .METRE. ) );
#2795 = PRESENTATION_STYLE_ASSIGNMENT (( #6313 ) ) ;
#2796 = ORIENTED_EDGE ( 'NONE', *, *, #1652, .F. ) ;
#2797 = CYLINDRICAL_SURFACE ( 'NONE', #8014, 4.411345746565307202 ) ;
#2798 = SURFACE_STYLE_USAGE ( .BOTH. , #7898 ) ;
#2799 = SURFACE_STYLE_USAGE ( .BOTH. , #3740 ) ;
#2800 = EDGE_CURVE ( 'NONE', #10777, #9197, #6867, .T. ) ;
#2801 = VERTEX_POINT ( 'NONE', #6975 ) ;
#2802 = DIRECTION ( 'NONE',  ( -1.000000000000000000, 0.0000000000000000000, 0.0000000000000000000 ) ) ;
#2803 = AXIS2_PLACEMENT_3D ( 'NONE', #687, #7535, #6646 ) ;
#2804 =( GEOMETRIC_REPRESENTATION_CONTEXT ( 3 ) GLOBAL_UNCERTAINTY_ASSIGNED_CONTEXT ( ( #6087 ) ) GLOBAL_UNIT_ASSIGNED_CONTEXT ( ( #1183, #4597, #1075 ) ) REPRESENTATION_CONTEXT ( 'NONE', 'WORKASPACE' ) );
#2805 = VERTEX_POINT ( 'NONE', #5196 ) ;
#2806 = PLANE ( 'NONE',  #7302 ) ;
#2807 = ORIENTED_EDGE ( 'NONE', *, *, #9398, .F. ) ;
#2808 = CARTESIAN_POINT ( 'NONE',  ( -26.75000000000000000, 19.00000000000000000, -7.999999999999998224 ) ) ;
#2809 = PLANE ( 'NONE',  #7599 ) ;
#2810 = PLANE ( 'NONE',  #8450 ) ;
#2811 = VECTOR ( 'NONE', #7360, 1000.000000000000000 ) ;
#2812 = CARTESIAN_POINT ( 'NONE',  ( 21.73493456133873281, 15.89999999999999680, -0.6053029216165494164 ) ) ;
#2813 = VERTEX_POINT ( 'NONE', #1998 ) ;
#2814 = EDGE_CURVE ( 'NONE', #6275, #5051, #6811, .T. ) ;
#2815 = ORIENTED_EDGE ( 'NONE', *, *, #974, .T. ) ;
#2816 = MECHANICAL_DESIGN_GEOMETRIC_PRESENTATION_REPRESENTATION (  '', ( #4761 ), #5114 ) ;
#2817 =( GEOMETRIC_REPRESENTATION_CONTEXT ( 3 ) GLOBAL_UNCERTAINTY_ASSIGNED_CONTEXT ( ( #3970 ) ) GLOBAL_UNIT_ASSIGNED_CONTEXT ( ( #8305, #7262, #10826 ) ) REPRESENTATION_CONTEXT ( 'NONE', 'WORKASPACE' ) );
#2818 = CARTESIAN_POINT ( 'NONE',  ( -27.50000000000000000, 20.00000000000000000, -8.999999999999975131 ) ) ;
#2819 = DIRECTION ( 'NONE',  ( 1.000000000000000000, 0.0000000000000000000, 3.326525289697788964E-16 ) ) ;
#2820 = PRESENTATION_LAYER_ASSIGNMENT (  '', '', ( #1417 ) ) ;
#2821 = ORIENTED_EDGE ( 'NONE', *, *, #3463, .F. ) ;
#2822 = ORIENTED_EDGE ( 'NONE', *, *, #7195, .T. ) ;
#2823 = DIRECTION ( 'NONE',  ( -1.000000000000000000, -0.0000000000000000000, -0.0000000000000000000 ) ) ;
#2824 = DIRECTION ( 'NONE',  ( 0.0000000000000000000, 1.000000000000000000, 0.0000000000000000000 ) ) ;
#2825 = DIRECTION ( 'NONE',  ( 0.0000000000000000000, 1.000000000000000000, 0.0000000000000000000 ) ) ;
#2826 = ORIENTED_EDGE ( 'NONE', *, *, #4882, .F. ) ;
#2827 = CARTESIAN_POINT ( 'NONE',  ( -27.50000000000000000, 19.99999999999999289, 9.000000000000000000 ) ) ;
#2828 = FILL_AREA_STYLE_COLOUR ( '', #6557 ) ;
#2829 = EDGE_CURVE ( 'NONE', #2397, #10854, #912, .T. ) ;
#2830 = AXIS2_PLACEMENT_3D ( 'NONE', #1642, #6013, #4171 ) ;
#2831 = ORIENTED_EDGE ( 'NONE', *, *, #2914, .F. ) ;
#2832 = LINE ( 'NONE', #4325, #5386 ) ;
#2833 = CARTESIAN_POINT ( 'NONE',  ( -24.49999999999999289, -18.24828759089465535, 9.000000000000360600 ) ) ;
#2834 = LINE ( 'NONE', #1188, #4119 ) ;
#2835 = ORIENTED_EDGE ( 'NONE', *, *, #8949, .T. ) ;
#2836 = CARTESIAN_POINT ( 'NONE',  ( 14.50000000000000000, 20.99999999999999645, -7.999999999999976019 ) ) ;
#2837 = DIRECTION ( 'NONE',  ( 1.000000000000000000, 0.0000000000000000000, 0.0000000000000000000 ) ) ;
#2838 =( NAMED_UNIT ( * ) SI_UNIT ( $, .STERADIAN. ) SOLID_ANGLE_UNIT ( ) );
#2839 = ORIENTED_EDGE ( 'NONE', *, *, #10860, .F. ) ;
#2840 = CARTESIAN_POINT ( 'NONE',  ( -27.50000000000000000, 19.99999999999999289, 8.000000000000000000 ) ) ;
#2841 = ADVANCED_FACE ( 'NONE', ( #3588 ), #6102, .T. ) ;
#2842 = ORIENTED_EDGE ( 'NONE', *, *, #232, .F. ) ;
#2843 = DIRECTION ( 'NONE',  ( 1.000000000000000000, 0.0000000000000000000, 0.0000000000000000000 ) ) ;
#2844 = VECTOR ( 'NONE', #7214, 1000.000000000000000 ) ;
#2845 = FACE_OUTER_BOUND ( 'NONE', #2755, .T. ) ;
#2846 = FILL_AREA_STYLE_COLOUR ( '', #9987 ) ;
#2847 = ADVANCED_FACE ( 'NONE', ( #5354 ), #244, .F. ) ;
#2848 = DIRECTION ( 'NONE',  ( 0.0000000000000000000, 0.0000000000000000000, 1.000000000000000000 ) ) ;
#2849 = ORIENTED_EDGE ( 'NONE', *, *, #6846, .F. ) ;
#2850 = DIRECTION ( 'NONE',  ( -0.0000000000000000000, 1.000000000000000000, 3.854941057726238097E-16 ) ) ;
#2851 = ADVANCED_FACE ( 'NONE', ( #7860 ), #10411, .F. ) ;
#2852 = UNCERTAINTY_MEASURE_WITH_UNIT (LENGTH_MEASURE( 1.000000000000000082E-05 ), #3263, 'distance_accuracy_value', 'NONE');
#2853 = ORIENTED_EDGE ( 'NONE', *, *, #6590, .F. ) ;
#2854 = DIRECTION ( 'NONE',  ( -0.0000000000000000000, -0.0000000000000000000, 1.000000000000000000 ) ) ;
#2855 = PLANE ( 'NONE',  #9371 ) ;
#2856 = EDGE_CURVE ( 'NONE', #4244, #6066, #7034, .T. ) ;
#2857 = EDGE_LOOP ( 'NONE', ( #3301, #624, #8791, #10670 ) ) ;
#2858 = DIRECTION ( 'NONE',  ( 0.0000000000000000000, 0.0000000000000000000, -1.000000000000000000 ) ) ;
#2859 = ORIENTED_EDGE ( 'NONE', *, *, #9073, .F. ) ;
#2860 = CARTESIAN_POINT ( 'NONE',  ( -17.26506543866126719, 13.89999999999999680, -0.6053029216165494164 ) ) ;
#2861 = LINE ( 'NONE', #1222, #1940 ) ;
#2862 = CARTESIAN_POINT ( 'NONE',  ( 6.499999999999999112, 12.89999999999999858, -4.411345746565306314 ) ) ;
#2863 = DIRECTION ( 'NONE',  ( 2.171187256930057644E-31, -1.000000000000000000, -4.130293990420970869E-16 ) ) ;
#2864 = ORIENTED_EDGE ( 'NONE', *, *, #4468, .T. ) ;
#2865 = ORIENTED_EDGE ( 'NONE', *, *, #10553, .F. ) ;
#2866 = DIRECTION ( 'NONE',  ( 0.0000000000000000000, -0.0000000000000000000, -1.000000000000000000 ) ) ;
#2867 =( GEOMETRIC_REPRESENTATION_CONTEXT ( 3 ) GLOBAL_UNCERTAINTY_ASSIGNED_CONTEXT ( ( #8989 ) ) GLOBAL_UNIT_ASSIGNED_CONTEXT ( ( #837, #4182, #4287 ) ) REPRESENTATION_CONTEXT ( 'NONE', 'WORKASPACE' ) );
#2868 = LINE ( 'NONE', #412, #6451 ) ;
#2869 = COLOUR_RGB ( '',0.8980392156862745390, 0.8980392156862745390, 0.8980392156862745390 ) ;
#2870 = VERTEX_POINT ( 'NONE', #2170 ) ;
#2871 = ORIENTED_EDGE ( 'NONE', *, *, #3043, .T. ) ;
#2872 = FACE_OUTER_BOUND ( 'NONE', #5174, .T. ) ;
#2873 = PRESENTATION_STYLE_ASSIGNMENT (( #8818 ) ) ;
#2874 = ORIENTED_EDGE ( 'NONE', *, *, #448, .F. ) ;
#2875 = CARTESIAN_POINT ( 'NONE',  ( -6.500000000000000888, 11.89999999999999858, 8.673617379884035472E-16 ) ) ;
#2876 =( GEOMETRIC_REPRESENTATION_CONTEXT ( 3 ) GLOBAL_UNCERTAINTY_ASSIGNED_CONTEXT ( ( #5873 ) ) GLOBAL_UNIT_ASSIGNED_CONTEXT ( ( #9734, #4625, #8005 ) ) REPRESENTATION_CONTEXT ( 'NONE', 'WORKASPACE' ) );
#2877 = CIRCLE ( 'NONE', #9077, 1.000000000000000888 ) ;
#2878 = VERTEX_POINT ( 'NONE', #5591 ) ;
#2879 = STYLED_ITEM ( 'NONE', ( #10090 ), #587 ) ;
#2880 = DIRECTION ( 'NONE',  ( 0.0000000000000000000, -1.000000000000000000, -4.130293990420970869E-16 ) ) ;
#2881 = PLANE ( 'NONE',  #1411 ) ;
#2882 = CARTESIAN_POINT ( 'NONE',  ( 8.734934561338732806, 15.89999999999999680, 0.6053029216165494164 ) ) ;
#2883 = EDGE_CURVE ( 'NONE', #2801, #9547, #2922, .T. ) ;
#2884 = VERTEX_POINT ( 'NONE', #4584 ) ;
#2885 = DIRECTION ( 'NONE',  ( 0.0000000000000000000, 0.0000000000000000000, 1.000000000000000000 ) ) ;
#2886 =( GEOMETRIC_REPRESENTATION_CONTEXT ( 3 ) GLOBAL_UNCERTAINTY_ASSIGNED_CONTEXT ( ( #1984 ) ) GLOBAL_UNIT_ASSIGNED_CONTEXT ( ( #8006, #8794, #8685 ) ) REPRESENTATION_CONTEXT ( 'NONE', 'WORKASPACE' ) );
#2887 = VECTOR ( 'NONE', #5144, 1000.000000000000000 ) ;
#2888 = FACE_OUTER_BOUND ( 'NONE', #4054, .T. ) ;
#2889 =( NAMED_UNIT ( * ) SI_UNIT ( $, .STERADIAN. ) SOLID_ANGLE_UNIT ( ) );
#2890 = CARTESIAN_POINT ( 'NONE',  ( -18.50000000000000000, -2.750000000000000000, -0.4999999999999968914 ) ) ;
#2891 = ORIENTED_EDGE ( 'NONE', *, *, #2360, .T. ) ;
#2892 = LINE ( 'NONE', #6302, #9099 ) ;
#2893 = DIRECTION ( 'NONE',  ( 0.0000000000000000000, 0.0000000000000000000, 1.000000000000000000 ) ) ;
#2894 = LINE ( 'NONE', #7993, #4742 ) ;
#2895 = ORIENTED_EDGE ( 'NONE', *, *, #2152, .F. ) ;
#2896 = MECHANICAL_DESIGN_GEOMETRIC_PRESENTATION_REPRESENTATION (  '', ( #7153 ), #8199 ) ;
#2897 = CIRCLE ( 'NONE', #631, 2.099999999999827782 ) ;
#2898 = VECTOR ( 'NONE', #9036, 1000.000000000000000 ) ;
#2899 = FILL_AREA_STYLE_COLOUR ( '', #5417 ) ;
#2900 = LINE ( 'NONE', #2733, #1610 ) ;
#2901 = EDGE_CURVE ( 'NONE', #10024, #4439, #4749, .T. ) ;
#2902 = CARTESIAN_POINT ( 'NONE',  ( -11.49999999999999645, 20.99999999999999645, 8.000000000000000000 ) ) ;
#2903 = FACE_OUTER_BOUND ( 'NONE', #7817, .T. ) ;
#2904 = COLOUR_RGB ( '',0.8980392156862745390, 0.8980392156862745390, 0.8980392156862745390 ) ;
#2905 = LINE ( 'NONE', #7832, #4350 ) ;
#2906 = EDGE_LOOP ( 'NONE', ( #6806, #6217, #5207, #7963, #5465, #2410, #6450, #9543 ) ) ;
#2907 = VECTOR ( 'NONE', #6067, 1000.000000000000000 ) ;
#2908 = DIRECTION ( 'NONE',  ( 0.0000000000000000000, -1.000000000000000000, -1.314184451497582492E-16 ) ) ;
#2909 = AXIS2_PLACEMENT_3D ( 'NONE', #10714, #4082, #8922 ) ;
#2910 = EDGE_CURVE ( 'NONE', #1129, #6375, #5528, .T. ) ;
#2911 = CARTESIAN_POINT ( 'NONE',  ( -27.50000000000000000, 19.99999999999999289, 9.000000000000000000 ) ) ;
#2912 =( LENGTH_UNIT ( ) NAMED_UNIT ( * ) SI_UNIT ( .MILLI., .METRE. ) );
#2913 = VECTOR ( 'NONE', #1630, 1000.000000000000000 ) ;
#2914 = EDGE_CURVE ( 'NONE', #8980, #885, #4865, .T. ) ;
#2915 = ADVANCED_FACE ( 'NONE', ( #10463 ), #5477, .F. ) ;
#2916 = ORIENTED_EDGE ( 'NONE', *, *, #9880, .F. ) ;
#2917 = PLANE ( 'NONE',  #3417 ) ;
#2918 = VERTEX_POINT ( 'NONE', #4529 ) ;
#2919 = CARTESIAN_POINT ( 'NONE',  ( -25.25000000000000000, 19.00000000000000000, 9.000000000000000000 ) ) ;
#2920 = LINE ( 'NONE', #6328, #2811 ) ;
#2921 = FILL_AREA_STYLE ('',( #4689 ) ) ;
#2922 = CIRCLE ( 'NONE', #3449, 3.411345746565307646 ) ;
#2923 = SURFACE_SIDE_STYLE ('',( #8130 ) ) ;
#2924 = ORIENTED_EDGE ( 'NONE', *, *, #5986, .T. ) ;
#2925 = EDGE_CURVE ( 'NONE', #2467, #3824, #3980, .T. ) ;
#2926 = ORIENTED_EDGE ( 'NONE', *, *, #3796, .F. ) ;
#2927 = FACE_OUTER_BOUND ( 'NONE', #5970, .T. ) ;
#2928 = CARTESIAN_POINT ( 'NONE',  ( 0.0000000000000000000, 19.00000000000000000, 0.0000000000000000000 ) ) ;
#2929 =( GEOMETRIC_REPRESENTATION_CONTEXT ( 3 ) GLOBAL_UNCERTAINTY_ASSIGNED_CONTEXT ( ( #3312 ) ) GLOBAL_UNIT_ASSIGNED_CONTEXT ( ( #3896, #9828, #6406 ) ) REPRESENTATION_CONTEXT ( 'NONE', 'WORKASPACE' ) );
#2930 = VECTOR ( 'NONE', #4653, 1000.000000000000000 ) ;
#2931 = DIRECTION ( 'NONE',  ( -0.0000000000000000000, 1.000000000000000000, -0.0000000000000000000 ) ) ;
#2932 = ORIENTED_EDGE ( 'NONE', *, *, #8447, .F. ) ;
#2933 = ORIENTED_EDGE ( 'NONE', *, *, #9289, .F. ) ;
#2934 = FILL_AREA_STYLE ('',( #3036 ) ) ;
#2935 = MECHANICAL_DESIGN_GEOMETRIC_PRESENTATION_REPRESENTATION (  '', ( #6485 ), #5774 ) ;
#2936 = CARTESIAN_POINT ( 'NONE',  ( -20.10530292161654842, 15.89999999999999680, -0.6053029216165489723 ) ) ;
#2937 =( NAMED_UNIT ( * ) PLANE_ANGLE_UNIT ( ) SI_UNIT ( $, .RADIAN. ) );
#2938 = DIRECTION ( 'NONE',  ( 0.0000000000000000000, 1.000000000000000000, 1.314184451497582245E-16 ) ) ;
#2939 = ORIENTED_EDGE ( 'NONE', *, *, #3452, .T. ) ;
#2940 = FACE_OUTER_BOUND ( 'NONE', #2304, .T. ) ;
#2941 =( NAMED_UNIT ( * ) PLANE_ANGLE_UNIT ( ) SI_UNIT ( $, .RADIAN. ) );
#2942 = PRESENTATION_STYLE_ASSIGNMENT (( #6226 ) ) ;
#2943 = PRESENTATION_LAYER_ASSIGNMENT (  '', '', ( #7722 ) ) ;
#2944 = EDGE_CURVE ( 'NONE', #3534, #8210, #3923, .T. ) ;
#2945 = ORIENTED_EDGE ( 'NONE', *, *, #1027, .T. ) ;
#2946 = CARTESIAN_POINT ( 'NONE',  ( 24.50000000000000355, 9.399999999999998579, 6.099999999999996092 ) ) ;
#2947 =( GEOMETRIC_REPRESENTATION_CONTEXT ( 3 ) GLOBAL_UNCERTAINTY_ASSIGNED_CONTEXT ( ( #1535 ) ) GLOBAL_UNIT_ASSIGNED_CONTEXT ( ( #10495, #4392, #8849 ) ) REPRESENTATION_CONTEXT ( 'NONE', 'WORKASPACE' ) );
#2948 = FILL_AREA_STYLE ('',( #7162 ) ) ;
#2949 = LINE ( 'NONE', #1245, #9261 ) ;
#2950 = EDGE_LOOP ( 'NONE', ( #4923, #3814, #6644, #2178, #4790, #5992, #8132, #2692, #395, #1344, #6433, #9994, #3439, #2895, #5708, #5333, #2038, #7822, #5308, #3649, #5420, #8312, #4384, #3140, #4538, #10026, #5709, #8527, #9420, #7710, #1491, #184, #329, #1911, #4089, #1048, #186, #5160, #1750, #9381, #1216, #4658, #1579, #3894 ) ) ;
#2951 = VECTOR ( 'NONE', #8786, 1000.000000000000114 ) ;
#2952 = CARTESIAN_POINT ( 'NONE',  ( 25.25000000000000000, 0.0000000000000000000, -7.999999999999998224 ) ) ;
#2953 = DIRECTION ( 'NONE',  ( -1.000000000000000000, 0.0000000000000000000, 0.0000000000000000000 ) ) ;
#2954 = SURFACE_STYLE_USAGE ( .BOTH. , #10432 ) ;
#2955 = VERTEX_POINT ( 'NONE', #355 ) ;
#2956 = DIRECTION ( 'NONE',  ( 0.0000000000000000000, 1.000000000000000000, 1.314184451497582245E-16 ) ) ;
#2957 = FACE_OUTER_BOUND ( 'NONE', #3261, .T. ) ;
#2958 = DIRECTION ( 'NONE',  ( 0.0000000000000000000, 1.000000000000000000, 1.314184451497582245E-16 ) ) ;
#2959 = ORIENTED_EDGE ( 'NONE', *, *, #4097, .T. ) ;
#2960 = EDGE_CURVE ( 'NONE', #9906, #7824, #410, .T. ) ;
#2961 = VECTOR ( 'NONE', #2221, 1000.000000000000000 ) ;
#2962 = PLANE ( 'NONE',  #8981 ) ;
#2963 = LINE ( 'NONE', #7068, #1258 ) ;
#2964 = DIRECTION ( 'NONE',  ( 0.0000000000000000000, 1.000000000000000000, 1.314184451497582245E-16 ) ) ;
#2965 = CARTESIAN_POINT ( 'NONE',  ( -21.73493456133873281, 15.89999999999999680, 0.6053029216165499715 ) ) ;
#2966 = CARTESIAN_POINT ( 'NONE',  ( -27.50000000000000000, 5.200000000000000178, 6.599999999999996092 ) ) ;
#2967 = CARTESIAN_POINT ( 'NONE',  ( -1.815196609744064160, 11.39999999999999858, 5.114085138899327809 ) ) ;
#2968 = EDGE_LOOP ( 'NONE', ( #8371, #2021, #2309, #8754 ) ) ;
#2969 = FACE_OUTER_BOUND ( 'NONE', #8521, .T. ) ;
#2970 = PRESENTATION_STYLE_ASSIGNMENT (( #10561 ) ) ;
#2971 = STYLED_ITEM ( 'NONE', ( #2873 ), #5694 ) ;
#2972 = ORIENTED_EDGE ( 'NONE', *, *, #3084, .T. ) ;
#2973 = PLANE ( 'NONE',  #8565 ) ;
#2974 = ORIENTED_EDGE ( 'NONE', *, *, #9767, .F. ) ;
#2975 = CARTESIAN_POINT ( 'NONE',  ( 12.25000000000000000, 19.00000000000000000, 7.999999999999998224 ) ) ;
#2976 =( NAMED_UNIT ( * ) SI_UNIT ( $, .STERADIAN. ) SOLID_ANGLE_UNIT ( ) );
#2977 = DIRECTION ( 'NONE',  ( 0.0000000000000000000, 0.0000000000000000000, 1.000000000000000000 ) ) ;
#2978 = FILL_AREA_STYLE ('',( #2110 ) ) ;
#2979 = EDGE_CURVE ( 'NONE', #6918, #3200, #2744, .T. ) ;
#2980 = STYLED_ITEM ( 'NONE', ( #8928 ), #5829 ) ;
#2981 = ORIENTED_EDGE ( 'NONE', *, *, #7984, .F. ) ;
#2982 = PRESENTATION_LAYER_ASSIGNMENT (  '', '', ( #4386 ) ) ;
#2983 = PRESENTATION_LAYER_ASSIGNMENT (  '', '', ( #7771 ) ) ;
#2984 = CARTESIAN_POINT ( 'NONE',  ( 27.50000000000000000, 16.99999999999999645, 10.10000000000018439 ) ) ;
#2985 = VERTEX_POINT ( 'NONE', #9696 ) ;
#2986 = ORIENTED_EDGE ( 'NONE', *, *, #9916, .F. ) ;
#2987 = CIRCLE ( 'NONE', #10425, 1.000000000000000888 ) ;
#2988 = ADVANCED_FACE ( 'NONE', ( #8870, #7147 ), #6271, .T. ) ;
#2989 =( LENGTH_UNIT ( ) NAMED_UNIT ( * ) SI_UNIT ( .MILLI., .METRE. ) );
#2990 = DIRECTION ( 'NONE',  ( 0.0000000000000000000, 1.000000000000000000, 1.239088197126289880E-15 ) ) ;
#2991 =( LENGTH_UNIT ( ) NAMED_UNIT ( * ) SI_UNIT ( .MILLI., .METRE. ) );
#2992 = ORIENTED_EDGE ( 'NONE', *, *, #1081, .T. ) ;
#2993 = DIRECTION ( 'NONE',  ( 1.000000000000000000, 0.0000000000000000000, 0.0000000000000000000 ) ) ;
#2994 = AXIS2_PLACEMENT_3D ( 'NONE', #2928, #5798, #10577 ) ;
#2995 = ADVANCED_FACE ( 'NONE', ( #2927 ), #2059, .T. ) ;
#2996 = VERTEX_POINT ( 'NONE', #10873 ) ;
#2997 = CARTESIAN_POINT ( 'NONE',  ( -20.50000000000000000, -0.0000000000000000000, -0.4999999999999968914 ) ) ;
#2998 = VECTOR ( 'NONE', #9932, 1000.000000000000000 ) ;
#2999 = LINE ( 'NONE', #2180, #8221 ) ;
#3000 = DIRECTION ( 'NONE',  ( 0.0000000000000000000, 0.0000000000000000000, -1.000000000000000000 ) ) ;
#3001 = PRESENTATION_LAYER_ASSIGNMENT (  '', '', ( #2136 ) ) ;
#3002 = DIRECTION ( 'NONE',  ( -1.000000000000000000, 0.0000000000000000000, 0.0000000000000000000 ) ) ;
#3003 = VERTEX_POINT ( 'NONE', #6579 ) ;
#3004 = CARTESIAN_POINT ( 'NONE',  ( -20.10530292161654842, 13.89999999999999680, -0.6053029216165489723 ) ) ;
#3005 = EDGE_CURVE ( 'NONE', #1879, #2072, #5699, .T. ) ;
#3006 = EDGE_LOOP ( 'NONE', ( #6036, #2012, #4407, #347 ) ) ;
#3007 = VECTOR ( 'NONE', #9216, 1000.000000000000000 ) ;
#3008 = CARTESIAN_POINT ( 'NONE',  ( -24.99999999999999645, 20.99999999999999645, -4.499999999999634070 ) ) ;
#3009 = LINE ( 'NONE', #2084, #8108 ) ;
#3010 = MECHANICAL_DESIGN_GEOMETRIC_PRESENTATION_REPRESENTATION (  '', ( #8858 ), #735 ) ;
#3011 = VERTEX_POINT ( 'NONE', #4796 ) ;
#3012 = CARTESIAN_POINT ( 'NONE',  ( -7.105302921616549305, 13.89999999999999680, 2.234934561338733250 ) ) ;
#3013 = SURFACE_STYLE_USAGE ( .BOTH. , #8000 ) ;
#3014 = PLANE ( 'NONE',  #10219 ) ;
#3015 = PLANE ( 'NONE',  #5947 ) ;
#3016 = SURFACE_SIDE_STYLE ('',( #9117 ) ) ;
#3017 = ORIENTED_EDGE ( 'NONE', *, *, #5960, .T. ) ;
#3018 = SURFACE_SIDE_STYLE ('',( #3064 ) ) ;
#3019 = CARTESIAN_POINT ( 'NONE',  ( 20.10530292161654842, 13.89999999999999680, -0.6053029216165491944 ) ) ;
#3020 = DIRECTION ( 'NONE',  ( -0.0000000000000000000, 1.000000000000000000, -0.0000000000000000000 ) ) ;
#3021 = SURFACE_STYLE_USAGE ( .BOTH. , #1214 ) ;
#3022 = VERTEX_POINT ( 'NONE', #4028 ) ;
#3023 = ADVANCED_FACE ( 'NONE', ( #2377 ), #2432, .F. ) ;
#3024 = VERTEX_POINT ( 'NONE', #6691 ) ;
#3025 = SURFACE_STYLE_FILL_AREA ( #6477 ) ;
#3026 = CARTESIAN_POINT ( 'NONE',  ( 14.50000000000000178, 9.399999999999998579, 4.500000000000092371 ) ) ;
#3027 =( NAMED_UNIT ( * ) SI_UNIT ( $, .STERADIAN. ) SOLID_ANGLE_UNIT ( ) );
#3028 = DIRECTION ( 'NONE',  ( 1.000000000000000000, 0.0000000000000000000, 0.0000000000000000000 ) ) ;
#3029 = ORIENTED_EDGE ( 'NONE', *, *, #8004, .F. ) ;
#3030 = CARTESIAN_POINT ( 'NONE',  ( -12.00000000000000000, 9.400000000000000355, -6.599999999999987210 ) ) ;
#3031 = CARTESIAN_POINT ( 'NONE',  ( -27.50000000000000000, 9.399999999999998579, 6.599999999999996092 ) ) ;
#3032 = CARTESIAN_POINT ( 'NONE',  ( -13.75000000000000000, 19.00000000000000000, 7.999999999999998224 ) ) ;
#3033 = ORIENTED_EDGE ( 'NONE', *, *, #175, .F. ) ;
#3034 = ADVANCED_FACE ( 'NONE', ( #8174 ), #9192, .F. ) ;
#3035 = DIRECTION ( 'NONE',  ( 0.0000000000000000000, 1.000000000000000000, 0.0000000000000000000 ) ) ;
#3036 = FILL_AREA_STYLE_COLOUR ( '', #6138 ) ;
#3037 = LINE ( 'NONE', #3821, #6272 ) ;
#3038 = CARTESIAN_POINT ( 'NONE',  ( -7.105302921616549305, 13.89999999999999680, 0.6053029216165489723 ) ) ;
#3039 = ORIENTED_EDGE ( 'NONE', *, *, #5212, .F. ) ;
#3040 = LINE ( 'NONE', #5539, #5488 ) ;
#3041 = ORIENTED_EDGE ( 'NONE', *, *, #1982, .F. ) ;
#3042 = PLANE ( 'NONE',  #6825 ) ;
#3043 = EDGE_CURVE ( 'NONE', #9143, #2955, #9075, .T. ) ;
#3044 = CARTESIAN_POINT ( 'NONE',  ( 20.50000000000000000, -3.750000000000000000, -0.4999999999999968914 ) ) ;
#3045 = LINE ( 'NONE', #3103, #2359 ) ;
#3046 = DIRECTION ( 'NONE',  ( 0.0000000000000000000, 0.0000000000000000000, 1.000000000000000000 ) ) ;
#3047 = EDGE_CURVE ( 'NONE', #10189, #1121, #4190, .T. ) ;
#3048 = ORIENTED_EDGE ( 'NONE', *, *, #3559, .F. ) ;
#3049 = DIRECTION ( 'NONE',  ( -1.734723475976817547E-15, -1.314184451497582245E-16, 1.000000000000000000 ) ) ;
#3050 = ADVANCED_FACE ( 'NONE', ( #7583 ), #738, .T. ) ;
#3051 = AXIS2_PLACEMENT_3D ( 'NONE', #4907, #3075, #2217 ) ;
#3052 = DIRECTION ( 'NONE',  ( 1.000000000000000000, 0.0000000000000000000, 0.0000000000000000000 ) ) ;
#3053 = CARTESIAN_POINT ( 'NONE',  ( -0.7500000000000006661, 2.799999999999999822, 9.000000000000000000 ) ) ;
#3054 = CARTESIAN_POINT ( 'NONE',  ( 26.74999999999999645, 19.00000000000000000, 7.999999999999998224 ) ) ;
#3055 = VECTOR ( 'NONE', #2343, 1000.000000000000000 ) ;
#3056 = ORIENTED_EDGE ( 'NONE', *, *, #253, .F. ) ;
#3057 = EDGE_CURVE ( 'NONE', #4098, #8363, #7420, .T. ) ;
#3058 = CARTESIAN_POINT ( 'NONE',  ( 14.81519660974405994, 9.399999999999998579, 5.114085138899328697 ) ) ;
#3059 =( LENGTH_UNIT ( ) NAMED_UNIT ( * ) SI_UNIT ( .MILLI., .METRE. ) );
#3060 = VECTOR ( 'NONE', #6758, 1000.000000000000000 ) ;
#3061 = PRESENTATION_STYLE_ASSIGNMENT (( #2201 ) ) ;
#3062 = FACE_BOUND ( 'NONE', #9960, .T. ) ;
#3063 = VERTEX_POINT ( 'NONE', #8240 ) ;
#3064 = SURFACE_STYLE_FILL_AREA ( #552 ) ;
#3065 = CARTESIAN_POINT ( 'NONE',  ( -7.105302921616549305, 13.89999999999999680, 0.6053029216165489723 ) ) ;
#3066 = VECTOR ( 'NONE', #2501, 1000.000000000000000 ) ;
#3067 = AXIS2_PLACEMENT_3D ( 'NONE', #7489, #9150, #4878 ) ;
#3068 = UNCERTAINTY_MEASURE_WITH_UNIT (LENGTH_MEASURE( 1.000000000000000082E-05 ), #2738, 'distance_accuracy_value', 'NONE');
#3069 = VECTOR ( 'NONE', #3694, 1000.000000000000000 ) ;
#3070 = VECTOR ( 'NONE', #1036, 1000.000000000000114 ) ;
#3071 = SURFACE_SIDE_STYLE ('',( #5743 ) ) ;
#3072 = STYLED_ITEM ( 'NONE', ( #9447 ), #2391 ) ;
#3073 = VECTOR ( 'NONE', #9563, 1000.000000000000000 ) ;
#3074 = ORIENTED_EDGE ( 'NONE', *, *, #7793, .T. ) ;
#3075 = DIRECTION ( 'NONE',  ( 0.0000000000000000000, 4.130293990420970869E-16, -1.000000000000000000 ) ) ;
#3076 = ORIENTED_EDGE ( 'NONE', *, *, #2448, .F. ) ;
#3077 =( NAMED_UNIT ( * ) SI_UNIT ( $, .STERADIAN. ) SOLID_ANGLE_UNIT ( ) );
#3078 = SURFACE_STYLE_USAGE ( .BOTH. , #9749 ) ;
#3079 =( NAMED_UNIT ( * ) SI_UNIT ( $, .STERADIAN. ) SOLID_ANGLE_UNIT ( ) );
#3080 = PLANE ( 'NONE',  #9858 ) ;
#3081 = VECTOR ( 'NONE', #3600, 1000.000000000000000 ) ;
#3082 = MECHANICAL_DESIGN_GEOMETRIC_PRESENTATION_REPRESENTATION (  '', ( #6972 ), #6467 ) ;
#3083 = ORIENTED_EDGE ( 'NONE', *, *, #4851, .T. ) ;
#3084 = EDGE_CURVE ( 'NONE', #2652, #7570, #17, .T. ) ;
#3085 = FILL_AREA_STYLE ('',( #5418 ) ) ;
#3086 = FACE_OUTER_BOUND ( 'NONE', #4357, .T. ) ;
#3087 = FILL_AREA_STYLE ('',( #2329 ) ) ;
#3088 = ORIENTED_EDGE ( 'NONE', *, *, #7396, .T. ) ;
#3089 = ORIENTED_EDGE ( 'NONE', *, *, #6967, .T. ) ;
#3090 = AXIS2_PLACEMENT_3D ( 'NONE', #3456, #6842, #7574 ) ;
#3091 = STYLED_ITEM ( 'NONE', ( #10252 ), #2847 ) ;
#3092 = LINE ( 'NONE', #8141, #8384 ) ;
#3093 = SURFACE_SIDE_STYLE ('',( #2332 ) ) ;
#3094 = PRESENTATION_STYLE_ASSIGNMENT (( #4646 ) ) ;
#3095 = ORIENTED_EDGE ( 'NONE', *, *, #4994, .T. ) ;
#3096 = DIRECTION ( 'NONE',  ( 0.0000000000000000000, 1.000000000000000000, 1.314184451497582245E-16 ) ) ;
#3097 = EDGE_LOOP ( 'NONE', ( #2642, #2156, #3864, #657, #6610, #3319, #8893, #5151 ) ) ;
#3098 =( LENGTH_UNIT ( ) NAMED_UNIT ( * ) SI_UNIT ( .MILLI., .METRE. ) );
#3099 = ADVANCED_FACE ( 'NONE', ( #1442 ), #621, .F. ) ;
#3100 = VECTOR ( 'NONE', #5626, 1000.000000000000000 ) ;
#3101 =( GEOMETRIC_REPRESENTATION_CONTEXT ( 3 ) GLOBAL_UNCERTAINTY_ASSIGNED_CONTEXT ( ( #9615 ) ) GLOBAL_UNIT_ASSIGNED_CONTEXT ( ( #4914, #5751, #7528 ) ) REPRESENTATION_CONTEXT ( 'NONE', 'WORKASPACE' ) );
#3102 = PRESENTATION_STYLE_ASSIGNMENT (( #9653 ) ) ;
#3103 = CARTESIAN_POINT ( 'NONE',  ( 7.105302921616547529, 13.89999999999999680, -0.6053029216165491944 ) ) ;
#3104 = CARTESIAN_POINT ( 'NONE',  ( 20.50000000000000000, -3.750000000000000000, -0.4999999999999968914 ) ) ;
#3105 = ORIENTED_EDGE ( 'NONE', *, *, #1510, .T. ) ;
#3106 = DIRECTION ( 'NONE',  ( -7.709882115452476194E-16, 1.314184451497582492E-16, -1.000000000000000000 ) ) ;
#3107 = FILL_AREA_STYLE_COLOUR ( '', #5968 ) ;
#3108 = CARTESIAN_POINT ( 'NONE',  ( 5.499999999999998224, -3.750000000000000000, -0.4999999999999968914 ) ) ;
#3109 = AXIS2_PLACEMENT_3D ( 'NONE', #8341, #1751, #9998 ) ;
#3110 = CARTESIAN_POINT ( 'NONE',  ( -24.49999999999999289, 5.200000000000001066, 6.599999999999995204 ) ) ;
#3111 = LINE ( 'NONE', #8948, #7435 ) ;
#3112 = CARTESIAN_POINT ( 'NONE',  ( -26.75000000000000000, 19.00000000000000000, -7.999999999999998224 ) ) ;
#3113 = AXIS2_PLACEMENT_3D ( 'NONE', #4474, #7865, #306 ) ;
#3114 = ORIENTED_EDGE ( 'NONE', *, *, #5198, .F. ) ;
#3115 = EDGE_CURVE ( 'NONE', #6275, #10580, #1767, .T. ) ;
#3116 = EDGE_CURVE ( 'NONE', #6161, #8759, #1881, .T. ) ;
#3117 =( NAMED_UNIT ( * ) PLANE_ANGLE_UNIT ( ) SI_UNIT ( $, .RADIAN. ) );
#3118 = FILL_AREA_STYLE_COLOUR ( '', #7786 ) ;
#3119 = COLOUR_RGB ( '',0.8980392156862745390, 0.8980392156862745390, 0.8980392156862745390 ) ;
#3120 = ORIENTED_EDGE ( 'NONE', *, *, #10232, .T. ) ;
#3121 = DIRECTION ( 'NONE',  ( 0.0000000000000000000, 0.0000000000000000000, 1.000000000000000000 ) ) ;
#3122 = SURFACE_STYLE_FILL_AREA ( #8159 ) ;
#3123 = FACE_OUTER_BOUND ( 'NONE', #2336, .T. ) ;
#3124 = VERTEX_POINT ( 'NONE', #8517 ) ;
#3125 = ADVANCED_FACE ( 'NONE', ( #4296, #2640 ), #9402, .T. ) ;
#3126 = LINE ( 'NONE', #1534, #1482 ) ;
#3127 = ORIENTED_EDGE ( 'NONE', *, *, #10871, .T. ) ;
#3128 = ADVANCED_FACE ( 'NONE', ( #1710 ), #5071, .F. ) ;
#3129 = DIRECTION ( 'NONE',  ( 7.709882115452482111E-16, 1.314184451497582492E-16, -1.000000000000000000 ) ) ;
#3130 = PRESENTATION_LAYER_ASSIGNMENT (  '', '', ( #9337 ) ) ;
#3131 = PLANE ( 'NONE',  #5031 ) ;
#3132 = VERTEX_POINT ( 'NONE', #8148 ) ;
#3133 = EDGE_CURVE ( 'NONE', #7475, #4086, #9763, .T. ) ;
#3134 = PLANE ( 'NONE',  #3051 ) ;
#3135 = VERTEX_POINT ( 'NONE', #10634 ) ;
#3136 = DIRECTION ( 'NONE',  ( -0.0000000000000000000, 1.000000000000000000, -0.0000000000000000000 ) ) ;
#3137 = LINE ( 'NONE', #4856, #623 ) ;
#3138 =( NAMED_UNIT ( * ) PLANE_ANGLE_UNIT ( ) SI_UNIT ( $, .RADIAN. ) );
#3139 = COLOUR_RGB ( '',1.000000000000000000, 1.000000000000000000, 1.000000000000000000 ) ;
#3140 = ORIENTED_EDGE ( 'NONE', *, *, #5845, .F. ) ;
#3141 = SURFACE_SIDE_STYLE ('',( #790 ) ) ;
#3142 = DIRECTION ( 'NONE',  ( -1.000000000000000000, -0.0000000000000000000, -0.0000000000000000000 ) ) ;
#3143 = ORIENTED_EDGE ( 'NONE', *, *, #1383, .T. ) ;
#3144 = ORIENTED_EDGE ( 'NONE', *, *, #3286, .F. ) ;
#3145 = CARTESIAN_POINT ( 'NONE',  ( -27.50000000000000000, 19.00000000000000000, -8.999999999999975131 ) ) ;
#3146 = DIRECTION ( 'NONE',  ( 0.0000000000000000000, 0.0000000000000000000, -1.000000000000000000 ) ) ;
#3147 = ORIENTED_EDGE ( 'NONE', *, *, #9624, .F. ) ;
#3148 = EDGE_CURVE ( 'NONE', #8991, #7928, #7323, .T. ) ;
#3149 = VECTOR ( 'NONE', #5779, 1000.000000000000000 ) ;
#3150 = LINE ( 'NONE', #578, #739 ) ;
#3151 = VERTEX_POINT ( 'NONE', #2133 ) ;
#3152 = ORIENTED_EDGE ( 'NONE', *, *, #1986, .T. ) ;
#3153 =( GEOMETRIC_REPRESENTATION_CONTEXT ( 3 ) GLOBAL_UNCERTAINTY_ASSIGNED_CONTEXT ( ( #2102 ) ) GLOBAL_UNIT_ASSIGNED_CONTEXT ( ( #3379, #6822, #5040 ) ) REPRESENTATION_CONTEXT ( 'NONE', 'WORKASPACE' ) );
#3154 = DIRECTION ( 'NONE',  ( 0.0000000000000000000, -1.314184451497582492E-16, 1.000000000000000000 ) ) ;
#3155 = CARTESIAN_POINT ( 'NONE',  ( 13.75000000000000178, 0.0000000000000000000, 7.999999999999998224 ) ) ;
#3156 = SURFACE_STYLE_USAGE ( .BOTH. , #9590 ) ;
#3157 = ORIENTED_EDGE ( 'NONE', *, *, #4068, .F. ) ;
#3158 = CARTESIAN_POINT ( 'NONE',  ( 14.00000000000000533, 9.400000000000000355, -4.499999999999908518 ) ) ;
#3159 = VECTOR ( 'NONE', #9659, 1000.000000000000000 ) ;
#3160 = CARTESIAN_POINT ( 'NONE',  ( 0.0000000000000000000, 13.89999999999999680, 0.0000000000000000000 ) ) ;
#3161 = DIRECTION ( 'NONE',  ( 0.0000000000000000000, 0.0000000000000000000, 1.000000000000000000 ) ) ;
#3162 = PLANE ( 'NONE',  #1028 ) ;
#3163 = SURFACE_STYLE_USAGE ( .BOTH. , #9772 ) ;
#3164 = EDGE_CURVE ( 'NONE', #4236, #3897, #5433, .T. ) ;
#3165 =( NAMED_UNIT ( * ) PLANE_ANGLE_UNIT ( ) SI_UNIT ( $, .RADIAN. ) );
#3166 = LINE ( 'NONE', #3054, #2288 ) ;
#3167 = VECTOR ( 'NONE', #3866, 1000.000000000000000 ) ;
#3168 = ORIENTED_EDGE ( 'NONE', *, *, #8827, .T. ) ;
#3169 = FACE_OUTER_BOUND ( 'NONE', #6813, .T. ) ;
#3170 =( LENGTH_UNIT ( ) NAMED_UNIT ( * ) SI_UNIT ( .MILLI., .METRE. ) );
#3171 = ORIENTED_EDGE ( 'NONE', *, *, #2960, .F. ) ;
#3172 = MECHANICAL_DESIGN_GEOMETRIC_PRESENTATION_REPRESENTATION (  '', ( #1417 ), #2134 ) ;
#3173 = SURFACE_STYLE_USAGE ( .BOTH. , #4832 ) ;
#3174 = CARTESIAN_POINT ( 'NONE',  ( 24.49999999999999645, 2.800000000000002043, -8.999999999999996447 ) ) ;
#3175 = PLANE ( 'NONE',  #4176 ) ;
#3176 = ORIENTED_EDGE ( 'NONE', *, *, #1158, .F. ) ;
#3177 = EDGE_CURVE ( 'NONE', #4921, #1189, #8881, .T. ) ;
#3178 = DIRECTION ( 'NONE',  ( 1.000000000000000000, 0.0000000000000000000, 0.0000000000000000000 ) ) ;
#3179 = AXIS2_PLACEMENT_3D ( 'NONE', #8451, #2625, #938 ) ;
#3180 = DIRECTION ( 'NONE',  ( -1.000000000000000000, -0.0000000000000000000, -0.0000000000000000000 ) ) ;
#3181 = UNCERTAINTY_MEASURE_WITH_UNIT (LENGTH_MEASURE( 1.000000000000000082E-05 ), #1342, 'distance_accuracy_value', 'NONE');
#3182 = ORIENTED_EDGE ( 'NONE', *, *, #5140, .F. ) ;
#3183 = AXIS2_PLACEMENT_3D ( 'NONE', #9481, #6166, #1127 ) ;
#3184 = CARTESIAN_POINT ( 'NONE',  ( -24.49999999999999289, 5.200000000000000178, 6.599999999999996092 ) ) ;
#3185 = EDGE_CURVE ( 'NONE', #4374, #1304, #4601, .T. ) ;
#3186 = FILL_AREA_STYLE_COLOUR ( '', #8592 ) ;
#3187 = EDGE_LOOP ( 'NONE', ( #9650, #10468, #10240, #5814 ) ) ;
#3188 = EDGE_CURVE ( 'NONE', #8974, #1226, #6399, .T. ) ;
#3189 = EDGE_CURVE ( 'NONE', #8425, #4472, #4875, .T. ) ;
#3190 = CARTESIAN_POINT ( 'NONE',  ( 0.0000000000000000000, 20.00000000000000000, -7.999999999999976019 ) ) ;
#3191 = ORIENTED_EDGE ( 'NONE', *, *, #6561, .T. ) ;
#3192 = CARTESIAN_POINT ( 'NONE',  ( 14.81519660974405639, 11.39999999999999858, -5.114085138899324257 ) ) ;
#3193 = LINE ( 'NONE', #6576, #10743 ) ;
#3194 =( NAMED_UNIT ( * ) SI_UNIT ( $, .STERADIAN. ) SOLID_ANGLE_UNIT ( ) );
#3195 = ORIENTED_EDGE ( 'NONE', *, *, #2716, .T. ) ;
#3196 = EDGE_CURVE ( 'NONE', #5590, #2392, #7983, .T. ) ;
#3197 = CARTESIAN_POINT ( 'NONE',  ( 48.33386665984021136, 16.99999999999999645, -10.09999999999980069 ) ) ;
#3198 = LINE ( 'NONE', #1553, #2553 ) ;
#3199 = ORIENTED_EDGE ( 'NONE', *, *, #8171, .F. ) ;
#3200 = VERTEX_POINT ( 'NONE', #5372 ) ;
#3201 = ORIENTED_EDGE ( 'NONE', *, *, #5788, .T. ) ;
#3202 = DIRECTION ( 'NONE',  ( -1.000000000000000000, 0.0000000000000000000, 6.653050579395577682E-17 ) ) ;
#3203 =( NAMED_UNIT ( * ) SI_UNIT ( $, .STERADIAN. ) SOLID_ANGLE_UNIT ( ) );
#3204 = DIRECTION ( 'NONE',  ( -0.0000000000000000000, -1.000000000000000000, -0.0000000000000000000 ) ) ;
#3205 = ORIENTED_EDGE ( 'NONE', *, *, #10760, .F. ) ;
#3206 = UNCERTAINTY_MEASURE_WITH_UNIT (LENGTH_MEASURE( 1.000000000000000082E-05 ), #7815, 'distance_accuracy_value', 'NONE');
#3207 = VERTEX_POINT ( 'NONE', #2014 ) ;
#3208 = EDGE_LOOP ( 'NONE', ( #8528, #9450 ) ) ;
#3209 = DIRECTION ( 'NONE',  ( 0.0000000000000000000, 1.000000000000000000, 0.0000000000000000000 ) ) ;
#3210 = LINE ( 'NONE', #9927, #10862 ) ;
#3211 = VERTEX_POINT ( 'NONE', #2946 ) ;
#3212 = DIRECTION ( 'NONE',  ( 0.0000000000000000000, -1.314184451497582492E-16, 1.000000000000000000 ) ) ;
#3213 = PLANE ( 'NONE',  #2569 ) ;
#3214 =( LENGTH_UNIT ( ) NAMED_UNIT ( * ) SI_UNIT ( .MILLI., .METRE. ) );
#3215 = DIRECTION ( 'NONE',  ( -0.0000000000000000000, -0.0000000000000000000, -1.000000000000000000 ) ) ;
#3216 = CARTESIAN_POINT ( 'NONE',  ( -27.50000000000000000, 0.0000000000000000000, 9.000000000000000000 ) ) ;
#3217 = EDGE_LOOP ( 'NONE', ( #2559, #4583, #7135, #3633 ) ) ;
#3218 = AXIS2_PLACEMENT_3D ( 'NONE', #1880, #2643, #10876 ) ;
#3219 = FILL_AREA_STYLE_COLOUR ( '', #7866 ) ;
#3220 = EDGE_CURVE ( 'NONE', #3993, #10349, #2570, .T. ) ;
#3221 = AXIS2_PLACEMENT_3D ( 'NONE', #3190, #7297, #2271 ) ;
#3222 = EDGE_LOOP ( 'NONE', ( #354, #10764, #5255, #5668 ) ) ;
#3223 = CARTESIAN_POINT ( 'NONE',  ( -24.18480339025594361, 11.39999999999999858, -5.114085138899324257 ) ) ;
#3224 = FILL_AREA_STYLE_COLOUR ( '', #3989 ) ;
#3225 = FILL_AREA_STYLE_COLOUR ( '', #8797 ) ;
#3226 = ORIENTED_EDGE ( 'NONE', *, *, #2463, .F. ) ;
#3227 =( NAMED_UNIT ( * ) PLANE_ANGLE_UNIT ( ) SI_UNIT ( $, .RADIAN. ) );
#3228 = ORIENTED_EDGE ( 'NONE', *, *, #1250, .T. ) ;
#3229 = VECTOR ( 'NONE', #6469, 1000.000000000000000 ) ;
#3230 = VECTOR ( 'NONE', #8427, 1000.000000000000000 ) ;
#3231 = CARTESIAN_POINT ( 'NONE',  ( -6.500000000000000888, 11.39999999999999858, -1.993034753127726821 ) ) ;
#3232 = EDGE_CURVE ( 'NONE', #129, #3922, #3828, .T. ) ;
#3233 = FACE_OUTER_BOUND ( 'NONE', #7215, .T. ) ;
#3234 = AXIS2_PLACEMENT_3D ( 'NONE', #2875, #6284, #8767 ) ;
#3235 =( NAMED_UNIT ( * ) SI_UNIT ( $, .STERADIAN. ) SOLID_ANGLE_UNIT ( ) );
#3236 = ORIENTED_EDGE ( 'NONE', *, *, #1981, .T. ) ;
#3237 = CIRCLE ( 'NONE', #7145, 1.993034753127727488 ) ;
#3238 = SURFACE_STYLE_FILL_AREA ( #289 ) ;
#3239 = VECTOR ( 'NONE', #9785, 1000.000000000000000 ) ;
#3240 = FILL_AREA_STYLE ('',( #1483 ) ) ;
#3241 = VECTOR ( 'NONE', #4645, 1000.000000000000000 ) ;
#3242 = EDGE_LOOP ( 'NONE', ( #9162, #7039, #6589, #9485 ) ) ;
#3243 = DIRECTION ( 'NONE',  ( 2.149475384360752999E-30, 1.000000000000000000, 1.239088197126289880E-15 ) ) ;
#3244 = ADVANCED_FACE ( 'NONE', ( #6288 ), #6446, .T. ) ;
#3245 = ORIENTED_EDGE ( 'NONE', *, *, #6743, .T. ) ;
#3246 = PRESENTATION_LAYER_ASSIGNMENT (  '', '', ( #7153 ) ) ;
#3247 = ADVANCED_FACE ( 'NONE', ( #7273 ), #3042, .F. ) ;
#3248 = EDGE_CURVE ( 'NONE', #1524, #5757, #7378, .T. ) ;
#3249 = CARTESIAN_POINT ( 'NONE',  ( 0.7500000000000006661, 19.00000000000000000, -7.999999999999998224 ) ) ;
#3250 = FACE_OUTER_BOUND ( 'NONE', #5474, .T. ) ;
#3251 = ORIENTED_EDGE ( 'NONE', *, *, #1915, .F. ) ;
#3252 = PRESENTATION_STYLE_ASSIGNMENT (( #4917 ) ) ;
#3253 = EDGE_LOOP ( 'NONE', ( #113, #929, #6367, #3251 ) ) ;
#3254 = FACE_OUTER_BOUND ( 'NONE', #7729, .T. ) ;
#3255 = CYLINDRICAL_SURFACE ( 'NONE', #5799, 1.000000000000000000 ) ;
#3256 = ORIENTED_EDGE ( 'NONE', *, *, #3457, .F. ) ;
#3257 = MECHANICAL_DESIGN_GEOMETRIC_PRESENTATION_REPRESENTATION (  '', ( #3793 ), #10330 ) ;
#3258 =( GEOMETRIC_REPRESENTATION_CONTEXT ( 3 ) GLOBAL_UNCERTAINTY_ASSIGNED_CONTEXT ( ( #10286 ) ) GLOBAL_UNIT_ASSIGNED_CONTEXT ( ( #9958, #7367, #3925 ) ) REPRESENTATION_CONTEXT ( 'NONE', 'WORKASPACE' ) );
#3259 = EDGE_CURVE ( 'NONE', #8815, #9470, #8253, .T. ) ;
#3260 = ORIENTED_EDGE ( 'NONE', *, *, #4928, .F. ) ;
#3261 = EDGE_LOOP ( 'NONE', ( #7780, #5271, #9522, #2485 ) ) ;
#3262 = DIRECTION ( 'NONE',  ( 0.0000000000000000000, 0.0000000000000000000, -1.000000000000000000 ) ) ;
#3263 =( LENGTH_UNIT ( ) NAMED_UNIT ( * ) SI_UNIT ( .MILLI., .METRE. ) );
#3264 = DIRECTION ( 'NONE',  ( 3.854941057726238097E-16, 0.0000000000000000000, -1.000000000000000000 ) ) ;
#3265 = STYLED_ITEM ( 'NONE', ( #3061 ), #10817 ) ;
#3266 = VECTOR ( 'NONE', #5043, 1000.000000000000000 ) ;
#3267 = FILL_AREA_STYLE ('',( #6494 ) ) ;
#3268 = ORIENTED_EDGE ( 'NONE', *, *, #253, .T. ) ;
#3269 = DIRECTION ( 'NONE',  ( 0.0000000000000000000, 1.000000000000000000, 1.314184451497582245E-16 ) ) ;
#3270 =( NAMED_UNIT ( * ) SI_UNIT ( $, .STERADIAN. ) SOLID_ANGLE_UNIT ( ) );
#3271 = FILL_AREA_STYLE_COLOUR ( '', #4733 ) ;
#3272 = CARTESIAN_POINT ( 'NONE',  ( -1.499999999999997780, 9.400000000000000355, -6.599999999999993427 ) ) ;
#3273 = EDGE_CURVE ( 'NONE', #6770, #5923, #10027, .T. ) ;
#3274 = CARTESIAN_POINT ( 'NONE',  ( -26.75000000000000355, 19.00000000000000000, 8.000000000000001776 ) ) ;
#3275 = LINE ( 'NONE', #8492, #5472 ) ;
#3276 = DIRECTION ( 'NONE',  ( -0.0000000000000000000, -0.0000000000000000000, 1.000000000000000000 ) ) ;
#3277 = ORIENTED_EDGE ( 'NONE', *, *, #2655, .T. ) ;
#3278 = ORIENTED_EDGE ( 'NONE', *, *, #7880, .T. ) ;
#3279 = DIRECTION ( 'NONE',  ( -0.0000000000000000000, -1.000000000000000000, -0.0000000000000000000 ) ) ;
#3280 = FILL_AREA_STYLE ('',( #4329 ) ) ;
#3281 = AXIS2_PLACEMENT_3D ( 'NONE', #9351, #10176, #1000 ) ;
#3282 = CYLINDRICAL_SURFACE ( 'NONE', #4297, 1.993034753127727488 ) ;
#3283 =( LENGTH_UNIT ( ) NAMED_UNIT ( * ) SI_UNIT ( .MILLI., .METRE. ) );
#3284 = ORIENTED_EDGE ( 'NONE', *, *, #4732, .F. ) ;
#3285 = DIRECTION ( 'NONE',  ( 0.0000000000000000000, 1.000000000000000000, 1.314184451497582245E-16 ) ) ;
#3286 = EDGE_CURVE ( 'NONE', #3514, #9123, #128, .T. ) ;
#3287 = ORIENTED_EDGE ( 'NONE', *, *, #3583, .F. ) ;
#3288 = AXIS2_PLACEMENT_3D ( 'NONE', #4679, #4785, #8165 ) ;
#3289 = DIRECTION ( 'NONE',  ( -0.0000000000000000000, 1.000000000000000000, -0.0000000000000000000 ) ) ;
#3290 = COLOUR_RGB ( '',0.8980392156862745390, 0.8980392156862745390, 0.8980392156862745390 ) ;
#3291 = CARTESIAN_POINT ( 'NONE',  ( -27.50000000000000000, 8.900000000000000355, -6.099999999999992539 ) ) ;
#3292 = ORIENTED_EDGE ( 'NONE', *, *, #6050, .F. ) ;
#3293 = LINE ( 'NONE', #8400, #3767 ) ;
#3294 = MECHANICAL_DESIGN_GEOMETRIC_PRESENTATION_REPRESENTATION (  '', ( #2424 ), #6144 ) ;
#3295 = DIRECTION ( 'NONE',  ( -1.000000000000000000, 0.0000000000000000000, -0.0000000000000000000 ) ) ;
#3296 = DIRECTION ( 'NONE',  ( 1.000000000000000000, 0.0000000000000000000, 0.0000000000000000000 ) ) ;
#3297 = DIRECTION ( 'NONE',  ( -0.0000000000000000000, -1.000000000000000000, -0.0000000000000000000 ) ) ;
#3298 = UNCERTAINTY_MEASURE_WITH_UNIT (LENGTH_MEASURE( 1.000000000000000082E-05 ), #6159, 'distance_accuracy_value', 'NONE');
#3299 = DIRECTION ( 'NONE',  ( 1.000000000000000000, 2.279746619776557658E-31, -1.734723475976805517E-15 ) ) ;
#3300 = AXIS2_PLACEMENT_3D ( 'NONE', #7672, #6832, #10215 ) ;
#3301 = ORIENTED_EDGE ( 'NONE', *, *, #10449, .T. ) ;
#3302 = PRESENTATION_STYLE_ASSIGNMENT (( #1612 ) ) ;
#3303 = CARTESIAN_POINT ( 'NONE',  ( 26.75000000000000000, 0.0000000000000000000, 9.000000000000000000 ) ) ;
#3304 = ORIENTED_EDGE ( 'NONE', *, *, #7472, .F. ) ;
#3305 = PLANE ( 'NONE',  #3218 ) ;
#3306 = ORIENTED_EDGE ( 'NONE', *, *, #6121, .F. ) ;
#3307 = CARTESIAN_POINT ( 'NONE',  ( 0.7500000000000006661, 19.00000000000000000, -7.999999999999998224 ) ) ;
#3308 = DIRECTION ( 'NONE',  ( 1.000000000000000000, -0.0000000000000000000, -0.0000000000000000000 ) ) ;
#3309 = ORIENTED_EDGE ( 'NONE', *, *, #7527, .F. ) ;
#3310 = EDGE_CURVE ( 'NONE', #7586, #3755, #2497, .T. ) ;
#3311 = MECHANICAL_DESIGN_GEOMETRIC_PRESENTATION_REPRESENTATION (  '', ( #5630 ), #4725 ) ;
#3312 = UNCERTAINTY_MEASURE_WITH_UNIT (LENGTH_MEASURE( 1.000000000000000082E-05 ), #3896, 'distance_accuracy_value', 'NONE');
#3313 = ORIENTED_EDGE ( 'NONE', *, *, #6643, .T. ) ;
#3314 = ORIENTED_EDGE ( 'NONE', *, *, #9902, .T. ) ;
#3315 = CARTESIAN_POINT ( 'NONE',  ( -11.50000000000000355, 9.400000000000000355, -6.599999999999980993 ) ) ;
#3316 = CARTESIAN_POINT ( 'NONE',  ( 27.50000000000000000, 19.99999999999999289, 9.100000000000001421 ) ) ;
#3317 = EDGE_CURVE ( 'NONE', #828, #10711, #637, .T. ) ;
#3318 = DIRECTION ( 'NONE',  ( 0.0000000000000000000, 1.314184451497582245E-16, -1.000000000000000000 ) ) ;
#3319 = ORIENTED_EDGE ( 'NONE', *, *, #2109, .T. ) ;
#3320 = CARTESIAN_POINT ( 'NONE',  ( -27.50000000000000000, 2.799999999999999822, 9.000000000000000000 ) ) ;
#3321 = SURFACE_SIDE_STYLE ('',( #10897 ) ) ;
#3322 = CARTESIAN_POINT ( 'NONE',  ( 25.24999999999999645, 2.799999999999999822, 9.000000000000000000 ) ) ;
#3323 = DIRECTION ( 'NONE',  ( 0.0000000000000000000, 0.0000000000000000000, -1.000000000000000000 ) ) ;
#3324 = FILL_AREA_STYLE_COLOUR ( '', #2904 ) ;
#3325 = EDGE_CURVE ( 'NONE', #2756, #1524, #9146, .T. ) ;
#3326 = DIRECTION ( 'NONE',  ( 1.000000000000000000, 0.0000000000000000000, 0.0000000000000000000 ) ) ;
#3327 = CARTESIAN_POINT ( 'NONE',  ( 18.89469707838345158, 13.89999999999999680, -0.6053029216165489723 ) ) ;
#3328 = CARTESIAN_POINT ( 'NONE',  ( 11.50000000000000000, 8.900000000000000355, -6.599999999999993427 ) ) ;
#3329 = MECHANICAL_DESIGN_GEOMETRIC_PRESENTATION_REPRESENTATION (  '', ( #5461 ), #1056 ) ;
#3330 = ORIENTED_EDGE ( 'NONE', *, *, #4952, .F. ) ;
#3331 = COLOUR_RGB ( '',0.8980392156862745390, 0.8980392156862745390, 0.8980392156862745390 ) ;
#3332 = LINE ( 'NONE', #9431, #6878 ) ;
#3333 = EDGE_CURVE ( 'NONE', #8759, #2467, #3987, .T. ) ;
#3334 = ORIENTED_EDGE ( 'NONE', *, *, #9743, .F. ) ;
#3335 = DIRECTION ( 'NONE',  ( -1.000000000000000000, 0.0000000000000000000, 0.0000000000000000000 ) ) ;
#3336 = EDGE_LOOP ( 'NONE', ( #2407, #4218, #7383, #3041 ) ) ;
#3337 = COLOUR_RGB ( '',0.8980392156862745390, 0.8980392156862745390, 0.8980392156862745390 ) ;
#3338 = CARTESIAN_POINT ( 'NONE',  ( -1.499999999999997780, 9.399999999999998579, 6.599999999999996092 ) ) ;
#3339 = EDGE_LOOP ( 'NONE', ( #1556, #6830, #1625, #3946 ) ) ;
#3340 = COLOUR_RGB ( '',0.8980392156862745390, 0.8980392156862745390, 0.8980392156862745390 ) ;
#3341 = CARTESIAN_POINT ( 'NONE',  ( 1.815196609744055500, 9.399999999999998579, 5.114085138899328697 ) ) ;
#3342 = EDGE_CURVE ( 'NONE', #1663, #1098, #2289, .T. ) ;
#3343 = SURFACE_STYLE_FILL_AREA ( #3513 ) ;
#3344 = CIRCLE ( 'NONE', #9201, 1.000000000000000000 ) ;
#3345 = FILL_AREA_STYLE ('',( #9286 ) ) ;
#3346 = VERTEX_POINT ( 'NONE', #5664 ) ;
#3347 = LINE ( 'NONE', #1604, #4455 ) ;
#3348 = FACE_OUTER_BOUND ( 'NONE', #1611, .T. ) ;
#3349 = FILL_AREA_STYLE_COLOUR ( '', #8579 ) ;
#3350 = SURFACE_STYLE_USAGE ( .BOTH. , #5916 ) ;
#3351 = CIRCLE ( 'NONE', #1427, 3.411345746565307646 ) ;
#3352 = LINE ( 'NONE', #9188, #5069 ) ;
#3353 = STYLED_ITEM ( 'NONE', ( #7889 ), #9081 ) ;
#3354 = VERTEX_POINT ( 'NONE', #861 ) ;
#3355 =( NAMED_UNIT ( * ) PLANE_ANGLE_UNIT ( ) SI_UNIT ( $, .RADIAN. ) );
#3356 = DIRECTION ( 'NONE',  ( -0.0000000000000000000, 1.000000000000000000, -0.0000000000000000000 ) ) ;
#3357 = ADVANCED_FACE ( 'NONE', ( #9251, #8315 ), #1456, .F. ) ;
#3358 = CARTESIAN_POINT ( 'NONE',  ( -11.50000000000000000, 9.399999999999998579, 6.599999999999996092 ) ) ;
#3359 = ORIENTED_EDGE ( 'NONE', *, *, #726, .T. ) ;
#3360 = DIRECTION ( 'NONE',  ( 0.0000000000000000000, 1.000000000000000000, 1.314184451497582245E-16 ) ) ;
#3361 = ORIENTED_EDGE ( 'NONE', *, *, #243, .F. ) ;
#3362 = DIRECTION ( 'NONE',  ( -0.0000000000000000000, 0.0000000000000000000, -1.000000000000000000 ) ) ;
#3363 = DIRECTION ( 'NONE',  ( -1.000000000000000000, 0.0000000000000000000, 0.0000000000000000000 ) ) ;
#3364 = CARTESIAN_POINT ( 'NONE',  ( -8.734934561338734582, 13.89999999999999680, 0.6053029216165499715 ) ) ;
#3365 = EDGE_LOOP ( 'NONE', ( #4623, #8554, #2986, #7912 ) ) ;
#3366 = VERTEX_POINT ( 'NONE', #7543 ) ;
#3367 = CARTESIAN_POINT ( 'NONE',  ( 0.0000000000000000000, 20.99999999999999289, 8.000000000000000000 ) ) ;
#3368 =( GEOMETRIC_REPRESENTATION_CONTEXT ( 3 ) GLOBAL_UNCERTAINTY_ASSIGNED_CONTEXT ( ( #6862 ) ) GLOBAL_UNIT_ASSIGNED_CONTEXT ( ( #2991, #8183, #1343 ) ) REPRESENTATION_CONTEXT ( 'NONE', 'WORKASPACE' ) );
#3369 = CARTESIAN_POINT ( 'NONE',  ( 25.24999999999999645, 0.0000000000000000000, 7.999999999999998224 ) ) ;
#3370 = DIRECTION ( 'NONE',  ( 1.000000000000000000, 0.0000000000000000000, -5.987745521456020037E-16 ) ) ;
#3371 = EDGE_CURVE ( 'NONE', #10456, #3615, #7553, .T. ) ;
#3372 = CARTESIAN_POINT ( 'NONE',  ( -27.50000000000000000, 2.800000000000002043, -8.999999999999996447 ) ) ;
#3373 = ORIENTED_EDGE ( 'NONE', *, *, #10553, .T. ) ;
#3374 = LINE ( 'NONE', #2711, #3060 ) ;
#3375 =( LENGTH_UNIT ( ) NAMED_UNIT ( * ) SI_UNIT ( .MILLI., .METRE. ) );
#3376 =( NAMED_UNIT ( * ) PLANE_ANGLE_UNIT ( ) SI_UNIT ( $, .RADIAN. ) );
#3377 = DIRECTION ( 'NONE',  ( 0.0000000000000000000, -0.7071067811865470176, 0.7071067811865479058 ) ) ;
#3378 = DIRECTION ( 'NONE',  ( 1.000000000000000000, 0.0000000000000000000, 0.0000000000000000000 ) ) ;
#3379 =( LENGTH_UNIT ( ) NAMED_UNIT ( * ) SI_UNIT ( .MILLI., .METRE. ) );
#3380 = EDGE_CURVE ( 'NONE', #10629, #8224, #9926, .T. ) ;
#3381 = ORIENTED_EDGE ( 'NONE', *, *, #8313, .T. ) ;
#3382 = CARTESIAN_POINT ( 'NONE',  ( -4.265065438661267194, 15.89999999999999680, 0.6053029216165494164 ) ) ;
#3383 = PRESENTATION_STYLE_ASSIGNMENT (( #8546 ) ) ;
#3384 = EDGE_CURVE ( 'NONE', #2589, #3404, #7597, .T. ) ;
#3385 = EDGE_CURVE ( 'NONE', #2813, #6504, #9313, .T. ) ;
#3386 = ORIENTED_EDGE ( 'NONE', *, *, #2760, .T. ) ;
#3387 = CARTESIAN_POINT ( 'NONE',  ( -8.734934561338734582, 13.89999999999999680, 0.6053029216165499715 ) ) ;
#3388 = DIRECTION ( 'NONE',  ( 0.0000000000000000000, 0.0000000000000000000, 1.000000000000000000 ) ) ;
#3389 = CARTESIAN_POINT ( 'NONE',  ( -27.50000000000000000, 9.399999999999998579, 4.500000000000182965 ) ) ;
#3390 =( NAMED_UNIT ( * ) PLANE_ANGLE_UNIT ( ) SI_UNIT ( $, .RADIAN. ) );
#3391 = ORIENTED_EDGE ( 'NONE', *, *, #3133, .F. ) ;
#3392 = CARTESIAN_POINT ( 'NONE',  ( -0.9999999999999974465, 20.99999999999999645, -4.499999999999817035 ) ) ;
#3393 = EDGE_CURVE ( 'NONE', #4224, #4890, #10130, .T. ) ;
#3394 = ORIENTED_EDGE ( 'NONE', *, *, #6852, .T. ) ;
#3395 = DIRECTION ( 'NONE',  ( -0.0000000000000000000, -1.000000000000000000, -0.0000000000000000000 ) ) ;
#3396 = LINE ( 'NONE', #1698, #9372 ) ;
#3397 =( GEOMETRIC_REPRESENTATION_CONTEXT ( 3 ) GLOBAL_UNCERTAINTY_ASSIGNED_CONTEXT ( ( #10618 ) ) GLOBAL_UNIT_ASSIGNED_CONTEXT ( ( #10612, #6627, #7296 ) ) REPRESENTATION_CONTEXT ( 'NONE', 'WORKASPACE' ) );
#3398 = ORIENTED_EDGE ( 'NONE', *, *, #9605, .F. ) ;
#3399 = FACE_OUTER_BOUND ( 'NONE', #9493, .T. ) ;
#3400 =( NAMED_UNIT ( * ) PLANE_ANGLE_UNIT ( ) SI_UNIT ( $, .RADIAN. ) );
#3401 =( GEOMETRIC_REPRESENTATION_CONTEXT ( 3 ) GLOBAL_UNCERTAINTY_ASSIGNED_CONTEXT ( ( #10171 ) ) GLOBAL_UNIT_ASSIGNED_CONTEXT ( ( #7630, #1655, #889 ) ) REPRESENTATION_CONTEXT ( 'NONE', 'WORKASPACE' ) );
#3402 = UNCERTAINTY_MEASURE_WITH_UNIT (LENGTH_MEASURE( 1.000000000000000082E-05 ), #5282, 'distance_accuracy_value', 'NONE');
#3403 = AXIS2_PLACEMENT_3D ( 'NONE', #1980, #9610, #4394 ) ;
#3404 = VERTEX_POINT ( 'NONE', #9618 ) ;
#3405 = DIRECTION ( 'NONE',  ( 0.0000000000000000000, 0.0000000000000000000, 1.000000000000000000 ) ) ;
#3406 = AXIS2_PLACEMENT_3D ( 'NONE', #6888, #7776, #10269 ) ;
#3407 = AXIS2_PLACEMENT_3D ( 'NONE', #8684, #2850, #4447 ) ;
#3408 = PRESENTATION_STYLE_ASSIGNMENT (( #5976 ) ) ;
#3409 = MECHANICAL_DESIGN_GEOMETRIC_PRESENTATION_REPRESENTATION (  '', ( #437 ), #2886 ) ;
#3410 =( GEOMETRIC_REPRESENTATION_CONTEXT ( 3 ) GLOBAL_UNCERTAINTY_ASSIGNED_CONTEXT ( ( #786 ) ) GLOBAL_UNIT_ASSIGNED_CONTEXT ( ( #10581, #3882, #1179 ) ) REPRESENTATION_CONTEXT ( 'NONE', 'WORKASPACE' ) );
#3411 = ORIENTED_EDGE ( 'NONE', *, *, #495, .T. ) ;
#3412 =( LENGTH_UNIT ( ) NAMED_UNIT ( * ) SI_UNIT ( .MILLI., .METRE. ) );
#3413 = FACE_OUTER_BOUND ( 'NONE', #7368, .T. ) ;
#3414 = CARTESIAN_POINT ( 'NONE',  ( -25.25000000000000000, 19.00000000000000000, 8.000000000000001776 ) ) ;
#3415 = UNCERTAINTY_MEASURE_WITH_UNIT (LENGTH_MEASURE( 1.000000000000000082E-05 ), #1204, 'distance_accuracy_value', 'NONE');
#3416 = DIRECTION ( 'NONE',  ( -0.0000000000000000000, -1.000000000000000000, -0.0000000000000000000 ) ) ;
#3417 = AXIS2_PLACEMENT_3D ( 'NONE', #10200, #5467, #9374 ) ;
#3418 = ORIENTED_EDGE ( 'NONE', *, *, #5330, .T. ) ;
#3419 = VECTOR ( 'NONE', #30, 1000.000000000000000 ) ;
#3420 = EDGE_CURVE ( 'NONE', #8123, #10753, #399, .T. ) ;
#3421 = VECTOR ( 'NONE', #2549, 1000.000000000000000 ) ;
#3422 = ORIENTED_EDGE ( 'NONE', *, *, #6121, .T. ) ;
#3423 =( GEOMETRIC_REPRESENTATION_CONTEXT ( 3 ) GLOBAL_UNCERTAINTY_ASSIGNED_CONTEXT ( ( #5291 ) ) GLOBAL_UNIT_ASSIGNED_CONTEXT ( ( #8975, #8124, #4791 ) ) REPRESENTATION_CONTEXT ( 'NONE', 'WORKASPACE' ) );
#3424 = DIRECTION ( 'NONE',  ( -1.000000000000000000, 0.0000000000000000000, -1.734723475976793487E-15 ) ) ;
#3425 = CARTESIAN_POINT ( 'NONE',  ( -27.50000000000000000, 5.200000000000000178, 6.599999999999996092 ) ) ;
#3426 = COLOUR_RGB ( '',0.8980392156862745390, 0.8980392156862745390, 0.8980392156862745390 ) ;
#3427 = ORIENTED_EDGE ( 'NONE', *, *, #6050, .T. ) ;
#3428 = PLANE ( 'NONE',  #841 ) ;
#3429 = AXIS2_PLACEMENT_3D ( 'NONE', #9078, #2173, #6482 ) ;
#3430 = CIRCLE ( 'NONE', #5378, 3.411345746565307646 ) ;
#3431 = DIRECTION ( 'NONE',  ( -0.0000000000000000000, -0.0000000000000000000, 1.000000000000000000 ) ) ;
#3432 = SURFACE_STYLE_USAGE ( .BOTH. , #83 ) ;
#3433 = PLANE ( 'NONE',  #3859 ) ;
#3434 = CARTESIAN_POINT ( 'NONE',  ( -11.18480339025594361, 11.39999999999999858, 5.114085138899327809 ) ) ;
#3435 = DIRECTION ( 'NONE',  ( 0.0000000000000000000, 0.0000000000000000000, -1.000000000000000000 ) ) ;
#3436 = LINE ( 'NONE', #39, #1783 ) ;
#3437 = PRESENTATION_STYLE_ASSIGNMENT (( #4986 ) ) ;
#3438 = EDGE_CURVE ( 'NONE', #1823, #1807, #1782, .T. ) ;
#3439 = ORIENTED_EDGE ( 'NONE', *, *, #1345, .F. ) ;
#3440 = COLOUR_RGB ( '',1.000000000000000000, 1.000000000000000000, 1.000000000000000000 ) ;
#3441 = FACE_OUTER_BOUND ( 'NONE', #5025, .T. ) ;
#3442 = CARTESIAN_POINT ( 'NONE',  ( 24.99999999999999645, 20.99999999999999645, -4.499999999999999112 ) ) ;
#3443 = ORIENTED_EDGE ( 'NONE', *, *, #3871, .T. ) ;
#3444 =( NAMED_UNIT ( * ) PLANE_ANGLE_UNIT ( ) SI_UNIT ( $, .RADIAN. ) );
#3445 = ADVANCED_FACE ( 'NONE', ( #2045 ), #7758, .F. ) ;
#3446 = CARTESIAN_POINT ( 'NONE',  ( -6.500000000000000888, 11.89999999999999858, 8.673617379884035472E-16 ) ) ;
#3447 = ORIENTED_EDGE ( 'NONE', *, *, #3470, .T. ) ;
#3448 = COLOUR_RGB ( '',0.8980392156862745390, 0.8980392156862745390, 0.8980392156862745390 ) ;
#3449 = AXIS2_PLACEMENT_3D ( 'NONE', #10525, #7971, #4693 ) ;
#3450 = DIRECTION ( 'NONE',  ( -1.000000000000000000, 0.0000000000000000000, -0.0000000000000000000 ) ) ;
#3451 = EDGE_CURVE ( 'NONE', #8890, #10360, #6043, .T. ) ;
#3452 = EDGE_CURVE ( 'NONE', #684, #8815, #668, .T. ) ;
#3453 = VERTEX_POINT ( 'NONE', #5462 ) ;
#3454 = DIRECTION ( 'NONE',  ( 0.0000000000000000000, -0.0000000000000000000, -1.000000000000000000 ) ) ;
#3455 = VECTOR ( 'NONE', #5490, 999.9999999999998863 ) ;
#3456 = CARTESIAN_POINT ( 'NONE',  ( -27.50000000000000000, 19.99999999999999289, 8.000000000000000000 ) ) ;
#3457 = EDGE_CURVE ( 'NONE', #1485, #7594, #6866, .T. ) ;
#3458 = VECTOR ( 'NONE', #10361, 1000.000000000000000 ) ;
#3459 = ORIENTED_EDGE ( 'NONE', *, *, #625, .T. ) ;
#3460 = LINE ( 'NONE', #4286, #10124 ) ;
#3461 = SURFACE_STYLE_FILL_AREA ( #10283 ) ;
#3462 = CARTESIAN_POINT ( 'NONE',  ( 20.10530292161654842, 13.89999999999999680, -0.6053029216165491944 ) ) ;
#3463 = EDGE_CURVE ( 'NONE', #6973, #9233, #8856, .T. ) ;
#3464 = VECTOR ( 'NONE', #8529, 1000.000000000000000 ) ;
#3465 = ADVANCED_FACE ( 'NONE', ( #1269 ), #7706, .F. ) ;
#3467 = ORIENTED_EDGE ( 'NONE', *, *, #3371, .F. ) ;
#3466 = AXIS2_PLACEMENT_3D ( 'NONE', #4622, #6366, #1206 ) ;
#3468 =( NAMED_UNIT ( * ) SI_UNIT ( $, .STERADIAN. ) SOLID_ANGLE_UNIT ( ) );
#3469 = COLOUR_RGB ( '',0.8980392156862745390, 0.8980392156862745390, 0.8980392156862745390 ) ;
#3470 = EDGE_CURVE ( 'NONE', #5265, #9240, #1723, .T. ) ;
#3471 = ORIENTED_EDGE ( 'NONE', *, *, #6952, .F. ) ;
#3472 = VECTOR ( 'NONE', #1034, 1000.000000000000000 ) ;
#3473 = VERTEX_POINT ( 'NONE', #5084 ) ;
#3474 = DIRECTION ( 'NONE',  ( 0.0000000000000000000, 0.0000000000000000000, 1.000000000000000000 ) ) ;
#3475 = CARTESIAN_POINT ( 'NONE',  ( 48.33386665984021136, 19.99999999999999289, 9.100000000000001421 ) ) ;
#3476 = CARTESIAN_POINT ( 'NONE',  ( 1.500000000000008216, 8.899999999999998579, 6.599999999999996092 ) ) ;
#3477 = CARTESIAN_POINT ( 'NONE',  ( -27.50000000000000000, 0.0000000000000000000, -9.000000000000000000 ) ) ;
#3478 = EDGE_LOOP ( 'NONE', ( #5594, #5987, #1781, #4445 ) ) ;
#3479 = MECHANICAL_DESIGN_GEOMETRIC_PRESENTATION_REPRESENTATION (  '', ( #6497 ), #1720 ) ;
#3480 = VERTEX_POINT ( 'NONE', #3741 ) ;
#3481 = CARTESIAN_POINT ( 'NONE',  ( 14.81519660974405639, 11.39999999999999858, 5.114085138899327809 ) ) ;
#3482 =( GEOMETRIC_REPRESENTATION_CONTEXT ( 3 ) GLOBAL_UNCERTAINTY_ASSIGNED_CONTEXT ( ( #5515 ) ) GLOBAL_UNIT_ASSIGNED_CONTEXT ( ( #3283, #10051, #2889 ) ) REPRESENTATION_CONTEXT ( 'NONE', 'WORKASPACE' ) );
#3483 = CARTESIAN_POINT ( 'NONE',  ( -27.50000000000000000, 2.800000000000002043, -8.999999999999996447 ) ) ;
#3484 = PLANE ( 'NONE',  #4127 ) ;
#3485 = ADVANCED_FACE ( 'NONE', ( #8480 ), #10250, .T. ) ;
#3486 = ORIENTED_EDGE ( 'NONE', *, *, #503, .T. ) ;
#3487 = DIRECTION ( 'NONE',  ( -0.0000000000000000000, 1.000000000000000000, 3.854941057726237604E-16 ) ) ;
#3488 = COLOUR_RGB ( '',0.8980392156862745390, 0.8980392156862745390, 0.8980392156862745390 ) ;
#3489 = DIRECTION ( 'NONE',  ( 1.000000000000000000, 0.0000000000000000000, 0.0000000000000000000 ) ) ;
#3490 = SURFACE_STYLE_USAGE ( .BOTH. , #1791 ) ;
#3491 = CARTESIAN_POINT ( 'NONE',  ( -6.500000000000000888, 11.89999999999999858, 8.673617379884035472E-16 ) ) ;
#3492 = DIRECTION ( 'NONE',  ( 0.0000000000000000000, 0.0000000000000000000, 1.000000000000000000 ) ) ;
#3493 = CARTESIAN_POINT ( 'NONE',  ( -18.89469707838345158, 13.89999999999999680, -2.234934561338733250 ) ) ;
#3494 = DIRECTION ( 'NONE',  ( -1.000000000000000000, 0.0000000000000000000, 0.0000000000000000000 ) ) ;
#3495 = VERTEX_POINT ( 'NONE', #4571 ) ;
#3496 = AXIS2_PLACEMENT_3D ( 'NONE', #8095, #3049, #7989 ) ;
#3497 = FACE_OUTER_BOUND ( 'NONE', #6483, .T. ) ;
#3498 = EDGE_CURVE ( 'NONE', #3124, #981, #8798, .T. ) ;
#3499 = ORIENTED_EDGE ( 'NONE', *, *, #28, .F. ) ;
#3500 = CYLINDRICAL_SURFACE ( 'NONE', #3680, 1.000000000000000000 ) ;
#3501 =( NAMED_UNIT ( * ) PLANE_ANGLE_UNIT ( ) SI_UNIT ( $, .RADIAN. ) );
#3502 = EDGE_LOOP ( 'NONE', ( #7763, #2796, #476, #5129 ) ) ;
#3503 = DIRECTION ( 'NONE',  ( -1.000000000000000000, 0.0000000000000000000, 6.653050579395577682E-17 ) ) ;
#3504 =( NAMED_UNIT ( * ) SI_UNIT ( $, .STERADIAN. ) SOLID_ANGLE_UNIT ( ) );
#3505 = ORIENTED_EDGE ( 'NONE', *, *, #5788, .F. ) ;
#3506 = CARTESIAN_POINT ( 'NONE',  ( -4.265065438661267194, 15.89999999999999680, 0.6053029216165494164 ) ) ;
#3507 = VECTOR ( 'NONE', #9710, 1000.000000000000000 ) ;
#3508 = PRESENTATION_LAYER_ASSIGNMENT (  '', '', ( #5461 ) ) ;
#3509 = CARTESIAN_POINT ( 'NONE',  ( -12.00000000000000355, -18.24828759089465535, 4.500000000000268230 ) ) ;
#3510 = EDGE_CURVE ( 'NONE', #4204, #352, #3537, .T. ) ;
#3511 = CARTESIAN_POINT ( 'NONE',  ( -27.50000000000000000, 21.09999999999999432, 8.000000000000000000 ) ) ;
#3512 = VECTOR ( 'NONE', #6379, 1000.000000000000000 ) ;
#3513 = FILL_AREA_STYLE ('',( #5961 ) ) ;
#3514 = VERTEX_POINT ( 'NONE', #2911 ) ;
#3515 = LINE ( 'NONE', #9, #10323 ) ;
#3516 = DIRECTION ( 'NONE',  ( -1.000000000000000000, 0.0000000000000000000, 0.0000000000000000000 ) ) ;
#3517 = DIRECTION ( 'NONE',  ( 1.000000000000000000, 0.0000000000000000000, 0.0000000000000000000 ) ) ;
#3518 = MECHANICAL_DESIGN_GEOMETRIC_PRESENTATION_REPRESENTATION (  '', ( #2131 ), #295 ) ;
#3519 = COLOUR_RGB ( '',0.8980392156862745390, 0.8980392156862745390, 0.8980392156862745390 ) ;
#3520 = EDGE_CURVE ( 'NONE', #2611, #1716, #72, .T. ) ;
#3521 = ORIENTED_EDGE ( 'NONE', *, *, #6040, .F. ) ;
#3522 = FACE_OUTER_BOUND ( 'NONE', #1029, .T. ) ;
#3523 = VECTOR ( 'NONE', #6243, 1000.000000000000000 ) ;
#3524 = ADVANCED_FACE ( 'NONE', ( #6919 ), #8242, .T. ) ;
#3525 = FILL_AREA_STYLE ('',( #60 ) ) ;
#3526 = ORIENTED_EDGE ( 'NONE', *, *, #4323, .F. ) ;
#3527 = DIRECTION ( 'NONE',  ( 0.0000000000000000000, 0.0000000000000000000, 1.000000000000000000 ) ) ;
#3528 = CIRCLE ( 'NONE', #2483, 1.000000000000000888 ) ;
#3529 = ORIENTED_EDGE ( 'NONE', *, *, #2235, .F. ) ;
#3530 = CARTESIAN_POINT ( 'NONE',  ( -27.50000000000002132, 9.399999999999998579, 4.500000000000132339 ) ) ;
#3531 = DIRECTION ( 'NONE',  ( 1.000000000000000000, -5.066103599503465719E-32, 3.854941057726238097E-16 ) ) ;
#3532 = UNCERTAINTY_MEASURE_WITH_UNIT (LENGTH_MEASURE( 1.000000000000000082E-05 ), #1718, 'distance_accuracy_value', 'NONE');
#3533 = CARTESIAN_POINT ( 'NONE',  ( -1.499999999999997780, 8.900000000000000355, -6.599999999999993427 ) ) ;
#3534 = VERTEX_POINT ( 'NONE', #8589 ) ;
#3535 = EDGE_CURVE ( 'NONE', #3480, #1052, #7198, .T. ) ;
#3536 = VERTEX_POINT ( 'NONE', #7409 ) ;
#3537 = LINE ( 'NONE', #4253, #313 ) ;
#3538 = VECTOR ( 'NONE', #102, 1000.000000000000000 ) ;
#3539 = SURFACE_SIDE_STYLE ('',( #6214 ) ) ;
#3540 = LINE ( 'NONE', #10195, #3421 ) ;
#3541 = ORIENTED_EDGE ( 'NONE', *, *, #6512, .T. ) ;
#3542 = ORIENTED_EDGE ( 'NONE', *, *, #8060, .F. ) ;
#3543 = DIRECTION ( 'NONE',  ( 1.000000000000000000, 0.0000000000000000000, 0.0000000000000000000 ) ) ;
#3544 = CARTESIAN_POINT ( 'NONE',  ( -24.49999999999999289, 20.99999999999999645, 9.000000000000365930 ) ) ;
#3545 = CARTESIAN_POINT ( 'NONE',  ( 19.50000000000000000, 15.89999999999999680, 8.673617379884035472E-16 ) ) ;
#3546 = CARTESIAN_POINT ( 'NONE',  ( 8.734934561338732806, 15.89999999999999680, -0.6053029216165494164 ) ) ;
#3547 = CARTESIAN_POINT ( 'NONE',  ( -11.50000000000000000, 20.99999999999999645, 4.500000000000274447 ) ) ;
#3548 = AXIS2_PLACEMENT_3D ( 'NONE', #5037, #8375, #6761 ) ;
#3549 = ORIENTED_EDGE ( 'NONE', *, *, #7650, .F. ) ;
#3550 =( NAMED_UNIT ( * ) PLANE_ANGLE_UNIT ( ) SI_UNIT ( $, .RADIAN. ) );
#3551 = DIRECTION ( 'NONE',  ( -7.709882115452476194E-16, 0.0000000000000000000, -1.000000000000000000 ) ) ;
#3552 = VERTEX_POINT ( 'NONE', #5575 ) ;
#3553 = LINE ( 'NONE', #10478, #4207 ) ;
#3554 = DIRECTION ( 'NONE',  ( 0.0000000000000000000, 0.0000000000000000000, 1.000000000000000000 ) ) ;
#3555 = CARTESIAN_POINT ( 'NONE',  ( 14.81519660974405639, 9.399999999999998579, -5.114085138899324257 ) ) ;
#3556 = ORIENTED_EDGE ( 'NONE', *, *, #1170, .F. ) ;
#3557 = DIRECTION ( 'NONE',  ( 1.000000000000000000, -0.0000000000000000000, 0.0000000000000000000 ) ) ;
#3558 = EDGE_LOOP ( 'NONE', ( #2272, #10731, #10611, #7238 ) ) ;
#3559 = EDGE_CURVE ( 'NONE', #2645, #2677, #2265, .T. ) ;
#3560 = DIRECTION ( 'NONE',  ( -1.000000000000000000, 0.0000000000000000000, 0.0000000000000000000 ) ) ;
#3561 = CARTESIAN_POINT ( 'NONE',  ( 20.10530292161654842, 13.89999999999999680, 2.234934561338733250 ) ) ;
#3562 = VECTOR ( 'NONE', #3527, 1000.000000000000000 ) ;
#3563 = PLANE ( 'NONE',  #3466 ) ;
#3564 = VERTEX_POINT ( 'NONE', #1377 ) ;
#3565 = CARTESIAN_POINT ( 'NONE',  ( 24.50000000000000000, -18.24828759089465535, -4.500000000000002665 ) ) ;
#3566 = PLANE ( 'NONE',  #8191 ) ;
#3567 = LINE ( 'NONE', #3799, #5171 ) ;
#3568 = EDGE_CURVE ( 'NONE', #7698, #1181, #4730, .T. ) ;
#3569 = VERTEX_POINT ( 'NONE', #3184 ) ;
#3570 = AXIS2_PLACEMENT_3D ( 'NONE', #7961, #10348, #2858 ) ;
#3571 = SURFACE_STYLE_FILL_AREA ( #5293 ) ;
#3572 = EDGE_LOOP ( 'NONE', ( #10782, #7864, #9440, #3386 ) ) ;
#3573 = MECHANICAL_DESIGN_GEOMETRIC_PRESENTATION_REPRESENTATION (  '', ( #9428 ), #2867 ) ;
#3574 = SURFACE_SIDE_STYLE ('',( #4517 ) ) ;
#3575 = EDGE_CURVE ( 'NONE', #1226, #10761, #8115, .T. ) ;
#3576 = VECTOR ( 'NONE', #9394, 1000.000000000000000 ) ;
#3577 = ORIENTED_EDGE ( 'NONE', *, *, #1437, .T. ) ;
#3578 = DIRECTION ( 'NONE',  ( 0.0000000000000000000, 0.0000000000000000000, -1.000000000000000000 ) ) ;
#3579 =( LENGTH_UNIT ( ) NAMED_UNIT ( * ) SI_UNIT ( .MILLI., .METRE. ) );
#3580 = CARTESIAN_POINT ( 'NONE',  ( 6.499999999999999112, 11.89999999999999858, 8.673617379884035472E-16 ) ) ;
#3581 = CARTESIAN_POINT ( 'NONE',  ( -5.894697078383451583, 13.89999999999999680, 2.234934561338733250 ) ) ;
#3582 = ORIENTED_EDGE ( 'NONE', *, *, #9996, .T. ) ;
#3583 = EDGE_CURVE ( 'NONE', #6060, #10777, #7352, .T. ) ;
#3584 = EDGE_CURVE ( 'NONE', #4034, #9760, #5516, .T. ) ;
#3585 = VERTEX_POINT ( 'NONE', #4015 ) ;
#3586 = VECTOR ( 'NONE', #3178, 1000.000000000000000 ) ;
#3587 = AXIS2_PLACEMENT_3D ( 'NONE', #6231, #2183, #10541 ) ;
#3588 = FACE_OUTER_BOUND ( 'NONE', #7490, .T. ) ;
#3589 = FACE_OUTER_BOUND ( 'NONE', #10691, .T. ) ;
#3590 = CARTESIAN_POINT ( 'NONE',  ( 7.500000000000000000, -2.750000000000000000, -0.4999999999999968914 ) ) ;
#3591 = ORIENTED_EDGE ( 'NONE', *, *, #8338, .F. ) ;
#3592 = CARTESIAN_POINT ( 'NONE',  ( 14.49999999999999645, -18.24828759089465535, -4.499999999999911182 ) ) ;
#3593 = EDGE_CURVE ( 'NONE', #1507, #4244, #3912, .T. ) ;
#3594 = COLOUR_RGB ( '',0.8980392156862745390, 0.8980392156862745390, 0.8980392156862745390 ) ;
#3595 = LINE ( 'NONE', #3544, #6086 ) ;
#3596 = DIRECTION ( 'NONE',  ( -0.0000000000000000000, -1.000000000000000000, -0.0000000000000000000 ) ) ;
#3597 = CARTESIAN_POINT ( 'NONE',  ( 26.75000000000000000, 0.0000000000000000000, -9.000000000000000000 ) ) ;
#3598 = AXIS2_PLACEMENT_3D ( 'NONE', #2658, #7097, #8812 ) ;
#3599 = CIRCLE ( 'NONE', #3067, 4.411345746565307202 ) ;
#3600 = DIRECTION ( 'NONE',  ( -0.0000000000000000000, -1.000000000000000000, -0.0000000000000000000 ) ) ;
#3601 = CARTESIAN_POINT ( 'NONE',  ( -27.50000000000000000, 9.399999999999998579, 6.099999999999996092 ) ) ;
#3602 = FILL_AREA_STYLE ('',( #10534 ) ) ;
#3603 = CIRCLE ( 'NONE', #10659, 0.5000000000000004441 ) ;
#3604 = ORIENTED_EDGE ( 'NONE', *, *, #10439, .F. ) ;
#3605 = PRESENTATION_LAYER_ASSIGNMENT (  '', '', ( #6824 ) ) ;
#3606 = AXIS2_PLACEMENT_3D ( 'NONE', #8100, #537, #5673 ) ;
#3607 = CIRCLE ( 'NONE', #2909, 1.000000000000000000 ) ;
#3608 = CARTESIAN_POINT ( 'NONE',  ( 20.10530292161654842, 15.89999999999999680, 2.234934561338733250 ) ) ;
#3609 = EDGE_LOOP ( 'NONE', ( #8997, #6228, #9079, #8156 ) ) ;
#3610 =( LENGTH_UNIT ( ) NAMED_UNIT ( * ) SI_UNIT ( .MILLI., .METRE. ) );
#3611 = EDGE_CURVE ( 'NONE', #9762, #1570, #7293, .T. ) ;
#3612 = CARTESIAN_POINT ( 'NONE',  ( -27.50000000000000000, 5.200000000000000178, 6.599999999999996092 ) ) ;
#3613 = LINE ( 'NONE', #6176, #332 ) ;
#3614 = FACE_OUTER_BOUND ( 'NONE', #5893, .T. ) ;
#3615 = VERTEX_POINT ( 'NONE', #10652 ) ;
#3616 = SURFACE_STYLE_FILL_AREA ( #8614 ) ;
#3617 = AXIS2_PLACEMENT_3D ( 'NONE', #9989, #8381, #10798 ) ;
#3618 = EDGE_LOOP ( 'NONE', ( #7498, #10404, #7895, #10884, #369 ) ) ;
#3619 = PLANE ( 'NONE',  #8796 ) ;
#3620 = DIRECTION ( 'NONE',  ( 0.0000000000000000000, -0.0000000000000000000, 1.000000000000000000 ) ) ;
#3621 = AXIS2_PLACEMENT_3D ( 'NONE', #3913, #1479, #6427 ) ;
#3622 = CARTESIAN_POINT ( 'NONE',  ( -13.75000000000000000, 0.0000000000000000000, -9.000000000000000000 ) ) ;
#3623 = AXIS2_PLACEMENT_3D ( 'NONE', #8699, #9578, #4469 ) ;
#3624 = FACE_OUTER_BOUND ( 'NONE', #8299, .T. ) ;
#3625 = VERTEX_POINT ( 'NONE', #2316 ) ;
#3626 = EDGE_CURVE ( 'NONE', #2072, #7275, #4902, .T. ) ;
#3627 = FACE_OUTER_BOUND ( 'NONE', #5604, .T. ) ;
#3628 = CARTESIAN_POINT ( 'NONE',  ( -25.24999999999999645, 19.00000000000000000, -7.999999999999998224 ) ) ;
#3629 = DIRECTION ( 'NONE',  ( 1.000000000000000000, 0.0000000000000000000, 0.0000000000000000000 ) ) ;
#3630 = UNCERTAINTY_MEASURE_WITH_UNIT (LENGTH_MEASURE( 1.000000000000000082E-05 ), #640, 'distance_accuracy_value', 'NONE');
#3631 = ORIENTED_EDGE ( 'NONE', *, *, #9707, .F. ) ;
#3632 = LINE ( 'NONE', #1160, #374 ) ;
#3633 = ORIENTED_EDGE ( 'NONE', *, *, #1584, .T. ) ;
#3634 = ADVANCED_FACE ( 'NONE', ( #8225, #669 ), #2362, .F. ) ;
#3635 = DIRECTION ( 'NONE',  ( 1.000000000000000000, 1.013220719900694238E-31, -7.709882115452484083E-16 ) ) ;
#3636 = VECTOR ( 'NONE', #3020, 1000.000000000000000 ) ;
#3637 = ORIENTED_EDGE ( 'NONE', *, *, #10197, .F. ) ;
#3638 = CARTESIAN_POINT ( 'NONE',  ( 1.815196609744055500, 9.399999999999998579, -5.114085138899324257 ) ) ;
#3639 = LINE ( 'NONE', #7028, #1763 ) ;
#3640 = CARTESIAN_POINT ( 'NONE',  ( 19.50000000000000000, 15.89999999999999680, -3.411345746565306758 ) ) ;
#3641 = PRESENTATION_LAYER_ASSIGNMENT (  '', '', ( #6323 ) ) ;
#3642 = ORIENTED_EDGE ( 'NONE', *, *, #9714, .T. ) ;
#3643 = EDGE_LOOP ( 'NONE', ( #6844, #9145, #769, #5309 ) ) ;
#3644 = AXIS2_PLACEMENT_3D ( 'NONE', #9057, #654, #2306 ) ;
#3645 = DIRECTION ( 'NONE',  ( 0.0000000000000000000, 1.000000000000000000, 0.0000000000000000000 ) ) ;
#3646 =( NAMED_UNIT ( * ) PLANE_ANGLE_UNIT ( ) SI_UNIT ( $, .RADIAN. ) );
#3647 = DIRECTION ( 'NONE',  ( 0.0000000000000000000, 0.0000000000000000000, -1.000000000000000000 ) ) ;
#3648 = PRESENTATION_LAYER_ASSIGNMENT (  '', '', ( #8074 ) ) ;
#3649 = ORIENTED_EDGE ( 'NONE', *, *, #2047, .F. ) ;
#3650 = ADVANCED_FACE ( 'NONE', ( #9178 ), #9280, .T. ) ;
#3651 = EDGE_LOOP ( 'NONE', ( #9044, #2945, #5321, #8935 ) ) ;
#3652 = CARTESIAN_POINT ( 'NONE',  ( 1.500000000000004885, 8.900000000000000355, -6.599999999999993427 ) ) ;
#3653 = DIRECTION ( 'NONE',  ( 1.000000000000000000, 0.0000000000000000000, -0.0000000000000000000 ) ) ;
#3654 = DIRECTION ( 'NONE',  ( 0.0000000000000000000, 1.000000000000000000, 1.314184451497582245E-16 ) ) ;
#3655 = VERTEX_POINT ( 'NONE', #10861 ) ;
#3656 = VECTOR ( 'NONE', #1009, 1000.000000000000000 ) ;
#3657 = DIRECTION ( 'NONE',  ( -1.000000000000000000, 0.0000000000000000000, 0.0000000000000000000 ) ) ;
#3658 =( LENGTH_UNIT ( ) NAMED_UNIT ( * ) SI_UNIT ( .MILLI., .METRE. ) );
#3659 = MECHANICAL_DESIGN_GEOMETRIC_PRESENTATION_REPRESENTATION (  '', ( #6499 ), #8621 ) ;
#3660 = ORIENTED_EDGE ( 'NONE', *, *, #2901, .T. ) ;
#3661 = EDGE_CURVE ( 'NONE', #6139, #4804, #7624, .T. ) ;
#3662 = CARTESIAN_POINT ( 'NONE',  ( -24.49999999999999645, 2.800000000000003375, -8.999999999999994671 ) ) ;
#3663 = DIRECTION ( 'NONE',  ( 0.0000000000000000000, 0.0000000000000000000, 1.000000000000000000 ) ) ;
#3664 = DIRECTION ( 'NONE',  ( 1.000000000000000000, -1.013220719900694020E-31, 7.709882115452482111E-16 ) ) ;
#3665 = EDGE_CURVE ( 'NONE', #560, #8320, #10378, .T. ) ;
#3666 = EDGE_LOOP ( 'NONE', ( #9552, #1035, #1828, #7399 ) ) ;
#3667 = FILL_AREA_STYLE ('',( #6175 ) ) ;
#3668 = DIRECTION ( 'NONE',  ( -5.451709925985334213E-16, 0.7071067811865470176, -0.7071067811865479058 ) ) ;
#3669 = DIRECTION ( 'NONE',  ( -0.0000000000000000000, 1.000000000000000000, -0.0000000000000000000 ) ) ;
#3670 = ORIENTED_EDGE ( 'NONE', *, *, #3116, .T. ) ;
#3671 = VECTOR ( 'NONE', #10459, 1000.000000000000000 ) ;
#3672 = CARTESIAN_POINT ( 'NONE',  ( -19.50000000000000000, 11.89999999999999858, 8.673617379884035472E-16 ) ) ;
#3673 = PLANE ( 'NONE',  #6705 ) ;
#3674 = ORIENTED_EDGE ( 'NONE', *, *, #4395, .T. ) ;
#3675 = EDGE_CURVE ( 'NONE', #835, #6491, #829, .T. ) ;
#3676 = DIRECTION ( 'NONE',  ( 0.0000000000000000000, 0.0000000000000000000, -1.000000000000000000 ) ) ;
#3677 = LINE ( 'NONE', #7175, #6729 ) ;
#3678 = DIRECTION ( 'NONE',  ( -0.0000000000000000000, -1.000000000000000000, -0.0000000000000000000 ) ) ;
#3679 = CARTESIAN_POINT ( 'NONE',  ( 1.000000000000004441, 9.400000000000000355, -6.599999999999981881 ) ) ;
#3680 = AXIS2_PLACEMENT_3D ( 'NONE', #5269, #8776, #2885 ) ;
#3681 = LINE ( 'NONE', #8730, #6641 ) ;
#3682 = DIRECTION ( 'NONE',  ( 0.0000000000000000000, 1.000000000000000000, 0.0000000000000000000 ) ) ;
#3683 = ORIENTED_EDGE ( 'NONE', *, *, #6017, .F. ) ;
#3684 = DIRECTION ( 'NONE',  ( 0.0000000000000000000, 0.0000000000000000000, -1.000000000000000000 ) ) ;
#3685 = DIRECTION ( 'NONE',  ( 0.0000000000000000000, -0.0000000000000000000, -1.000000000000000000 ) ) ;
#3686 = VECTOR ( 'NONE', #9003, 1000.000000000000000 ) ;
#3687 = VERTEX_POINT ( 'NONE', #8448 ) ;
#3688 = DIRECTION ( 'NONE',  ( 0.0000000000000000000, 0.0000000000000000000, -1.000000000000000000 ) ) ;
#3689 = VECTOR ( 'NONE', #10907, 1000.000000000000000 ) ;
#3690 = MECHANICAL_DESIGN_GEOMETRIC_PRESENTATION_REPRESENTATION (  '', ( #4751 ), #7422 ) ;
#3691 = ORIENTED_EDGE ( 'NONE', *, *, #1039, .T. ) ;
#3692 = CARTESIAN_POINT ( 'NONE',  ( -24.49999999999999645, 8.899999999999998579, 6.099999999999996092 ) ) ;
#3693 = ORIENTED_EDGE ( 'NONE', *, *, #6552, .F. ) ;
#3694 = DIRECTION ( 'NONE',  ( 0.0000000000000000000, 1.000000000000000000, 1.239088197126289880E-15 ) ) ;
#3695 = CARTESIAN_POINT ( 'NONE',  ( 11.49999999999999822, 20.00000000000000000, -7.999999999999976019 ) ) ;
#3696 =( NAMED_UNIT ( * ) PLANE_ANGLE_UNIT ( ) SI_UNIT ( $, .RADIAN. ) );
#3697 = AXIS2_PLACEMENT_3D ( 'NONE', #9796, #3809, #3748 ) ;
#3698 = DIRECTION ( 'NONE',  ( -0.0000000000000000000, -0.0000000000000000000, 1.000000000000000000 ) ) ;
#3699 = STYLED_ITEM ( 'NONE', ( #10345 ), #8883 ) ;
#3700 = ORIENTED_EDGE ( 'NONE', *, *, #455, .F. ) ;
#3701 = VECTOR ( 'NONE', #9805, 1000.000000000000000 ) ;
#3702 = ADVANCED_FACE ( 'NONE', ( #5115 ), #10055, .F. ) ;
#3703 = CARTESIAN_POINT ( 'NONE',  ( -0.9999999999999974465, 20.99999999999999645, 4.500000000000184741 ) ) ;
#3704 = LINE ( 'NONE', #4365, #9268 ) ;
#3705 = LINE ( 'NONE', #1282, #454 ) ;
#3706 = ORIENTED_EDGE ( 'NONE', *, *, #8603, .T. ) ;
#3707 = ORIENTED_EDGE ( 'NONE', *, *, #2511, .T. ) ;
#3708 =( GEOMETRIC_REPRESENTATION_CONTEXT ( 3 ) GLOBAL_UNCERTAINTY_ASSIGNED_CONTEXT ( ( #24 ) ) GLOBAL_UNIT_ASSIGNED_CONTEXT ( ( #9499, #7398, #5622 ) ) REPRESENTATION_CONTEXT ( 'NONE', 'WORKASPACE' ) );
#3709 = DIRECTION ( 'NONE',  ( -0.0000000000000000000, 1.000000000000000000, -0.0000000000000000000 ) ) ;
#3710 = EDGE_LOOP ( 'NONE', ( #8478, #7903, #6750, #3309 ) ) ;
#3711 = DIRECTION ( 'NONE',  ( 0.0000000000000000000, -1.000000000000000000, 5.782411586589338903E-16 ) ) ;
#3712 = LINE ( 'NONE', #255, #6374 ) ;
#3713 = CIRCLE ( 'NONE', #10084, 1.000000000000000000 ) ;
#3714 = VERTEX_POINT ( 'NONE', #5797 ) ;
#3715 =( NAMED_UNIT ( * ) SI_UNIT ( $, .STERADIAN. ) SOLID_ANGLE_UNIT ( ) );
#3716 = EDGE_CURVE ( 'NONE', #7481, #7969, #774, .T. ) ;
#3717 = DIRECTION ( 'NONE',  ( 0.0000000000000000000, 2.168404344971012319E-16, -1.000000000000000000 ) ) ;
#3718 = CARTESIAN_POINT ( 'NONE',  ( 13.75000000000000178, 2.799999999999999822, 9.000000000000000000 ) ) ;
#3719 = CARTESIAN_POINT ( 'NONE',  ( -25.24999999999999645, 0.0000000000000000000, -8.999999999999996447 ) ) ;
#3720 = ORIENTED_EDGE ( 'NONE', *, *, #6119, .F. ) ;
#3721 = CARTESIAN_POINT ( 'NONE',  ( 48.33386665984021136, 20.00000000000000711, -10.09999999999980247 ) ) ;
#3722 = CARTESIAN_POINT ( 'NONE',  ( 25.24999999999999645, 19.00000000000000000, 7.999999999999998224 ) ) ;
#3723 = CARTESIAN_POINT ( 'NONE',  ( -25.24999999999999645, 0.0000000000000000000, -7.999999999999998224 ) ) ;
#3724 = ORIENTED_EDGE ( 'NONE', *, *, #3729, .T. ) ;
#3725 = EDGE_CURVE ( 'NONE', #10865, #9301, #5855, .T. ) ;
#3726 = PRESENTATION_STYLE_ASSIGNMENT (( #4557 ) ) ;
#3727 = CARTESIAN_POINT ( 'NONE',  ( -0.7500000000000006661, 0.0000000000000000000, 7.999999999999998224 ) ) ;
#3728 = ORIENTED_EDGE ( 'NONE', *, *, #4132, .F. ) ;
#3729 = EDGE_CURVE ( 'NONE', #9005, #2985, #10387, .T. ) ;
#3730 = DIRECTION ( 'NONE',  ( 1.000000000000000000, 0.0000000000000000000, 0.0000000000000000000 ) ) ;
#3731 = CARTESIAN_POINT ( 'NONE',  ( -27.50000000000000000, 16.99999999999999645, 9.100000000000186162 ) ) ;
#3732 = AXIS2_PLACEMENT_3D ( 'NONE', #1287, #8031, #9867 ) ;
#3733 = PRESENTATION_STYLE_ASSIGNMENT (( #392 ) ) ;
#3734 = DIRECTION ( 'NONE',  ( 0.0000000000000000000, 1.000000000000000000, 1.239088197126289880E-15 ) ) ;
#3735 = MECHANICAL_DESIGN_GEOMETRIC_PRESENTATION_REPRESENTATION (  '', ( #6046 ), #5139 ) ;
#3736 = ORIENTED_EDGE ( 'NONE', *, *, #2099, .T. ) ;
#3737 = CARTESIAN_POINT ( 'NONE',  ( 14.81519660974405639, 9.399999999999998579, 5.114085138899327809 ) ) ;
#3738 = EDGE_CURVE ( 'NONE', #242, #6394, #6838, .T. ) ;
#3739 = CARTESIAN_POINT ( 'NONE',  ( 26.74999999999999645, 19.00000000000000000, 7.999999999999998224 ) ) ;
#3740 = SURFACE_SIDE_STYLE ('',( #7789 ) ) ;
#3741 = CARTESIAN_POINT ( 'NONE',  ( -6.500000000000000888, 15.89999999999999680, 3.411345746565308534 ) ) ;
#3742 = DIRECTION ( 'NONE',  ( -1.000000000000000000, 0.0000000000000000000, 0.0000000000000000000 ) ) ;
#3743 = UNCERTAINTY_MEASURE_WITH_UNIT (LENGTH_MEASURE( 1.000000000000000082E-05 ), #238, 'distance_accuracy_value', 'NONE');
#3744 = ORIENTED_EDGE ( 'NONE', *, *, #1688, .T. ) ;
#3745 = DIRECTION ( 'NONE',  ( 0.0000000000000000000, 1.000000000000000000, 0.0000000000000000000 ) ) ;
#3746 = ORIENTED_EDGE ( 'NONE', *, *, #5555, .T. ) ;
#3747 = FACE_OUTER_BOUND ( 'NONE', #3852, .T. ) ;
#3748 = DIRECTION ( 'NONE',  ( 0.0000000000000000000, 0.0000000000000000000, 1.000000000000000000 ) ) ;
#3749 = CARTESIAN_POINT ( 'NONE',  ( 14.50000000000000178, 5.200000000000001066, -6.599999999999994316 ) ) ;
#3750 = ORIENTED_EDGE ( 'NONE', *, *, #2261, .F. ) ;
#3751 = VERTEX_POINT ( 'NONE', #4120 ) ;
#3752 = DIRECTION ( 'NONE',  ( 1.000000000000000000, 0.0000000000000000000, 0.0000000000000000000 ) ) ;
#3753 = DIRECTION ( 'NONE',  ( 1.000000000000000000, 0.0000000000000000000, 0.0000000000000000000 ) ) ;
#3754 = CARTESIAN_POINT ( 'NONE',  ( -11.49999999999999645, 20.99999999999999645, 9.000000000000275335 ) ) ;
#3755 = VERTEX_POINT ( 'NONE', #3231 ) ;
#3756 = ORIENTED_EDGE ( 'NONE', *, *, #2746, .F. ) ;
#3757 = CARTESIAN_POINT ( 'NONE',  ( -19.50000000000000000, 12.89999999999999858, 8.673617379884035472E-16 ) ) ;
#3758 = DIRECTION ( 'NONE',  ( 0.0000000000000000000, -1.314184451497582492E-16, 1.000000000000000000 ) ) ;
#3759 = CYLINDRICAL_SURFACE ( 'NONE', #10235, 0.5000000000000004441 ) ;
#3760 = DIRECTION ( 'NONE',  ( 1.000000000000000000, -0.0000000000000000000, 1.224646799147353207E-16 ) ) ;
#3761 = VERTEX_POINT ( 'NONE', #4999 ) ;
#3762 = EDGE_CURVE ( 'NONE', #6597, #3824, #8396, .T. ) ;
#3763 = CARTESIAN_POINT ( 'NONE',  ( -6.500000000000000888, -3.750000000000000000, -0.4999999999999968914 ) ) ;
#3764 = FILL_AREA_STYLE ('',( #9534 ) ) ;
#3765 = AXIS2_PLACEMENT_3D ( 'NONE', #9612, #1157, #4510 ) ;
#3766 = ORIENTED_EDGE ( 'NONE', *, *, #2714, .T. ) ;
#3767 = VECTOR ( 'NONE', #5007, 1000.000000000000000 ) ;
#3768 = PRESENTATION_STYLE_ASSIGNMENT (( #8992 ) ) ;
#3769 = CARTESIAN_POINT ( 'NONE',  ( -4.265065438661267194, 13.89999999999999680, 0.6053029216165494164 ) ) ;
#3770 = VECTOR ( 'NONE', #9706, 1000.000000000000000 ) ;
#3771 = ORIENTED_EDGE ( 'NONE', *, *, #8795, .T. ) ;
#3772 =( NAMED_UNIT ( * ) SI_UNIT ( $, .STERADIAN. ) SOLID_ANGLE_UNIT ( ) );
#3773 = AXIS2_PLACEMENT_3D ( 'NONE', #8714, #2138, #4606 ) ;
#3774 = VECTOR ( 'NONE', #5758, 1000.000000000000000 ) ;
#3775 = CARTESIAN_POINT ( 'NONE',  ( 12.25000000000000000, 19.00000000000000000, 7.999999999999998224 ) ) ;
#3776 = CARTESIAN_POINT ( 'NONE',  ( 12.25000000000000000, 19.00000000000000000, -7.999999999999998224 ) ) ;
#3777 = PLANE ( 'NONE',  #9362 ) ;
#3778 = ORIENTED_EDGE ( 'NONE', *, *, #2883, .T. ) ;
#3779 = CARTESIAN_POINT ( 'NONE',  ( -19.50000000000000000, 11.89999999999999858, 8.673617379884035472E-16 ) ) ;
#3780 =( NAMED_UNIT ( * ) PLANE_ANGLE_UNIT ( ) SI_UNIT ( $, .RADIAN. ) );
#3781 = FACE_OUTER_BOUND ( 'NONE', #1988, .T. ) ;
#3782 = ORIENTED_EDGE ( 'NONE', *, *, #6518, .T. ) ;
#3783 = AXIS2_PLACEMENT_3D ( 'NONE', #10732, #6554, #534 ) ;
#3784 = AXIS2_PLACEMENT_3D ( 'NONE', #5110, #4276, #5157 ) ;
#3785 = AXIS2_PLACEMENT_3D ( 'NONE', #2000, #3647, #10578 ) ;
#3786 = FACE_OUTER_BOUND ( 'NONE', #135, .T. ) ;
#3787 = CYLINDRICAL_SURFACE ( 'NONE', #10770, 1.993034753127727488 ) ;
#3788 = CARTESIAN_POINT ( 'NONE',  ( -1.815196609744064160, 9.399999999999998579, 5.114085138899327809 ) ) ;
#3789 = CARTESIAN_POINT ( 'NONE',  ( -27.50000000000000000, 2.799999999999999822, 9.000000000000000000 ) ) ;
#3790 = DIRECTION ( 'NONE',  ( -1.330610115879115536E-16, 0.0000000000000000000, -1.000000000000000000 ) ) ;
#3791 = LINE ( 'NONE', #9607, #7180 ) ;
#3792 = VERTEX_POINT ( 'NONE', #6839 ) ;
#3793 = STYLED_ITEM ( 'NONE', ( #6055 ), #7456 ) ;
#3794 = EDGE_CURVE ( 'NONE', #7570, #4804, #10221, .T. ) ;
#3795 = MECHANICAL_DESIGN_GEOMETRIC_PRESENTATION_REPRESENTATION (  '', ( #3072 ), #2213 ) ;
#3796 = EDGE_CURVE ( 'NONE', #2564, #6658, #9389, .T. ) ;
#3797 = DIRECTION ( 'NONE',  ( 0.0000000000000000000, 1.000000000000000000, 0.0000000000000000000 ) ) ;
#3798 = VECTOR ( 'NONE', #1816, 1000.000000000000000 ) ;
#3799 = CARTESIAN_POINT ( 'NONE',  ( -20.10530292161654842, 15.89999999999999680, 2.234934561338733250 ) ) ;
#3800 = FILL_AREA_STYLE ('',( #5742 ) ) ;
#3801 = FILL_AREA_STYLE_COLOUR ( '', #1952 ) ;
#3802 = PRESENTATION_LAYER_ASSIGNMENT (  '', '', ( #8585 ) ) ;
#3803 = EDGE_CURVE ( 'NONE', #2488, #1338, #7781, .T. ) ;
#3804 = EDGE_LOOP ( 'NONE', ( #478, #5977, #9512, #1985 ) ) ;
#3806 = ADVANCED_FACE ( 'NONE', ( #4440 ), #7007, .F. ) ;
#3805 = FACE_OUTER_BOUND ( 'NONE', #3902, .T. ) ;
#3807 = VERTEX_POINT ( 'NONE', #2681 ) ;
#3808 = CARTESIAN_POINT ( 'NONE',  ( 17.26506543866126719, 15.89999999999999680, 0.6053029216165499715 ) ) ;
#3809 = DIRECTION ( 'NONE',  ( 0.0000000000000000000, 1.000000000000000000, 0.0000000000000000000 ) ) ;
#3810 = SURFACE_STYLE_USAGE ( .BOTH. , #462 ) ;
#3811 = VECTOR ( 'NONE', #5394, 1000.000000000000000 ) ;
#3812 =( GEOMETRIC_REPRESENTATION_CONTEXT ( 3 ) GLOBAL_UNCERTAINTY_ASSIGNED_CONTEXT ( ( #9509 ) ) GLOBAL_UNIT_ASSIGNED_CONTEXT ( ( #2657, #2758, #1015 ) ) REPRESENTATION_CONTEXT ( 'NONE', 'WORKASPACE' ) );
#3813 = FILL_AREA_STYLE_COLOUR ( '', #10036 ) ;
#3814 = ORIENTED_EDGE ( 'NONE', *, *, #2571, .F. ) ;
#3815 = EDGE_CURVE ( 'NONE', #6911, #2389, #1024, .T. ) ;
#3816 = SURFACE_STYLE_FILL_AREA ( #3085 ) ;
#3817 =( GEOMETRIC_REPRESENTATION_CONTEXT ( 3 ) GLOBAL_UNCERTAINTY_ASSIGNED_CONTEXT ( ( #9399 ) ) GLOBAL_UNIT_ASSIGNED_CONTEXT ( ( #5974, #6033, #3468 ) ) REPRESENTATION_CONTEXT ( 'NONE', 'WORKASPACE' ) );
#3818 = ORIENTED_EDGE ( 'NONE', *, *, #1527, .F. ) ;
#3819 = VERTEX_POINT ( 'NONE', #6241 ) ;
#3820 = STYLED_ITEM ( 'NONE', ( #6438 ), #5055 ) ;
#3821 = CARTESIAN_POINT ( 'NONE',  ( 18.89469707838345158, 13.89999999999999680, -2.234934561338733250 ) ) ;
#3822 = CARTESIAN_POINT ( 'NONE',  ( 8.734934561338732806, 13.89999999999999680, 0.6053029216165494164 ) ) ;
#3823 = CARTESIAN_POINT ( 'NONE',  ( 14.49999999999999467, 9.400000000000000355, -4.499999999999906741 ) ) ;
#3824 = VERTEX_POINT ( 'NONE', #10333 ) ;
#3825 = CARTESIAN_POINT ( 'NONE',  ( -1.815196609744064160, 9.399999999999998579, 5.114085138899327809 ) ) ;
#3826 =( GEOMETRIC_REPRESENTATION_CONTEXT ( 3 ) GLOBAL_UNCERTAINTY_ASSIGNED_CONTEXT ( ( #4399 ) ) GLOBAL_UNIT_ASSIGNED_CONTEXT ( ( #1537, #9945, #6423 ) ) REPRESENTATION_CONTEXT ( 'NONE', 'WORKASPACE' ) );
#3827 = ORIENTED_EDGE ( 'NONE', *, *, #5415, .T. ) ;
#3828 = LINE ( 'NONE', #3935, #4695 ) ;
#3829 = EDGE_CURVE ( 'NONE', #10438, #6997, #1201, .T. ) ;
#3830 = CARTESIAN_POINT ( 'NONE',  ( 24.99999999999999645, 9.400000000000000355, -6.599999999999993427 ) ) ;
#3831 = ORIENTED_EDGE ( 'NONE', *, *, #6524, .T. ) ;
#3832 = SURFACE_STYLE_USAGE ( .BOTH. , #1410 ) ;
#3833 = VECTOR ( 'NONE', #2843, 1000.000000000000000 ) ;
#3834 = CARTESIAN_POINT ( 'NONE',  ( -19.50000000000000000, -3.750000000000000000, 0.5000000000000031086 ) ) ;
#3835 = DIRECTION ( 'NONE',  ( 1.000000000000000000, 0.0000000000000000000, 0.0000000000000000000 ) ) ;
#3836 = CYLINDRICAL_SURFACE ( 'NONE', #2409, 1.993034753127727488 ) ;
#3837 = VERTEX_POINT ( 'NONE', #331 ) ;
#3838 = FILL_AREA_STYLE ('',( #488 ) ) ;
#3839 = DIRECTION ( 'NONE',  ( -0.0000000000000000000, 0.0000000000000000000, -1.000000000000000000 ) ) ;
#3840 = CARTESIAN_POINT ( 'NONE',  ( -20.10530292161654842, 13.89999999999999680, -2.234934561338733250 ) ) ;
#3841 = ORIENTED_EDGE ( 'NONE', *, *, #3325, .F. ) ;
#3842 = VECTOR ( 'NONE', #6863, 1000.000000000000000 ) ;
#3843 = SURFACE_SIDE_STYLE ('',( #8157 ) ) ;
#3844 = SURFACE_STYLE_FILL_AREA ( #10490 ) ;
#3845 = EDGE_CURVE ( 'NONE', #8811, #9895, #7065, .T. ) ;
#3846 = PLANE ( 'NONE',  #9733 ) ;
#3847 =( LENGTH_UNIT ( ) NAMED_UNIT ( * ) SI_UNIT ( .MILLI., .METRE. ) );
#3848 = LINE ( 'NONE', #1802, #5436 ) ;
#3849 = LINE ( 'NONE', #8958, #2238 ) ;
#3850 = STYLED_ITEM ( 'NONE', ( #8415 ), #9891 ) ;
#3851 = DIRECTION ( 'NONE',  ( 1.000000000000000000, -0.0000000000000000000, 1.224646799147353207E-16 ) ) ;
#3852 = EDGE_LOOP ( 'NONE', ( #2779, #935, #1621, #9247, #5184, #5538, #1935, #2338, #7455, #6016, #1964, #402, #8696, #6578, #6722, #427, #5142, #10241, #10831, #1748, #6909, #3226, #1925, #7684, #10306, #2325, #10454, #7099, #5101, #6206, #4491, #803, #470, #10465, #10081, #2807, #3720, #2169, #222, #1501 ) ) ;
#3853 = PRESENTATION_LAYER_ASSIGNMENT (  '', '', ( #5630 ) ) ;
#3854 = CARTESIAN_POINT ( 'NONE',  ( 12.25000000000000000, 19.00000000000000000, 7.999999999999998224 ) ) ;
#3855 = DIRECTION ( 'NONE',  ( 0.0000000000000000000, -1.314184451497582492E-16, 1.000000000000000000 ) ) ;
#3856 = DIRECTION ( 'NONE',  ( -1.000000000000000000, -0.0000000000000000000, -0.0000000000000000000 ) ) ;
#3857 = ADVANCED_FACE ( 'NONE', ( #10389 ), #6070, .F. ) ;
#3858 = AXIS2_PLACEMENT_3D ( 'NONE', #701, #7440, #2504 ) ;
#3859 = AXIS2_PLACEMENT_3D ( 'NONE', #7606, #6760, #6601 ) ;
#3860 = UNCERTAINTY_MEASURE_WITH_UNIT (LENGTH_MEASURE( 1.000000000000000082E-05 ), #7301, 'distance_accuracy_value', 'NONE');
#3861 = ORIENTED_EDGE ( 'NONE', *, *, #6986, .T. ) ;
#3862 = DIRECTION ( 'NONE',  ( 0.0000000000000000000, 1.000000000000000000, 0.0000000000000000000 ) ) ;
#3863 =( NAMED_UNIT ( * ) PLANE_ANGLE_UNIT ( ) SI_UNIT ( $, .RADIAN. ) );
#3864 = ORIENTED_EDGE ( 'NONE', *, *, #3762, .F. ) ;
#3865 = CARTESIAN_POINT ( 'NONE',  ( 1.815196609744055500, 11.39999999999999858, 5.114085138899327809 ) ) ;
#3866 = DIRECTION ( 'NONE',  ( 3.854941057726238097E-16, 0.0000000000000000000, -1.000000000000000000 ) ) ;
#3867 = EDGE_CURVE ( 'NONE', #3132, #3534, #9444, .T. ) ;
#3868 = CARTESIAN_POINT ( 'NONE',  ( 27.50000000000000000, 0.0000000000000000000, 0.0000000000000000000 ) ) ;
#3869 = PRESENTATION_LAYER_ASSIGNMENT (  '', '', ( #7239 ) ) ;
#3870 = EDGE_LOOP ( 'NONE', ( #5251, #4901, #746, #10908 ) ) ;
#3871 = EDGE_CURVE ( 'NONE', #7006, #2471, #9601, .T. ) ;
#3872 = ADVANCED_FACE ( 'NONE', ( #1091 ), #3619, .F. ) ;
#3873 = DIRECTION ( 'NONE',  ( -1.000000000000000000, 0.0000000000000000000, 0.0000000000000000000 ) ) ;
#3874 = AXIS2_PLACEMENT_3D ( 'NONE', #10100, #4221, #7664 ) ;
#3875 = AXIS2_PLACEMENT_3D ( 'NONE', #1026, #9327, #872 ) ;
#3876 = CARTESIAN_POINT ( 'NONE',  ( -5.894697078383451583, 13.89999999999999680, 0.6053029216165488613 ) ) ;
#3877 = DIRECTION ( 'NONE',  ( -0.0000000000000000000, -1.000000000000000000, -0.0000000000000000000 ) ) ;
#3878 = EDGE_LOOP ( 'NONE', ( #215, #6587, #4393, #5190 ) ) ;
#3879 = ORIENTED_EDGE ( 'NONE', *, *, #6040, .T. ) ;
#3880 = SURFACE_SIDE_STYLE ('',( #8875 ) ) ;
#3881 = VECTOR ( 'NONE', #2220, 1000.000000000000000 ) ;
#3882 =( NAMED_UNIT ( * ) PLANE_ANGLE_UNIT ( ) SI_UNIT ( $, .RADIAN. ) );
#3883 = LINE ( 'NONE', #417, #8841 ) ;
#3884 = ORIENTED_EDGE ( 'NONE', *, *, #4466, .T. ) ;
#3885 = EDGE_CURVE ( 'NONE', #5051, #10149, #5958, .T. ) ;
#3886 = UNCERTAINTY_MEASURE_WITH_UNIT (LENGTH_MEASURE( 1.000000000000000082E-05 ), #9427, 'distance_accuracy_value', 'NONE');
#3887 = CYLINDRICAL_SURFACE ( 'NONE', #2656, 1.000000000000000000 ) ;
#3888 = MECHANICAL_DESIGN_GEOMETRIC_PRESENTATION_REPRESENTATION (  '', ( #8444 ), #2817 ) ;
#3889 = VERTEX_POINT ( 'NONE', #6461 ) ;
#3890 = DIRECTION ( 'NONE',  ( 0.0000000000000000000, 0.0000000000000000000, 1.000000000000000000 ) ) ;
#3891 = AXIS2_PLACEMENT_3D ( 'NONE', #649, #5674, #8049 ) ;
#3892 = FILL_AREA_STYLE_COLOUR ( '', #7842 ) ;
#3893 = VECTOR ( 'NONE', #5404, 1000.000000000000000 ) ;
#3894 = ORIENTED_EDGE ( 'NONE', *, *, #9364, .T. ) ;
#3895 = DIRECTION ( 'NONE',  ( 1.000000000000000000, -0.0000000000000000000, 1.224646799147353207E-16 ) ) ;
#3896 =( LENGTH_UNIT ( ) NAMED_UNIT ( * ) SI_UNIT ( .MILLI., .METRE. ) );
#3897 = VERTEX_POINT ( 'NONE', #5621 ) ;
#3898 = MECHANICAL_DESIGN_GEOMETRIC_PRESENTATION_REPRESENTATION (  '', ( #556 ), #6895 ) ;
#3899 = LINE ( 'NONE', #6455, #4667 ) ;
#3900 = LINE ( 'NONE', #7283, #197 ) ;
#3901 = CARTESIAN_POINT ( 'NONE',  ( 11.50000000000000178, 20.99999999999999645, -4.499999999999905853 ) ) ;
#3902 = EDGE_LOOP ( 'NONE', ( #9210, #10717, #8961, #7229 ) ) ;
#3903 = CARTESIAN_POINT ( 'NONE',  ( -13.75000000000000000, 19.00000000000000000, -7.999999999999998224 ) ) ;
#3904 = SURFACE_STYLE_USAGE ( .BOTH. , #10643 ) ;
#3905 = DIRECTION ( 'NONE',  ( 0.0000000000000000000, -1.000000000000000000, 0.0000000000000000000 ) ) ;
#3906 = DIRECTION ( 'NONE',  ( 0.0000000000000000000, -0.0000000000000000000, 1.000000000000000000 ) ) ;
#3907 = ORIENTED_EDGE ( 'NONE', *, *, #9260, .F. ) ;
#3908 = DIRECTION ( 'NONE',  ( -0.0000000000000000000, -1.000000000000000000, -0.0000000000000000000 ) ) ;
#3909 = DIRECTION ( 'NONE',  ( -1.000000000000000000, 0.0000000000000000000, 0.0000000000000000000 ) ) ;
#3910 = ADVANCED_FACE ( 'NONE', ( #10741 ), #9007, .F. ) ;
#3911 = VECTOR ( 'NONE', #9759, 1000.000000000000000 ) ;
#3912 = LINE ( 'NONE', #10702, #4349 ) ;
#3913 = CARTESIAN_POINT ( 'NONE',  ( -27.50000000000000000, 0.0000000000000000000, 0.0000000000000000000 ) ) ;
#3914 = ORIENTED_EDGE ( 'NONE', *, *, #2263, .F. ) ;
#3915 = SURFACE_SIDE_STYLE ('',( #2366 ) ) ;
#3916 = CARTESIAN_POINT ( 'NONE',  ( 24.50000000000000000, 2.799999999999991829, 9.000000000000005329 ) ) ;
#3917 = ORIENTED_EDGE ( 'NONE', *, *, #5969, .T. ) ;
#3918 = FACE_OUTER_BOUND ( 'NONE', #10883, .T. ) ;
#3919 = PRESENTATION_STYLE_ASSIGNMENT (( #676 ) ) ;
#3920 = EDGE_CURVE ( 'NONE', #4227, #10003, #2251, .T. ) ;
#3921 =( LENGTH_UNIT ( ) NAMED_UNIT ( * ) SI_UNIT ( .MILLI., .METRE. ) );
#3922 = VERTEX_POINT ( 'NONE', #5566 ) ;
#3923 = LINE ( 'NONE', #570, #8951 ) ;
#3924 =( NAMED_UNIT ( * ) PLANE_ANGLE_UNIT ( ) SI_UNIT ( $, .RADIAN. ) );
#3925 =( NAMED_UNIT ( * ) SI_UNIT ( $, .STERADIAN. ) SOLID_ANGLE_UNIT ( ) );
#3926 = ORIENTED_EDGE ( 'NONE', *, *, #845, .F. ) ;
#3927 = ORIENTED_EDGE ( 'NONE', *, *, #21, .F. ) ;
#3928 = LINE ( 'NONE', #6486, #4137 ) ;
#3929 = FACE_OUTER_BOUND ( 'NONE', #2119, .T. ) ;
#3930 = ORIENTED_EDGE ( 'NONE', *, *, #2655, .F. ) ;
#3931 = ADVANCED_FACE ( 'NONE', ( #3786 ), #5508, .T. ) ;
#3932 = ADVANCED_FACE ( 'NONE', ( #3169 ), #1418, .F. ) ;
#3933 = DIRECTION ( 'NONE',  ( 1.000000000000000000, 0.0000000000000000000, -1.734723475976805517E-15 ) ) ;
#3934 = EDGE_LOOP ( 'NONE', ( #3907, #6211, #177, #1973 ) ) ;
#3935 = CARTESIAN_POINT ( 'NONE',  ( -0.9999999999999974465, -18.24828759089465535, -4.499999999999821476 ) ) ;
#3936 = AXIS2_PLACEMENT_3D ( 'NONE', #7464, #9790, #5913 ) ;
#3937 =( LENGTH_UNIT ( ) NAMED_UNIT ( * ) SI_UNIT ( .MILLI., .METRE. ) );
#3938 = ADVANCED_FACE ( 'NONE', ( #1365 ), #2962, .T. ) ;
#3939 = DIRECTION ( 'NONE',  ( -1.000000000000000000, 0.0000000000000000000, 0.0000000000000000000 ) ) ;
#3940 = VERTEX_POINT ( 'NONE', #4777 ) ;
#3941 = CARTESIAN_POINT ( 'NONE',  ( 7.105302921616547529, 13.89999999999999680, 2.234934561338733250 ) ) ;
#3942 =( NAMED_UNIT ( * ) SI_UNIT ( $, .STERADIAN. ) SOLID_ANGLE_UNIT ( ) );
#3943 = DIRECTION ( 'NONE',  ( 0.0000000000000000000, 0.0000000000000000000, -1.000000000000000000 ) ) ;
#3944 = DIRECTION ( 'NONE',  ( -1.000000000000000000, 0.0000000000000000000, 0.0000000000000000000 ) ) ;
#3945 = MECHANICAL_DESIGN_GEOMETRIC_PRESENTATION_REPRESENTATION (  '', ( #9604 ), #6605 ) ;
#3946 = ORIENTED_EDGE ( 'NONE', *, *, #5122, .T. ) ;
#3947 = VECTOR ( 'NONE', #5897, 1000.000000000000000 ) ;
#3948 = CIRCLE ( 'NONE', #263, 1.100000000000001199 ) ;
#3949 = EDGE_CURVE ( 'NONE', #2689, #10580, #10025, .T. ) ;
#3950 = VERTEX_POINT ( 'NONE', #3058 ) ;
#3951 = LINE ( 'NONE', #7345, #7222 ) ;
#3952 = CARTESIAN_POINT ( 'NONE',  ( -5.894697078383451583, 13.89999999999999680, -2.234934561338733250 ) ) ;
#3953 = PRODUCT_DEFINITION_SHAPE ( 'NONE', 'NONE',  #10492 ) ;
#3954 = LINE ( 'NONE', #4834, #10557 ) ;
#3955 = VERTEX_POINT ( 'NONE', #9725 ) ;
#3956 = LINE ( 'NONE', #7405, #4467 ) ;
#3957 = COLOUR_RGB ( '',0.8980392156862745390, 0.8980392156862745390, 0.8980392156862745390 ) ;
#3958 = SURFACE_STYLE_USAGE ( .BOTH. , #1428 ) ;
#3959 = LINE ( 'NONE', #4731, #4582 ) ;
#3960 = VECTOR ( 'NONE', #8326, 1000.000000000000000 ) ;
#3961 = ADVANCED_FACE ( 'NONE', ( #7343 ), #858, .T. ) ;
#3962 = DIRECTION ( 'NONE',  ( 1.000000000000000000, 0.0000000000000000000, 0.0000000000000000000 ) ) ;
#3963 = AXIS2_PLACEMENT_3D ( 'NONE', #6945, #1810, #6136 ) ;
#3964 = VECTOR ( 'NONE', #3136, 1000.000000000000000 ) ;
#3965 = SURFACE_SIDE_STYLE ('',( #8068 ) ) ;
#3966 = DIRECTION ( 'NONE',  ( 0.0000000000000000000, 0.0000000000000000000, 1.000000000000000000 ) ) ;
#3967 = ORIENTED_EDGE ( 'NONE', *, *, #225, .F. ) ;
#3968 = CARTESIAN_POINT ( 'NONE',  ( 6.499999999999999112, 15.89999999999999680, 8.673617379884035472E-16 ) ) ;
#3969 = DIRECTION ( 'NONE',  ( 0.0000000000000000000, 1.000000000000000000, 0.0000000000000000000 ) ) ;
#3970 = UNCERTAINTY_MEASURE_WITH_UNIT (LENGTH_MEASURE( 1.000000000000000082E-05 ), #8305, 'distance_accuracy_value', 'NONE');
#3971 = DIRECTION ( 'NONE',  ( -1.000000000000000000, 0.0000000000000000000, 0.0000000000000000000 ) ) ;
#3972 = COLOUR_RGB ( '',0.8980392156862745390, 0.8980392156862745390, 0.8980392156862745390 ) ;
#3973 = ORIENTED_EDGE ( 'NONE', *, *, #6179, .F. ) ;
#3974 = CARTESIAN_POINT ( 'NONE',  ( -27.50000000000000000, 5.200000000000000178, 6.599999999999996092 ) ) ;
#3975 = EDGE_CURVE ( 'NONE', #2055, #3993, #69, .T. ) ;
#3976 = CARTESIAN_POINT ( 'NONE',  ( 1.815196609744055500, 11.39999999999999858, -5.114085138899324257 ) ) ;
#3977 = ORIENTED_EDGE ( 'NONE', *, *, #1721, .T. ) ;
#3978 = FACE_OUTER_BOUND ( 'NONE', #10513, .T. ) ;
#3979 = VECTOR ( 'NONE', #4954, 1000.000000000000000 ) ;
#3980 = CIRCLE ( 'NONE', #1694, 1.000000000000000000 ) ;
#3981 = CARTESIAN_POINT ( 'NONE',  ( 48.33386665984021136, 19.99999999999999289, 8.000000000000000000 ) ) ;
#3982 = ORIENTED_EDGE ( 'NONE', *, *, #10128, .T. ) ;
#3983 = UNCERTAINTY_MEASURE_WITH_UNIT (LENGTH_MEASURE( 1.000000000000000082E-05 ), #1931, 'distance_accuracy_value', 'NONE');
#3984 = DIRECTION ( 'NONE',  ( 0.0000000000000000000, 4.130293990420970869E-16, -1.000000000000000000 ) ) ;
#3985 = ORIENTED_EDGE ( 'NONE', *, *, #3871, .F. ) ;
#3986 = ORIENTED_EDGE ( 'NONE', *, *, #1081, .F. ) ;
#3987 = LINE ( 'NONE', #3367, #10357 ) ;
#3988 = PRESENTATION_LAYER_ASSIGNMENT (  '', '', ( #9660 ) ) ;
#3989 = COLOUR_RGB ( '',0.8980392156862745390, 0.8980392156862745390, 0.8980392156862745390 ) ;
#3990 = SURFACE_STYLE_USAGE ( .BOTH. , #2241 ) ;
#3991 = EDGE_CURVE ( 'NONE', #3655, #715, #7482, .T. ) ;
#3992 =( NAMED_UNIT ( * ) PLANE_ANGLE_UNIT ( ) SI_UNIT ( $, .RADIAN. ) );
#3993 = VERTEX_POINT ( 'NONE', #1777 ) ;
#3994 = FILL_AREA_STYLE_COLOUR ( '', #9266 ) ;
#3995 = LINE ( 'NONE', #9930, #5994 ) ;
#3996 = FILL_AREA_STYLE_COLOUR ( '', #3426 ) ;
#3997 = VECTOR ( 'NONE', #4629, 1000.000000000000000 ) ;
#3998 = CYLINDRICAL_SURFACE ( 'NONE', #1678, 4.411345746565307202 ) ;
#3999 = LINE ( 'NONE', #2403, #4400 ) ;
#4000 = DIRECTION ( 'NONE',  ( -0.0000000000000000000, -1.000000000000000000, -0.0000000000000000000 ) ) ;
#4001 = ADVANCED_FACE ( 'NONE', ( #7644 ), #1200, .T. ) ;
#4002 = VECTOR ( 'NONE', #8925, 1000.000000000000000 ) ;
#4003 = ORIENTED_EDGE ( 'NONE', *, *, #8682, .F. ) ;
#4004 = CARTESIAN_POINT ( 'NONE',  ( -1.499999999999997780, -18.24828759089465535, -4.499999999999821476 ) ) ;
#4005 = EDGE_CURVE ( 'NONE', #1743, #4799, #954, .T. ) ;
#4006 = ORIENTED_EDGE ( 'NONE', *, *, #7094, .T. ) ;
#4007 = LINE ( 'NONE', #2254, #8271 ) ;
#4008 =( LENGTH_UNIT ( ) NAMED_UNIT ( * ) SI_UNIT ( .MILLI., .METRE. ) );
#4009 =( GEOMETRIC_REPRESENTATION_CONTEXT ( 3 ) GLOBAL_UNCERTAINTY_ASSIGNED_CONTEXT ( ( #9736 ) ) GLOBAL_UNIT_ASSIGNED_CONTEXT ( ( #2685, #990, #5118 ) ) REPRESENTATION_CONTEXT ( 'NONE', 'WORKASPACE' ) );
#4010 = DIRECTION ( 'NONE',  ( -1.000000000000000000, 0.0000000000000000000, 6.653050579395577682E-17 ) ) ;
#4011 = ORIENTED_EDGE ( 'NONE', *, *, #7805, .F. ) ;
#4012 = DIRECTION ( 'NONE',  ( 0.0000000000000000000, 1.000000000000000000, 0.0000000000000000000 ) ) ;
#4013 = LINE ( 'NONE', #10607, #6780 ) ;
#4014 = ADVANCED_FACE ( 'NONE', ( #5929 ), #7593, .F. ) ;
#4015 = CARTESIAN_POINT ( 'NONE',  ( -0.7500000000000006661, 19.00000000000000000, 7.999999999999998224 ) ) ;
#4016 = SURFACE_STYLE_FILL_AREA ( #7459 ) ;
#4017 = COLOUR_RGB ( '',0.8980392156862745390, 0.8980392156862745390, 0.8980392156862745390 ) ;
#4018 = COLOUR_RGB ( '',0.8980392156862745390, 0.8980392156862745390, 0.8980392156862745390 ) ;
#4019 = ORIENTED_EDGE ( 'NONE', *, *, #1583, .F. ) ;
#4020 = LINE ( 'NONE', #5582, #4280 ) ;
#4021 = ORIENTED_EDGE ( 'NONE', *, *, #195, .F. ) ;
#4022 = DIRECTION ( 'NONE',  ( 0.0000000000000000000, 0.0000000000000000000, 1.000000000000000000 ) ) ;
#4023 =( NAMED_UNIT ( * ) PLANE_ANGLE_UNIT ( ) SI_UNIT ( $, .RADIAN. ) );
#4024 = DIRECTION ( 'NONE',  ( -1.000000000000000000, 0.0000000000000000000, 0.0000000000000000000 ) ) ;
#4025 = SURFACE_STYLE_FILL_AREA ( #9239 ) ;
#4026 = CIRCLE ( 'NONE', #2450, 1.000000000000000000 ) ;
#4027 = VERTEX_POINT ( 'NONE', #9310 ) ;
#4028 = CARTESIAN_POINT ( 'NONE',  ( 27.50000000000000000, 20.00000000000000000, -9.099999999999974776 ) ) ;
#4029 = ORIENTED_EDGE ( 'NONE', *, *, #6308, .T. ) ;
#4030 = ORIENTED_EDGE ( 'NONE', *, *, #1919, .F. ) ;
#4031 = LINE ( 'NONE', #574, #6789 ) ;
#4032 =( NAMED_UNIT ( * ) PLANE_ANGLE_UNIT ( ) SI_UNIT ( $, .RADIAN. ) );
#4033 = CARTESIAN_POINT ( 'NONE',  ( -18.89469707838345158, 13.89999999999999680, 2.234934561338733250 ) ) ;
#4034 = VERTEX_POINT ( 'NONE', #5081 ) ;
#4035 = AXIS2_PLACEMENT_3D ( 'NONE', #1901, #6220, #5260 ) ;
#4036 = CARTESIAN_POINT ( 'NONE',  ( -14.49999999999999822, 9.399999999999998579, 6.599999999999996092 ) ) ;
#4037 = ORIENTED_EDGE ( 'NONE', *, *, #10375, .T. ) ;
#4038 = ADVANCED_FACE ( 'NONE', ( #8695 ), #5412, .T. ) ;
#4039 = ORIENTED_EDGE ( 'NONE', *, *, #2624, .F. ) ;
#4040 = VECTOR ( 'NONE', #1972, 1000.000000000000000 ) ;
#4041 = DIRECTION ( 'NONE',  ( -1.000000000000000000, 0.0000000000000000000, 6.653050579395577682E-17 ) ) ;
#4042 = CARTESIAN_POINT ( 'NONE',  ( -12.24999999999999822, 0.0000000000000000000, 7.999999999999998224 ) ) ;
#4043 = SURFACE_SIDE_STYLE ('',( #2181 ) ) ;
#4044 = STYLED_ITEM ( 'NONE', ( #4635 ), #6184 ) ;
#4045 = LINE ( 'NONE', #4979, #4479 ) ;
#4046 = ORIENTED_EDGE ( 'NONE', *, *, #9155, .F. ) ;
#4047 = FILL_AREA_STYLE ('',( #9156 ) ) ;
#4048 = COLOUR_RGB ( '',0.8980392156862745390, 0.8980392156862745390, 0.8980392156862745390 ) ;
#4049 = DIRECTION ( 'NONE',  ( 0.0000000000000000000, 0.0000000000000000000, 1.000000000000000000 ) ) ;
#4050 = LINE ( 'NONE', #4886, #2039 ) ;
#4051 = FILL_AREA_STYLE ('',( #5557 ) ) ;
#4052 = EDGE_CURVE ( 'NONE', #4990, #9582, #8262, .T. ) ;
#4053 = AXIS2_PLACEMENT_3D ( 'NONE', #1656, #6738, #12 ) ;
#4054 = EDGE_LOOP ( 'NONE', ( #9139, #1653 ) ) ;
#4055 = VECTOR ( 'NONE', #3678, 1000.000000000000000 ) ;
#4056 =( LENGTH_UNIT ( ) NAMED_UNIT ( * ) SI_UNIT ( .MILLI., .METRE. ) );
#4057 = VECTOR ( 'NONE', #9342, 1000.000000000000000 ) ;
#4058 = DIRECTION ( 'NONE',  ( -0.0000000000000000000, 0.0000000000000000000, 1.000000000000000000 ) ) ;
#4059 = VERTEX_POINT ( 'NONE', #9412 ) ;
#4060 =( GEOMETRIC_REPRESENTATION_CONTEXT ( 3 ) GLOBAL_UNCERTAINTY_ASSIGNED_CONTEXT ( ( #7754 ) ) GLOBAL_UNIT_ASSIGNED_CONTEXT ( ( #8839, #3780, #2146 ) ) REPRESENTATION_CONTEXT ( 'NONE', 'WORKASPACE' ) );
#4061 = CARTESIAN_POINT ( 'NONE',  ( -27.50000000000000000, 19.00000000000000000, 9.000000000000000000 ) ) ;
#4062 = DIRECTION ( 'NONE',  ( -0.0000000000000000000, -1.000000000000000000, -1.314184451497582492E-16 ) ) ;
#4063 = EDGE_CURVE ( 'NONE', #10841, #4850, #10298, .T. ) ;
#4064 = FACE_OUTER_BOUND ( 'NONE', #1162, .T. ) ;
#4065 = ORIENTED_EDGE ( 'NONE', *, *, #3164, .T. ) ;
#4066 = VECTOR ( 'NONE', #10276, 1000.000000000000000 ) ;
#4067 = SURFACE_STYLE_USAGE ( .BOTH. , #3018 ) ;
#4068 = EDGE_CURVE ( 'NONE', #7720, #4697, #2054, .T. ) ;
#4069 = EDGE_CURVE ( 'NONE', #8307, #8616, #1827, .T. ) ;
#4070 = VECTOR ( 'NONE', #8768, 1000.000000000000000 ) ;
#4071 = CARTESIAN_POINT ( 'NONE',  ( 18.89469707838345158, 13.89999999999999680, 0.6053029216165489723 ) ) ;
#4072 = CARTESIAN_POINT ( 'NONE',  ( -11.50000000000000533, 9.400000000000000355, -4.499999999999724665 ) ) ;
#4073 = ADVANCED_FACE ( 'NONE', ( #1224 ), #6210, .T. ) ;
#4074 = DIRECTION ( 'NONE',  ( 0.0000000000000000000, 0.0000000000000000000, 1.000000000000000000 ) ) ;
#4075 = ORIENTED_EDGE ( 'NONE', *, *, #5698, .T. ) ;
#4076 = LINE ( 'NONE', #7249, #7828 ) ;
#4077 = ORIENTED_EDGE ( 'NONE', *, *, #2914, .T. ) ;
#4078 = LINE ( 'NONE', #2219, #3964 ) ;
#4079 = DIRECTION ( 'NONE',  ( -0.0000000000000000000, 0.0000000000000000000, 1.000000000000000000 ) ) ;
#4080 = UNCERTAINTY_MEASURE_WITH_UNIT (LENGTH_MEASURE( 1.000000000000000082E-05 ), #4788, 'distance_accuracy_value', 'NONE');
#4081 = ORIENTED_EDGE ( 'NONE', *, *, #4310, .T. ) ;
#4082 = DIRECTION ( 'NONE',  ( -0.0000000000000000000, -0.0000000000000000000, 1.000000000000000000 ) ) ;
#4083 = EDGE_CURVE ( 'NONE', #3819, #5716, #7911, .T. ) ;
#4084 = EDGE_LOOP ( 'NONE', ( #6961, #5486, #200, #3693 ) ) ;
#4085 = ORIENTED_EDGE ( 'NONE', *, *, #6985, .F. ) ;
#4086 = VERTEX_POINT ( 'NONE', #10246 ) ;
#4087 = DIRECTION ( 'NONE',  ( -1.000000000000000000, 0.0000000000000000000, 0.0000000000000000000 ) ) ;
#4088 = PRESENTATION_STYLE_ASSIGNMENT (( #10779 ) ) ;
#4089 = ORIENTED_EDGE ( 'NONE', *, *, #1107, .T. ) ;
#4090 = UNCERTAINTY_MEASURE_WITH_UNIT (LENGTH_MEASURE( 1.000000000000000082E-05 ), #1413, 'distance_accuracy_value', 'NONE');
#4091 = SURFACE_SIDE_STYLE ('',( #6702 ) ) ;
#4092 = VERTEX_POINT ( 'NONE', #1887 ) ;
#4093 = ORIENTED_EDGE ( 'NONE', *, *, #4451, .T. ) ;
#4094 = LINE ( 'NONE', #7486, #7354 ) ;
#4095 = DIRECTION ( 'NONE',  ( -1.000000000000000000, -0.0000000000000000000, -0.0000000000000000000 ) ) ;
#4096 = CARTESIAN_POINT ( 'NONE',  ( -18.89469707838345158, 13.89999999999999680, 0.6053029216165488613 ) ) ;
#4097 = EDGE_CURVE ( 'NONE', #1031, #1397, #7755, .T. ) ;
#4098 = VERTEX_POINT ( 'NONE', #9632 ) ;
#4099 = DIRECTION ( 'NONE',  ( 0.0000000000000000000, 0.0000000000000000000, -1.000000000000000000 ) ) ;
#4100 = LINE ( 'NONE', #4983, #10651 ) ;
#4101 = SURFACE_STYLE_FILL_AREA ( #1792 ) ;
#4102 = DIRECTION ( 'NONE',  ( -1.000000000000000000, -0.0000000000000000000, -0.0000000000000000000 ) ) ;
#4103 = LINE ( 'NONE', #2608, #6098 ) ;
#4104 = LINE ( 'NONE', #4268, #4240 ) ;
#4105 = SURFACE_STYLE_FILL_AREA ( #2247 ) ;
#4106 = ORIENTED_EDGE ( 'NONE', *, *, #3829, .T. ) ;
#4107 = SURFACE_STYLE_USAGE ( .BOTH. , #4164 ) ;
#4108 = SURFACE_STYLE_FILL_AREA ( #7614 ) ;
#4109 = EDGE_CURVE ( 'NONE', #7968, #5073, #8642, .T. ) ;
#4110 = ORIENTED_EDGE ( 'NONE', *, *, #6788, .T. ) ;
#4111 = LINE ( 'NONE', #5047, #7042 ) ;
#4112 = SURFACE_STYLE_USAGE ( .BOTH. , #2674 ) ;
#4113 =( LENGTH_UNIT ( ) NAMED_UNIT ( * ) SI_UNIT ( .MILLI., .METRE. ) );
#4114 = CARTESIAN_POINT ( 'NONE',  ( -26.75000000000000355, 19.00000000000000000, 8.000000000000001776 ) ) ;
#4115 = ORIENTED_EDGE ( 'NONE', *, *, #4729, .T. ) ;
#4116 = CARTESIAN_POINT ( 'NONE',  ( 11.50000000000000000, 2.800000000000002043, -8.999999999999996447 ) ) ;
#4117 = VERTEX_POINT ( 'NONE', #3533 ) ;
#4118 = COLOUR_RGB ( '',0.2980392156862745057, 0.2980392156862745057, 0.2980392156862745057 ) ;
#4119 = VECTOR ( 'NONE', #4655, 999.9999999999998863 ) ;
#4120 = CARTESIAN_POINT ( 'NONE',  ( 1.500000000000008216, 5.200000000000000178, 6.599999999999996092 ) ) ;
#4121 = SURFACE_SIDE_STYLE ('',( #8342 ) ) ;
#4122 = EDGE_CURVE ( 'NONE', #9218, #7520, #240, .T. ) ;
#4123 = MECHANICAL_DESIGN_GEOMETRIC_PRESENTATION_REPRESENTATION (  '', ( #1480 ), #6956 ) ;
#4124 = ORIENTED_EDGE ( 'NONE', *, *, #10563, .T. ) ;
#4125 = COLOUR_RGB ( '',0.8980392156862745390, 0.8980392156862745390, 0.8980392156862745390 ) ;
#4126 = DIRECTION ( 'NONE',  ( -0.0000000000000000000, -1.000000000000000000, -0.0000000000000000000 ) ) ;
#4127 = AXIS2_PLACEMENT_3D ( 'NONE', #3372, #10892, #6869 ) ;
#4128 = DIRECTION ( 'NONE',  ( -0.0000000000000000000, -0.0000000000000000000, 1.000000000000000000 ) ) ;
#4129 = CIRCLE ( 'NONE', #7678, 1.000000000000000888 ) ;
#4130 = LINE ( 'NONE', #1256, #6372 ) ;
#4131 = SURFACE_STYLE_USAGE ( .BOTH. , #10328 ) ;
#4132 = EDGE_CURVE ( 'NONE', #6613, #7628, #1994, .T. ) ;
#4133 = VERTEX_POINT ( 'NONE', #5349 ) ;
#4134 = AXIS2_PLACEMENT_3D ( 'NONE', #2140, #9771, #2298 ) ;
#4135 = STYLED_ITEM ( 'NONE', ( #4663 ), #7194 ) ;
#4136 = VECTOR ( 'NONE', #1367, 1000.000000000000000 ) ;
#4137 = VECTOR ( 'NONE', #9082, 1000.000000000000000 ) ;
#4138 = EDGE_CURVE ( 'NONE', #10721, #2696, #5247, .T. ) ;
#4139 = CARTESIAN_POINT ( 'NONE',  ( -14.00000000000000178, 20.99999999999999645, -4.499999999999726441 ) ) ;
#4140 = VERTEX_POINT ( 'NONE', #4524 ) ;
#4141 = DIRECTION ( 'NONE',  ( 0.0000000000000000000, 0.0000000000000000000, 1.000000000000000000 ) ) ;
#4142 = ORIENTED_EDGE ( 'NONE', *, *, #541, .T. ) ;
#4143 = LINE ( 'NONE', #6698, #8743 ) ;
#4144 = LINE ( 'NONE', #7536, #5067 ) ;
#4145 = ORIENTED_EDGE ( 'NONE', *, *, #9510, .F. ) ;
#4146 = PRESENTATION_LAYER_ASSIGNMENT (  '', '', ( #10683 ) ) ;
#4147 = ORIENTED_EDGE ( 'NONE', *, *, #8751, .T. ) ;
#4148 = EDGE_CURVE ( 'NONE', #360, #10153, #6916, .T. ) ;
#4149 = VERTEX_POINT ( 'NONE', #3581 ) ;
#4150 = PLANE ( 'NONE',  #6084 ) ;
#4151 = VECTOR ( 'NONE', #2487, 1000.000000000000000 ) ;
#4152 = DIRECTION ( 'NONE',  ( 0.0000000000000000000, 0.0000000000000000000, 1.000000000000000000 ) ) ;
#4153 = VERTEX_POINT ( 'NONE', #3640 ) ;
#4154 = FACE_OUTER_BOUND ( 'NONE', #8361, .T. ) ;
#4155 = DIRECTION ( 'NONE',  ( -0.0000000000000000000, 1.000000000000000000, -0.0000000000000000000 ) ) ;
#4156 = LINE ( 'NONE', #8324, #523 ) ;
#4157 = DIRECTION ( 'NONE',  ( 0.0000000000000000000, 1.000000000000000000, 1.314184451497582245E-16 ) ) ;
#4158 = SURFACE_SIDE_STYLE ('',( #7609 ) ) ;
#4159 = CARTESIAN_POINT ( 'NONE',  ( -11.50000000000000000, 20.99999999999999645, 4.500000000000274447 ) ) ;
#4160 = SURFACE_SIDE_STYLE ('',( #5150 ) ) ;
#4161 = AXIS2_PLACEMENT_3D ( 'NONE', #4493, #1854, #6297 ) ;
#4162 = AXIS2_PLACEMENT_3D ( 'NONE', #3974, #4860, #10819 ) ;
#4163 = EDGE_LOOP ( 'NONE', ( #3144, #1090, #4046, #580 ) ) ;
#4164 = SURFACE_SIDE_STYLE ('',( #1525 ) ) ;
#4165 = ORIENTED_EDGE ( 'NONE', *, *, #1986, .F. ) ;
#4166 =( LENGTH_UNIT ( ) NAMED_UNIT ( * ) SI_UNIT ( .MILLI., .METRE. ) );
#4167 = VECTOR ( 'NONE', #2880, 1000.000000000000000 ) ;
#4168 = DIRECTION ( 'NONE',  ( -0.0000000000000000000, 1.000000000000000000, 1.314184451497582492E-16 ) ) ;
#4169 = VERTEX_POINT ( 'NONE', #6152 ) ;
#4170 = AXIS2_PLACEMENT_3D ( 'NONE', #7462, #1285, #6276 ) ;
#4171 = DIRECTION ( 'NONE',  ( 0.0000000000000000000, 0.0000000000000000000, 1.000000000000000000 ) ) ;
#4172 = ORIENTED_EDGE ( 'NONE', *, *, #8419, .T. ) ;
#4173 = ADVANCED_FACE ( 'NONE', ( #9521 ), #1941, .T. ) ;
#4174 = VECTOR ( 'NONE', #3856, 1000.000000000000000 ) ;
#4175 = PRESENTATION_STYLE_ASSIGNMENT (( #2476 ) ) ;
#4176 = AXIS2_PLACEMENT_3D ( 'NONE', #4897, #8278, #1423 ) ;
#4177 =( LENGTH_UNIT ( ) NAMED_UNIT ( * ) SI_UNIT ( .MILLI., .METRE. ) );
#4178 =( NAMED_UNIT ( * ) PLANE_ANGLE_UNIT ( ) SI_UNIT ( $, .RADIAN. ) );
#4179 = LINE ( 'NONE', #5911, #7557 ) ;
#4180 = ORIENTED_EDGE ( 'NONE', *, *, #2639, .F. ) ;
#4181 = LINE ( 'NONE', #1654, #1308 ) ;
#4182 =( NAMED_UNIT ( * ) PLANE_ANGLE_UNIT ( ) SI_UNIT ( $, .RADIAN. ) );
#4183 =( LENGTH_UNIT ( ) NAMED_UNIT ( * ) SI_UNIT ( .MILLI., .METRE. ) );
#4184 = VECTOR ( 'NONE', #9658, 1000.000000000000000 ) ;
#4185 = EDGE_CURVE ( 'NONE', #6216, #8123, #1169, .T. ) ;
#4186 = ORIENTED_EDGE ( 'NONE', *, *, #7554, .F. ) ;
#4187 = MECHANICAL_DESIGN_GEOMETRIC_PRESENTATION_REPRESENTATION (  '', ( #3850 ), #9864 ) ;
#4188 = CARTESIAN_POINT ( 'NONE',  ( -17.26506543866126719, 13.89999999999999680, 0.6053029216165494164 ) ) ;
#4189 = AXIS2_PLACEMENT_3D ( 'NONE', #3868, #5473, #10663 ) ;
#4190 = LINE ( 'NONE', #10012, #10182 ) ;
#4191 =( NAMED_UNIT ( * ) SI_UNIT ( $, .STERADIAN. ) SOLID_ANGLE_UNIT ( ) );
#4192 = UNCERTAINTY_MEASURE_WITH_UNIT (LENGTH_MEASURE( 1.000000000000000082E-05 ), #7785, 'distance_accuracy_value', 'NONE');
#4193 = ORIENTED_EDGE ( 'NONE', *, *, #2788, .F. ) ;
#4194 = CIRCLE ( 'NONE', #7037, 1.993034753127727488 ) ;
#4195 = ADVANCED_FACE ( 'NONE', ( #7092 ), #10460, .T. ) ;
#4196 = ORIENTED_EDGE ( 'NONE', *, *, #9350, .T. ) ;
#4197 = CARTESIAN_POINT ( 'NONE',  ( -20.10530292161654842, 13.89999999999999680, 2.234934561338733250 ) ) ;
#4198 =( NAMED_UNIT ( * ) SI_UNIT ( $, .STERADIAN. ) SOLID_ANGLE_UNIT ( ) );
#4199 = UNCERTAINTY_MEASURE_WITH_UNIT (LENGTH_MEASURE( 1.000000000000000082E-05 ), #7523, 'distance_accuracy_value', 'NONE');
#4200 = CARTESIAN_POINT ( 'NONE',  ( -19.50000000000000000, 11.89999999999999858, 1.993034753127728376 ) ) ;
#4201 = ORIENTED_EDGE ( 'NONE', *, *, #4263, .T. ) ;
#4202 = ADVANCED_FACE ( 'NONE', ( #2168 ), #3080, .F. ) ;
#4203 = EDGE_CURVE ( 'NONE', #7475, #10482, #9683, .T. ) ;
#4204 = VERTEX_POINT ( 'NONE', #9913 ) ;
#4205 = CARTESIAN_POINT ( 'NONE',  ( -7.105302921616549305, 15.89999999999999680, -0.6053029216165489723 ) ) ;
#4206 = CARTESIAN_POINT ( 'NONE',  ( 24.50000000000000355, 5.200000000000000178, 6.599999999999996092 ) ) ;
#4207 = VECTOR ( 'NONE', #10320, 1000.000000000000000 ) ;
#4208 = CARTESIAN_POINT ( 'NONE',  ( -13.75000000000000000, 19.00000000000000000, 7.999999999999998224 ) ) ;
#4209 = ORIENTED_EDGE ( 'NONE', *, *, #1280, .T. ) ;
#4210 = EDGE_CURVE ( 'NONE', #8644, #7667, #407, .T. ) ;
#4211 =( NAMED_UNIT ( * ) SI_UNIT ( $, .STERADIAN. ) SOLID_ANGLE_UNIT ( ) );
#4212 = FACE_OUTER_BOUND ( 'NONE', #5859, .T. ) ;
#4213 = DIRECTION ( 'NONE',  ( -1.000000000000000000, 0.0000000000000000000, 0.0000000000000000000 ) ) ;
#4214 = DIRECTION ( 'NONE',  ( 1.000000000000000000, 0.0000000000000000000, 0.0000000000000000000 ) ) ;
#4215 = CARTESIAN_POINT ( 'NONE',  ( -24.18480339025594361, 11.39999999999999858, -5.114085138899324257 ) ) ;
#4216 = LINE ( 'NONE', #5946, #10064 ) ;
#4217 = VECTOR ( 'NONE', #10601, 1000.000000000000000 ) ;
#4218 = ORIENTED_EDGE ( 'NONE', *, *, #10585, .T. ) ;
#4219 =( GEOMETRIC_REPRESENTATION_CONTEXT ( 3 ) GLOBAL_UNCERTAINTY_ASSIGNED_CONTEXT ( ( #4869 ) ) GLOBAL_UNIT_ASSIGNED_CONTEXT ( ( #2537, #10881, #6699 ) ) REPRESENTATION_CONTEXT ( 'NONE', 'WORKASPACE' ) );
#4220 = SURFACE_STYLE_FILL_AREA ( #8495 ) ;
#4221 = DIRECTION ( 'NONE',  ( 1.000000000000000000, 1.013220719900693144E-31, -7.709882115452476194E-16 ) ) ;
#4222 = STYLED_ITEM ( 'NONE', ( #2783 ), #9349 ) ;
#4223 = PRESENTATION_LAYER_ASSIGNMENT (  '', '', ( #9897 ) ) ;
#4224 = VERTEX_POINT ( 'NONE', #1332 ) ;
#4225 =( NAMED_UNIT ( * ) PLANE_ANGLE_UNIT ( ) SI_UNIT ( $, .RADIAN. ) );
#4226 =( NAMED_UNIT ( * ) PLANE_ANGLE_UNIT ( ) SI_UNIT ( $, .RADIAN. ) );
#4227 = VERTEX_POINT ( 'NONE', #6479 ) ;
#4228 = PRESENTATION_LAYER_ASSIGNMENT (  '', '', ( #4044 ) ) ;
#4229 = PLANE ( 'NONE',  #2830 ) ;
#4230 = EDGE_LOOP ( 'NONE', ( #10516, #8260, #3127, #4893 ) ) ;
#4231 = AXIS2_PLACEMENT_3D ( 'NONE', #8355, #3035, #6437 ) ;
#4232 = DIRECTION ( 'NONE',  ( 0.0000000000000000000, 1.000000000000000000, 1.314184451497582245E-16 ) ) ;
#4233 = CARTESIAN_POINT ( 'NONE',  ( -27.50000000000000000, 16.99999999999999645, -9.099999999999800693 ) ) ;
#4234 =( GEOMETRIC_REPRESENTATION_CONTEXT ( 3 ) GLOBAL_UNCERTAINTY_ASSIGNED_CONTEXT ( ( #10832 ) ) GLOBAL_UNIT_ASSIGNED_CONTEXT ( ( #2912, #4680, #9682 ) ) REPRESENTATION_CONTEXT ( 'NONE', 'WORKASPACE' ) );
#4235 = DIRECTION ( 'NONE',  ( -1.000000000000000000, -0.0000000000000000000, -0.0000000000000000000 ) ) ;
#4236 = VERTEX_POINT ( 'NONE', #3749 ) ;
#4237 = LINE ( 'NONE', #7629, #5724 ) ;
#4238 = DIRECTION ( 'NONE',  ( 0.0000000000000000000, 1.000000000000000000, 1.314184451497582245E-16 ) ) ;
#4239 = FILL_AREA_STYLE_COLOUR ( '', #6460 ) ;
#4240 = VECTOR ( 'NONE', #5945, 1000.000000000000000 ) ;
#4241 = EDGE_LOOP ( 'NONE', ( #9024, #1618, #5957, #6532 ) ) ;
#4242 = CARTESIAN_POINT ( 'NONE',  ( -27.50000000000000000, 0.0000000000000000000, -9.000000000000000000 ) ) ;
#4243 = CARTESIAN_POINT ( 'NONE',  ( -12.24999999999999822, -0.0000000000000000000, -7.999999999999998224 ) ) ;
#4244 = VERTEX_POINT ( 'NONE', #5695 ) ;
#4245 = ADVANCED_FACE ( 'NONE', ( #617 ), #2275, .T. ) ;
#4246 = DIRECTION ( 'NONE',  ( -0.0000000000000000000, 1.000000000000000000, -0.0000000000000000000 ) ) ;
#4247 = EDGE_LOOP ( 'NONE', ( #9626, #5762, #9225, #4551 ) ) ;
#4248 = DIRECTION ( 'NONE',  ( 0.0000000000000000000, 0.0000000000000000000, 1.000000000000000000 ) ) ;
#4249 = SURFACE_STYLE_USAGE ( .BOTH. , #10020 ) ;
#4250 = DIRECTION ( 'NONE',  ( 5.987745521456020037E-16, 0.0000000000000000000, 1.000000000000000000 ) ) ;
#4251 = ORIENTED_EDGE ( 'NONE', *, *, #1779, .T. ) ;
#4252 = VERTEX_POINT ( 'NONE', #7967 ) ;
#4253 = CARTESIAN_POINT ( 'NONE',  ( 27.50000000000000000, 21.09999999999999787, -7.999999999999976019 ) ) ;
#4254 = VECTOR ( 'NONE', #3204, 1000.000000000000000 ) ;
#4255 = EDGE_CURVE ( 'NONE', #6905, #2380, #4745, .T. ) ;
#4256 = SURFACE_STYLE_USAGE ( .BOTH. , #1784 ) ;
#4257 =( NAMED_UNIT ( * ) PLANE_ANGLE_UNIT ( ) SI_UNIT ( $, .RADIAN. ) );
#4258 = COLOUR_RGB ( '',0.8980392156862745390, 0.8980392156862745390, 0.8980392156862745390 ) ;
#4259 = CARTESIAN_POINT ( 'NONE',  ( 5.894697078383449806, 15.89999999999999680, 2.234934561338733250 ) ) ;
#4260 = EDGE_CURVE ( 'NONE', #4472, #8425, #1550, .T. ) ;
#4261 = ORIENTED_EDGE ( 'NONE', *, *, #6977, .F. ) ;
#4262 = CARTESIAN_POINT ( 'NONE',  ( 12.25000000000000000, 0.0000000000000000000, -7.999999999999998224 ) ) ;
#4263 = EDGE_CURVE ( 'NONE', #10419, #1728, #8868, .T. ) ;
#4264 = FACE_OUTER_BOUND ( 'NONE', #10108, .T. ) ;
#4265 = SURFACE_STYLE_FILL_AREA ( #1732 ) ;
#4266 = CARTESIAN_POINT ( 'NONE',  ( -26.75000000000000000, 19.00000000000000000, -7.999999999999998224 ) ) ;
#4267 = FACE_OUTER_BOUND ( 'NONE', #430, .T. ) ;
#4268 = CARTESIAN_POINT ( 'NONE',  ( 19.50000000000000000, 15.89999999999999680, -4.411345746565306314 ) ) ;
#4269 = FILL_AREA_STYLE ('',( #5887 ) ) ;
#4270 = ORIENTED_EDGE ( 'NONE', *, *, #9459, .T. ) ;
#4271 = EDGE_CURVE ( 'NONE', #7139, #1507, #1438, .T. ) ;
#4272 = ADVANCED_FACE ( 'NONE', ( #8019 ), #463, .T. ) ;
#4273 = ORIENTED_EDGE ( 'NONE', *, *, #8065, .F. ) ;
#4274 = FILL_AREA_STYLE_COLOUR ( '', #5587 ) ;
#4275 = EDGE_LOOP ( 'NONE', ( #7635, #2764, #2132, #4768 ) ) ;
#4276 = DIRECTION ( 'NONE',  ( -1.000000000000000000, 0.0000000000000000000, 0.0000000000000000000 ) ) ;
#4277 = ORIENTED_EDGE ( 'NONE', *, *, #9996, .F. ) ;
#4278 = EDGE_CURVE ( 'NONE', #2374, #1812, #10905, .T. ) ;
#4279 = DIRECTION ( 'NONE',  ( 0.0000000000000000000, 1.000000000000000000, 0.0000000000000000000 ) ) ;
#4280 = VECTOR ( 'NONE', #7357, 1000.000000000000000 ) ;
#4281 = DIRECTION ( 'NONE',  ( 0.0000000000000000000, -0.7071067811865470176, 0.7071067811865479058 ) ) ;
#4282 = MECHANICAL_DESIGN_GEOMETRIC_PRESENTATION_REPRESENTATION (  '', ( #6594 ), #5713 ) ;
#4283 = CARTESIAN_POINT ( 'NONE',  ( -13.75000000000000000, 2.799999999999999822, 9.000000000000000000 ) ) ;
#4284 = DIRECTION ( 'NONE',  ( -1.000000000000000000, 0.0000000000000000000, 0.0000000000000000000 ) ) ;
#4285 = ORIENTED_EDGE ( 'NONE', *, *, #4138, .F. ) ;
#4286 = CARTESIAN_POINT ( 'NONE',  ( 24.49999999999999645, -18.24828759089465535, -8.999999999999998224 ) ) ;
#4287 =( NAMED_UNIT ( * ) SI_UNIT ( $, .STERADIAN. ) SOLID_ANGLE_UNIT ( ) );
#4288 = SURFACE_SIDE_STYLE ('',( #7740 ) ) ;
#4289 = SURFACE_SIDE_STYLE ('',( #7631 ) ) ;
#4290 = PRESENTATION_LAYER_ASSIGNMENT (  '', '', ( #5904 ) ) ;
#4291 = PRESENTATION_LAYER_ASSIGNMENT (  '', '', ( #9278 ) ) ;
#4292 = UNCERTAINTY_MEASURE_WITH_UNIT (LENGTH_MEASURE( 1.000000000000000082E-05 ), #5821, 'distance_accuracy_value', 'NONE');
#4293 = PRESENTATION_LAYER_ASSIGNMENT (  '', '', ( #2879 ) ) ;
#4294 = ORIENTED_EDGE ( 'NONE', *, *, #2724, .T. ) ;
#4295 = EDGE_CURVE ( 'NONE', #2918, #1663, #1658, .T. ) ;
#4296 = FACE_OUTER_BOUND ( 'NONE', #4616, .T. ) ;
#4297 = AXIS2_PLACEMENT_3D ( 'NONE', #3446, #1746, #7619 ) ;
#4298 = VECTOR ( 'NONE', #77, 1000.000000000000000 ) ;
#4299 = ORIENTED_EDGE ( 'NONE', *, *, #4480, .T. ) ;
#4300 = EDGE_LOOP ( 'NONE', ( #2348, #1120, #4611, #5766 ) ) ;
#4301 = DIRECTION ( 'NONE',  ( 0.0000000000000000000, 1.000000000000000000, 0.0000000000000000000 ) ) ;
#4302 = SURFACE_STYLE_FILL_AREA ( #953 ) ;
#4303 = UNCERTAINTY_MEASURE_WITH_UNIT (LENGTH_MEASURE( 1.000000000000000082E-05 ), #9942, 'distance_accuracy_value', 'NONE');
#4304 =( LENGTH_UNIT ( ) NAMED_UNIT ( * ) SI_UNIT ( .MILLI., .METRE. ) );
#4305 = ORIENTED_EDGE ( 'NONE', *, *, #9043, .T. ) ;
#4306 = AXIS2_PLACEMENT_3D ( 'NONE', #4366, #7761, #198 ) ;
#4307 = ORIENTED_EDGE ( 'NONE', *, *, #7524, .T. ) ;
#4308 = VECTOR ( 'NONE', #4411, 1000.000000000000000 ) ;
#4309 = DIRECTION ( 'NONE',  ( -1.000000000000000000, 0.0000000000000000000, -1.734723475976781456E-15 ) ) ;
#4310 = EDGE_CURVE ( 'NONE', #6742, #4374, #3352, .T. ) ;
#4311 = CARTESIAN_POINT ( 'NONE',  ( -27.50000000000000000, 5.200000000000001066, -6.599999999999994316 ) ) ;
#4312 = CARTESIAN_POINT ( 'NONE',  ( 0.0000000000000000000, 20.99999999999999645, 5.148098557999859383E-15 ) ) ;
#4313 = PLANE ( 'NONE',  #10511 ) ;
#4314 = VECTOR ( 'NONE', #4661, 1000.000000000000000 ) ;
#4315 = ORIENTED_EDGE ( 'NONE', *, *, #6322, .T. ) ;
#4316 = CARTESIAN_POINT ( 'NONE',  ( 18.89469707838345158, 15.89999999999999680, -2.234934561338733250 ) ) ;
#4317 = FILL_AREA_STYLE_COLOUR ( '', #6781 ) ;
#4318 = PRESENTATION_STYLE_ASSIGNMENT (( #9423 ) ) ;
#4319 = CARTESIAN_POINT ( 'NONE',  ( -6.500000000000000000, 12.89999999999999858, 4.411345746565308090 ) ) ;
#4320 = DIRECTION ( 'NONE',  ( 0.0000000000000000000, -3.854941057726237604E-16, 1.000000000000000000 ) ) ;
#4321 =( LENGTH_UNIT ( ) NAMED_UNIT ( * ) SI_UNIT ( .MILLI., .METRE. ) );
#4322 = ORIENTED_EDGE ( 'NONE', *, *, #8171, .T. ) ;
#4323 = EDGE_CURVE ( 'NONE', #5042, #10854, #2430, .T. ) ;
#4324 = VECTOR ( 'NONE', #2240, 1000.000000000000000 ) ;
#4325 = CARTESIAN_POINT ( 'NONE',  ( 5.894697078383449806, 13.89999999999999680, -0.6053029216165489723 ) ) ;
#4326 = CARTESIAN_POINT ( 'NONE',  ( 12.25000000000000000, 0.0000000000000000000, -7.999999999999998224 ) ) ;
#4327 = ORIENTED_EDGE ( 'NONE', *, *, #7379, .T. ) ;
#4328 = FILL_AREA_STYLE_COLOUR ( '', #5447 ) ;
#4329 = FILL_AREA_STYLE_COLOUR ( '', #10693 ) ;
#4330 = CARTESIAN_POINT ( 'NONE',  ( -14.50000000000000000, 8.900000000000000355, -6.599999999999993427 ) ) ;
#4331 = SURFACE_SIDE_STYLE ('',( #10152 ) ) ;
#4332 = EDGE_LOOP ( 'NONE', ( #6880, #1142, #3074, #8972 ) ) ;
#4333 = AXIS2_PLACEMENT_3D ( 'NONE', #9471, #10193, #138 ) ;
#4334 = ADVANCED_FACE ( 'NONE', ( #8349 ), #8460, .T. ) ;
#4335 = CARTESIAN_POINT ( 'NONE',  ( 14.00000000000000000, -18.24828759089465535, -4.499999999999912070 ) ) ;
#4336 =( LENGTH_UNIT ( ) NAMED_UNIT ( * ) SI_UNIT ( .MILLI., .METRE. ) );
#4337 = ORIENTED_EDGE ( 'NONE', *, *, #1170, .T. ) ;
#4338 = ADVANCED_FACE ( 'NONE', ( #5864 ), #8405, .F. ) ;
#4339 = EDGE_CURVE ( 'NONE', #7419, #10207, #4007, .T. ) ;
#4340 = VECTOR ( 'NONE', #6125, 1000.000000000000000 ) ;
#4341 = VECTOR ( 'NONE', #3356, 1000.000000000000000 ) ;
#4342 =( NAMED_UNIT ( * ) SI_UNIT ( $, .STERADIAN. ) SOLID_ANGLE_UNIT ( ) );
#4343 = CARTESIAN_POINT ( 'NONE',  ( -20.50000000000000000, -2.750000000000000000, -0.4999999999999968914 ) ) ;
#4344 = PRESENTATION_STYLE_ASSIGNMENT (( #7519 ) ) ;
#4345 = ORIENTED_EDGE ( 'NONE', *, *, #2161, .T. ) ;
#4346 = CARTESIAN_POINT ( 'NONE',  ( 25.25000000000000000, 0.0000000000000000000, -7.999999999999998224 ) ) ;
#4347 = EDGE_CURVE ( 'NONE', #5785, #10865, #497, .T. ) ;
#4348 = DIRECTION ( 'NONE',  ( -0.0000000000000000000, -1.000000000000000000, -0.0000000000000000000 ) ) ;
#4349 = VECTOR ( 'NONE', #8908, 1000.000000000000000 ) ;
#4351 = EDGE_LOOP ( 'NONE', ( #1117, #9910, #3017, #4813 ) ) ;
#4350 = VECTOR ( 'NONE', #8679, 1000.000000000000000 ) ;
#4352 = CARTESIAN_POINT ( 'NONE',  ( 20.10530292161654842, 13.89999999999999680, 2.234934561338733250 ) ) ;
#4353 = PRESENTATION_LAYER_ASSIGNMENT (  '', '', ( #9144 ) ) ;
#4354 = ORIENTED_EDGE ( 'NONE', *, *, #2856, .T. ) ;
#4355 = DIRECTION ( 'NONE',  ( -1.000000000000000000, 0.0000000000000000000, 0.0000000000000000000 ) ) ;
#4356 = PRESENTATION_LAYER_ASSIGNMENT (  '', '', ( #151 ) ) ;
#4357 = EDGE_LOOP ( 'NONE', ( #9600, #9937, #4724, #5789 ) ) ;
#4358 = FACE_OUTER_BOUND ( 'NONE', #6167, .T. ) ;
#4359 = DIRECTION ( 'NONE',  ( 0.0000000000000000000, -1.314184451497582492E-16, 1.000000000000000000 ) ) ;
#4360 = DIRECTION ( 'NONE',  ( 0.0000000000000000000, 0.0000000000000000000, 1.000000000000000000 ) ) ;
#4361 = ORIENTED_EDGE ( 'NONE', *, *, #7080, .F. ) ;
#4362 = STYLED_ITEM ( 'NONE', ( #10815 ), #4272 ) ;
#4363 = ORIENTED_EDGE ( 'NONE', *, *, #9043, .F. ) ;
#4364 = CARTESIAN_POINT ( 'NONE',  ( 11.18480339025593473, 11.39999999999999858, 5.114085138899327809 ) ) ;
#4365 = CARTESIAN_POINT ( 'NONE',  ( 0.7500000000000006661, 0.0000000000000000000, -9.000000000000000000 ) ) ;
#4366 = CARTESIAN_POINT ( 'NONE',  ( -6.500000000000000888, 12.89999999999999858, 8.673617379884035472E-16 ) ) ;
#4367 = ORIENTED_EDGE ( 'NONE', *, *, #8241, .F. ) ;
#4368 = CARTESIAN_POINT ( 'NONE',  ( 27.50000000000000000, 19.99999999999998934, 10.10000000000018439 ) ) ;
#4369 = CARTESIAN_POINT ( 'NONE',  ( -26.75000000000000355, 0.0000000000000000000, 9.000000000000000000 ) ) ;
#4370 = CARTESIAN_POINT ( 'NONE',  ( -11.50000000000000355, -18.24828759089465535, -4.499999999999729994 ) ) ;
#4371 =( NAMED_UNIT ( * ) PLANE_ANGLE_UNIT ( ) SI_UNIT ( $, .RADIAN. ) );
#4372 = DIRECTION ( 'NONE',  ( 0.0000000000000000000, 0.0000000000000000000, 1.000000000000000000 ) ) ;
#4373 = CARTESIAN_POINT ( 'NONE',  ( 5.894697078383449806, 15.89999999999999680, -2.234934561338733250 ) ) ;
#4374 = VERTEX_POINT ( 'NONE', #2200 ) ;
#4375 = EDGE_LOOP ( 'NONE', ( #457, #1265, #1719, #4019 ) ) ;
#4376 = DIRECTION ( 'NONE',  ( 0.0000000000000000000, 0.0000000000000000000, -1.000000000000000000 ) ) ;
#4377 = DIRECTION ( 'NONE',  ( -0.0000000000000000000, 1.000000000000000000, -0.0000000000000000000 ) ) ;
#4378 = LINE ( 'NONE', #1085, #1724 ) ;
#4379 = ORIENTED_EDGE ( 'NONE', *, *, #1103, .T. ) ;
#4380 = ADVANCED_FACE ( 'NONE', ( #6509 ), #5731, .T. ) ;
#4381 = PLANE ( 'NONE',  #7511 ) ;
#4382 = SURFACE_STYLE_USAGE ( .BOTH. , #6686 ) ;
#4383 = VECTOR ( 'NONE', #5424, 1000.000000000000000 ) ;
#4384 = ORIENTED_EDGE ( 'NONE', *, *, #6041, .F. ) ;
#4385 = DIRECTION ( 'NONE',  ( -1.000000000000000000, 0.0000000000000000000, 0.0000000000000000000 ) ) ;
#4386 = STYLED_ITEM ( 'NONE', ( #5786 ), #9136 ) ;
#4387 = VECTOR ( 'NONE', #5807, 1000.000000000000000 ) ;
#4388 = CARTESIAN_POINT ( 'NONE',  ( 27.50000000000000000, 0.0000000000000000000, -9.000000000000000000 ) ) ;
#4389 = ADVANCED_FACE ( 'NONE', ( #10694 ), #3014, .F. ) ;
#4390 = DIRECTION ( 'NONE',  ( 0.0000000000000000000, -0.0000000000000000000, 1.000000000000000000 ) ) ;
#4391 = VECTOR ( 'NONE', #2107, 1000.000000000000000 ) ;
#4392 =( NAMED_UNIT ( * ) PLANE_ANGLE_UNIT ( ) SI_UNIT ( $, .RADIAN. ) );
#4393 = ORIENTED_EDGE ( 'NONE', *, *, #5922, .F. ) ;
#4395 = EDGE_CURVE ( 'NONE', #2441, #1544, #9888, .T. ) ;
#4394 = DIRECTION ( 'NONE',  ( 0.0000000000000000000, 0.0000000000000000000, -1.000000000000000000 ) ) ;
#4396 = EDGE_CURVE ( 'NONE', #708, #3024, #5569, .T. ) ;
#4397 = FILL_AREA_STYLE_COLOUR ( '', #5892 ) ;
#4398 = DIRECTION ( 'NONE',  ( 0.0000000000000000000, 0.0000000000000000000, -1.000000000000000000 ) ) ;
#4399 = UNCERTAINTY_MEASURE_WITH_UNIT (LENGTH_MEASURE( 1.000000000000000082E-05 ), #1537, 'distance_accuracy_value', 'NONE');
#4400 = VECTOR ( 'NONE', #3215, 1000.000000000000000 ) ;
#4401 = ORIENTED_EDGE ( 'NONE', *, *, #398, .F. ) ;
#4402 = DIRECTION ( 'NONE',  ( 0.0000000000000000000, -1.000000000000000000, -1.239088197126289880E-15 ) ) ;
#4403 = MECHANICAL_DESIGN_GEOMETRIC_PRESENTATION_REPRESENTATION (  '', ( #3699 ), #1070 ) ;
#4404 = EDGE_CURVE ( 'NONE', #6850, #3207, #10644, .T. ) ;
#4405 = FACE_OUTER_BOUND ( 'NONE', #4247, .T. ) ;
#4406 = UNCERTAINTY_MEASURE_WITH_UNIT (LENGTH_MEASURE( 1.000000000000000082E-05 ), #1768, 'distance_accuracy_value', 'NONE');
#4407 = ORIENTED_EDGE ( 'NONE', *, *, #6570, .F. ) ;
#4408 = LINE ( 'NONE', #10403, #6425 ) ;
#4409 =( GEOMETRIC_REPRESENTATION_CONTEXT ( 3 ) GLOBAL_UNCERTAINTY_ASSIGNED_CONTEXT ( ( #8310 ) ) GLOBAL_UNIT_ASSIGNED_CONTEXT ( ( #3658, #10471, #10781 ) ) REPRESENTATION_CONTEXT ( 'NONE', 'WORKASPACE' ) );
#4410 = ORIENTED_EDGE ( 'NONE', *, *, #7661, .T. ) ;
#4411 = DIRECTION ( 'NONE',  ( 0.0000000000000000000, 0.0000000000000000000, -1.000000000000000000 ) ) ;
#4412 = SURFACE_STYLE_USAGE ( .BOTH. , #9518 ) ;
#4413 = CARTESIAN_POINT ( 'NONE',  ( -14.49999999999999822, -18.24828759089465535, 9.000000000000270006 ) ) ;
#4414 = COLOUR_RGB ( '',0.8980392156862745390, 0.8980392156862745390, 0.8980392156862745390 ) ;
#4415 = CARTESIAN_POINT ( 'NONE',  ( 20.10530292161654842, 13.89999999999999680, 2.234934561338733250 ) ) ;
#4416 = VECTOR ( 'NONE', #2521, 1000.000000000000000 ) ;
#4417 = ORIENTED_EDGE ( 'NONE', *, *, #9155, .T. ) ;
#4418 = EDGE_LOOP ( 'NONE', ( #8228, #7412, #5414, #9565 ) ) ;
#4419 = EDGE_CURVE ( 'NONE', #1615, #1680, #3951, .T. ) ;
#4420 = DIRECTION ( 'NONE',  ( 0.0000000000000000000, 1.000000000000000000, 1.314184451497582245E-16 ) ) ;
#4421 = CARTESIAN_POINT ( 'NONE',  ( -20.10530292161654842, 15.89999999999999680, 2.234934561338733250 ) ) ;
#4422 = COLOUR_RGB ( '',0.8980392156862745390, 0.8980392156862745390, 0.8980392156862745390 ) ;
#4423 = ORIENTED_EDGE ( 'NONE', *, *, #4109, .F. ) ;
#4424 = ORIENTED_EDGE ( 'NONE', *, *, #4665, .F. ) ;
#4425 = CARTESIAN_POINT ( 'NONE',  ( 12.25000000000000000, 0.0000000000000000000, 9.000000000000000000 ) ) ;
#4426 = CARTESIAN_POINT ( 'NONE',  ( -20.50000000000000000, -3.750000000000000000, -0.4999999999999968914 ) ) ;
#4427 = CARTESIAN_POINT ( 'NONE',  ( -21.73493456133873281, 13.89999999999999680, 0.6053029216165499715 ) ) ;
#4428 = CARTESIAN_POINT ( 'NONE',  ( -11.50000000000000000, 2.799999999999999822, 9.000000000000000000 ) ) ;
#4429 = VECTOR ( 'NONE', #4157, 1000.000000000000000 ) ;
#4430 = ORIENTED_EDGE ( 'NONE', *, *, #6767, .F. ) ;
#4431 = CARTESIAN_POINT ( 'NONE',  ( -24.99999999999999645, 9.400000000000000355, -6.599999999999992539 ) ) ;
#4432 = ADVANCED_FACE ( 'NONE', ( #2310 ), #10555, .T. ) ;
#4433 = ORIENTED_EDGE ( 'NONE', *, *, #5763, .F. ) ;
#4434 = LINE ( 'NONE', #3722, #10500 ) ;
#4435 =( NAMED_UNIT ( * ) PLANE_ANGLE_UNIT ( ) SI_UNIT ( $, .RADIAN. ) );
#4436 = ORIENTED_EDGE ( 'NONE', *, *, #5581, .F. ) ;
#4437 = SURFACE_STYLE_USAGE ( .BOTH. , #8720 ) ;
#4438 = CARTESIAN_POINT ( 'NONE',  ( 11.50000000000000000, 8.899999999999998579, 6.599999999999996092 ) ) ;
#4439 = VERTEX_POINT ( 'NONE', #1529 ) ;
#4440 = FACE_OUTER_BOUND ( 'NONE', #9516, .T. ) ;
#4441 = ADVANCED_FACE ( 'NONE', ( #7236 ), #4894, .T. ) ;
#4442 = SURFACE_STYLE_FILL_AREA ( #5567 ) ;
#4443 = DIRECTION ( 'NONE',  ( -1.000000000000000000, 0.0000000000000000000, 1.330610115879115536E-16 ) ) ;
#4444 = CARTESIAN_POINT ( 'NONE',  ( -14.50000000000000000, 5.200000000000001066, -6.599999999999994316 ) ) ;
#4445 = ORIENTED_EDGE ( 'NONE', *, *, #1247, .F. ) ;
#4446 = FACE_OUTER_BOUND ( 'NONE', #10748, .T. ) ;
#4447 = DIRECTION ( 'NONE',  ( 0.0000000000000000000, -3.854941057726238097E-16, 1.000000000000000000 ) ) ;
#4448 = FILL_AREA_STYLE ('',( #2741 ) ) ;
#4449 = ORIENTED_EDGE ( 'NONE', *, *, #6920, .T. ) ;
#4450 = CARTESIAN_POINT ( 'NONE',  ( -25.25000000000000000, 0.0000000000000000000, 9.000000000000000000 ) ) ;
#4451 = EDGE_CURVE ( 'NONE', #7044, #3955, #3848, .T. ) ;
#4452 = ORIENTED_EDGE ( 'NONE', *, *, #9298, .T. ) ;
#4453 = VECTOR ( 'NONE', #9068, 1000.000000000000000 ) ;
#4454 = CYLINDRICAL_SURFACE ( 'NONE', #7823, 4.411345746565307202 ) ;
#4455 = VECTOR ( 'NONE', #10059, 1000.000000000000000 ) ;
#4456 = ORIENTED_EDGE ( 'NONE', *, *, #10809, .T. ) ;
#4457 = PLANE ( 'NONE',  #7689 ) ;
#4458 = CARTESIAN_POINT ( 'NONE',  ( -11.50000000000000000, 5.200000000000000178, 6.599999999999996092 ) ) ;
#4459 =( NAMED_UNIT ( * ) PLANE_ANGLE_UNIT ( ) SI_UNIT ( $, .RADIAN. ) );
#4460 = EDGE_CURVE ( 'NONE', #10771, #685, #9991, .T. ) ;
#4461 = DIRECTION ( 'NONE',  ( 1.000000000000000000, 1.013220719900693144E-31, -7.709882115452475208E-16 ) ) ;
#4462 = ORIENTED_EDGE ( 'NONE', *, *, #166, .T. ) ;
#4463 = VERTEX_POINT ( 'NONE', #10802 ) ;
#4464 = VECTOR ( 'NONE', #7104, 1000.000000000000000 ) ;
#4465 = VECTOR ( 'NONE', #7078, 1000.000000000000000 ) ;
#4466 = EDGE_CURVE ( 'NONE', #7477, #4092, #8995, .T. ) ;
#4467 = VECTOR ( 'NONE', #5632, 1000.000000000000000 ) ;
#4468 = EDGE_CURVE ( 'NONE', #4059, #4581, #514, .T. ) ;
#4469 = DIRECTION ( 'NONE',  ( -0.0000000000000000000, 0.0000000000000000000, -1.000000000000000000 ) ) ;
#4470 = LINE ( 'NONE', #6273, #10754 ) ;
#4471 = DIRECTION ( 'NONE',  ( -1.000000000000000000, -1.013220719900693144E-31, 7.709882115452475208E-16 ) ) ;
#4472 = VERTEX_POINT ( 'NONE', #5790 ) ;
#4473 = ORIENTED_EDGE ( 'NONE', *, *, #4148, .F. ) ;
#4474 = CARTESIAN_POINT ( 'NONE',  ( -6.500000000000000888, -2.750000000000000000, 0.5000000000000031086 ) ) ;
#4475 = VECTOR ( 'NONE', #767, 1000.000000000000000 ) ;
#4476 = DIRECTION ( 'NONE',  ( 0.0000000000000000000, 0.0000000000000000000, -1.000000000000000000 ) ) ;
#4477 = LINE ( 'NONE', #10418, #4963 ) ;
#4478 = PRESENTATION_LAYER_ASSIGNMENT (  '', '', ( #6282 ) ) ;
#4479 = VECTOR ( 'NONE', #9974, 1000.000000000000000 ) ;
#4480 = EDGE_CURVE ( 'NONE', #7811, #6122, #9168, .T. ) ;
#4481 = LINE ( 'NONE', #5262, #8576 ) ;
#4482 = FACE_OUTER_BOUND ( 'NONE', #9407, .T. ) ;
#4483 = FACE_OUTER_BOUND ( 'NONE', #6922, .T. ) ;
#4484 = VECTOR ( 'NONE', #1772, 1000.000000000000000 ) ;
#4485 = VERTEX_POINT ( 'NONE', #3387 ) ;
#4486 = DIRECTION ( 'NONE',  ( 0.0000000000000000000, 0.7071067811865473507, 0.7071067811865477948 ) ) ;
#4487 = DIRECTION ( 'NONE',  ( 0.0000000000000000000, 0.0000000000000000000, 1.000000000000000000 ) ) ;
#4488 = VECTOR ( 'NONE', #6409, 1000.000000000000000 ) ;
#4489 = VECTOR ( 'NONE', #9241, 1000.000000000000000 ) ;
#4490 = CARTESIAN_POINT ( 'NONE',  ( -1.499999999999997780, 20.99999999999999645, 8.000000000000000000 ) ) ;
#4491 = ORIENTED_EDGE ( 'NONE', *, *, #10669, .F. ) ;
#4492 = FILL_AREA_STYLE_COLOUR ( '', #3139 ) ;
#4493 = CARTESIAN_POINT ( 'NONE',  ( 0.0000000000000000000, 0.0000000000000000000, 0.0000000000000000000 ) ) ;
#4494 = CARTESIAN_POINT ( 'NONE',  ( 21.73493456133873281, 15.89999999999999680, 0.6053029216165494164 ) ) ;
#4495 =( NAMED_UNIT ( * ) PLANE_ANGLE_UNIT ( ) SI_UNIT ( $, .RADIAN. ) );
#4496 = CARTESIAN_POINT ( 'NONE',  ( 7.105302921616547529, 13.89999999999999680, -2.234934561338733250 ) ) ;
#4497 = VERTEX_POINT ( 'NONE', #716 ) ;
#4498 = CARTESIAN_POINT ( 'NONE',  ( 1.000000000000000000, 9.399999999999998579, 4.500000000000183853 ) ) ;
#4499 = DIRECTION ( 'NONE',  ( 0.0000000000000000000, 0.0000000000000000000, 1.000000000000000000 ) ) ;
#4500 = CIRCLE ( 'NONE', #10681, 3.411345746565307646 ) ;
#4501 = VERTEX_POINT ( 'NONE', #5847 ) ;
#4502 = DIRECTION ( 'NONE',  ( 0.0000000000000000000, 0.0000000000000000000, -1.000000000000000000 ) ) ;
#4503 = DIRECTION ( 'NONE',  ( -0.0000000000000000000, -1.000000000000000000, -0.0000000000000000000 ) ) ;
#4504 = CARTESIAN_POINT ( 'NONE',  ( -11.50000000000000000, 20.99999999999999645, -7.999999999999976019 ) ) ;
#4505 = COLOUR_RGB ( '',0.8980392156862745390, 0.8980392156862745390, 0.8980392156862745390 ) ;
#4506 = CARTESIAN_POINT ( 'NONE',  ( 27.50000000000000000, 20.99999999999999645, -7.999999999999976019 ) ) ;
#4507 = DIRECTION ( 'NONE',  ( -0.0000000000000000000, -1.000000000000000000, -0.0000000000000000000 ) ) ;
#4508 = ORIENTED_EDGE ( 'NONE', *, *, #8960, .F. ) ;
#4509 = PLANE ( 'NONE',  #2703 ) ;
#4510 = DIRECTION ( 'NONE',  ( 0.0000000000000000000, 0.0000000000000000000, 1.000000000000000000 ) ) ;
#4511 = EDGE_CURVE ( 'NONE', #8463, #10723, #8333, .T. ) ;
#4512 = UNCERTAINTY_MEASURE_WITH_UNIT (LENGTH_MEASURE( 1.000000000000000082E-05 ), #3847, 'distance_accuracy_value', 'NONE');
#4513 = MECHANICAL_DESIGN_GEOMETRIC_PRESENTATION_REPRESENTATION (  '', ( #9660 ), #6792 ) ;
#4514 = PRESENTATION_LAYER_ASSIGNMENT (  '', '', ( #1005 ) ) ;
#4515 = EDGE_LOOP ( 'NONE', ( #9438, #9328, #3422, #985 ) ) ;
#4516 = ORIENTED_EDGE ( 'NONE', *, *, #6395, .F. ) ;
#4517 = SURFACE_STYLE_FILL_AREA ( #8801 ) ;
#4518 = COLOUR_RGB ( '',0.8980392156862745390, 0.8980392156862745390, 0.8980392156862745390 ) ;
#4519 = EDGE_LOOP ( 'NONE', ( #1528, #8753, #4575, #1764 ) ) ;
#4520 = LINE ( 'NONE', #510, #9454 ) ;
#4521 = CARTESIAN_POINT ( 'NONE',  ( -0.7500000000000006661, 19.00000000000000000, 7.999999999999998224 ) ) ;
#4522 = LINE ( 'NONE', #349, #3671 ) ;
#4523 = EDGE_CURVE ( 'NONE', #9338, #4252, #4111, .T. ) ;
#4524 = CARTESIAN_POINT ( 'NONE',  ( 14.50000000000000000, 20.99999999999999645, 4.500000000000093259 ) ) ;
#4525 = VECTOR ( 'NONE', #2765, 1000.000000000000000 ) ;
#4526 = ORIENTED_EDGE ( 'NONE', *, *, #6457, .F. ) ;
#4527 = STYLED_ITEM ( 'NONE', ( #10244 ), #9946 ) ;
#4528 = MECHANICAL_DESIGN_GEOMETRIC_PRESENTATION_REPRESENTATION (  '', ( #7560 ), #8445 ) ;
#4529 = CARTESIAN_POINT ( 'NONE',  ( 1.000000000000004441, 9.400000000000000355, -4.499999999999817923 ) ) ;
#4530 = FILL_AREA_STYLE ('',( #8758 ) ) ;
#4531 = ADVANCED_FACE ( 'NONE', ( #10855 ), #6008, .F. ) ;
#4532 = CARTESIAN_POINT ( 'NONE',  ( -7.500000000000001776, -3.750000000000000000, -0.4999999999999968914 ) ) ;
#4533 = AXIS2_PLACEMENT_3D ( 'NONE', #52, #8454, #10864 ) ;
#4534 = ORIENTED_EDGE ( 'NONE', *, *, #857, .F. ) ;
#4535 = ORIENTED_EDGE ( 'NONE', *, *, #9124, .T. ) ;
#4536 = SURFACE_SIDE_STYLE ('',( #10039 ) ) ;
#4537 = CARTESIAN_POINT ( 'NONE',  ( -21.73493456133873281, 13.89999999999999680, -0.6053029216165488613 ) ) ;
#4538 = ORIENTED_EDGE ( 'NONE', *, *, #4339, .F. ) ;
#4539 = ADVANCED_FACE ( 'NONE', ( #6771 ), #5952, .F. ) ;
#4540 = VECTOR ( 'NONE', #190, 1000.000000000000000 ) ;
#4541 = EDGE_CURVE ( 'NONE', #6267, #6394, #1912, .T. ) ;
#4542 = LINE ( 'NONE', #366, #1316 ) ;
#4543 = PLANE ( 'NONE',  #3183 ) ;
#4544 = ORIENTED_EDGE ( 'NONE', *, *, #5085, .T. ) ;
#4545 =( NAMED_UNIT ( * ) PLANE_ANGLE_UNIT ( ) SI_UNIT ( $, .RADIAN. ) );
#4546 = DIRECTION ( 'NONE',  ( 0.0000000000000000000, -1.000000000000000000, -2.168404344971012319E-16 ) ) ;
#4547 = DIRECTION ( 'NONE',  ( -1.000000000000000000, 0.0000000000000000000, 0.0000000000000000000 ) ) ;
#4548 =( GEOMETRIC_REPRESENTATION_CONTEXT ( 3 ) GLOBAL_UNCERTAINTY_ASSIGNED_CONTEXT ( ( #5172 ) ) GLOBAL_UNIT_ASSIGNED_CONTEXT ( ( #4166, #4225, #7451 ) ) REPRESENTATION_CONTEXT ( 'NONE', 'WORKASPACE' ) );
#4549 = EDGE_CURVE ( 'NONE', #8747, #4581, #3553, .T. ) ;
#4550 = CARTESIAN_POINT ( 'NONE',  ( -24.50000000000000711, 9.400000000000000355, -6.599999999999995204 ) ) ;
#4551 = ORIENTED_EDGE ( 'NONE', *, *, #58, .F. ) ;
#4552 = LINE ( 'NONE', #7934, #8919 ) ;
#4553 = CARTESIAN_POINT ( 'NONE',  ( 0.0000000000000000000, 20.99999999999999289, 8.000000000000000000 ) ) ;
#4554 = DIRECTION ( 'NONE',  ( -0.0000000000000000000, -1.000000000000000000, -0.0000000000000000000 ) ) ;
#4555 = ORIENTED_EDGE ( 'NONE', *, *, #996, .F. ) ;
#4556 = DIRECTION ( 'NONE',  ( 7.709882115452482111E-16, -1.314184451497582492E-16, 1.000000000000000000 ) ) ;
#4557 = SURFACE_STYLE_USAGE ( .BOTH. , #7741 ) ;
#4558 = SURFACE_STYLE_FILL_AREA ( #7228 ) ;
#4559 = PRESENTATION_LAYER_ASSIGNMENT (  '', '', ( #6515 ) ) ;
#4560 = VERTEX_POINT ( 'NONE', #6123 ) ;
#4561 = DIRECTION ( 'NONE',  ( -0.0000000000000000000, 1.000000000000000000, -0.0000000000000000000 ) ) ;
#4562 = DIRECTION ( 'NONE',  ( -7.709882115452476194E-16, 3.854941057726238097E-16, -1.000000000000000000 ) ) ;
#4563 = CARTESIAN_POINT ( 'NONE',  ( -6.500000000000000888, 11.89999999999999858, 8.673617379884035472E-16 ) ) ;
#4564 = CARTESIAN_POINT ( 'NONE',  ( -26.75000000000000355, 19.00000000000000000, 9.000000000000000000 ) ) ;
#4565 = PRESENTATION_STYLE_ASSIGNMENT (( #1978 ) ) ;
#4566 = ORIENTED_EDGE ( 'NONE', *, *, #6620, .T. ) ;
#4567 = CARTESIAN_POINT ( 'NONE',  ( -11.18480339025594361, 11.39999999999999858, -5.114085138899324257 ) ) ;
#4568 = LINE ( 'NONE', #6950, #8011 ) ;
#4569 = CIRCLE ( 'NONE', #2296, 1.000000000000000888 ) ;
#4570 = VECTOR ( 'NONE', #3243, 1000.000000000000000 ) ;
#4571 = CARTESIAN_POINT ( 'NONE',  ( -20.10530292161654842, 13.89999999999999680, 0.6053029216165489723 ) ) ;
#4572 = TOROIDAL_SURFACE ( 'NONE', #9723, 3.411345746565307646, 1.000000000000000000 ) ;
#4573 = ORIENTED_EDGE ( 'NONE', *, *, #6223, .T. ) ;
#4574 = DIRECTION ( 'NONE',  ( 1.000000000000000000, 0.0000000000000000000, 0.0000000000000000000 ) ) ;
#4575 = ORIENTED_EDGE ( 'NONE', *, *, #10571, .F. ) ;
#4576 = CARTESIAN_POINT ( 'NONE',  ( 13.75000000000000178, 0.0000000000000000000, 9.000000000000000000 ) ) ;
#4577 = CARTESIAN_POINT ( 'NONE',  ( -5.500000000000000000, -2.750000000000000000, -0.4999999999999968914 ) ) ;
#4578 = FILL_AREA_STYLE_COLOUR ( '', #1914 ) ;
#4579 = COLOUR_RGB ( '',0.8980392156862745390, 0.8980392156862745390, 0.8980392156862745390 ) ;
#4580 = CARTESIAN_POINT ( 'NONE',  ( -27.50000000000002132, 9.399999999999998579, 4.500000000000357936 ) ) ;
#4581 = VERTEX_POINT ( 'NONE', #2836 ) ;
#4582 = VECTOR ( 'NONE', #8116, 1000.000000000000000 ) ;
#4583 = ORIENTED_EDGE ( 'NONE', *, *, #7728, .T. ) ;
#4584 = CARTESIAN_POINT ( 'NONE',  ( 13.75000000000000178, 0.0000000000000000000, 7.999999999999998224 ) ) ;
#4585 = LINE ( 'NONE', #5356, #9621 ) ;
#4586 = ADVANCED_FACE ( 'NONE', ( #6061 ), #3500, .T. ) ;
#4587 = CIRCLE ( 'NONE', #9912, 1.000000000000000000 ) ;
#4588 = LINE ( 'NONE', #9641, #6958 ) ;
#4589 = ORIENTED_EDGE ( 'NONE', *, *, #5706, .F. ) ;
#4590 = EDGE_LOOP ( 'NONE', ( #7652, #2672, #1353, #4937 ) ) ;
#4591 = AXIS2_PLACEMENT_3D ( 'NONE', #8449, #8620, #9390 ) ;
#4592 = CARTESIAN_POINT ( 'NONE',  ( -0.9999999999999974465, 9.400000000000000355, -6.599999999999993427 ) ) ;
#4593 = CARTESIAN_POINT ( 'NONE',  ( 7.105302921616547529, 13.89999999999999680, -0.6053029216165491944 ) ) ;
#4594 = CARTESIAN_POINT ( 'NONE',  ( -20.10530292161654842, 15.89999999999999680, -2.234934561338733250 ) ) ;
#4595 = ORIENTED_EDGE ( 'NONE', *, *, #3273, .F. ) ;
#4596 =( NAMED_UNIT ( * ) SI_UNIT ( $, .STERADIAN. ) SOLID_ANGLE_UNIT ( ) );
#4597 =( NAMED_UNIT ( * ) PLANE_ANGLE_UNIT ( ) SI_UNIT ( $, .RADIAN. ) );
#4598 = VECTOR ( 'NONE', #8327, 1000.000000000000000 ) ;
#4599 = EDGE_CURVE ( 'NONE', #6082, #10565, #1083, .T. ) ;
#4600 = ORIENTED_EDGE ( 'NONE', *, *, #8827, .F. ) ;
#4601 = LINE ( 'NONE', #2997, #2930 ) ;
#4602 = FILL_AREA_STYLE ('',( #4765 ) ) ;
#4603 = CARTESIAN_POINT ( 'NONE',  ( 6.499999999999999112, -3.750000000000000000, 0.0000000000000000000 ) ) ;
#4604 = ADVANCED_FACE ( 'NONE', ( #6296 ), #6998, .T. ) ;
#4605 = EDGE_CURVE ( 'NONE', #10904, #1686, #1137, .T. ) ;
#4606 = DIRECTION ( 'NONE',  ( 0.0000000000000000000, 0.0000000000000000000, 1.000000000000000000 ) ) ;
#4607 = VERTEX_POINT ( 'NONE', #7879 ) ;
#4608 =( NAMED_UNIT ( * ) SI_UNIT ( $, .STERADIAN. ) SOLID_ANGLE_UNIT ( ) );
#4609 = FILL_AREA_STYLE_COLOUR ( '', #10889 ) ;
#4610 = DIRECTION ( 'NONE',  ( -0.0000000000000000000, -1.000000000000000000, -0.0000000000000000000 ) ) ;
#4611 = ORIENTED_EDGE ( 'NONE', *, *, #243, .T. ) ;
#4612 =( NAMED_UNIT ( * ) PLANE_ANGLE_UNIT ( ) SI_UNIT ( $, .RADIAN. ) );
#4613 =( LENGTH_UNIT ( ) NAMED_UNIT ( * ) SI_UNIT ( .MILLI., .METRE. ) );
#4614 = CARTESIAN_POINT ( 'NONE',  ( -24.99999999999999645, 9.400000000000000355, -4.499999999999635847 ) ) ;
#4615 = ADVANCED_FACE ( 'NONE', ( #9656 ), #2780, .T. ) ;
#4616 = EDGE_LOOP ( 'NONE', ( #9152, #8067, #1064, #6178, #1890, #3056, #4644, #5305, #2174, #1804, #9221, #10423 ) ) ;
#4617 =( LENGTH_UNIT ( ) NAMED_UNIT ( * ) SI_UNIT ( .MILLI., .METRE. ) );
#4618 = DIRECTION ( 'NONE',  ( 0.0000000000000000000, 0.0000000000000000000, 1.000000000000000000 ) ) ;
#4619 = ADVANCED_FACE ( 'NONE', ( #977 ), #1965, .F. ) ;
#4620 = DIRECTION ( 'NONE',  ( 1.000000000000000000, 0.0000000000000000000, 0.0000000000000000000 ) ) ;
#4621 = CARTESIAN_POINT ( 'NONE',  ( -27.49999999999999289, 9.400000000000000355, -4.499999999999772626 ) ) ;
#4622 = CARTESIAN_POINT ( 'NONE',  ( 13.75000000000000178, 19.00000000000000000, 7.999999999999998224 ) ) ;
#4623 = ORIENTED_EDGE ( 'NONE', *, *, #7324, .T. ) ;
#4624 = DIRECTION ( 'NONE',  ( 0.0000000000000000000, -1.314184451497582492E-16, 1.000000000000000000 ) ) ;
#4625 =( NAMED_UNIT ( * ) PLANE_ANGLE_UNIT ( ) SI_UNIT ( $, .RADIAN. ) );
#4626 = CARTESIAN_POINT ( 'NONE',  ( -14.49999999999999822, 9.399999999999998579, 4.500000000000270894 ) ) ;
#4627 = UNCERTAINTY_MEASURE_WITH_UNIT (LENGTH_MEASURE( 1.000000000000000082E-05 ), #3098, 'distance_accuracy_value', 'NONE');
#4628 = ADVANCED_FACE ( 'NONE', ( #643 ), #2185, .F. ) ;
#4629 = DIRECTION ( 'NONE',  ( -1.000000000000000000, -0.0000000000000000000, -0.0000000000000000000 ) ) ;
#4630 = CARTESIAN_POINT ( 'NONE',  ( 11.50000000000000178, -18.24828759089465535, 4.500000000000087930 ) ) ;
#4631 = VERTEX_POINT ( 'NONE', #8942 ) ;
#4632 = DIRECTION ( 'NONE',  ( 0.0000000000000000000, 5.782411586589351091E-14, 1.000000000000000000 ) ) ;
#4633 = ORIENTED_EDGE ( 'NONE', *, *, #747, .F. ) ;
#4634 = DIRECTION ( 'NONE',  ( 0.0000000000000000000, -3.854941057726238097E-16, 1.000000000000000000 ) ) ;
#4635 = PRESENTATION_STYLE_ASSIGNMENT (( #3078 ) ) ;
#4636 = DIRECTION ( 'NONE',  ( 0.0000000000000000000, 0.0000000000000000000, 1.000000000000000000 ) ) ;
#4637 = STYLED_ITEM ( 'NONE', ( #7640 ), #106 ) ;
#4638 = ORIENTED_EDGE ( 'NONE', *, *, #1472, .T. ) ;
#4639 = PRESENTATION_STYLE_ASSIGNMENT (( #7206 ) ) ;
#4640 = PRESENTATION_LAYER_ASSIGNMENT (  '', '', ( #2010 ) ) ;
#4641 = PLANE ( 'NONE',  #5365 ) ;
#4642 = CIRCLE ( 'NONE', #4810, 0.5000000000000004441 ) ;
#4643 = ORIENTED_EDGE ( 'NONE', *, *, #6512, .F. ) ;
#4644 = ORIENTED_EDGE ( 'NONE', *, *, #9010, .F. ) ;
#4645 = DIRECTION ( 'NONE',  ( -0.0000000000000000000, 1.000000000000000000, -0.0000000000000000000 ) ) ;
#4646 = SURFACE_STYLE_USAGE ( .BOTH. , #8143 ) ;
#4647 = EDGE_LOOP ( 'NONE', ( #134, #2616, #3467, #8276 ) ) ;
#4648 = CARTESIAN_POINT ( 'NONE',  ( 20.10530292161654842, 13.89999999999999680, -2.234934561338733250 ) ) ;
#4649 = AXIS2_PLACEMENT_3D ( 'NONE', #9843, #4012, #9995 ) ;
#4650 = CIRCLE ( 'NONE', #3587, 0.5000000000000004441 ) ;
#4651 = ORIENTED_EDGE ( 'NONE', *, *, #5430, .T. ) ;
#4652 = VECTOR ( 'NONE', #2524, 1000.000000000000000 ) ;
#4653 = DIRECTION ( 'NONE',  ( -0.0000000000000000000, -0.0000000000000000000, -1.000000000000000000 ) ) ;
#4654 = LINE ( 'NONE', #1292, #4324 ) ;
#4655 = DIRECTION ( 'NONE',  ( 5.451709925985337171E-16, 0.7071067811865473507, 0.7071067811865477948 ) ) ;
#4656 = MECHANICAL_DESIGN_GEOMETRIC_PRESENTATION_REPRESENTATION (  '', ( #10654 ), #8189 ) ;
#4657 = MECHANICAL_DESIGN_GEOMETRIC_PRESENTATION_REPRESENTATION (  '', ( #10147 ), #2031 ) ;
#4658 = ORIENTED_EDGE ( 'NONE', *, *, #1552, .F. ) ;
#4659 = PRESENTATION_LAYER_ASSIGNMENT (  '', '', ( #1849 ) ) ;
#4660 = FACE_OUTER_BOUND ( 'NONE', #2105, .T. ) ;
#4661 = DIRECTION ( 'NONE',  ( 7.709882115452484083E-16, -1.314184451497582492E-16, 1.000000000000000000 ) ) ;
#4662 = ORIENTED_EDGE ( 'NONE', *, *, #6561, .F. ) ;
#4663 = PRESENTATION_STYLE_ASSIGNMENT (( #648 ) ) ;
#4664 = CARTESIAN_POINT ( 'NONE',  ( 19.50000000000000000, 11.39999999999999858, -1.993034753127726821 ) ) ;
#4665 = EDGE_CURVE ( 'NONE', #10167, #6082, #5497, .T. ) ;
#4666 = ORIENTED_EDGE ( 'NONE', *, *, #6105, .F. ) ;
#4667 = VECTOR ( 'NONE', #3052, 1000.000000000000000 ) ;
#4668 = VECTOR ( 'NONE', #2050, 1000.000000000000000 ) ;
#4669 = PRESENTATION_STYLE_ASSIGNMENT (( #1307 ) ) ;
#4670 = CARTESIAN_POINT ( 'NONE',  ( 14.49999999999999645, 20.99999999999999645, -4.499999999999905853 ) ) ;
#4671 = ADVANCED_FACE ( 'NONE', ( #2295 ), #5669, .T. ) ;
#4672 = SURFACE_STYLE_FILL_AREA ( #1311 ) ;
#4673 = ORIENTED_EDGE ( 'NONE', *, *, #3116, .F. ) ;
#4674 = CIRCLE ( 'NONE', #9277, 1.099999999999997646 ) ;
#4675 = PRESENTATION_STYLE_ASSIGNMENT (( #7457 ) ) ;
#4676 = LINE ( 'NONE', #8061, #7146 ) ;
#4677 = EDGE_CURVE ( 'NONE', #4804, #2503, #8151, .T. ) ;
#4678 = EDGE_CURVE ( 'NONE', #7586, #9100, #8817, .T. ) ;
#4679 = CARTESIAN_POINT ( 'NONE',  ( -6.500000000000000888, 15.89999999999999680, 8.673617379884035472E-16 ) ) ;
#4680 =( NAMED_UNIT ( * ) PLANE_ANGLE_UNIT ( ) SI_UNIT ( $, .RADIAN. ) );
#4681 = PRESENTATION_LAYER_ASSIGNMENT (  '', '', ( #3265 ) ) ;
#4682 =( GEOMETRIC_REPRESENTATION_CONTEXT ( 3 ) GLOBAL_UNCERTAINTY_ASSIGNED_CONTEXT ( ( #10066 ) ) GLOBAL_UNIT_ASSIGNED_CONTEXT ( ( #6120, #9487, #8605 ) ) REPRESENTATION_CONTEXT ( 'NONE', 'WORKASPACE' ) );
#4683 = EDGE_CURVE ( 'NONE', #96, #8164, #10638, .T. ) ;
#4684 = ORIENTED_EDGE ( 'NONE', *, *, #7460, .F. ) ;
#4685 = FILL_AREA_STYLE ('',( #8229 ) ) ;
#4686 = FACE_OUTER_BOUND ( 'NONE', #1059, .T. ) ;
#4687 = ORIENTED_EDGE ( 'NONE', *, *, #7124, .F. ) ;
#4688 = FACE_OUTER_BOUND ( 'NONE', #9069, .T. ) ;
#4689 = FILL_AREA_STYLE_COLOUR ( '', #4258 ) ;
#4690 = VECTOR ( 'NONE', #5827, 1000.000000000000000 ) ;
#4691 = DIRECTION ( 'NONE',  ( 0.0000000000000000000, 0.0000000000000000000, -1.000000000000000000 ) ) ;
#4692 = ORIENTED_EDGE ( 'NONE', *, *, #8241, .T. ) ;
#4693 = DIRECTION ( 'NONE',  ( 0.0000000000000000000, 0.0000000000000000000, 1.000000000000000000 ) ) ;
#4694 = FACE_OUTER_BOUND ( 'NONE', #4351, .T. ) ;
#4695 = VECTOR ( 'NONE', #7219, 1000.000000000000000 ) ;
#4696 = VERTEX_POINT ( 'NONE', #3158 ) ;
#4697 = VERTEX_POINT ( 'NONE', #6496 ) ;
#4698 = AXIS2_PLACEMENT_3D ( 'NONE', #1339, #10002, #4955 ) ;
#4699 = CYLINDRICAL_SURFACE ( 'NONE', #9094, 2.100000000000185274 ) ;
#4700 = PLANE ( 'NONE',  #6153 ) ;
#4701 = ORIENTED_EDGE ( 'NONE', *, *, #1907, .T. ) ;
#4702 = PLANE ( 'NONE',  #4773 ) ;
#4703 = COLOUR_RGB ( '',0.8980392156862745390, 0.8980392156862745390, 0.8980392156862745390 ) ;
#4704 = VERTEX_POINT ( 'NONE', #9876 ) ;
#4705 = CARTESIAN_POINT ( 'NONE',  ( -19.50000000000000000, 11.39999999999999858, 8.673617379884035472E-16 ) ) ;
#4706 = LINE ( 'NONE', #3044, #6803 ) ;
#4707 = DIRECTION ( 'NONE',  ( 1.000000000000000000, 0.0000000000000000000, 0.0000000000000000000 ) ) ;
#4708 = CARTESIAN_POINT ( 'NONE',  ( -27.50000000000000000, 19.99999999999999289, 9.100000000000001421 ) ) ;
#4709 = VERTEX_POINT ( 'NONE', #1459 ) ;
#4710 = DIRECTION ( 'NONE',  ( -1.000000000000000000, 0.0000000000000000000, 0.0000000000000000000 ) ) ;
#4711 = DIRECTION ( 'NONE',  ( -0.0000000000000000000, -0.0000000000000000000, -1.000000000000000000 ) ) ;
#4712 = ORIENTED_EDGE ( 'NONE', *, *, #4814, .T. ) ;
#4713 = AXIS2_PLACEMENT_3D ( 'NONE', #10480, #5441, #7820 ) ;
#4714 = SURFACE_STYLE_FILL_AREA ( #3838 ) ;
#4715 = CARTESIAN_POINT ( 'NONE',  ( -7.105302921616549305, 13.89999999999999680, 2.234934561338733250 ) ) ;
#4716 = DIRECTION ( 'NONE',  ( 1.000000000000000000, 0.0000000000000000000, 0.0000000000000000000 ) ) ;
#4717 = ORIENTED_EDGE ( 'NONE', *, *, #1095, .T. ) ;
#4718 = VECTOR ( 'NONE', #3698, 1000.000000000000000 ) ;
#4719 = DIRECTION ( 'NONE',  ( 0.0000000000000000000, 0.0000000000000000000, -1.000000000000000000 ) ) ;
#4720 = EDGE_CURVE ( 'NONE', #8194, #8363, #8202, .T. ) ;
#4721 =( LENGTH_UNIT ( ) NAMED_UNIT ( * ) SI_UNIT ( .MILLI., .METRE. ) );
#4722 =( NAMED_UNIT ( * ) PLANE_ANGLE_UNIT ( ) SI_UNIT ( $, .RADIAN. ) );
#4723 = DIRECTION ( 'NONE',  ( 0.0000000000000000000, 0.0000000000000000000, -1.000000000000000000 ) ) ;
#4724 = ORIENTED_EDGE ( 'NONE', *, *, #2263, .T. ) ;
#4725 =( GEOMETRIC_REPRESENTATION_CONTEXT ( 3 ) GLOBAL_UNCERTAINTY_ASSIGNED_CONTEXT ( ( #6317 ) ) GLOBAL_UNIT_ASSIGNED_CONTEXT ( ( #5014, #1548, #10010 ) ) REPRESENTATION_CONTEXT ( 'NONE', 'WORKASPACE' ) );
#4726 = FILL_AREA_STYLE_COLOUR ( '', #9076 ) ;
#4727 = DIRECTION ( 'NONE',  ( -1.000000000000000000, -0.0000000000000000000, -0.0000000000000000000 ) ) ;
#4728 = UNCERTAINTY_MEASURE_WITH_UNIT (LENGTH_MEASURE( 1.000000000000000082E-05 ), #704, 'distance_accuracy_value', 'NONE');
#4729 = EDGE_CURVE ( 'NONE', #1544, #4244, #7402, .T. ) ;
#4730 = LINE ( 'NONE', #10756, #9491 ) ;
#4731 = CARTESIAN_POINT ( 'NONE',  ( -11.50000000000000711, 9.400000000000000355, -6.600000000000004974 ) ) ;
#4732 = EDGE_CURVE ( 'NONE', #9005, #10274, #4026, .T. ) ;
#4733 = COLOUR_RGB ( '',0.8980392156862745390, 0.8980392156862745390, 0.8980392156862745390 ) ;
#4734 = FACE_BOUND ( 'NONE', #5223, .T. ) ;
#4735 = EDGE_CURVE ( 'NONE', #9135, #3534, #8321, .T. ) ;
#4736 = ORIENTED_EDGE ( 'NONE', *, *, #1688, .F. ) ;
#4737 =( NAMED_UNIT ( * ) SI_UNIT ( $, .STERADIAN. ) SOLID_ANGLE_UNIT ( ) );
#4738 = FACE_OUTER_BOUND ( 'NONE', #2968, .T. ) ;
#4739 = EDGE_LOOP ( 'NONE', ( #9524, #5583, #4535, #3171 ) ) ;
#4740 = SURFACE_STYLE_FILL_AREA ( #7359 ) ;
#4741 = LINE ( 'NONE', #7252, #3167 ) ;
#4742 = VECTOR ( 'NONE', #10385, 1000.000000000000000 ) ;
#4743 = CARTESIAN_POINT ( 'NONE',  ( -6.500000000000000888, 12.89999999999999858, 8.673617379884035472E-16 ) ) ;
#4744 = UNCERTAINTY_MEASURE_WITH_UNIT (LENGTH_MEASURE( 1.000000000000000082E-05 ), #10168, 'distance_accuracy_value', 'NONE');
#4745 = LINE ( 'NONE', #10710, #2266 ) ;
#4746 = MECHANICAL_DESIGN_GEOMETRIC_PRESENTATION_REPRESENTATION (  '', ( #2980 ), #4922 ) ;
#4747 = EDGE_CURVE ( 'NONE', #1304, #26, #5832, .T. ) ;
#4748 = ORIENTED_EDGE ( 'NONE', *, *, #9459, .F. ) ;
#4749 = LINE ( 'NONE', #3030, #9833 ) ;
#4750 =( GEOMETRIC_REPRESENTATION_CONTEXT ( 3 ) GLOBAL_UNCERTAINTY_ASSIGNED_CONTEXT ( ( #132 ) ) GLOBAL_UNIT_ASSIGNED_CONTEXT ( ( #10146, #5210, #821 ) ) REPRESENTATION_CONTEXT ( 'NONE', 'WORKASPACE' ) );
#4751 = STYLED_ITEM ( 'NONE', ( #7659 ), #10498 ) ;
#4752 = CYLINDRICAL_SURFACE ( 'NONE', #377, 1.100000000000000311 ) ;
#4753 = PRESENTATION_STYLE_ASSIGNMENT (( #10624 ) ) ;
#4754 = ORIENTED_EDGE ( 'NONE', *, *, #5689, .F. ) ;
#4755 = MECHANICAL_DESIGN_GEOMETRIC_PRESENTATION_REPRESENTATION (  '', ( #9367 ), #7072 ) ;
#4756 = LINE ( 'NONE', #10828, #3774 ) ;
#4757 = CARTESIAN_POINT ( 'NONE',  ( -27.50000000000000000, 8.900000000000000355, -6.599999999999993427 ) ) ;
#4758 = FACE_OUTER_BOUND ( 'NONE', #600, .T. ) ;
#4759 = EDGE_LOOP ( 'NONE', ( #2636, #2933, #4633, #9061 ) ) ;
#4760 = LINE ( 'NONE', #4036, #10266 ) ;
#4761 = STYLED_ITEM ( 'NONE', ( #10863 ), #8547 ) ;
#4762 = ADVANCED_FACE ( 'NONE', ( #6598 ), #664, .T. ) ;
#4763 = ORIENTED_EDGE ( 'NONE', *, *, #2578, .F. ) ;
#4764 = CARTESIAN_POINT ( 'NONE',  ( -6.500000000000000888, -3.750000000000000000, 0.0000000000000000000 ) ) ;
#4765 = FILL_AREA_STYLE_COLOUR ( '', #3440 ) ;
#4766 = SURFACE_STYLE_USAGE ( .BOTH. , #4043 ) ;
#4767 = VECTOR ( 'NONE', #8575, 1000.000000000000000 ) ;
#4768 = ORIENTED_EDGE ( 'NONE', *, *, #6995, .F. ) ;
#4769 = CARTESIAN_POINT ( 'NONE',  ( -8.734934561338734582, 13.89999999999999680, -0.6053029216165488613 ) ) ;
#4770 =( NAMED_UNIT ( * ) PLANE_ANGLE_UNIT ( ) SI_UNIT ( $, .RADIAN. ) );
#4771 = SURFACE_STYLE_USAGE ( .BOTH. , #8097 ) ;
#4772 = PRESENTATION_STYLE_ASSIGNMENT (( #5553 ) ) ;
#4773 = AXIS2_PLACEMENT_3D ( 'NONE', #8087, #5795, #9174 ) ;
#4774 = CARTESIAN_POINT ( 'NONE',  ( -19.50000000000000000, 15.89999999999999680, 8.673617379884035472E-16 ) ) ;
#4775 =( NAMED_UNIT ( * ) PLANE_ANGLE_UNIT ( ) SI_UNIT ( $, .RADIAN. ) );
#4776 = ORIENTED_EDGE ( 'NONE', *, *, #7310, .T. ) ;
#4777 = CARTESIAN_POINT ( 'NONE',  ( -14.00000000000000178, 20.99999999999999645, 4.500000000000274447 ) ) ;
#4778 = DIRECTION ( 'NONE',  ( 0.0000000000000000000, 0.0000000000000000000, -1.000000000000000000 ) ) ;
#4779 = DIRECTION ( 'NONE',  ( -1.000000000000000000, 0.0000000000000000000, 0.0000000000000000000 ) ) ;
#4780 = FILL_AREA_STYLE ('',( #662 ) ) ;
#4781 = ORIENTED_EDGE ( 'NONE', *, *, #4083, .T. ) ;
#4782 = LINE ( 'NONE', #7291, #4998 ) ;
#4783 = AXIS2_PLACEMENT_3D ( 'NONE', #364, #2825, #7767 ) ;
#4784 = EDGE_CURVE ( 'NONE', #2496, #6629, #8372, .T. ) ;
#4785 = DIRECTION ( 'NONE',  ( 0.0000000000000000000, 1.000000000000000000, 0.0000000000000000000 ) ) ;
#4786 = CARTESIAN_POINT ( 'NONE',  ( -19.50000000000000000, 12.89999999999999858, -4.411345746565306314 ) ) ;
#4787 = ORIENTED_EDGE ( 'NONE', *, *, #7341, .T. ) ;
#4788 =( LENGTH_UNIT ( ) NAMED_UNIT ( * ) SI_UNIT ( .MILLI., .METRE. ) );
#4789 = DIRECTION ( 'NONE',  ( 1.000000000000000000, 0.0000000000000000000, 0.0000000000000000000 ) ) ;
#4790 = ORIENTED_EDGE ( 'NONE', *, *, #4735, .F. ) ;
#4791 =( NAMED_UNIT ( * ) SI_UNIT ( $, .STERADIAN. ) SOLID_ANGLE_UNIT ( ) );
#4792 = CARTESIAN_POINT ( 'NONE',  ( -13.75000000000000000, 19.00000000000000000, 7.999999999999998224 ) ) ;
#4793 = CARTESIAN_POINT ( 'NONE',  ( -27.50000000000000000, 2.800000000000002043, -8.999999999999996447 ) ) ;
#4794 = EDGE_CURVE ( 'NONE', #3569, #5287, #9977, .T. ) ;
#4795 = ORIENTED_EDGE ( 'NONE', *, *, #5086, .F. ) ;
#4796 = CARTESIAN_POINT ( 'NONE',  ( -20.10530292161654842, 13.89999999999999680, -0.6053029216165489723 ) ) ;
#4797 = CARTESIAN_POINT ( 'NONE',  ( 11.18480339025593473, 9.399999999999998579, -5.114085138899324257 ) ) ;
#4798 = ORIENTED_EDGE ( 'NONE', *, *, #9732, .F. ) ;
#4799 = VERTEX_POINT ( 'NONE', #7603 ) ;
#4800 = EDGE_CURVE ( 'NONE', #6677, #1728, #2552, .T. ) ;
#4801 = DIRECTION ( 'NONE',  ( -0.0000000000000000000, -1.000000000000000000, -0.0000000000000000000 ) ) ;
#4802 = CARTESIAN_POINT ( 'NONE',  ( -27.50000000000000000, 8.900000000000000355, -6.099999999999992539 ) ) ;
#4803 = PRESENTATION_STYLE_ASSIGNMENT (( #1449 ) ) ;
#4804 = VERTEX_POINT ( 'NONE', #10894 ) ;
#4805 = DIRECTION ( 'NONE',  ( -0.0000000000000000000, -1.000000000000000000, -1.314184451497582492E-16 ) ) ;
#4806 = EDGE_LOOP ( 'NONE', ( #6889, #4566, #8015, #1299 ) ) ;
#4807 = EDGE_CURVE ( 'NONE', #3514, #9700, #1571, .T. ) ;
#4808 = ORIENTED_EDGE ( 'NONE', *, *, #10370, .F. ) ;
#4809 = DIRECTION ( 'NONE',  ( 1.000000000000000000, 0.0000000000000000000, 0.0000000000000000000 ) ) ;
#4810 = AXIS2_PLACEMENT_3D ( 'NONE', #9570, #3635, #1989 ) ;
#4811 = PRESENTATION_STYLE_ASSIGNMENT (( #4766 ) ) ;
#4812 = PRESENTATION_STYLE_ASSIGNMENT (( #10684 ) ) ;
#4813 = ORIENTED_EDGE ( 'NONE', *, *, #4278, .F. ) ;
#4814 = EDGE_CURVE ( 'NONE', #6082, #4140, #6714, .T. ) ;
#4815 = CARTESIAN_POINT ( 'NONE',  ( -6.500000000000000888, 11.89999999999999858, -3.411345746565306758 ) ) ;
#4816 = FILL_AREA_STYLE_COLOUR ( '', #10335 ) ;
#4817 = PRESENTATION_STYLE_ASSIGNMENT (( #6555 ) ) ;
#4818 =( NAMED_UNIT ( * ) SI_UNIT ( $, .STERADIAN. ) SOLID_ANGLE_UNIT ( ) );
#4819 = PRESENTATION_LAYER_ASSIGNMENT (  '', '', ( #5170 ) ) ;
#4820 = VECTOR ( 'NONE', #4398, 1000.000000000000000 ) ;
#4821 = DIRECTION ( 'NONE',  ( -1.000000000000000000, -0.0000000000000000000, -0.0000000000000000000 ) ) ;
#4822 = DIRECTION ( 'NONE',  ( -0.0000000000000000000, 0.0000000000000000000, -1.000000000000000000 ) ) ;
#4823 = PLANE ( 'NONE',  #714 ) ;
#4824 = VECTOR ( 'NONE', #4624, 1000.000000000000000 ) ;
#4825 = ORIENTED_EDGE ( 'NONE', *, *, #8530, .T. ) ;
#4826 = SURFACE_STYLE_USAGE ( .BOTH. , #3843 ) ;
#4827 = VECTOR ( 'NONE', #1966, 1000.000000000000000 ) ;
#4828 = VECTOR ( 'NONE', #281, 1000.000000000000000 ) ;
#4829 = VECTOR ( 'NONE', #1352, 1000.000000000000000 ) ;
#4830 = VECTOR ( 'NONE', #3758, 1000.000000000000000 ) ;
#4831 = EDGE_LOOP ( 'NONE', ( #3926, #2916, #337, #5298 ) ) ;
#4832 = SURFACE_SIDE_STYLE ('',( #10745 ) ) ;
#4833 = SURFACE_SIDE_STYLE ('',( #6418 ) ) ;
#4834 = CARTESIAN_POINT ( 'NONE',  ( 7.500000000000000000, -3.750000000000000000, -0.4999999999999968914 ) ) ;
#4835 = ORIENTED_EDGE ( 'NONE', *, *, #10752, .F. ) ;
#4836 = DIRECTION ( 'NONE',  ( -0.0000000000000000000, -0.0000000000000000000, 1.000000000000000000 ) ) ;
#4837 = CIRCLE ( 'NONE', #9252, 1.000000000000000000 ) ;
#4838 = LINE ( 'NONE', #8223, #3229 ) ;
#4839 = COLOUR_RGB ( '',0.8980392156862745390, 0.8980392156862745390, 0.8980392156862745390 ) ;
#4840 = PRESENTATION_LAYER_ASSIGNMENT (  '', '', ( #2543 ) ) ;
#4841 = UNCERTAINTY_MEASURE_WITH_UNIT (LENGTH_MEASURE( 1.000000000000000082E-05 ), #10259, 'distance_accuracy_value', 'NONE');
#4842 = VECTOR ( 'NONE', #3474, 1000.000000000000000 ) ;
#4843 = ORIENTED_EDGE ( 'NONE', *, *, #3665, .T. ) ;
#4844 = DIRECTION ( 'NONE',  ( 0.0000000000000000000, 0.0000000000000000000, -1.000000000000000000 ) ) ;
#4845 = COLOUR_RGB ( '',0.8980392156862745390, 0.8980392156862745390, 0.8980392156862745390 ) ;
#4846 = COLOUR_RGB ( '',0.8980392156862745390, 0.8980392156862745390, 0.8980392156862745390 ) ;
#4847 = DIRECTION ( 'NONE',  ( 0.0000000000000000000, 0.0000000000000000000, -1.000000000000000000 ) ) ;
#4848 = COLOUR_RGB ( '',0.8980392156862745390, 0.8980392156862745390, 0.8980392156862745390 ) ;
#4849 = STYLED_ITEM ( 'NONE', ( #564 ), #1393 ) ;
#4850 = VERTEX_POINT ( 'NONE', #1729 ) ;
#4851 = EDGE_CURVE ( 'NONE', #10801, #7811, #4932, .T. ) ;
#4852 = FACE_OUTER_BOUND ( 'NONE', #7450, .T. ) ;
#4853 =( NAMED_UNIT ( * ) SI_UNIT ( $, .STERADIAN. ) SOLID_ANGLE_UNIT ( ) );
#4854 = DIRECTION ( 'NONE',  ( 0.0000000000000000000, 0.0000000000000000000, 1.000000000000000000 ) ) ;
#4855 = LINE ( 'NONE', #10708, #10758 ) ;
#4856 = CARTESIAN_POINT ( 'NONE',  ( -7.500000000000001776, -3.750000000000000000, 0.5000000000000031086 ) ) ;
#4857 = DIRECTION ( 'NONE',  ( 0.0000000000000000000, 1.000000000000000000, -0.0000000000000000000 ) ) ;
#4858 = VECTOR ( 'NONE', #3326, 1000.000000000000000 ) ;
#4859 = ORIENTED_EDGE ( 'NONE', *, *, #1054, .T. ) ;
#4860 = DIRECTION ( 'NONE',  ( -0.0000000000000000000, 0.7071067811865480168, 0.7071067811865471286 ) ) ;
#4861 = ORIENTED_EDGE ( 'NONE', *, *, #9177, .T. ) ;
#4862 = ADVANCED_FACE ( 'NONE', ( #7653 ), #3428, .F. ) ;
#4863 = DIRECTION ( 'NONE',  ( -1.000000000000000000, 0.0000000000000000000, 0.0000000000000000000 ) ) ;
#4864 = PRESENTATION_LAYER_ASSIGNMENT (  '', '', ( #9651 ) ) ;
#4865 = CIRCLE ( 'NONE', #6128, 4.411345746565307202 ) ;
#4866 = DIRECTION ( 'NONE',  ( -0.0000000000000000000, 0.0000000000000000000, 1.000000000000000000 ) ) ;
#4867 =( NAMED_UNIT ( * ) SI_UNIT ( $, .STERADIAN. ) SOLID_ANGLE_UNIT ( ) );
#4868 = VERTEX_POINT ( 'NONE', #8535 ) ;
#4869 = UNCERTAINTY_MEASURE_WITH_UNIT (LENGTH_MEASURE( 1.000000000000000082E-05 ), #2537, 'distance_accuracy_value', 'NONE');
#4870 = DIRECTION ( 'NONE',  ( 0.0000000000000000000, 0.0000000000000000000, -1.000000000000000000 ) ) ;
#4871 = VERTEX_POINT ( 'NONE', #4316 ) ;
#4872 = EDGE_LOOP ( 'NONE', ( #1969, #8626, #10409, #1637 ) ) ;
#4873 = DIRECTION ( 'NONE',  ( 0.0000000000000000000, -0.0000000000000000000, 1.000000000000000000 ) ) ;
#4874 = PRESENTATION_LAYER_ASSIGNMENT (  '', '', ( #627 ) ) ;
#4875 = CIRCLE ( 'NONE', #661, 4.411345746565307202 ) ;
#4876 = SURFACE_SIDE_STYLE ('',( #6708 ) ) ;
#4877 = PLANE ( 'NONE',  #1146 ) ;
#4878 = DIRECTION ( 'NONE',  ( 0.0000000000000000000, 0.0000000000000000000, 1.000000000000000000 ) ) ;
#4879 = CIRCLE ( 'NONE', #4170, 2.100000000000185274 ) ;
#4880 = VERTEX_POINT ( 'NONE', #7764 ) ;
#4881 = SURFACE_STYLE_FILL_AREA ( #9101 ) ;
#4882 = EDGE_CURVE ( 'NONE', #9661, #1549, #201, .T. ) ;
#4883 = PLANE ( 'NONE',  #9793 ) ;
#4884 =( LENGTH_UNIT ( ) NAMED_UNIT ( * ) SI_UNIT ( .MILLI., .METRE. ) );
#4885 = STYLED_ITEM ( 'NONE', ( #694 ), #3357 ) ;
#4886 = CARTESIAN_POINT ( 'NONE',  ( 27.50000000000000000, 20.00000000000000000, -9.099999999999974776 ) ) ;
#4887 = PLANE ( 'NONE',  #6019 ) ;
#4888 = PRESENTATION_STYLE_ASSIGNMENT (( #10639 ) ) ;
#4889 = ADVANCED_BREP_SHAPE_REPRESENTATION ( '8BD8E67B-5986-455A-80E2-1A08E5D63BC8', ( #8036, #8192, #4161 ), #658 ) ;
#4890 = VERTEX_POINT ( 'NONE', #2004 ) ;
#4891 = ADVANCED_FACE ( 'NONE', ( #143 ), #9421, .T. ) ;
#4892 = CARTESIAN_POINT ( 'NONE',  ( -20.50000000000000000, -2.750000000000000000, -0.4999999999999968914 ) ) ;
#4893 = ORIENTED_EDGE ( 'NONE', *, *, #5697, .T. ) ;
#4894 = PLANE ( 'NONE',  #2442 ) ;
#4895 = LINE ( 'NONE', #3952, #3100 ) ;
#4896 = VECTOR ( 'NONE', #10431, 1000.000000000000000 ) ;
#4897 = CARTESIAN_POINT ( 'NONE',  ( -18.89469707838345158, 13.89999999999999680, -2.234934561338733250 ) ) ;
#4898 = VERTEX_POINT ( 'NONE', #6871 ) ;
#4899 = DIRECTION ( 'NONE',  ( -0.0000000000000000000, 1.000000000000000000, -0.0000000000000000000 ) ) ;
#4900 = LINE ( 'NONE', #7350, #5179 ) ;
#4901 = ORIENTED_EDGE ( 'NONE', *, *, #7265, .F. ) ;
#4902 = LINE ( 'NONE', #1477, #5049 ) ;
#4903 =( NAMED_UNIT ( * ) PLANE_ANGLE_UNIT ( ) SI_UNIT ( $, .RADIAN. ) );
#4904 =( NAMED_UNIT ( * ) PLANE_ANGLE_UNIT ( ) SI_UNIT ( $, .RADIAN. ) );
#4905 = ORIENTED_EDGE ( 'NONE', *, *, #9510, .T. ) ;
#4906 = CYLINDRICAL_SURFACE ( 'NONE', #3936, 1.993034753127727488 ) ;
#4907 = CARTESIAN_POINT ( 'NONE',  ( -27.50000000000000000, 5.200000000000001066, -6.599999999999994316 ) ) ;
#4908 = EDGE_LOOP ( 'NONE', ( #5268, #8504, #1207, #1334 ) ) ;
#4909 =( NAMED_UNIT ( * ) PLANE_ANGLE_UNIT ( ) SI_UNIT ( $, .RADIAN. ) );
#4910 = SURFACE_STYLE_USAGE ( .BOTH. , #839 ) ;
#4911 = DIRECTION ( 'NONE',  ( 1.000000000000000000, -0.0000000000000000000, -0.0000000000000000000 ) ) ;
#4912 = EDGE_LOOP ( 'NONE', ( #8914, #465 ) ) ;
#4913 = EDGE_CURVE ( 'NONE', #8980, #9582, #8648, .T. ) ;
#4914 =( LENGTH_UNIT ( ) NAMED_UNIT ( * ) SI_UNIT ( .MILLI., .METRE. ) );
#4915 = FACE_OUTER_BOUND ( 'NONE', #7982, .T. ) ;
#4916 = VERTEX_POINT ( 'NONE', #1020 ) ;
#4917 = SURFACE_STYLE_USAGE ( .BOTH. , #2281 ) ;
#4918 = EDGE_LOOP ( 'NONE', ( #5154, #6048, #2974, #2113 ) ) ;
#4919 = CARTESIAN_POINT ( 'NONE',  ( -27.50000000000000000, 8.899999999999998579, 6.599999999999996092 ) ) ;
#4920 = DIRECTION ( 'NONE',  ( 1.000000000000000000, 0.0000000000000000000, 0.0000000000000000000 ) ) ;
#4921 = VERTEX_POINT ( 'NONE', #3652 ) ;
#4922 =( GEOMETRIC_REPRESENTATION_CONTEXT ( 3 ) GLOBAL_UNCERTAINTY_ASSIGNED_CONTEXT ( ( #3181 ) ) GLOBAL_UNIT_ASSIGNED_CONTEXT ( ( #1342, #2937, #6342 ) ) REPRESENTATION_CONTEXT ( 'NONE', 'WORKASPACE' ) );
#4923 = ORIENTED_EDGE ( 'NONE', *, *, #3196, .F. ) ;
#4924 = ORIENTED_EDGE ( 'NONE', *, *, #9417, .T. ) ;
#4925 = AXIS2_PLACEMENT_3D ( 'NONE', #260, #6289, #4487 ) ;
#4926 = PRESENTATION_LAYER_ASSIGNMENT (  '', '', ( #1585 ) ) ;
#4927 = DIRECTION ( 'NONE',  ( -1.000000000000000000, 0.0000000000000000000, 0.0000000000000000000 ) ) ;
#4928 = EDGE_CURVE ( 'NONE', #2176, #1889, #10256, .T. ) ;
#4929 = LINE ( 'NONE', #2548, #8920 ) ;
#4930 = DIRECTION ( 'NONE',  ( 0.0000000000000000000, 1.000000000000000000, 1.314184451497582245E-16 ) ) ;
#4931 = EDGE_LOOP ( 'NONE', ( #4997, #61, #1328, #4960 ) ) ;
#4932 = LINE ( 'NONE', #8261, #6657 ) ;
#4933 =( NAMED_UNIT ( * ) PLANE_ANGLE_UNIT ( ) SI_UNIT ( $, .RADIAN. ) );
#4934 = CARTESIAN_POINT ( 'NONE',  ( 18.50000000000000000, -3.750000000000000000, 0.5000000000000031086 ) ) ;
#4935 = CYLINDRICAL_SURFACE ( 'NONE', #7339, 1.000000000000000000 ) ;
#4936 = VECTOR ( 'NONE', #10848, 1000.000000000000000 ) ;
#4937 = ORIENTED_EDGE ( 'NONE', *, *, #10211, .T. ) ;
#4938 = EDGE_CURVE ( 'NONE', #9773, #8747, #5310, .T. ) ;
#4939 = AXIS2_PLACEMENT_3D ( 'NONE', #9401, #843, #3405 ) ;
#4940 = FACE_OUTER_BOUND ( 'NONE', #1559, .T. ) ;
#4941 = VECTOR ( 'NONE', #6896, 1000.000000000000000 ) ;
#4942 = CARTESIAN_POINT ( 'NONE',  ( -27.49999999999999645, 20.99999999999999645, 8.000000000000000000 ) ) ;
#4943 = EDGE_LOOP ( 'NONE', ( #5979, #1646, #8662, #8946 ) ) ;
#4944 = VECTOR ( 'NONE', #3285, 1000.000000000000000 ) ;
#4945 = CARTESIAN_POINT ( 'NONE',  ( 14.50000000000000000, 20.00000000000000000, -7.999999999999976019 ) ) ;
#4946 = CARTESIAN_POINT ( 'NONE',  ( -1.499999999999997780, 8.899999999999998579, 6.599999999999996092 ) ) ;
#4947 = EDGE_LOOP ( 'NONE', ( #8053, #4905, #1254, #6332 ) ) ;
#4948 = STYLED_ITEM ( 'NONE', ( #4669 ), #9103 ) ;
#4949 = EDGE_CURVE ( 'NONE', #9197, #5265, #2661, .T. ) ;
#4950 = CARTESIAN_POINT ( 'NONE',  ( -19.50000000000000000, -3.750000000000000000, -0.4999999999999968914 ) ) ;
#4951 = ORIENTED_EDGE ( 'NONE', *, *, #9714, .F. ) ;
#4952 = EDGE_CURVE ( 'NONE', #9469, #6060, #2709, .T. ) ;
#4953 = AXIS2_PLACEMENT_3D ( 'NONE', #4335, #771, #6730 ) ;
#4954 = DIRECTION ( 'NONE',  ( -0.0000000000000000000, -0.0000000000000000000, -1.000000000000000000 ) ) ;
#4955 = DIRECTION ( 'NONE',  ( 0.0000000000000000000, 0.0000000000000000000, 1.000000000000000000 ) ) ;
#4956 = ORIENTED_EDGE ( 'NONE', *, *, #10101, .F. ) ;
#4957 = FILL_AREA_STYLE_COLOUR ( '', #2531 ) ;
#4958 = EDGE_CURVE ( 'NONE', #6560, #10707, #6107, .T. ) ;
#4959 = DIRECTION ( 'NONE',  ( 0.0000000000000000000, 1.000000000000000000, -0.0000000000000000000 ) ) ;
#4960 = ORIENTED_EDGE ( 'NONE', *, *, #5086, .T. ) ;
#4961 = SURFACE_STYLE_FILL_AREA ( #2482 ) ;
#4962 = PRESENTATION_STYLE_ASSIGNMENT (( #4131 ) ) ;
#4963 = VECTOR ( 'NONE', #10364, 1000.000000000000000 ) ;
#4964 = ORIENTED_EDGE ( 'NONE', *, *, #9358, .T. ) ;
#4965 = DIRECTION ( 'NONE',  ( 0.0000000000000000000, 1.000000000000000000, 0.0000000000000000000 ) ) ;
#4966 = ORIENTED_EDGE ( 'NONE', *, *, #5274, .T. ) ;
#4967 = VERTEX_POINT ( 'NONE', #4425 ) ;
#4968 = DIRECTION ( 'NONE',  ( 0.0000000000000000000, 1.000000000000000000, 1.314184451497582245E-16 ) ) ;
#4969 = FILL_AREA_STYLE ('',( #5926 ) ) ;
#4970 = CARTESIAN_POINT ( 'NONE',  ( 5.499999999999998224, -3.750000000000000000, -0.4999999999999968914 ) ) ;
#4971 = ORIENTED_EDGE ( 'NONE', *, *, #5543, .F. ) ;
#4972 = UNCERTAINTY_MEASURE_WITH_UNIT (LENGTH_MEASURE( 1.000000000000000082E-05 ), #5856, 'distance_accuracy_value', 'NONE');
#4973 =( NAMED_UNIT ( * ) PLANE_ANGLE_UNIT ( ) SI_UNIT ( $, .RADIAN. ) );
#4974 = VERTEX_POINT ( 'NONE', #1951 ) ;
#4975 = ORIENTED_EDGE ( 'NONE', *, *, #6448, .T. ) ;
#4976 = CARTESIAN_POINT ( 'NONE',  ( -27.50000000000000000, 19.99999999999999289, 8.000000000000000000 ) ) ;
#4977 = DIRECTION ( 'NONE',  ( 0.0000000000000000000, 0.0000000000000000000, 1.000000000000000000 ) ) ;
#4978 = CARTESIAN_POINT ( 'NONE',  ( 4.265065438661265418, 15.89999999999999680, -0.6053029216165488613 ) ) ;
#4979 = CARTESIAN_POINT ( 'NONE',  ( 14.50000000000000000, 20.99999999999999645, 4.500000000000093259 ) ) ;
#4980 = MECHANICAL_DESIGN_GEOMETRIC_PRESENTATION_REPRESENTATION (  '', ( #4637 ), #772 ) ;
#4981 = EDGE_LOOP ( 'NONE', ( #4673, #4684, #10249, #6562 ) ) ;
#4982 = SURFACE_SIDE_STYLE ('',( #2454 ) ) ;
#4983 = CARTESIAN_POINT ( 'NONE',  ( -27.50000000000000000, 20.00000000000000000, -9.099999999999974776 ) ) ;
#4984 = CARTESIAN_POINT ( 'NONE',  ( -14.00000000000000178, -18.24828759089465535, 4.500000000000269118 ) ) ;
#4985 = FACE_OUTER_BOUND ( 'NONE', #284, .T. ) ;
#4986 = SURFACE_STYLE_USAGE ( .BOTH. , #6000 ) ;
#4987 = VECTOR ( 'NONE', #5520, 1000.000000000000000 ) ;
#4988 = DIRECTION ( 'NONE',  ( 0.0000000000000000000, 0.0000000000000000000, 1.000000000000000000 ) ) ;
#4989 = LINE ( 'NONE', #3442, #182 ) ;
#4990 = VERTEX_POINT ( 'NONE', #8761 ) ;
#4991 = SURFACE_STYLE_USAGE ( .BOTH. , #1638 ) ;
#4992 = VECTOR ( 'NONE', #1515, 1000.000000000000000 ) ;
#4993 = ORIENTED_EDGE ( 'NONE', *, *, #6270, .T. ) ;
#4994 = EDGE_CURVE ( 'NONE', #5325, #9338, #8704, .T. ) ;
#4995 = DIRECTION ( 'NONE',  ( 0.0000000000000000000, 0.0000000000000000000, -1.000000000000000000 ) ) ;
#4996 = COLOUR_RGB ( '',0.8980392156862745390, 0.8980392156862745390, 0.8980392156862745390 ) ;
#4997 = ORIENTED_EDGE ( 'NONE', *, *, #758, .F. ) ;
#4998 = VECTOR ( 'NONE', #10750, 1000.000000000000000 ) ;
#4999 = CARTESIAN_POINT ( 'NONE',  ( -1.499999999999997780, 20.99999999999999645, -4.499999999999817035 ) ) ;
#5000 =( NAMED_UNIT ( * ) SI_UNIT ( $, .STERADIAN. ) SOLID_ANGLE_UNIT ( ) );
#5001 = EDGE_CURVE ( 'NONE', #10579, #4086, #8424, .T. ) ;
#5002 = PLANE ( 'NONE',  #1944 ) ;
#5003 = DIRECTION ( 'NONE',  ( -1.000000000000000000, 0.0000000000000000000, 0.0000000000000000000 ) ) ;
#5004 = STYLED_ITEM ( 'NONE', ( #10379 ), #7600 ) ;
#5005 = ORIENTED_EDGE ( 'NONE', *, *, #758, .T. ) ;
#5006 = VECTOR ( 'NONE', #4420, 1000.000000000000000 ) ;
#5008 = EDGE_CURVE ( 'NONE', #2055, #1540, #7013, .T. ) ;
#5007 = DIRECTION ( 'NONE',  ( 7.709882115452482111E-16, 3.854941057726241055E-16, -1.000000000000000000 ) ) ;
#5009 = AXIS2_PLACEMENT_3D ( 'NONE', #5937, #3318, #864 ) ;
#5010 = EDGE_CURVE ( 'NONE', #10482, #10579, #7920, .T. ) ;
#5011 = SURFACE_STYLE_USAGE ( .BOTH. , #10004 ) ;
#5012 = VECTOR ( 'NONE', #5185, 1000.000000000000000 ) ;
#5013 = FACE_OUTER_BOUND ( 'NONE', #4931, .T. ) ;
#5014 =( LENGTH_UNIT ( ) NAMED_UNIT ( * ) SI_UNIT ( .MILLI., .METRE. ) );
#5015 = ORIENTED_EDGE ( 'NONE', *, *, #10142, .T. ) ;
#5016 = AXIS2_PLACEMENT_3D ( 'NONE', #9774, #6500, #1301 ) ;
#5017 = PRESENTATION_LAYER_ASSIGNMENT (  '', '', ( #6972 ) ) ;
#5018 = ADVANCED_FACE ( 'NONE', ( #2872 ), #9847, .T. ) ;
#5019 = DIRECTION ( 'NONE',  ( 0.0000000000000000000, 0.0000000000000000000, -1.000000000000000000 ) ) ;
#5020 = SURFACE_SIDE_STYLE ('',( #10121 ) ) ;
#5021 = ORIENTED_EDGE ( 'NONE', *, *, #6395, .T. ) ;
#5022 = CARTESIAN_POINT ( 'NONE',  ( 12.25000000000000000, 19.00000000000000000, -7.999999999999998224 ) ) ;
#5023 = CARTESIAN_POINT ( 'NONE',  ( 21.73493456133873281, 13.89999999999999680, -0.6053029216165494164 ) ) ;
#5024 = LINE ( 'NONE', #2386, #5619 ) ;
#5025 = EDGE_LOOP ( 'NONE', ( #6553, #8438, #152, #7717 ) ) ;
#5026 = MECHANICAL_DESIGN_GEOMETRIC_PRESENTATION_REPRESENTATION (  '', ( #10683 ), #4682 ) ;
#5027 = VERTEX_POINT ( 'NONE', #5483 ) ;
#5028 = ORIENTED_EDGE ( 'NONE', *, *, #1633, .T. ) ;
#5029 = DIRECTION ( 'NONE',  ( -1.000000000000000000, 0.0000000000000000000, 1.330610115879115536E-16 ) ) ;
#5030 = FACE_OUTER_BOUND ( 'NONE', #6338, .T. ) ;
#5031 = AXIS2_PLACEMENT_3D ( 'NONE', #5637, #778, #6623 ) ;
#5032 = VECTOR ( 'NONE', #3752, 1000.000000000000000 ) ;
#5033 = FACE_OUTER_BOUND ( 'NONE', #4739, .T. ) ;
#5034 = ORIENTED_EDGE ( 'NONE', *, *, #9981, .T. ) ;
#5035 =( LENGTH_UNIT ( ) NAMED_UNIT ( * ) SI_UNIT ( .MILLI., .METRE. ) );
#5036 = CARTESIAN_POINT ( 'NONE',  ( -17.26506543866126719, 13.89999999999999680, 0.6053029216165494164 ) ) ;
#5037 = CARTESIAN_POINT ( 'NONE',  ( 19.50000000000000000, -2.750000000000000000, 0.0000000000000000000 ) ) ;
#5038 = DIRECTION ( 'NONE',  ( -1.000000000000000000, -0.0000000000000000000, -0.0000000000000000000 ) ) ;
#5039 = CARTESIAN_POINT ( 'NONE',  ( -25.00000000000000000, 20.99999999999999645, 4.500000000000365041 ) ) ;
#5040 =( NAMED_UNIT ( * ) SI_UNIT ( $, .STERADIAN. ) SOLID_ANGLE_UNIT ( ) );
#5041 = AXIS2_PLACEMENT_3D ( 'NONE', #423, #528, #3890 ) ;
#5042 = VERTEX_POINT ( 'NONE', #7263 ) ;
#5043 = DIRECTION ( 'NONE',  ( 0.0000000000000000000, -0.0000000000000000000, 1.000000000000000000 ) ) ;
#5044 = FACE_OUTER_BOUND ( 'NONE', #8873, .T. ) ;
#5045 = EDGE_CURVE ( 'NONE', #1889, #10587, #4879, .T. ) ;
#5046 = VERTEX_POINT ( 'NONE', #8028 ) ;
#5047 = CARTESIAN_POINT ( 'NONE',  ( -13.75000000000000000, 19.00000000000000000, -7.999999999999998224 ) ) ;
#5048 = APPLICATION_PROTOCOL_DEFINITION ( 'draft international standard', 'automotive_design', 1998, #7395 ) ;
#5049 = VECTOR ( 'NONE', #4844, 1000.000000000000000 ) ;
#5050 = FACE_OUTER_BOUND ( 'NONE', #5754, .T. ) ;
#5051 = VERTEX_POINT ( 'NONE', #5534 ) ;
#5052 = LINE ( 'NONE', #6776, #10510 ) ;
#5053 = ORIENTED_EDGE ( 'NONE', *, *, #4339, .T. ) ;
#5054 = AXIS2_PLACEMENT_3D ( 'NONE', #7286, #8953, #7174 ) ;
#5055 = ADVANCED_FACE ( 'NONE', ( #1602 ), #2063, .F. ) ;
#5056 = FACE_OUTER_BOUND ( 'NONE', #7285, .T. ) ;
#5057 = CARTESIAN_POINT ( 'NONE',  ( 24.18480339025593651, 9.399999999999998579, 5.114085138899327809 ) ) ;
#5058 = CYLINDRICAL_SURFACE ( 'NONE', #6492, 2.099999999999826894 ) ;
#5059 = ORIENTED_EDGE ( 'NONE', *, *, #4203, .F. ) ;
#5060 = CARTESIAN_POINT ( 'NONE',  ( -27.50000000000000000, 8.899999999999998579, 6.099999999999996092 ) ) ;
#5061 = MECHANICAL_DESIGN_GEOMETRIC_PRESENTATION_REPRESENTATION (  '', ( #4362 ), #10564 ) ;
#5062 = DIRECTION ( 'NONE',  ( 0.0000000000000000000, 0.0000000000000000000, -1.000000000000000000 ) ) ;
#5063 = EDGE_CURVE ( 'NONE', #3063, #874, #7100, .T. ) ;
#5064 = DIRECTION ( 'NONE',  ( 0.0000000000000000000, 0.0000000000000000000, 1.000000000000000000 ) ) ;
#5065 = VECTOR ( 'NONE', #3668, 1000.000000000000114 ) ;
#5066 = EDGE_LOOP ( 'NONE', ( #298, #127, #520, #9691 ) ) ;
#5067 = VECTOR ( 'NONE', #745, 1000.000000000000000 ) ;
#5068 = ADVANCED_FACE ( 'NONE', ( #7152 ), #10529, .F. ) ;
#5069 = VECTOR ( 'NONE', #9952, 1000.000000000000000 ) ;
#5070 = EDGE_CURVE ( 'NONE', #3135, #6491, #6900, .T. ) ;
#5071 = PLANE ( 'NONE',  #8063 ) ;
#5072 = DIRECTION ( 'NONE',  ( 0.0000000000000000000, 1.000000000000000000, 1.314184451497582245E-16 ) ) ;
#5073 = VERTEX_POINT ( 'NONE', #7575 ) ;
#5074 = DIRECTION ( 'NONE',  ( 1.000000000000000000, 0.0000000000000000000, 0.0000000000000000000 ) ) ;
#5075 = MECHANICAL_DESIGN_GEOMETRIC_PRESENTATION_REPRESENTATION (  '', ( #6511 ), #340 ) ;
#5076 = ORIENTED_EDGE ( 'NONE', *, *, #5001, .F. ) ;
#5077 = SURFACE_STYLE_FILL_AREA ( #8522 ) ;
#5078 = CARTESIAN_POINT ( 'NONE',  ( 4.265065438661265418, 13.89999999999999680, -0.6053029216165488613 ) ) ;
#5079 = EDGE_CURVE ( 'NONE', #4581, #9592, #939, .T. ) ;
#5080 = UNCERTAINTY_MEASURE_WITH_UNIT (LENGTH_MEASURE( 1.000000000000000082E-05 ), #6556, 'distance_accuracy_value', 'NONE');
#5081 = CARTESIAN_POINT ( 'NONE',  ( -20.10530292161654842, 13.89999999999999680, -2.234934561338733250 ) ) ;
#5082 = EDGE_LOOP ( 'NONE', ( #5951, #10115, #23, #8330 ) ) ;
#5083 = ORIENTED_EDGE ( 'NONE', *, *, #5498, .F. ) ;
#5084 = CARTESIAN_POINT ( 'NONE',  ( -19.50000000000000000, 11.89999999999999858, -3.411345746565306758 ) ) ;
#5085 = EDGE_CURVE ( 'NONE', #5304, #8991, #4179, .T. ) ;
#5086 = EDGE_CURVE ( 'NONE', #708, #8332, #8625, .T. ) ;
#5087 = DIRECTION ( 'NONE',  ( 0.0000000000000000000, 0.7071067811865473507, 0.7071067811865477948 ) ) ;
#5088 = PRESENTATION_LAYER_ASSIGNMENT (  '', '', ( #6688 ) ) ;
#5089 = CARTESIAN_POINT ( 'NONE',  ( 12.25000000000000000, 0.0000000000000000000, 7.999999999999998224 ) ) ;
#5090 = ORIENTED_EDGE ( 'NONE', *, *, #2499, .T. ) ;
#5091 = DIRECTION ( 'NONE',  ( 0.0000000000000000000, 1.000000000000000000, -0.0000000000000000000 ) ) ;
#5092 = LINE ( 'NONE', #1790, #5180 ) ;
#5093 = SURFACE_STYLE_USAGE ( .BOTH. , #7655 ) ;
#5094 = DIRECTION ( 'NONE',  ( -0.0000000000000000000, -0.0000000000000000000, -1.000000000000000000 ) ) ;
#5095 = CYLINDRICAL_SURFACE ( 'NONE', #3548, 1.000000000000000888 ) ;
#5096 = ADVANCED_FACE ( 'NONE', ( #5231 ), #5058, .T. ) ;
#5097 = FILL_AREA_STYLE_COLOUR ( '', #10155 ) ;
#5098 = CARTESIAN_POINT ( 'NONE',  ( 1.500000000000004885, 20.00000000000000355, -8.999999999999809930 ) ) ;
#5099 = DIRECTION ( 'NONE',  ( -1.000000000000000000, -1.013220719900694020E-31, 7.709882115452482111E-16 ) ) ;
#5100 = VECTOR ( 'NONE', #4000, 1000.000000000000000 ) ;
#5101 = ORIENTED_EDGE ( 'NONE', *, *, #3188, .F. ) ;
#5102 = CYLINDRICAL_SURFACE ( 'NONE', #7348, 1.099999999999997646 ) ;
#5103 = DIRECTION ( 'NONE',  ( 1.000000000000000000, 0.0000000000000000000, -5.987745521456020037E-16 ) ) ;
#5104 = VECTOR ( 'NONE', #8773, 1000.000000000000000 ) ;
#5105 = CIRCLE ( 'NONE', #1761, 1.000000000000000000 ) ;
#5106 = VERTEX_POINT ( 'NONE', #10057 ) ;
#5107 = CARTESIAN_POINT ( 'NONE',  ( -6.500000000000000888, 11.39999999999999858, 8.673617379884035472E-16 ) ) ;
#5108 =( LENGTH_UNIT ( ) NAMED_UNIT ( * ) SI_UNIT ( .MILLI., .METRE. ) );
#5109 = ORIENTED_EDGE ( 'NONE', *, *, #8996, .T. ) ;
#5110 = CARTESIAN_POINT ( 'NONE',  ( 19.50000000000000000, 14.89999999999999680, 3.411345746565308534 ) ) ;
#5111 = EDGE_CURVE ( 'NONE', #5796, #8800, #10280, .T. ) ;
#5112 = AXIS2_PLACEMENT_3D ( 'NONE', #2160, #1105, #8064 ) ;
#5113 = EDGE_LOOP ( 'NONE', ( #9172, #3361, #9228, #2473 ) ) ;
#5114 =( GEOMETRIC_REPRESENTATION_CONTEXT ( 3 ) GLOBAL_UNCERTAINTY_ASSIGNED_CONTEXT ( ( #906 ) ) GLOBAL_UNIT_ASSIGNED_CONTEXT ( ( #10056, #8506, #4342 ) ) REPRESENTATION_CONTEXT ( 'NONE', 'WORKASPACE' ) );
#5115 = FACE_OUTER_BOUND ( 'NONE', #10198, .T. ) ;
#5116 =( NAMED_UNIT ( * ) PLANE_ANGLE_UNIT ( ) SI_UNIT ( $, .RADIAN. ) );
#5117 = AXIS2_PLACEMENT_3D ( 'NONE', #1466, #9008, #4719 ) ;
#5118 =( NAMED_UNIT ( * ) SI_UNIT ( $, .STERADIAN. ) SOLID_ANGLE_UNIT ( ) );
#5119 = EDGE_LOOP ( 'NONE', ( #7484, #8270, #10528, #1949 ) ) ;
#5120 =( LENGTH_UNIT ( ) NAMED_UNIT ( * ) SI_UNIT ( .MILLI., .METRE. ) );
#5121 = CARTESIAN_POINT ( 'NONE',  ( 19.50000000000000000, 11.89999999999999858, -1.993034753127726821 ) ) ;
#5122 = EDGE_CURVE ( 'NONE', #7840, #2739, #9392, .T. ) ;
#5123 = AXIS2_PLACEMENT_3D ( 'NONE', #1453, #8188, #2335 ) ;
#5124 = EDGE_LOOP ( 'NONE', ( #2874, #4115, #1801, #692, #9695, #1896, #6870, #10017 ) ) ;
#5125 = LINE ( 'NONE', #6906, #9904 ) ;
#5126 = CARTESIAN_POINT ( 'NONE',  ( -19.50000000000000000, 15.89999999999999680, -4.411345746565306314 ) ) ;
#5127 = LINE ( 'NONE', #10177, #8114 ) ;
#5128 = ORIENTED_EDGE ( 'NONE', *, *, #9260, .T. ) ;
#5129 = ORIENTED_EDGE ( 'NONE', *, *, #1116, .T. ) ;
#5130 =( NAMED_UNIT ( * ) PLANE_ANGLE_UNIT ( ) SI_UNIT ( $, .RADIAN. ) );
#5131 = CARTESIAN_POINT ( 'NONE',  ( -12.24999999999999822, 19.00000000000000000, -7.999999999999998224 ) ) ;
#5132 = CARTESIAN_POINT ( 'NONE',  ( -0.9999999999999974465, 20.99999999999999645, 4.500000000000184741 ) ) ;
#5133 = ADVANCED_FACE ( 'NONE', ( #7184 ), #3563, .F. ) ;
#5134 = VERTEX_POINT ( 'NONE', #7014 ) ;
#5135 = VERTEX_POINT ( 'NONE', #394 ) ;
#5136 = CARTESIAN_POINT ( 'NONE',  ( -14.50000000000000000, 9.400000000000000355, -6.600000000000003197 ) ) ;
#5137 = VECTOR ( 'NONE', #4213, 1000.000000000000000 ) ;
#5138 =( LENGTH_UNIT ( ) NAMED_UNIT ( * ) SI_UNIT ( .MILLI., .METRE. ) );
#5139 =( GEOMETRIC_REPRESENTATION_CONTEXT ( 3 ) GLOBAL_UNCERTAINTY_ASSIGNED_CONTEXT ( ( #1987 ) ) GLOBAL_UNIT_ASSIGNED_CONTEXT ( ( #8234, #1436, #3027 ) ) REPRESENTATION_CONTEXT ( 'NONE', 'WORKASPACE' ) );
#5140 = EDGE_CURVE ( 'NONE', #1807, #743, #2905, .T. ) ;
#5141 = FACE_OUTER_BOUND ( 'NONE', #4300, .T. ) ;
#5142 = ORIENTED_EDGE ( 'NONE', *, *, #3148, .F. ) ;
#5143 = CARTESIAN_POINT ( 'NONE',  ( 18.89469707838345158, 13.89999999999999680, -0.6053029216165489723 ) ) ;
#5144 = DIRECTION ( 'NONE',  ( 0.0000000000000000000, 0.0000000000000000000, 1.000000000000000000 ) ) ;
#5145 = FACE_OUTER_BOUND ( 'NONE', #7064, .T. ) ;
#5146 = CARTESIAN_POINT ( 'NONE',  ( 0.7500000000000006661, 19.00000000000000000, 9.000000000000000000 ) ) ;
#5147 = EDGE_CURVE ( 'NONE', #10697, #4868, #1895, .T. ) ;
#5148 = CARTESIAN_POINT ( 'NONE',  ( -7.500000000000001776, -0.0000000000000000000, -0.4999999999999968914 ) ) ;
#5149 = CARTESIAN_POINT ( 'NONE',  ( 0.0000000000000000000, 20.99999999999999645, 5.148098557999859383E-15 ) ) ;
#5150 = SURFACE_STYLE_FILL_AREA ( #4269 ) ;
#5151 = ORIENTED_EDGE ( 'NONE', *, *, #4784, .T. ) ;
#5152 = FILL_AREA_STYLE_COLOUR ( '', #2223 ) ;
#5153 = ADVANCED_FACE ( 'NONE', ( #9559 ), #277, .F. ) ;
#5154 = ORIENTED_EDGE ( 'NONE', *, *, #7134, .T. ) ;
#5155 = LINE ( 'NONE', #7507, #8440 ) ;
#5156 = ORIENTED_EDGE ( 'NONE', *, *, #922, .F. ) ;
#5157 = DIRECTION ( 'NONE',  ( 0.0000000000000000000, 0.0000000000000000000, 1.000000000000000000 ) ) ;
#5158 = PRESENTATION_STYLE_ASSIGNMENT (( #4382 ) ) ;
#5159 = VECTOR ( 'NONE', #8468, 1000.000000000000000 ) ;
#5160 = ORIENTED_EDGE ( 'NONE', *, *, #8407, .F. ) ;
#5161 =( NAMED_UNIT ( * ) SI_UNIT ( $, .STERADIAN. ) SOLID_ANGLE_UNIT ( ) );
#5162 = AXIS2_PLACEMENT_3D ( 'NONE', #10658, #4959, #3966 ) ;
#5163 = CARTESIAN_POINT ( 'NONE',  ( 25.25000000000000000, 19.00000000000000000, -7.999999999999998224 ) ) ;
#5164 = LINE ( 'NONE', #2792, #4489 ) ;
#5165 = LINE ( 'NONE', #10113, #8950 ) ;
#5166 = ORIENTED_EDGE ( 'NONE', *, *, #7466, .F. ) ;
#5167 = FACE_OUTER_BOUND ( 'NONE', #5241, .T. ) ;
#5168 = FILL_AREA_STYLE ('',( #3349 ) ) ;
#5169 = CARTESIAN_POINT ( 'NONE',  ( -14.49999999999999822, 20.99999999999999645, 4.500000000000274447 ) ) ;
#5170 = STYLED_ITEM ( 'NONE', ( #2042 ), #8106 ) ;
#5171 = VECTOR ( 'NONE', #3629, 1000.000000000000000 ) ;
#5172 = UNCERTAINTY_MEASURE_WITH_UNIT (LENGTH_MEASURE( 1.000000000000000082E-05 ), #4166, 'distance_accuracy_value', 'NONE');
#5173 = CIRCLE ( 'NONE', #7308, 1.993034753127727488 ) ;
#5174 = EDGE_LOOP ( 'NONE', ( #9383, #6222, #1108, #8412 ) ) ;
#5175 = DIRECTION ( 'NONE',  ( -1.000000000000000000, 0.0000000000000000000, 1.330610115879115536E-16 ) ) ;
#5176 = DIRECTION ( 'NONE',  ( -0.0000000000000000000, 1.000000000000000000, 1.314184451497582492E-16 ) ) ;
#5177 = AXIS2_PLACEMENT_3D ( 'NONE', #10687, #7167, #8943 ) ;
#5178 = ADVANCED_FACE ( 'NONE', ( #3624 ), #5512, .T. ) ;
#5179 = VECTOR ( 'NONE', #3180, 1000.000000000000000 ) ;
#5180 = VECTOR ( 'NONE', #3431, 1000.000000000000000 ) ;
#5181 = UNCERTAINTY_MEASURE_WITH_UNIT (LENGTH_MEASURE( 1.000000000000000082E-05 ), #6523, 'distance_accuracy_value', 'NONE');
#5182 = ORIENTED_EDGE ( 'NONE', *, *, #1567, .F. ) ;
#5183 = LINE ( 'NONE', #8581, #5518 ) ;
#5184 = ORIENTED_EDGE ( 'NONE', *, *, #2182, .F. ) ;
#5185 = DIRECTION ( 'NONE',  ( 1.000000000000000000, 0.0000000000000000000, 0.0000000000000000000 ) ) ;
#5186 = CARTESIAN_POINT ( 'NONE',  ( -24.50000000000000000, 5.200000000000001066, -6.599999999999994316 ) ) ;
#5187 = UNCERTAINTY_MEASURE_WITH_UNIT (LENGTH_MEASURE( 1.000000000000000082E-05 ), #590, 'distance_accuracy_value', 'NONE');
#5188 = DIRECTION ( 'NONE',  ( -1.000000000000000000, 0.0000000000000000000, 1.330610115879115536E-16 ) ) ;
#5189 = CIRCLE ( 'NONE', #4134, 3.411345746565307646 ) ;
#5190 = ORIENTED_EDGE ( 'NONE', *, *, #5430, .F. ) ;
#5191 = VECTOR ( 'NONE', #9598, 1000.000000000000000 ) ;
#5192 = VECTOR ( 'NONE', #1727, 1000.000000000000000 ) ;
#5193 = ORIENTED_EDGE ( 'NONE', *, *, #4468, .F. ) ;
#5194 = VECTOR ( 'NONE', #10614, 1000.000000000000000 ) ;
#5195 = DIRECTION ( 'NONE',  ( 0.0000000000000000000, 0.0000000000000000000, 1.000000000000000000 ) ) ;
#5196 = CARTESIAN_POINT ( 'NONE',  ( -27.50000000000000000, 16.99999999999999645, 10.10000000000018439 ) ) ;
#5197 = CYLINDRICAL_SURFACE ( 'NONE', #2130, 1.993034753127727488 ) ;
#5198 = EDGE_CURVE ( 'NONE', #360, #4117, #10747, .T. ) ;
#5199 = LINE ( 'NONE', #5089, #1493 ) ;
#5200 = ORIENTED_EDGE ( 'NONE', *, *, #2318, .F. ) ;
#5201 = PRESENTATION_LAYER_ASSIGNMENT (  '', '', ( #9988 ) ) ;
#5202 = CARTESIAN_POINT ( 'NONE',  ( 24.49999999999999645, 20.99999999999999645, -7.999999999999976019 ) ) ;
#5203 = DIRECTION ( 'NONE',  ( 0.0000000000000000000, 0.0000000000000000000, -1.000000000000000000 ) ) ;
#5204 = CARTESIAN_POINT ( 'NONE',  ( -27.50000000000000355, 9.400000000000000355, -4.499999999999980460 ) ) ;
#5205 = DIRECTION ( 'NONE',  ( 1.000000000000000000, 0.0000000000000000000, 0.0000000000000000000 ) ) ;
#5206 = PLANE ( 'NONE',  #5279 ) ;
#5207 = ORIENTED_EDGE ( 'NONE', *, *, #310, .F. ) ;
#5208 = PRESENTATION_LAYER_ASSIGNMENT (  '', '', ( #9285 ) ) ;
#5209 = DIRECTION ( 'NONE',  ( 0.0000000000000000000, 1.000000000000000000, 0.0000000000000000000 ) ) ;
#5210 =( NAMED_UNIT ( * ) PLANE_ANGLE_UNIT ( ) SI_UNIT ( $, .RADIAN. ) );
#5211 = EDGE_CURVE ( 'NONE', #560, #8249, #1369, .T. ) ;
#5212 = EDGE_CURVE ( 'NONE', #1189, #8336, #2257, .T. ) ;
#5213 = ORIENTED_EDGE ( 'NONE', *, *, #5498, .T. ) ;
#5214 = SURFACE_SIDE_STYLE ('',( #1853 ) ) ;
#5215 = PLANE ( 'NONE',  #6268 ) ;
#5216 = FILL_AREA_STYLE ('',( #4609 ) ) ;
#5217 = ORIENTED_EDGE ( 'NONE', *, *, #3920, .T. ) ;
#5218 = AXIS2_PLACEMENT_3D ( 'NONE', #8848, #1205, #7949 ) ;
#5219 = VECTOR ( 'NONE', #6213, 1000.000000000000000 ) ;
#5220 = CARTESIAN_POINT ( 'NONE',  ( 24.50000000000000000, 20.99999999999999645, -4.499999999999997335 ) ) ;
#5221 = CARTESIAN_POINT ( 'NONE',  ( 25.25000000000000355, -1.133848265250297349E-28, -9.000000000000000000 ) ) ;
#5222 = ADVANCED_FACE ( 'NONE', ( #4064 ), #3175, .F. ) ;
#5223 = EDGE_LOOP ( 'NONE', ( #53, #4951, #2926, #2067, #3631, #7347, #1225, #7548, #1371, #1455, #753, #8518 ) ) ;
#5224 = CARTESIAN_POINT ( 'NONE',  ( -19.50000000000000000, -2.750000000000000000, -0.4999999999999968914 ) ) ;
#5225 = VECTOR ( 'NONE', #4554, 1000.000000000000000 ) ;
#5226 = STYLED_ITEM ( 'NONE', ( #6853 ), #3099 ) ;
#5227 = FACE_OUTER_BOUND ( 'NONE', #4084, .T. ) ;
#5228 = CARTESIAN_POINT ( 'NONE',  ( -14.49999999999999822, 9.399999999999998579, 6.099999999999996092 ) ) ;
#5229 = DIRECTION ( 'NONE',  ( 0.0000000000000000000, 1.000000000000000000, 0.0000000000000000000 ) ) ;
#5230 = VECTOR ( 'NONE', #9583, 1000.000000000000000 ) ;
#5231 = FACE_OUTER_BOUND ( 'NONE', #1513, .T. ) ;
#5232 = EDGE_LOOP ( 'NONE', ( #2726, #2561, #9997, #10893 ) ) ;
#5233 = LINE ( 'NONE', #3737, #5344 ) ;
#5234 = PLANE ( 'NONE',  #9112 ) ;
#5235 =( NAMED_UNIT ( * ) SI_UNIT ( $, .STERADIAN. ) SOLID_ANGLE_UNIT ( ) );
#5236 = VECTOR ( 'NONE', #2854, 1000.000000000000000 ) ;
#5237 = ADVANCED_FACE ( 'NONE', ( #2311, #6419, #7454, #3062, #9993 ), #6564, .T. ) ;
#5239 = ORIENTED_EDGE ( 'NONE', *, *, #3380, .T. ) ;
#5238 = AXIS2_PLACEMENT_3D ( 'NONE', #9731, #1264, #2848 ) ;
#5240 = MECHANICAL_DESIGN_GEOMETRIC_PRESENTATION_REPRESENTATION (  '', ( #9144 ), #7018 ) ;
#5241 = EDGE_LOOP ( 'NONE', ( #3447, #5200, #9141, #10783 ) ) ;
#5242 = LINE ( 'NONE', #5022, #8845 ) ;
#5243 = MECHANICAL_DESIGN_GEOMETRIC_PRESENTATION_REPRESENTATION (  '', ( #151 ), #683 ) ;
#5244 = ORIENTED_EDGE ( 'NONE', *, *, #9694, .F. ) ;
#5245 = CARTESIAN_POINT ( 'NONE',  ( -21.73493456133873281, 15.89999999999999680, -0.6053029216165488613 ) ) ;
#5246 = PLANE ( 'NONE',  #1389 ) ;
#5247 = LINE ( 'NONE', #4415, #9507 ) ;
#5248 = PRESENTATION_LAYER_ASSIGNMENT (  '', '', ( #10033 ) ) ;
#5249 = EDGE_LOOP ( 'NONE', ( #3604, #10174, #192, #6069 ) ) ;
#5250 = VECTOR ( 'NONE', #7703, 1000.000000000000000 ) ;
#5251 = ORIENTED_EDGE ( 'NONE', *, *, #41, .F. ) ;
#5252 =( NAMED_UNIT ( * ) SI_UNIT ( $, .STERADIAN. ) SOLID_ANGLE_UNIT ( ) );
#5253 = DIRECTION ( 'NONE',  ( -1.000000000000000000, -0.0000000000000000000, -0.0000000000000000000 ) ) ;
#5254 = VERTEX_POINT ( 'NONE', #9782 ) ;
#5255 = ORIENTED_EDGE ( 'NONE', *, *, #1358, .F. ) ;
#5256 = CARTESIAN_POINT ( 'NONE',  ( -27.50000000000000000, 0.0000000000000000000, -9.000000000000000000 ) ) ;
#5257 = AXIS2_PLACEMENT_3D ( 'NONE', #10048, #3279, #6672 ) ;
#5258 = DIRECTION ( 'NONE',  ( 7.709882115452475208E-16, 1.314184451497582492E-16, -1.000000000000000000 ) ) ;
#5259 = FILL_AREA_STYLE_COLOUR ( '', #6969 ) ;
#5260 = DIRECTION ( 'NONE',  ( 0.0000000000000000000, 0.0000000000000000000, 1.000000000000000000 ) ) ;
#5261 = CARTESIAN_POINT ( 'NONE',  ( -27.50000000000000000, 0.0000000000000000000, 9.000000000000000000 ) ) ;
#5262 = CARTESIAN_POINT ( 'NONE',  ( -27.50000000000000000, 19.00000000000000000, -8.999999999999975131 ) ) ;
#5263 = DIRECTION ( 'NONE',  ( -0.0000000000000000000, -1.000000000000000000, -0.0000000000000000000 ) ) ;
#5264 = EDGE_CURVE ( 'NONE', #2878, #8800, #5683, .T. ) ;
#5265 = VERTEX_POINT ( 'NONE', #9940 ) ;
#5266 = DIRECTION ( 'NONE',  ( -1.000000000000000000, -0.0000000000000000000, -0.0000000000000000000 ) ) ;
#5267 = DIRECTION ( 'NONE',  ( 0.0000000000000000000, -3.854941057726243521E-16, 1.000000000000000000 ) ) ;
#5268 = ORIENTED_EDGE ( 'NONE', *, *, #9275, .F. ) ;
#5269 = CARTESIAN_POINT ( 'NONE',  ( 0.0000000000000000000, 20.00000000000000000, -7.999999999999976019 ) ) ;
#5270 = FILL_AREA_STYLE_COLOUR ( '', #862 ) ;
#5271 = ORIENTED_EDGE ( 'NONE', *, *, #2511, .F. ) ;
#5272 =( LENGTH_UNIT ( ) NAMED_UNIT ( * ) SI_UNIT ( .MILLI., .METRE. ) );
#5273 =( LENGTH_UNIT ( ) NAMED_UNIT ( * ) SI_UNIT ( .MILLI., .METRE. ) );
#5274 = EDGE_CURVE ( 'NONE', #5051, #6275, #1018, .T. ) ;
#5275 = CIRCLE ( 'NONE', #9711, 1.993034753127727488 ) ;
#5276 = ORIENTED_EDGE ( 'NONE', *, *, #8895, .T. ) ;
#5277 = DIRECTION ( 'NONE',  ( 1.000000000000000000, 0.0000000000000000000, -0.0000000000000000000 ) ) ;
#5278 = CIRCLE ( 'NONE', #4925, 1.000000000000000000 ) ;
#5279 = AXIS2_PLACEMENT_3D ( 'NONE', #2610, #5099, #9380 ) ;
#5280 = DIRECTION ( 'NONE',  ( -0.0000000000000000000, 1.000000000000000000, -0.0000000000000000000 ) ) ;
#5281 = CARTESIAN_POINT ( 'NONE',  ( 14.00000000000000000, 20.99999999999999645, -4.499999999999906741 ) ) ;
#5282 =( LENGTH_UNIT ( ) NAMED_UNIT ( * ) SI_UNIT ( .MILLI., .METRE. ) );
#5283 = VECTOR ( 'NONE', #2167, 1000.000000000000000 ) ;
#5284 = PRESENTATION_STYLE_ASSIGNMENT (( #439 ) ) ;
#5285 = EDGE_CURVE ( 'NONE', #5316, #5027, #3954, .T. ) ;
#5286 =( NAMED_UNIT ( * ) PLANE_ANGLE_UNIT ( ) SI_UNIT ( $, .RADIAN. ) );
#5287 = VERTEX_POINT ( 'NONE', #7346 ) ;
#5288 = CARTESIAN_POINT ( 'NONE',  ( -13.75000000000000000, 0.0000000000000000000, 7.999999999999998224 ) ) ;
#5289 = SURFACE_STYLE_USAGE ( .BOTH. , #10501 ) ;
#5290 = EDGE_CURVE ( 'NONE', #7736, #9470, #718, .T. ) ;
#5291 = UNCERTAINTY_MEASURE_WITH_UNIT (LENGTH_MEASURE( 1.000000000000000082E-05 ), #8975, 'distance_accuracy_value', 'NONE');
#5292 = ORIENTED_EDGE ( 'NONE', *, *, #10636, .T. ) ;
#5293 = FILL_AREA_STYLE ('',( #6083 ) ) ;
#5294 = MECHANICAL_DESIGN_GEOMETRIC_PRESENTATION_REPRESENTATION (  '', ( #2136 ), #7952 ) ;
#5295 = ADVANCED_FACE ( 'NONE', ( #3123 ), #6513, .F. ) ;
#5296 = VERTEX_POINT ( 'NONE', #4114 ) ;
#5297 = CARTESIAN_POINT ( 'NONE',  ( -27.50000000000002132, 9.399999999999998579, 4.500000000000245137 ) ) ;
#5298 = ORIENTED_EDGE ( 'NONE', *, *, #5922, .T. ) ;
#5299 = CARTESIAN_POINT ( 'NONE',  ( -20.50000000000000355, 0.0000000000000000000, -0.4999999999999970024 ) ) ;
#5300 = FACE_OUTER_BOUND ( 'NONE', #2906, .T. ) ;
#5301 = VECTOR ( 'NONE', #9113, 1000.000000000000000 ) ;
#5302 = CARTESIAN_POINT ( 'NONE',  ( -11.49999999999999645, -18.24828759089465535, 9.000000000000270006 ) ) ;
#5303 = AXIS2_PLACEMENT_3D ( 'NONE', #1864, #9391, #1809 ) ;
#5304 = VERTEX_POINT ( 'NONE', #7566 ) ;
#5305 = ORIENTED_EDGE ( 'NONE', *, *, #1583, .T. ) ;
#5306 = PLANE ( 'NONE',  #3598 ) ;
#5307 = SURFACE_STYLE_FILL_AREA ( #7038 ) ;
#5308 = ORIENTED_EDGE ( 'NONE', *, *, #2760, .F. ) ;
#5309 = ORIENTED_EDGE ( 'NONE', *, *, #3185, .F. ) ;
#5310 = LINE ( 'NONE', #3592, #4525 ) ;
#5311 = CARTESIAN_POINT ( 'NONE',  ( -14.50000000000000000, 8.900000000000000355, -6.099999999999992539 ) ) ;
#5312 = LINE ( 'NONE', #4426, #4383 ) ;
#5313 = SURFACE_SIDE_STYLE ('',( #6876 ) ) ;
#5314 = FACE_OUTER_BOUND ( 'NONE', #5124, .T. ) ;
#5315 = AXIS2_PLACEMENT_3D ( 'NONE', #10202, #5836, #1839 ) ;
#5316 = VERTEX_POINT ( 'NONE', #1692 ) ;
#5317 =( NAMED_UNIT ( * ) SI_UNIT ( $, .STERADIAN. ) SOLID_ANGLE_UNIT ( ) );
#5318 = LINE ( 'NONE', #10475, #3507 ) ;
#5319 = DIRECTION ( 'NONE',  ( 0.0000000000000000000, 0.0000000000000000000, 1.000000000000000000 ) ) ;
#5320 = ADVANCED_FACE ( 'NONE', ( #5793 ), #5898, .F. ) ;
#5321 = ORIENTED_EDGE ( 'NONE', *, *, #7270, .F. ) ;
#5322 = SURFACE_SIDE_STYLE ('',( #321 ) ) ;
#5323 = LINE ( 'NONE', #1139, #9441 ) ;
#5324 = CARTESIAN_POINT ( 'NONE',  ( 6.500000000000000000, 15.89999999999999680, 4.411345746565308090 ) ) ;
#5325 = VERTEX_POINT ( 'NONE', #9273 ) ;
#5326 = CARTESIAN_POINT ( 'NONE',  ( -12.24999999999999822, 0.0000000000000000000, 7.999999999999998224 ) ) ;
#5327 = ORIENTED_EDGE ( 'NONE', *, *, #3725, .T. ) ;
#5328 = DIRECTION ( 'NONE',  ( -0.0000000000000000000, 1.000000000000000000, -0.0000000000000000000 ) ) ;
#5329 = PLANE ( 'NONE',  #6202 ) ;
#5330 = EDGE_CURVE ( 'NONE', #9245, #381, #5155, .T. ) ;
#5331 = PLANE ( 'NONE',  #3963 ) ;
#5332 = DIRECTION ( 'NONE',  ( 0.0000000000000000000, 0.0000000000000000000, -1.000000000000000000 ) ) ;
#5333 = ORIENTED_EDGE ( 'NONE', *, *, #1306, .F. ) ;
#5334 = CARTESIAN_POINT ( 'NONE',  ( 27.50000000000000000, 19.99999999999999289, 9.000000000000000000 ) ) ;
#5335 = DIRECTION ( 'NONE',  ( 1.000000000000000000, 0.0000000000000000000, 0.0000000000000000000 ) ) ;
#5336 = ADVANCED_FACE ( 'NONE', ( #7620 ), #1590, .T. ) ;
#5337 = ORIENTED_EDGE ( 'NONE', *, *, #2579, .T. ) ;
#5338 = CARTESIAN_POINT ( 'NONE',  ( -27.50000000000000000, 5.200000000000001066, -6.599999999999994316 ) ) ;
#5339 = EDGE_CURVE ( 'NONE', #7477, #10274, #219, .T. ) ;
#5340 = EDGE_CURVE ( 'NONE', #6597, #5954, #7001, .T. ) ;
#5341 = ORIENTED_EDGE ( 'NONE', *, *, #2800, .F. ) ;
#5342 = VECTOR ( 'NONE', #10706, 1000.000000000000000 ) ;
#5343 = DIRECTION ( 'NONE',  ( -1.000000000000000000, -1.013220719900693144E-31, 7.709882115452476194E-16 ) ) ;
#5344 = VECTOR ( 'NONE', #10340, 1000.000000000000000 ) ;
#5345 = VERTEX_POINT ( 'NONE', #6065 ) ;
#5346 = DIRECTION ( 'NONE',  ( 1.000000000000000000, 0.0000000000000000000, 0.0000000000000000000 ) ) ;
#5347 = DIRECTION ( 'NONE',  ( 1.000000000000000000, 0.0000000000000000000, 3.326525289697788964E-16 ) ) ;
#5348 =( NAMED_UNIT ( * ) SI_UNIT ( $, .STERADIAN. ) SOLID_ANGLE_UNIT ( ) );
#5349 = CARTESIAN_POINT ( 'NONE',  ( 13.75000000000000178, 19.00000000000000000, -8.999999999999975131 ) ) ;
#5350 = PRESENTATION_LAYER_ASSIGNMENT (  '', '', ( #1132 ) ) ;
#5351 = EDGE_CURVE ( 'NONE', #1778, #693, #6299, .T. ) ;
#5352 = ORIENTED_EDGE ( 'NONE', *, *, #5969, .F. ) ;
#5353 = CIRCLE ( 'NONE', #7318, 1.993034753127727488 ) ;
#5354 = FACE_OUTER_BOUND ( 'NONE', #5232, .T. ) ;
#5355 =( GEOMETRIC_REPRESENTATION_CONTEXT ( 3 ) GLOBAL_UNCERTAINTY_ASSIGNED_CONTEXT ( ( #6953 ) ) GLOBAL_UNIT_ASSIGNED_CONTEXT ( ( #5035, #867, #4211 ) ) REPRESENTATION_CONTEXT ( 'NONE', 'WORKASPACE' ) );
#5356 = CARTESIAN_POINT ( 'NONE',  ( 18.89469707838345158, 15.89999999999999680, 0.6053029216165489723 ) ) ;
#5357 = SURFACE_SIDE_STYLE ('',( #5307 ) ) ;
#5358 = ORIENTED_EDGE ( 'NONE', *, *, #2261, .T. ) ;
#5359 = DIRECTION ( 'NONE',  ( 0.0000000000000000000, 0.0000000000000000000, 1.000000000000000000 ) ) ;
#5360 = TOROIDAL_SURFACE ( 'NONE', #619, 3.411345746565307646, 1.000000000000000000 ) ;
#5361 = LINE ( 'NONE', #4592, #4830 ) ;
#5362 = CARTESIAN_POINT ( 'NONE',  ( -14.49999999999999822, 20.99999999999999645, 4.500000000000274447 ) ) ;
#5363 = DIRECTION ( 'NONE',  ( 0.0000000000000000000, 0.0000000000000000000, 1.000000000000000000 ) ) ;
#5364 = ORIENTED_EDGE ( 'NONE', *, *, #6017, .T. ) ;
#5365 = AXIS2_PLACEMENT_3D ( 'NONE', #7918, #359, #246 ) ;
#5366 = DIRECTION ( 'NONE',  ( 0.0000000000000000000, 0.0000000000000000000, 1.000000000000000000 ) ) ;
#5367 = FACE_OUTER_BOUND ( 'NONE', #3618, .T. ) ;
#5368 = PRESENTATION_STYLE_ASSIGNMENT (( #1905 ) ) ;
#5369 = VECTOR ( 'NONE', #9246, 1000.000000000000000 ) ;
#5370 = ORIENTED_EDGE ( 'NONE', *, *, #10275, .F. ) ;
#5371 = TOROIDAL_SURFACE ( 'NONE', #1497, 3.411345746565307646, 1.000000000000000000 ) ;
#5372 = CARTESIAN_POINT ( 'NONE',  ( 5.499999999999998224, -2.750000000000000000, -0.4999999999999968914 ) ) ;
#5373 = FILL_AREA_STYLE ('',( #5152 ) ) ;
#5374 = CARTESIAN_POINT ( 'NONE',  ( -13.75000000000000000, 19.00000000000000000, -7.999999999999998224 ) ) ;
#5375 = STYLED_ITEM ( 'NONE', ( #923 ), #7277 ) ;
#5376 = STYLED_ITEM ( 'NONE', ( #5392 ), #2474 ) ;
#5377 = FILL_AREA_STYLE ('',( #1134 ) ) ;
#5378 = AXIS2_PLACEMENT_3D ( 'NONE', #9795, #8232, #4022 ) ;
#5379 = VERTEX_POINT ( 'NONE', #3555 ) ;
#5380 = CARTESIAN_POINT ( 'NONE',  ( 19.50000000000000000, 11.89999999999999858, -1.993034753127726821 ) ) ;
#5381 = CARTESIAN_POINT ( 'NONE',  ( -27.50000000000000000, 0.0000000000000000000, 9.000000000000000000 ) ) ;
#5382 = CARTESIAN_POINT ( 'NONE',  ( -24.50000000000000000, -18.24828759089465535, -4.499999999999638511 ) ) ;
#5383 = ORIENTED_EDGE ( 'NONE', *, *, #5651, .T. ) ;
#5384 = CARTESIAN_POINT ( 'NONE',  ( -8.734934561338734582, 15.89999999999999680, 0.6053029216165499715 ) ) ;
#5385 = LINE ( 'NONE', #432, #4217 ) ;
#5386 = VECTOR ( 'NONE', #8772, 1000.000000000000000 ) ;
#5387 = ORIENTED_EDGE ( 'NONE', *, *, #5555, .F. ) ;
#5388 = EDGE_CURVE ( 'NONE', #2773, #9135, #8778, .T. ) ;
#5389 = DIRECTION ( 'NONE',  ( 1.000000000000000000, 0.0000000000000000000, 0.0000000000000000000 ) ) ;
#5390 = SURFACE_SIDE_STYLE ('',( #3844 ) ) ;
#5391 = FACE_BOUND ( 'NONE', #4912, .T. ) ;
#5392 = PRESENTATION_STYLE_ASSIGNMENT (( #5509 ) ) ;
#5393 = VECTOR ( 'NONE', #5003, 1000.000000000000000 ) ;
#5394 = DIRECTION ( 'NONE',  ( 0.0000000000000000000, -1.000000000000000000, 0.0000000000000000000 ) ) ;
#5395 = AXIS2_PLACEMENT_3D ( 'NONE', #2394, #9148, #8317 ) ;
#5396 = EDGE_LOOP ( 'NONE', ( #6864, #9742, #8860, #8633 ) ) ;
#5397 = SURFACE_STYLE_FILL_AREA ( #2740 ) ;
#5398 = CARTESIAN_POINT ( 'NONE',  ( -19.50000000000000000, -2.750000000000000000, 0.5000000000000031086 ) ) ;
#5399 = STYLED_ITEM ( 'NONE', ( #2300 ), #9496 ) ;
#5400 = EDGE_CURVE ( 'NONE', #9700, #626, #6934, .T. ) ;
#5401 = AXIS2_PLACEMENT_3D ( 'NONE', #97, #6062, #3388 ) ;
#5402 = PRESENTATION_LAYER_ASSIGNMENT (  '', '', ( #5226 ) ) ;
#5403 = DIRECTION ( 'NONE',  ( 0.0000000000000000000, 1.000000000000000000, 0.0000000000000000000 ) ) ;
#5404 = DIRECTION ( 'NONE',  ( 1.000000000000000000, 0.0000000000000000000, 1.734723475976817547E-15 ) ) ;
#5405 = ORIENTED_EDGE ( 'NONE', *, *, #7734, .T. ) ;
#5406 = DIRECTION ( 'NONE',  ( -1.000000000000000000, 0.0000000000000000000, 0.0000000000000000000 ) ) ;
#5407 = VECTOR ( 'NONE', #6752, 1000.000000000000000 ) ;
#5408 = ORIENTED_EDGE ( 'NONE', *, *, #6388, .F. ) ;
#5409 = DIRECTION ( 'NONE',  ( 1.000000000000000000, 0.0000000000000000000, -3.469446951953635094E-15 ) ) ;
#5410 = DIRECTION ( 'NONE',  ( -0.0000000000000000000, -0.0000000000000000000, -1.000000000000000000 ) ) ;
#5411 = CARTESIAN_POINT ( 'NONE',  ( 0.7500000000000006661, 0.0000000000000000000, 9.000000000000000000 ) ) ;
#5412 = PLANE ( 'NONE',  #9331 ) ;
#5413 = PRESENTATION_LAYER_ASSIGNMENT (  '', '', ( #5597 ) ) ;
#5414 = ORIENTED_EDGE ( 'NONE', *, *, #6333, .T. ) ;
#5415 = EDGE_CURVE ( 'NONE', #4092, #10005, #4378, .T. ) ;
#5416 = ORIENTED_EDGE ( 'NONE', *, *, #115, .T. ) ;
#5417 = COLOUR_RGB ( '',0.8980392156862745390, 0.8980392156862745390, 0.8980392156862745390 ) ;
#5418 = FILL_AREA_STYLE_COLOUR ( '', #9122 ) ;
#5419 = STYLED_ITEM ( 'NONE', ( #8390 ), #5295 ) ;
#5420 = ORIENTED_EDGE ( 'NONE', *, *, #6346, .F. ) ;
#5421 = VERTEX_POINT ( 'NONE', #1857 ) ;
#5422 = CARTESIAN_POINT ( 'NONE',  ( 13.75000000000000178, 19.00000000000000000, -7.999999999999998224 ) ) ;
#5423 = ADVANCED_FACE ( 'NONE', ( #429 ), #2782, .F. ) ;
#5424 = DIRECTION ( 'NONE',  ( -0.0000000000000000000, 1.000000000000000000, -0.0000000000000000000 ) ) ;
#5425 = ORIENTED_EDGE ( 'NONE', *, *, #2324, .T. ) ;
#5426 = AXIS2_PLACEMENT_3D ( 'NONE', #8586, #2753, #133 ) ;
#5427 = LINE ( 'NONE', #254, #7863 ) ;
#5428 = DIRECTION ( 'NONE',  ( 0.0000000000000000000, 0.0000000000000000000, 1.000000000000000000 ) ) ;
#5429 = SURFACE_SIDE_STYLE ('',( #1957 ) ) ;
#5430 = EDGE_CURVE ( 'NONE', #5733, #684, #10715, .T. ) ;
#5431 = STYLED_ITEM ( 'NONE', ( #5552 ), #5495 ) ;
#5432 = ORIENTED_EDGE ( 'NONE', *, *, #721, .F. ) ;
#5433 = LINE ( 'NONE', #5542, #3455 ) ;
#5434 =( NAMED_UNIT ( * ) SI_UNIT ( $, .STERADIAN. ) SOLID_ANGLE_UNIT ( ) );
#5435 = CARTESIAN_POINT ( 'NONE',  ( -1.499999999999997780, 2.800000000000002043, -8.999999999999996447 ) ) ;
#5436 = VECTOR ( 'NONE', #6611, 1000.000000000000000 ) ;
#5437 = DIRECTION ( 'NONE',  ( 0.0000000000000000000, 0.0000000000000000000, -1.000000000000000000 ) ) ;
#5438 = ORIENTED_EDGE ( 'NONE', *, *, #6590, .T. ) ;
#5439 = SURFACE_STYLE_FILL_AREA ( #8043 ) ;
#5440 = EDGE_CURVE ( 'NONE', #1807, #9433, #3613, .T. ) ;
#5441 = DIRECTION ( 'NONE',  ( 0.0000000000000000000, -0.0000000000000000000, -1.000000000000000000 ) ) ;
#5442 = DIRECTION ( 'NONE',  ( 0.0000000000000000000, 0.0000000000000000000, -1.000000000000000000 ) ) ;
#5443 = ORIENTED_EDGE ( 'NONE', *, *, #6715, .T. ) ;
#5444 = DIRECTION ( 'NONE',  ( -1.000000000000000000, 0.0000000000000000000, -0.0000000000000000000 ) ) ;
#5445 = DIRECTION ( 'NONE',  ( -0.0000000000000000000, 1.000000000000000000, -0.0000000000000000000 ) ) ;
#5446 = LINE ( 'NONE', #6304, #4040 ) ;
#5447 = COLOUR_RGB ( '',0.8980392156862745390, 0.8980392156862745390, 0.8980392156862745390 ) ;
#5448 = ORIENTED_EDGE ( 'NONE', *, *, #1711, .T. ) ;
#5449 = DIRECTION ( 'NONE',  ( 0.0000000000000000000, 1.000000000000000000, 0.0000000000000000000 ) ) ;
#5450 = DIRECTION ( 'NONE',  ( 0.0000000000000000000, 1.000000000000000000, 1.314184451497582245E-16 ) ) ;
#5451 = CARTESIAN_POINT ( 'NONE',  ( -18.50000000000000000, 0.0000000000000000000, 0.5000000000000031086 ) ) ;
#5452 = CARTESIAN_POINT ( 'NONE',  ( -11.49999999999999645, 9.399999999999998579, 6.099999999999996092 ) ) ;
#5453 = DIRECTION ( 'NONE',  ( 0.0000000000000000000, 0.0000000000000000000, -1.000000000000000000 ) ) ;
#5454 = EDGE_LOOP ( 'NONE', ( #9968, #8144, #9305, #3039 ) ) ;
#5455 = ADVANCED_FACE ( 'NONE', ( #8835 ), #1252, .T. ) ;
#5456 =( LENGTH_UNIT ( ) NAMED_UNIT ( * ) SI_UNIT ( .MILLI., .METRE. ) );
#5457 = COLOUR_RGB ( '',0.8980392156862745390, 0.8980392156862745390, 0.8980392156862745390 ) ;
#5458 = DIRECTION ( 'NONE',  ( 0.0000000000000000000, -1.000000000000000000, 0.0000000000000000000 ) ) ;
#5459 = CARTESIAN_POINT ( 'NONE',  ( -6.500000000000000888, 15.89999999999999680, 8.673617379884035472E-16 ) ) ;
#5460 = MECHANICAL_DESIGN_GEOMETRIC_PRESENTATION_REPRESENTATION (  '', ( #367 ), #4750 ) ;
#5461 = STYLED_ITEM ( 'NONE', ( #7887 ), #10287 ) ;
#5462 = CARTESIAN_POINT ( 'NONE',  ( -19.50000000000000000, 15.89999999999999680, -3.411345746565306758 ) ) ;
#5463 = AXIS2_PLACEMENT_3D ( 'NONE', #833, #9752, #5857 ) ;
#5464 = VECTOR ( 'NONE', #5072, 1000.000000000000000 ) ;
#5465 = ORIENTED_EDGE ( 'NONE', *, *, #7932, .T. ) ;
#5466 = CARTESIAN_POINT ( 'NONE',  ( 48.33386665984021136, 20.00000000000000000, -9.099999999999974776 ) ) ;
#5467 = DIRECTION ( 'NONE',  ( -1.000000000000000000, 0.0000000000000000000, 0.0000000000000000000 ) ) ;
#5468 = ORIENTED_EDGE ( 'NONE', *, *, #3510, .F. ) ;
#5469 = CARTESIAN_POINT ( 'NONE',  ( 18.89469707838345158, 15.89999999999999680, 2.234934561338733250 ) ) ;
#5470 = LINE ( 'NONE', #4577, #9189 ) ;
#5471 = SURFACE_SIDE_STYLE ('',( #6530 ) ) ;
#5472 = VECTOR ( 'NONE', #9326, 1000.000000000000000 ) ;
#5473 = DIRECTION ( 'NONE',  ( 1.000000000000000000, 0.0000000000000000000, 0.0000000000000000000 ) ) ;
#5474 = EDGE_LOOP ( 'NONE', ( #10452, #7020, #9747, #3278, #299, #603, #6694, #4712 ) ) ;
#5475 =( GEOMETRIC_REPRESENTATION_CONTEXT ( 3 ) GLOBAL_UNCERTAINTY_ASSIGNED_CONTEXT ( ( #3415 ) ) GLOBAL_UNIT_ASSIGNED_CONTEXT ( ( #1204, #6309, #2090 ) ) REPRESENTATION_CONTEXT ( 'NONE', 'WORKASPACE' ) );
#5476 = ORIENTED_EDGE ( 'NONE', *, *, #6977, .T. ) ;
#5477 = PLANE ( 'NONE',  #9295 ) ;
#5478 =( NAMED_UNIT ( * ) SI_UNIT ( $, .STERADIAN. ) SOLID_ANGLE_UNIT ( ) );
#5479 = CIRCLE ( 'NONE', #3891, 1.099999999999996758 ) ;
#5480 = ORIENTED_EDGE ( 'NONE', *, *, #4310, .F. ) ;
#5481 = ADVANCED_FACE ( 'NONE', ( #589 ), #1356, .T. ) ;
#5482 = ORIENTED_EDGE ( 'NONE', *, *, #1832, .F. ) ;
#5483 = CARTESIAN_POINT ( 'NONE',  ( 7.500000000000000000, -0.0000000000000000000, -0.4999999999999968914 ) ) ;
#5484 = PRESENTATION_LAYER_ASSIGNMENT (  '', '', ( #8858 ) ) ;
#5485 = CARTESIAN_POINT ( 'NONE',  ( 18.89469707838345158, 13.89999999999999680, 2.234934561338733250 ) ) ;
#5486 = ORIENTED_EDGE ( 'NONE', *, *, #515, .T. ) ;
#5487 = PLANE ( 'NONE',  #5546 ) ;
#5488 = VECTOR ( 'NONE', #8879, 1000.000000000000000 ) ;
#5489 = EDGE_LOOP ( 'NONE', ( #6236, #8201, #290, #6314 ) ) ;
#5490 = DIRECTION ( 'NONE',  ( 5.451709925985335199E-16, -0.7071067811865473507, -0.7071067811865477948 ) ) ;
#5491 = EDGE_CURVE ( 'NONE', #7103, #10327, #8206, .T. ) ;
#5492 = DIRECTION ( 'NONE',  ( 0.0000000000000000000, 1.000000000000000000, 1.314184451497582245E-16 ) ) ;
#5493 = LINE ( 'NONE', #4431, #6534 ) ;
#5494 = CARTESIAN_POINT ( 'NONE',  ( -26.75000000000000355, 19.00000000000000000, 8.000000000000001776 ) ) ;
#5495 = ADVANCED_FACE ( 'NONE', ( #4660 ), #3162, .F. ) ;
#5496 = ORIENTED_EDGE ( 'NONE', *, *, #3385, .T. ) ;
#5497 = LINE ( 'NONE', #8886, #9004 ) ;
#5498 = EDGE_CURVE ( 'NONE', #10122, #8732, #9878, .T. ) ;
#5499 = FACE_OUTER_BOUND ( 'NONE', #4332, .T. ) ;
#5500 = SURFACE_STYLE_FILL_AREA ( #1414 ) ;
#5501 = DIRECTION ( 'NONE',  ( 1.000000000000000000, -1.013220719900693144E-31, 7.709882115452475208E-16 ) ) ;
#5502 = ORIENTED_EDGE ( 'NONE', *, *, #5491, .F. ) ;
#5503 = VECTOR ( 'NONE', #921, 1000.000000000000000 ) ;
#5504 = DIRECTION ( 'NONE',  ( -0.0000000000000000000, -1.000000000000000000, -1.314184451497582492E-16 ) ) ;
#5505 = DIRECTION ( 'NONE',  ( -1.000000000000000000, 0.0000000000000000000, 0.0000000000000000000 ) ) ;
#5506 = ORIENTED_EDGE ( 'NONE', *, *, #5602, .T. ) ;
#5507 = EDGE_CURVE ( 'NONE', #6275, #3453, #1734, .T. ) ;
#5508 = PLANE ( 'NONE',  #1191 ) ;
#5509 = SURFACE_STYLE_USAGE ( .BOTH. , #545 ) ;
#5510 = PRESENTATION_STYLE_ASSIGNMENT (( #3173 ) ) ;
#5511 = PLANE ( 'NONE',  #6127 ) ;
#5512 = CYLINDRICAL_SURFACE ( 'NONE', #326, 1.993034753127727488 ) ;
#5513 = ORIENTED_EDGE ( 'NONE', *, *, #42, .F. ) ;
#5514 = CARTESIAN_POINT ( 'NONE',  ( 14.81519660974405639, 9.399999999999998579, 5.114085138899327809 ) ) ;
#5515 = UNCERTAINTY_MEASURE_WITH_UNIT (LENGTH_MEASURE( 1.000000000000000082E-05 ), #3283, 'distance_accuracy_value', 'NONE');
#5516 = LINE ( 'NONE', #557, #3636 ) ;
#5517 = CARTESIAN_POINT ( 'NONE',  ( -14.50000000000000000, 9.400000000000000355, -6.099999999999992539 ) ) ;
#5518 = VECTOR ( 'NONE', #185, 1000.000000000000000 ) ;
#5519 = ORIENTED_EDGE ( 'NONE', *, *, #4122, .F. ) ;
#5520 = DIRECTION ( 'NONE',  ( -0.0000000000000000000, -1.000000000000000000, -0.0000000000000000000 ) ) ;
#5521 = VERTEX_POINT ( 'NONE', #9050 ) ;
#5522 = DIRECTION ( 'NONE',  ( 0.0000000000000000000, 0.0000000000000000000, 1.000000000000000000 ) ) ;
#5523 = CARTESIAN_POINT ( 'NONE',  ( -13.75000000000000000, 19.00000000000000000, 9.000000000000000000 ) ) ;
#5524 = CARTESIAN_POINT ( 'NONE',  ( -27.50000000000000000, 8.900000000000000355, -6.599999999999993427 ) ) ;
#5525 = TOROIDAL_SURFACE ( 'NONE', #10299, 3.411345746565307646, 1.000000000000000000 ) ;
#5526 = ORIENTED_EDGE ( 'NONE', *, *, #2047, .T. ) ;
#5527 = EDGE_CURVE ( 'NONE', #10153, #8121, #5720, .T. ) ;
#5528 = LINE ( 'NONE', #7096, #5032 ) ;
#5529 = LINE ( 'NONE', #8397, #6716 ) ;
#5530 = AXIS2_PLACEMENT_3D ( 'NONE', #9562, #7016, #5335 ) ;
#5531 = COLOUR_RGB ( '',0.8980392156862745390, 0.8980392156862745390, 0.8980392156862745390 ) ;
#5532 = ORIENTED_EDGE ( 'NONE', *, *, #5780, .F. ) ;
#5533 = ORIENTED_EDGE ( 'NONE', *, *, #3248, .F. ) ;
#5534 = CARTESIAN_POINT ( 'NONE',  ( -19.50000000000000000, 14.89999999999999680, 4.411345746565308090 ) ) ;
#5535 = FILL_AREA_STYLE_COLOUR ( '', #804 ) ;
#5536 = FILL_AREA_STYLE ('',( #9758 ) ) ;
#5537 = FILL_AREA_STYLE_COLOUR ( '', #2327 ) ;
#5538 = ORIENTED_EDGE ( 'NONE', *, *, #2152, .T. ) ;
#5539 = CARTESIAN_POINT ( 'NONE',  ( 1.815196609744055500, 11.39999999999999858, 5.114085138899327809 ) ) ;
#5540 = VECTOR ( 'NONE', #1294, 1000.000000000000000 ) ;
#5541 = ORIENTED_EDGE ( 'NONE', *, *, #9065, .T. ) ;
#5542 = CARTESIAN_POINT ( 'NONE',  ( 14.50000000000000178, 2.800000000000018030, -8.999999999999980460 ) ) ;
#5543 = EDGE_CURVE ( 'NONE', #5880, #1259, #3995, .T. ) ;
#5544 = FILL_AREA_STYLE ('',( #697 ) ) ;
#5545 = FACE_OUTER_BOUND ( 'NONE', #6591, .T. ) ;
#5546 = AXIS2_PLACEMENT_3D ( 'NONE', #931, #4168, #6009 ) ;
#5547 = MECHANICAL_DESIGN_GEOMETRIC_PRESENTATION_REPRESENTATION (  '', ( #10502 ), #8022 ) ;
#5548 = ORIENTED_EDGE ( 'NONE', *, *, #10877, .F. ) ;
#5549 = VECTOR ( 'NONE', #6756, 1000.000000000000000 ) ;
#5550 = MECHANICAL_DESIGN_GEOMETRIC_PRESENTATION_REPRESENTATION (  '', ( #7838 ), #9616 ) ;
#5551 = LINE ( 'NONE', #9826, #6608 ) ;
#5552 = PRESENTATION_STYLE_ASSIGNMENT (( #4771 ) ) ;
#5553 = SURFACE_STYLE_USAGE ( .BOTH. , #647 ) ;
#5554 = VERTEX_POINT ( 'NONE', #9106 ) ;
#5555 = EDGE_CURVE ( 'NONE', #9885, #1392, #1517, .T. ) ;
#5556 = CARTESIAN_POINT ( 'NONE',  ( -24.49999999999999645, 2.800000000000002043, -8.999999999999996447 ) ) ;
#5557 = FILL_AREA_STYLE_COLOUR ( '', #3340 ) ;
#5558 = DIRECTION ( 'NONE',  ( 0.0000000000000000000, 0.0000000000000000000, 1.000000000000000000 ) ) ;
#5559 = ORIENTED_EDGE ( 'NONE', *, *, #1164, .F. ) ;
#5560 =( GEOMETRIC_REPRESENTATION_CONTEXT ( 3 ) GLOBAL_UNCERTAINTY_ASSIGNED_CONTEXT ( ( #8525 ) ) GLOBAL_UNIT_ASSIGNED_CONTEXT ( ( #2344, #1681, #5942 ) ) REPRESENTATION_CONTEXT ( 'NONE', 'WORKASPACE' ) );
#5561 =( GEOMETRIC_REPRESENTATION_CONTEXT ( 3 ) GLOBAL_UNCERTAINTY_ASSIGNED_CONTEXT ( ( #5765 ) ) GLOBAL_UNIT_ASSIGNED_CONTEXT ( ( #5272, #4612, #10485 ) ) REPRESENTATION_CONTEXT ( 'NONE', 'WORKASPACE' ) );
#5562 = EDGE_CURVE ( 'NONE', #9311, #3585, #9214, .T. ) ;
#5563 =( GEOMETRIC_REPRESENTATION_CONTEXT ( 3 ) GLOBAL_UNCERTAINTY_ASSIGNED_CONTEXT ( ( #4512 ) ) GLOBAL_UNIT_ASSIGNED_CONTEXT ( ( #3847, #7179, #6244 ) ) REPRESENTATION_CONTEXT ( 'NONE', 'WORKASPACE' ) );
#5564 = ADVANCED_FACE ( 'NONE', ( #814 ), #84, .T. ) ;
#5565 = CIRCLE ( 'NONE', #10668, 0.5000000000000004441 ) ;
#5566 = CARTESIAN_POINT ( 'NONE',  ( -0.9999999999999974465, 20.99999999999999645, -4.499999999999817035 ) ) ;
#5567 = FILL_AREA_STYLE ('',( #6416 ) ) ;
#5568 = PLANE ( 'NONE',  #6099 ) ;
#5569 = LINE ( 'NONE', #9115, #2787 ) ;
#5570 = DIRECTION ( 'NONE',  ( -0.0000000000000000000, 1.000000000000000000, -0.0000000000000000000 ) ) ;
#5571 = EDGE_LOOP ( 'NONE', ( #8279, #9708, #8548, #341 ) ) ;
#5572 = EDGE_CURVE ( 'NONE', #8147, #10044, #7443, .T. ) ;
#5573 = DIRECTION ( 'NONE',  ( 1.000000000000000000, 0.0000000000000000000, 0.0000000000000000000 ) ) ;
#5574 = CARTESIAN_POINT ( 'NONE',  ( 5.894697078383449806, 13.89999999999999680, 0.6053029216165489723 ) ) ;
#5575 = CARTESIAN_POINT ( 'NONE',  ( 6.499999999999999112, 11.39999999999999858, -1.993034753127726821 ) ) ;
#5576 =( GEOMETRIC_REPRESENTATION_CONTEXT ( 3 ) GLOBAL_UNCERTAINTY_ASSIGNED_CONTEXT ( ( #5181 ) ) GLOBAL_UNIT_ASSIGNED_CONTEXT ( ( #6523, #8166, #604 ) ) REPRESENTATION_CONTEXT ( 'NONE', 'WORKASPACE' ) );
#5577 = STYLED_ITEM ( 'NONE', ( #3302 ), #3023 ) ;
#5578 = CARTESIAN_POINT ( 'NONE',  ( 27.50000000000000000, 22.10000000000017906, 8.000000000000000000 ) ) ;
#5579 = ORIENTED_EDGE ( 'NONE', *, *, #1851, .T. ) ;
#5580 = SURFACE_STYLE_USAGE ( .BOTH. , #2216 ) ;
#5581 = EDGE_CURVE ( 'NONE', #9773, #8647, #756, .T. ) ;
#5582 = CARTESIAN_POINT ( 'NONE',  ( 13.75000000000000178, 0.0000000000000000000, -9.000000000000000000 ) ) ;
#5583 = ORIENTED_EDGE ( 'NONE', *, *, #7578, .T. ) ;
#5584 = SURFACE_SIDE_STYLE ('',( #4740 ) ) ;
#5585 = DIRECTION ( 'NONE',  ( -0.0000000000000000000, -0.0000000000000000000, -1.000000000000000000 ) ) ;
#5586 = LINE ( 'NONE', #1488, #873 ) ;
#5587 = COLOUR_RGB ( '',0.2980392156862745057, 0.2980392156862745057, 0.2980392156862745057 ) ;
#5588 = VECTOR ( 'NONE', #9095, 1000.000000000000000 ) ;
#5589 = SURFACE_STYLE_FILL_AREA ( #10572 ) ;
#5590 = VERTEX_POINT ( 'NONE', #5997 ) ;
#5591 = CARTESIAN_POINT ( 'NONE',  ( 18.89469707838345158, 15.89999999999999680, -0.6053029216165489723 ) ) ;
#5592 = STYLED_ITEM ( 'NONE', ( #9121 ), #3524 ) ;
#5593 = LINE ( 'NONE', #9918, #9635 ) ;
#5594 = ORIENTED_EDGE ( 'NONE', *, *, #9679, .F. ) ;
#5595 = ORIENTED_EDGE ( 'NONE', *, *, #3463, .T. ) ;
#5596 =( LENGTH_UNIT ( ) NAMED_UNIT ( * ) SI_UNIT ( .MILLI., .METRE. ) );
#5597 = STYLED_ITEM ( 'NONE', ( #9370 ), #4862 ) ;
#5598 = SURFACE_STYLE_FILL_AREA ( #2005 ) ;
#5599 =( NAMED_UNIT ( * ) PLANE_ANGLE_UNIT ( ) SI_UNIT ( $, .RADIAN. ) );
#5600 = FACE_BOUND ( 'NONE', #7757, .T. ) ;
#5601 = ORIENTED_EDGE ( 'NONE', *, *, #3220, .T. ) ;
#5602 = EDGE_CURVE ( 'NONE', #10711, #129, #2556, .T. ) ;
#5603 = LINE ( 'NONE', #6489, #6205 ) ;
#5604 = EDGE_LOOP ( 'NONE', ( #5865, #6774, #7749, #3529 ) ) ;
#5605 = SURFACE_SIDE_STYLE ('',( #2237 ) ) ;
#5606 = MECHANICAL_DESIGN_GEOMETRIC_PRESENTATION_REPRESENTATION (  '', ( #9673 ), #6840 ) ;
#5607 = LINE ( 'NONE', #10680, #287 ) ;
#5608 = ORIENTED_EDGE ( 'NONE', *, *, #869, .F. ) ;
#5609 = PRESENTATION_LAYER_ASSIGNMENT (  '', '', ( #8430 ) ) ;
#5610 = CARTESIAN_POINT ( 'NONE',  ( -27.50000000000000000, 5.200000000000000178, 6.599999999999996092 ) ) ;
#5611 = DIRECTION ( 'NONE',  ( 1.000000000000000000, 0.0000000000000000000, 0.0000000000000000000 ) ) ;
#5612 = PRESENTATION_STYLE_ASSIGNMENT (( #9879 ) ) ;
#5613 = ADVANCED_FACE ( 'NONE', ( #5145 ), #7551, .F. ) ;
#5614 = VECTOR ( 'NONE', #6453, 1000.000000000000000 ) ;
#5615 = FACE_OUTER_BOUND ( 'NONE', #9948, .T. ) ;
#5616 = LINE ( 'NONE', #3053, #1598 ) ;
#5617 = LINE ( 'NONE', #8268, #3686 ) ;
#5618 = ORIENTED_EDGE ( 'NONE', *, *, #6847, .F. ) ;
#5619 = VECTOR ( 'NONE', #2440, 1000.000000000000000 ) ;
#5620 = STYLED_ITEM ( 'NONE', ( #2494 ), #4014 ) ;
#5621 = CARTESIAN_POINT ( 'NONE',  ( 14.50000000000000178, 2.800000000000002043, -8.999999999999996447 ) ) ;
#5622 =( NAMED_UNIT ( * ) SI_UNIT ( $, .STERADIAN. ) SOLID_ANGLE_UNIT ( ) );
#5623 =( NAMED_UNIT ( * ) PLANE_ANGLE_UNIT ( ) SI_UNIT ( $, .RADIAN. ) );
#5624 = DIRECTION ( 'NONE',  ( 1.000000000000000000, -0.0000000000000000000, 0.0000000000000000000 ) ) ;
#5625 = FILL_AREA_STYLE ('',( #5681 ) ) ;
#5626 = DIRECTION ( 'NONE',  ( -0.0000000000000000000, 1.000000000000000000, -0.0000000000000000000 ) ) ;
#5627 =( NAMED_UNIT ( * ) SI_UNIT ( $, .STERADIAN. ) SOLID_ANGLE_UNIT ( ) );
#5628 = ORIENTED_EDGE ( 'NONE', *, *, #7466, .T. ) ;
#5629 = EDGE_CURVE ( 'NONE', #3751, #9868, #4156, .T. ) ;
#5630 = STYLED_ITEM ( 'NONE', ( #7418 ), #4338 ) ;
#5631 = CARTESIAN_POINT ( 'NONE',  ( -27.50000000000000000, 2.799999999999999822, 9.000000000000000000 ) ) ;
#5632 = DIRECTION ( 'NONE',  ( -0.0000000000000000000, 1.000000000000000000, -0.0000000000000000000 ) ) ;
#5633 = UNCERTAINTY_MEASURE_WITH_UNIT (LENGTH_MEASURE( 1.000000000000000082E-05 ), #3375, 'distance_accuracy_value', 'NONE');
#5634 = DIRECTION ( 'NONE',  ( -1.000000000000000000, 0.0000000000000000000, -0.0000000000000000000 ) ) ;
#5635 = AXIS2_PLACEMENT_3D ( 'NONE', #7276, #9049, #1296 ) ;
#5636 = ADVANCED_FACE ( 'NONE', ( #4212 ), #3433, .T. ) ;
#5637 = CARTESIAN_POINT ( 'NONE',  ( -1.499999999999997780, -18.24828759089465535, -8.999999999999815259 ) ) ;
#5638 = ORIENTED_EDGE ( 'NONE', *, *, #3451, .F. ) ;
#5640 = EDGE_CURVE ( 'NONE', #8169, #6905, #920, .T. ) ;
#5639 = PRESENTATION_STYLE_ASSIGNMENT (( #2270 ) ) ;
#5641 = CARTESIAN_POINT ( 'NONE',  ( -1.499999999999997780, 19.99999999999998934, 9.000000000000184741 ) ) ;
#5642 = EDGE_LOOP ( 'NONE', ( #3499, #1702, #4201, #9798 ) ) ;
#5643 = CARTESIAN_POINT ( 'NONE',  ( 1.815196609744055500, 9.399999999999998579, 5.114085138899327809 ) ) ;
#5644 = LINE ( 'NONE', #10518, #10068 ) ;
#5645 = VECTOR ( 'NONE', #9109, 1000.000000000000000 ) ;
#5646 = DIRECTION ( 'NONE',  ( -1.000000000000000000, 0.0000000000000000000, 0.0000000000000000000 ) ) ;
#5647 = DIRECTION ( 'NONE',  ( 0.0000000000000000000, 0.7071067811865473507, 0.7071067811865477948 ) ) ;
#5648 = PRODUCT ( '8BD8E67B-5986-455A-80E2-1A08E5D63BC8', '8BD8E67B-5986-455A-80E2-1A08E5D63BC8', '', ( #6999 ) ) ;
#5649 = PRESENTATION_LAYER_ASSIGNMENT (  '', '', ( #6368 ) ) ;
#5650 = ORIENTED_EDGE ( 'NONE', *, *, #4203, .T. ) ;
#5651 = EDGE_CURVE ( 'NONE', #1995, #500, #1067, .T. ) ;
#5652 = CIRCLE ( 'NONE', #7943, 1.000000000000000000 ) ;
#5653 = PRESENTATION_LAYER_ASSIGNMENT (  '', '', ( #1412 ) ) ;
#5654 = DIRECTION ( 'NONE',  ( -7.709882115452476194E-16, 0.0000000000000000000, -1.000000000000000000 ) ) ;
#5655 = ORIENTED_EDGE ( 'NONE', *, *, #1639, .T. ) ;
#5656 = ORIENTED_EDGE ( 'NONE', *, *, #608, .F. ) ;
#5657 = DIRECTION ( 'NONE',  ( 2.171187256930056768E-31, -1.000000000000000000, -4.130293990420970869E-16 ) ) ;
#5658 = LINE ( 'NONE', #2232, #4254 ) ;
#5659 = ORIENTED_EDGE ( 'NONE', *, *, #9779, .T. ) ;
#5660 = MECHANICAL_DESIGN_GEOMETRIC_PRESENTATION_REPRESENTATION (  '', ( #8852 ), #5842 ) ;
#5661 = UNCERTAINTY_MEASURE_WITH_UNIT (LENGTH_MEASURE( 1.000000000000000082E-05 ), #4884, 'distance_accuracy_value', 'NONE');
#5662 = DIRECTION ( 'NONE',  ( 0.0000000000000000000, 0.0000000000000000000, -1.000000000000000000 ) ) ;
#5663 = VERTEX_POINT ( 'NONE', #965 ) ;
#5664 = CARTESIAN_POINT ( 'NONE',  ( 11.99999999999999822, 20.99999999999999645, -4.499999999999907629 ) ) ;
#5665 = PRESENTATION_LAYER_ASSIGNMENT (  '', '', ( #728 ) ) ;
#5666 =( LENGTH_UNIT ( ) NAMED_UNIT ( * ) SI_UNIT ( .MILLI., .METRE. ) );
#5667 = CARTESIAN_POINT ( 'NONE',  ( 12.00000000000000000, 9.400000000000000355, -4.499999999999910294 ) ) ;
#5668 = ORIENTED_EDGE ( 'NONE', *, *, #3885, .F. ) ;
#5669 = PLANE ( 'NONE',  #3496 ) ;
#5670 = PRESENTATION_STYLE_ASSIGNMENT (( #1355 ) ) ;
#5671 = DIRECTION ( 'NONE',  ( 0.0000000000000000000, 0.0000000000000000000, -1.000000000000000000 ) ) ;
#5672 = AXIS2_PLACEMENT_3D ( 'NONE', #87, #6821, #10204 ) ;
#5673 = DIRECTION ( 'NONE',  ( 0.0000000000000000000, -0.7071067811865470176, 0.7071067811865479058 ) ) ;
#5674 = DIRECTION ( 'NONE',  ( 1.000000000000000000, 0.0000000000000000000, 0.0000000000000000000 ) ) ;
#5675 = CARTESIAN_POINT ( 'NONE',  ( -11.50000000000000000, -18.24828759089465535, -8.999999999999724665 ) ) ;
#5676 = ORIENTED_EDGE ( 'NONE', *, *, #1250, .F. ) ;
#5677 = VECTOR ( 'NONE', #7680, 1000.000000000000000 ) ;
#5678 = CARTESIAN_POINT ( 'NONE',  ( -19.50000000000000000, 12.89999999999999858, 8.673617379884035472E-16 ) ) ;
#5679 = ADVANCED_FACE ( 'NONE', ( #9980 ), #2401, .F. ) ;
#5680 = ORIENTED_EDGE ( 'NONE', *, *, #10642, .T. ) ;
#5681 = FILL_AREA_STYLE_COLOUR ( '', #3488 ) ;
#5682 = CARTESIAN_POINT ( 'NONE',  ( -24.18480339025594361, 11.39999999999999858, 5.114085138899327809 ) ) ;
#5683 = LINE ( 'NONE', #2414, #7380 ) ;
#5684 = ORIENTED_EDGE ( 'NONE', *, *, #1578, .F. ) ;
#5685 =( NAMED_UNIT ( * ) PLANE_ANGLE_UNIT ( ) SI_UNIT ( $, .RADIAN. ) );
#5686 = DIRECTION ( 'NONE',  ( -0.0000000000000000000, 1.000000000000000000, -0.0000000000000000000 ) ) ;
#5687 = ORIENTED_EDGE ( 'NONE', *, *, #9235, .T. ) ;
#5688 = CIRCLE ( 'NONE', #1800, 1.993034753127727488 ) ;
#5689 = EDGE_CURVE ( 'NONE', #9218, #2176, #7101, .T. ) ;
#5690 = ORIENTED_EDGE ( 'NONE', *, *, #8629, .T. ) ;
#5691 = CARTESIAN_POINT ( 'NONE',  ( -27.50000000000000000, 8.900000000000000355, -6.099999999999992539 ) ) ;
#5692 = ORIENTED_EDGE ( 'NONE', *, *, #10388, .T. ) ;
#5693 = SURFACE_STYLE_USAGE ( .BOTH. , #6630 ) ;
#5694 = ADVANCED_FACE ( 'NONE', ( #2006 ), #1071, .T. ) ;
#5695 = CARTESIAN_POINT ( 'NONE',  ( -14.50000000000000178, 20.00000000000000355, -8.999999999999719336 ) ) ;
#5696 = ORIENTED_EDGE ( 'NONE', *, *, #4419, .T. ) ;
#5697 = EDGE_CURVE ( 'NONE', #10349, #3993, #5275, .T. ) ;
#5698 = EDGE_CURVE ( 'NONE', #3404, #10189, #7592, .T. ) ;
#5699 = LINE ( 'NONE', #8351, #4151 ) ;
#5700 = SURFACE_STYLE_FILL_AREA ( #3087 ) ;
#5701 = ORIENTED_EDGE ( 'NONE', *, *, #2960, .T. ) ;
#5702 = DIRECTION ( 'NONE',  ( 1.000000000000000000, -1.013220719900693144E-31, 7.709882115452475208E-16 ) ) ;
#5703 =( LENGTH_UNIT ( ) NAMED_UNIT ( * ) SI_UNIT ( .MILLI., .METRE. ) );
#5704 = DIRECTION ( 'NONE',  ( 1.000000000000000000, 0.0000000000000000000, 0.0000000000000000000 ) ) ;
#5705 = VERTEX_POINT ( 'NONE', #9645 ) ;
#5706 = EDGE_CURVE ( 'NONE', #2389, #1304, #5312, .T. ) ;
#5707 = LINE ( 'NONE', #633, #1076 ) ;
#5708 = ORIENTED_EDGE ( 'NONE', *, *, #4958, .F. ) ;
#5709 = ORIENTED_EDGE ( 'NONE', *, *, #10170, .F. ) ;
#5710 = CARTESIAN_POINT ( 'NONE',  ( -27.50000000000000000, 9.399999999999998579, 4.500000000000272671 ) ) ;
#5711 = VECTOR ( 'NONE', #10, 1000.000000000000000 ) ;
#5712 = LINE ( 'NONE', #29, #7183 ) ;
#5713 =( GEOMETRIC_REPRESENTATION_CONTEXT ( 3 ) GLOBAL_UNCERTAINTY_ASSIGNED_CONTEXT ( ( #8297 ) ) GLOBAL_UNIT_ASSIGNED_CONTEXT ( ( #7197, #10514, #6147 ) ) REPRESENTATION_CONTEXT ( 'NONE', 'WORKASPACE' ) );
#5714 = PRESENTATION_STYLE_ASSIGNMENT (( #3990 ) ) ;
#5715 = DIRECTION ( 'NONE',  ( 0.0000000000000000000, 1.000000000000000000, 0.0000000000000000000 ) ) ;
#5716 = VERTEX_POINT ( 'NONE', #6164 ) ;
#5717 = FILL_AREA_STYLE_COLOUR ( '', #8969 ) ;
#5718 = LINE ( 'NONE', #1313, #3230 ) ;
#5719 = PRESENTATION_STYLE_ASSIGNMENT (( #3432 ) ) ;
#5720 = LINE ( 'NONE', #7387, #353 ) ;
#5721 = SURFACE_STYLE_FILL_AREA ( #8207 ) ;
#5722 =( GEOMETRIC_REPRESENTATION_CONTEXT ( 3 ) GLOBAL_UNCERTAINTY_ASSIGNED_CONTEXT ( ( #6749 ) ) GLOBAL_UNIT_ASSIGNED_CONTEXT ( ( #3937, #7325, #529 ) ) REPRESENTATION_CONTEXT ( 'NONE', 'WORKASPACE' ) );
#5723 = LINE ( 'NONE', #8266, #9451 ) ;
#5724 = VECTOR ( 'NONE', #4126, 1000.000000000000000 ) ;
#5725 = ORIENTED_EDGE ( 'NONE', *, *, #9679, .T. ) ;
#5726 = PRESENTATION_STYLE_ASSIGNMENT (( #711 ) ) ;
#5727 = PRESENTATION_LAYER_ASSIGNMENT (  '', '', ( #1480 ) ) ;
#5728 = VECTOR ( 'NONE', #8482, 1000.000000000000000 ) ;
#5729 = VECTOR ( 'NONE', #4968, 1000.000000000000000 ) ;
#5730 = ORIENTED_EDGE ( 'NONE', *, *, #7784, .T. ) ;
#5731 = CYLINDRICAL_SURFACE ( 'NONE', #6505, 0.5000000000000004441 ) ;
#5732 = CARTESIAN_POINT ( 'NONE',  ( -19.50000000000000000, 14.89999999999999680, 8.673617379884035472E-16 ) ) ;
#5733 = VERTEX_POINT ( 'NONE', #7813 ) ;
#5734 = LINE ( 'NONE', #1533, #9789 ) ;
#5735 = MECHANICAL_DESIGN_GEOMETRIC_PRESENTATION_REPRESENTATION (  '', ( #969 ), #6277 ) ;
#5736 = DIRECTION ( 'NONE',  ( -1.000000000000000000, 0.0000000000000000000, 0.0000000000000000000 ) ) ;
#5737 = VECTOR ( 'NONE', #2956, 1000.000000000000000 ) ;
#5738 = EDGE_CURVE ( 'NONE', #4921, #10456, #9532, .T. ) ;
#5739 = COLOUR_RGB ( '',0.8980392156862745390, 0.8980392156862745390, 0.8980392156862745390 ) ;
#5740 = AXIS2_PLACEMENT_3D ( 'NONE', #2331, #5702, #2438 ) ;
#5741 = ORIENTED_EDGE ( 'NONE', *, *, #9667, .T. ) ;
#5742 = FILL_AREA_STYLE_COLOUR ( '', #4518 ) ;
#5743 = SURFACE_STYLE_FILL_AREA ( #559 ) ;
#5744 = ORIENTED_EDGE ( 'NONE', *, *, #1178, .T. ) ;
#5745 = DIRECTION ( 'NONE',  ( 1.000000000000000000, 0.0000000000000000000, 0.0000000000000000000 ) ) ;
#5746 = ORIENTED_EDGE ( 'NONE', *, *, #10508, .T. ) ;
#5747 = FACE_OUTER_BOUND ( 'NONE', #516, .T. ) ;
#5748 = CARTESIAN_POINT ( 'NONE',  ( -27.50000000000000000, 9.399999999999998579, 6.599999999999996092 ) ) ;
#5749 =( NAMED_UNIT ( * ) PLANE_ANGLE_UNIT ( ) SI_UNIT ( $, .RADIAN. ) );
#5750 = EDGE_CURVE ( 'NONE', #4697, #5254, #8706, .T. ) ;
#5751 =( NAMED_UNIT ( * ) PLANE_ANGLE_UNIT ( ) SI_UNIT ( $, .RADIAN. ) );
#5752 = PLANE ( 'NONE',  #3429 ) ;
#5753 = VERTEX_POINT ( 'NONE', #7868 ) ;
#5754 = EDGE_LOOP ( 'NONE', ( #3398, #8810, #7561, #9242 ) ) ;
#5755 = VECTOR ( 'NONE', #3734, 1000.000000000000000 ) ;
#5756 = STYLED_ITEM ( 'NONE', ( #1675 ), #2706 ) ;
#5757 = VERTEX_POINT ( 'NONE', #5362 ) ;
#5758 = DIRECTION ( 'NONE',  ( -1.000000000000000000, -0.0000000000000000000, -0.0000000000000000000 ) ) ;
#5759 = FILL_AREA_STYLE_COLOUR ( '', #7939 ) ;
#5760 = SURFACE_SIDE_STYLE ('',( #4302 ) ) ;
#5762 = ORIENTED_EDGE ( 'NONE', *, *, #1489, .F. ) ;
#5761 = STYLED_ITEM ( 'NONE', ( #4962 ), #10110 ) ;
#5763 = EDGE_CURVE ( 'NONE', #2392, #471, #10719, .T. ) ;
#5764 = ADVANCED_FACE ( 'NONE', ( #7372 ), #10530, .F. ) ;
#5765 = UNCERTAINTY_MEASURE_WITH_UNIT (LENGTH_MEASURE( 1.000000000000000082E-05 ), #5272, 'distance_accuracy_value', 'NONE');
#5766 = ORIENTED_EDGE ( 'NONE', *, *, #6041, .T. ) ;
#5767 = ORIENTED_EDGE ( 'NONE', *, *, #6571, .T. ) ;
#5768 =( NAMED_UNIT ( * ) PLANE_ANGLE_UNIT ( ) SI_UNIT ( $, .RADIAN. ) );
#5769 = PRESENTATION_LAYER_ASSIGNMENT (  '', '', ( #5399 ) ) ;
#5770 = COLOUR_RGB ( '',0.8980392156862745390, 0.8980392156862745390, 0.8980392156862745390 ) ;
#5771 = DIRECTION ( 'NONE',  ( 0.0000000000000000000, 1.000000000000000000, 1.314184451497582245E-16 ) ) ;
#5772 = PLANE ( 'NONE',  #1318 ) ;
#5773 = EDGE_CURVE ( 'NONE', #1680, #96, #9039, .T. ) ;
#5774 =( GEOMETRIC_REPRESENTATION_CONTEXT ( 3 ) GLOBAL_UNCERTAINTY_ASSIGNED_CONTEXT ( ( #8965 ) ) GLOBAL_UNIT_ASSIGNED_CONTEXT ( ( #834, #6, #1811 ) ) REPRESENTATION_CONTEXT ( 'NONE', 'WORKASPACE' ) );
#5775 = EDGE_LOOP ( 'NONE', ( #4473, #10542, #9675, #6726 ) ) ;
#5776 = DIRECTION ( 'NONE',  ( -1.013220719900693144E-31, 1.000000000000000000, 0.0000000000000000000 ) ) ;
#5777 = CARTESIAN_POINT ( 'NONE',  ( 20.10530292161654842, 13.89999999999999680, 2.234934561338733250 ) ) ;
#5778 = FACE_OUTER_BOUND ( 'NONE', #1220, .T. ) ;
#5779 = DIRECTION ( 'NONE',  ( 7.709882115452482111E-16, 1.314184451497582492E-16, -1.000000000000000000 ) ) ;
#5780 = EDGE_CURVE ( 'NONE', #828, #8224, #3883, .T. ) ;
#5781 = AXIS2_PLACEMENT_3D ( 'NONE', #1622, #3209, #4873 ) ;
#5782 = CARTESIAN_POINT ( 'NONE',  ( -7.105302921616549305, 15.89999999999999680, 2.234934561338733250 ) ) ;
#5783 = CARTESIAN_POINT ( 'NONE',  ( -14.00000000000000178, 9.400000000000000355, -4.499999999999728217 ) ) ;
#5784 = VECTOR ( 'NONE', #1370, 1000.000000000000000 ) ;
#5785 = VERTEX_POINT ( 'NONE', #3822 ) ;
#5786 = PRESENTATION_STYLE_ASSIGNMENT (( #6507 ) ) ;
#5787 = AXIS2_PLACEMENT_3D ( 'NONE', #5678, #5449, #8843 ) ;
#5788 = EDGE_CURVE ( 'NONE', #4880, #9704, #7267, .T. ) ;
#5789 = ORIENTED_EDGE ( 'NONE', *, *, #42, .T. ) ;
#5790 = CARTESIAN_POINT ( 'NONE',  ( -6.500000000000000888, 14.89999999999999680, -4.411345746565306314 ) ) ;
#5791 =( GEOMETRIC_REPRESENTATION_CONTEXT ( 3 ) GLOBAL_UNCERTAINTY_ASSIGNED_CONTEXT ( ( #4728 ) ) GLOBAL_UNIT_ASSIGNED_CONTEXT ( ( #704, #6405, #8153 ) ) REPRESENTATION_CONTEXT ( 'NONE', 'WORKASPACE' ) );
#5792 = DIRECTION ( 'NONE',  ( 0.0000000000000000000, -3.854941057726238097E-16, 1.000000000000000000 ) ) ;
#5793 = FACE_OUTER_BOUND ( 'NONE', #3365, .T. ) ;
#5794 = ORIENTED_EDGE ( 'NONE', *, *, #2382, .F. ) ;
#5795 = DIRECTION ( 'NONE',  ( 1.734723475976793487E-15, 1.314184451497582245E-16, -1.000000000000000000 ) ) ;
#5796 = VERTEX_POINT ( 'NONE', #8142 ) ;
#5797 = CARTESIAN_POINT ( 'NONE',  ( 11.99999999999999289, 9.399999999999998579, 4.500000000000092371 ) ) ;
#5798 = DIRECTION ( 'NONE',  ( -0.0000000000000000000, 1.000000000000000000, 0.0000000000000000000 ) ) ;
#5799 = AXIS2_PLACEMENT_3D ( 'NONE', #7590, #3363, #68 ) ;
#5800 = STYLED_ITEM ( 'NONE', ( #5510 ), #4389 ) ;
#5801 = SURFACE_STYLE_USAGE ( .BOTH. , #415 ) ;
#5802 = EDGE_LOOP ( 'NONE', ( #8037, #3120, #7272, #10233, #1755, #7468, #4825, #10598 ) ) ;
#5803 = DIRECTION ( 'NONE',  ( -0.0000000000000000000, 1.000000000000000000, -0.0000000000000000000 ) ) ;
#5804 = CARTESIAN_POINT ( 'NONE',  ( 13.75000000000000178, 0.0000000000000000000, -9.000000000000000000 ) ) ;
#5805 = ORIENTED_EDGE ( 'NONE', *, *, #3259, .T. ) ;
#5806 = DIRECTION ( 'NONE',  ( 0.0000000000000000000, -1.000000000000000000, 0.0000000000000000000 ) ) ;
#5807 = DIRECTION ( 'NONE',  ( -0.0000000000000000000, -1.000000000000000000, -0.0000000000000000000 ) ) ;
#5808 = FILL_AREA_STYLE_COLOUR ( '', #9164 ) ;
#5809 = AXIS2_PLACEMENT_3D ( 'NONE', #4769, #4710, #9769 ) ;
#5810 = ORIENTED_EDGE ( 'NONE', *, *, #9425, .T. ) ;
#5811 = MECHANICAL_DESIGN_GEOMETRIC_PRESENTATION_REPRESENTATION (  '', ( #2971 ), #1580 ) ;
#5812 = ADVANCED_FACE ( 'NONE', ( #6439 ), #3759, .T. ) ;
#5813 = FACE_OUTER_BOUND ( 'NONE', #5930, .T. ) ;
#5814 = ORIENTED_EDGE ( 'NONE', *, *, #10787, .F. ) ;
#5815 = ORIENTED_EDGE ( 'NONE', *, *, #10237, .F. ) ;
#5816 = ORIENTED_EDGE ( 'NONE', *, *, #6063, .T. ) ;
#5817 = CARTESIAN_POINT ( 'NONE',  ( 19.50000000000000000, -2.750000000000000000, 0.5000000000000031086 ) ) ;
#5818 = PRESENTATION_STYLE_ASSIGNMENT (( #7643 ) ) ;
#5819 = ORIENTED_EDGE ( 'NONE', *, *, #10508, .F. ) ;
#5820 = VECTOR ( 'NONE', #10019, 1000.000000000000000 ) ;
#5821 =( LENGTH_UNIT ( ) NAMED_UNIT ( * ) SI_UNIT ( .MILLI., .METRE. ) );
#5822 = ORIENTED_EDGE ( 'NONE', *, *, #7063, .F. ) ;
#5823 = EDGE_LOOP ( 'NONE', ( #801, #9919, #1041, #1003 ) ) ;
#5824 = CIRCLE ( 'NONE', #3874, 1.000000000000000000 ) ;
#5825 = CIRCLE ( 'NONE', #9525, 1.000000000000000000 ) ;
#5826 = CARTESIAN_POINT ( 'NONE',  ( -1.499999999999997780, 9.400000000000000355, -6.599999999999993427 ) ) ;
#5827 = DIRECTION ( 'NONE',  ( 0.0000000000000000000, 0.0000000000000000000, 1.000000000000000000 ) ) ;
#5828 = SURFACE_STYLE_FILL_AREA ( #2449 ) ;
#5829 = ADVANCED_FACE ( 'NONE', ( #9810 ), #10591, .T. ) ;
#5830 = AXIS2_PLACEMENT_3D ( 'NONE', #6208, #3531, #10296 ) ;
#5831 = ORIENTED_EDGE ( 'NONE', *, *, #3164, .F. ) ;
#5832 = LINE ( 'NONE', #917, #169 ) ;
#5833 = AXIS2_PLACEMENT_3D ( 'NONE', #8645, #10356, #2759 ) ;
#5834 = PRESENTATION_STYLE_ASSIGNMENT (( #8322 ) ) ;
#5835 =( NAMED_UNIT ( * ) SI_UNIT ( $, .STERADIAN. ) SOLID_ANGLE_UNIT ( ) );
#5836 = DIRECTION ( 'NONE',  ( -1.000000000000000000, 1.013220719900694238E-31, -7.709882115452484083E-16 ) ) ;
#5837 = CARTESIAN_POINT ( 'NONE',  ( -14.81519660974406349, 11.39999999999999858, -5.114085138899324257 ) ) ;
#5838 = CARTESIAN_POINT ( 'NONE',  ( -27.50000000000000000, 22.09999999999982734, -7.999999999999976019 ) ) ;
#5839 = CARTESIAN_POINT ( 'NONE',  ( 26.75000000000000000, 19.00000000000000000, -7.999999999999998224 ) ) ;
#5840 = ADVANCED_FACE ( 'NONE', ( #3929 ), #744, .F. ) ;
#5841 = ORIENTED_EDGE ( 'NONE', *, *, #2452, .T. ) ;
#5842 =( GEOMETRIC_REPRESENTATION_CONTEXT ( 3 ) GLOBAL_UNCERTAINTY_ASSIGNED_CONTEXT ( ( #2650 ) ) GLOBAL_UNIT_ASSIGNED_CONTEXT ( ( #10493, #1976, #9727 ) ) REPRESENTATION_CONTEXT ( 'NONE', 'WORKASPACE' ) );
#5843 = PRESENTATION_STYLE_ASSIGNMENT (( #4107 ) ) ;
#5844 = VECTOR ( 'NONE', #4281, 1000.000000000000114 ) ;
#5845 = EDGE_CURVE ( 'NONE', #10207, #7639, #1666, .T. ) ;
#5846 = ORIENTED_EDGE ( 'NONE', *, *, #7107, .F. ) ;
#5847 = CARTESIAN_POINT ( 'NONE',  ( 4.265065438661265418, 15.89999999999999680, 0.6053029216165499715 ) ) ;
#5848 = PRESENTATION_STYLE_ASSIGNMENT (( #4112 ) ) ;
#5849 = LINE ( 'NONE', #10151, #4475 ) ;
#5850 = ORIENTED_EDGE ( 'NONE', *, *, #10101, .T. ) ;
#5851 =( GEOMETRIC_REPRESENTATION_CONTEXT ( 3 ) GLOBAL_UNCERTAINTY_ASSIGNED_CONTEXT ( ( #1668 ) ) GLOBAL_UNIT_ASSIGNED_CONTEXT ( ( #7008, #10442, #1261 ) ) REPRESENTATION_CONTEXT ( 'NONE', 'WORKASPACE' ) );
#5852 = CARTESIAN_POINT ( 'NONE',  ( -20.10530292161654842, 15.89999999999999680, -0.6053029216165489723 ) ) ;
#5853 = ADVANCED_FACE ( 'NONE', ( #9964 ), #7479, .F. ) ;
#5854 = EDGE_LOOP ( 'NONE', ( #10402, #2415, #1659, #8252 ) ) ;
#5855 = LINE ( 'NONE', #8505, #6334 ) ;
#5856 =( LENGTH_UNIT ( ) NAMED_UNIT ( * ) SI_UNIT ( .MILLI., .METRE. ) );
#5857 = DIRECTION ( 'NONE',  ( 0.0000000000000000000, 1.000000000000000000, 1.314184451497582492E-16 ) ) ;
#5858 = PRESENTATION_STYLE_ASSIGNMENT (( #10225 ) ) ;
#5859 = EDGE_LOOP ( 'NONE', ( #9335, #5744, #10447, #3306, #9528, #3394, #9393, #257 ) ) ;
#5860 = CARTESIAN_POINT ( 'NONE',  ( 27.50000000000000000, 21.09999999999999432, 7.999999999999996447 ) ) ;
#5861 = FACE_OUTER_BOUND ( 'NONE', #3870, .T. ) ;
#5862 = CIRCLE ( 'NONE', #4783, 3.411345746565307646 ) ;
#5863 = UNCERTAINTY_MEASURE_WITH_UNIT (LENGTH_MEASURE( 1.000000000000000082E-05 ), #9803, 'distance_accuracy_value', 'NONE');
#5864 = FACE_OUTER_BOUND ( 'NONE', #8239, .T. ) ;
#5865 = ORIENTED_EDGE ( 'NONE', *, *, #3438, .T. ) ;
#5866 = LINE ( 'NONE', #7732, #8932 ) ;
#5867 = ORIENTED_EDGE ( 'NONE', *, *, #7984, .T. ) ;
#5868 = FACE_OUTER_BOUND ( 'NONE', #6886, .T. ) ;
#5869 = EDGE_LOOP ( 'NONE', ( #4589, #3707, #4081, #7819 ) ) ;
#5870 = CARTESIAN_POINT ( 'NONE',  ( -24.49999999999999289, -18.24828759089465535, 9.000000000000360600 ) ) ;
#5871 = CARTESIAN_POINT ( 'NONE',  ( 6.499999999999999112, 14.89999999999999680, 8.673617379884035472E-16 ) ) ;
#5872 = EDGE_LOOP ( 'NONE', ( #3105, #723, #10376, #4638 ) ) ;
#5873 = UNCERTAINTY_MEASURE_WITH_UNIT (LENGTH_MEASURE( 1.000000000000000082E-05 ), #9734, 'distance_accuracy_value', 'NONE');
#5874 = ORIENTED_EDGE ( 'NONE', *, *, #8603, .F. ) ;
#5875 = EDGE_CURVE ( 'NONE', #422, #3124, #903, .T. ) ;
#5876 = ORIENTED_EDGE ( 'NONE', *, *, #7295, .F. ) ;
#5877 = CARTESIAN_POINT ( 'NONE',  ( 1.500000000000004885, 9.400000000000000355, -6.599999999999993427 ) ) ;
#5878 =( NAMED_UNIT ( * ) SI_UNIT ( $, .STERADIAN. ) SOLID_ANGLE_UNIT ( ) );
#5879 = LINE ( 'NONE', #6921, #6283 ) ;
#5880 = VERTEX_POINT ( 'NONE', #2385 ) ;
#5881 = FILL_AREA_STYLE ('',( #1626 ) ) ;
#5882 = FILL_AREA_STYLE ('',( #7550 ) ) ;
#5883 = CARTESIAN_POINT ( 'NONE',  ( -1.499999999999997780, 20.99999999999999645, 4.500000000000184741 ) ) ;
#5884 = PRESENTATION_STYLE_ASSIGNMENT (( #9322 ) ) ;
#5885 = CARTESIAN_POINT ( 'NONE',  ( -14.81519660974406349, 9.399999999999998579, -5.114085138899324257 ) ) ;
#5886 = DIRECTION ( 'NONE',  ( 0.0000000000000000000, 0.0000000000000000000, 1.000000000000000000 ) ) ;
#5887 = FILL_AREA_STYLE_COLOUR ( '', #368 ) ;
#5888 = ADVANCED_FACE ( 'NONE', ( #3413 ), #4572, .T. ) ;
#5889 = EDGE_LOOP ( 'NONE', ( #5358, #4971, #10369, #8643 ) ) ;
#5890 = SURFACE_SIDE_STYLE ('',( #4220 ) ) ;
#5891 = DIRECTION ( 'NONE',  ( 1.000000000000000000, 0.0000000000000000000, 0.0000000000000000000 ) ) ;
#5892 = COLOUR_RGB ( '',0.8980392156862745390, 0.8980392156862745390, 0.8980392156862745390 ) ;
#5893 = EDGE_LOOP ( 'NONE', ( #4573, #3977, #2446, #7595, #8243, #5276, #7810, #6826 ) ) ;
#5894 = SURFACE_STYLE_USAGE ( .BOTH. , #2513 ) ;
#5895 = ADVANCED_FACE ( 'NONE', ( #6801 ), #1061, .T. ) ;
#5896 = CIRCLE ( 'NONE', #8728, 1.000000000000000000 ) ;
#5897 = DIRECTION ( 'NONE',  ( -1.000000000000000000, 0.0000000000000000000, 0.0000000000000000000 ) ) ;
#5898 = PLANE ( 'NONE',  #3300 ) ;
#5899 = EDGE_LOOP ( 'NONE', ( #9853, #850, #4555, #6349 ) ) ;
#5900 = PLANE ( 'NONE',  #4953 ) ;
#5901 = EDGE_CURVE ( 'NONE', #9514, #10904, #2303, .T. ) ;
#5902 = VERTEX_POINT ( 'NONE', #8640 ) ;
#5903 = CIRCLE ( 'NONE', #7677, 1.000000000000000888 ) ;
#5904 = STYLED_ITEM ( 'NONE', ( #5714 ), #8257 ) ;
#5905 = CIRCLE ( 'NONE', #3773, 2.099999999999826894 ) ;
#5906 = STYLED_ITEM ( 'NONE', ( #2065 ), #781 ) ;
#5907 = CARTESIAN_POINT ( 'NONE',  ( -24.99999999999999645, -18.24828759089465535, -4.499999999999639400 ) ) ;
#5908 = FACE_OUTER_BOUND ( 'NONE', #8566, .T. ) ;
#5909 = ADVANCED_FACE ( 'NONE', ( #6965 ), #2809, .F. ) ;
#5910 = AXIS2_PLACEMENT_3D ( 'NONE', #10910, #1640, #6612 ) ;
#5911 = CARTESIAN_POINT ( 'NONE',  ( -1.499999999999997780, 5.200000000000000178, 6.599999999999996092 ) ) ;
#5912 = ORIENTED_EDGE ( 'NONE', *, *, #10170, .T. ) ;
#5913 = DIRECTION ( 'NONE',  ( 0.0000000000000000000, 0.0000000000000000000, -1.000000000000000000 ) ) ;
#5914 = VECTOR ( 'NONE', #7098, 1000.000000000000000 ) ;
#5915 = VECTOR ( 'NONE', #5980, 1000.000000000000000 ) ;
#5916 = SURFACE_SIDE_STYLE ('',( #4961 ) ) ;
#5917 = CARTESIAN_POINT ( 'NONE',  ( 0.0000000000000000000, 20.00000000000000000, -7.999999999999976019 ) ) ;
#5918 = ORIENTED_EDGE ( 'NONE', *, *, #1345, .T. ) ;
#5919 = DIRECTION ( 'NONE',  ( 1.000000000000000000, -0.0000000000000000000, 1.224646799147353207E-16 ) ) ;
#5920 = MECHANICAL_DESIGN_GEOMETRIC_PRESENTATION_REPRESENTATION (  '', ( #10851 ), #6108 ) ;
#5921 = DIRECTION ( 'NONE',  ( 0.0000000000000000000, 0.0000000000000000000, -1.000000000000000000 ) ) ;
#5922 = EDGE_CURVE ( 'NONE', #684, #7093, #1993, .T. ) ;
#5923 = VERTEX_POINT ( 'NONE', #9465 ) ;
#5924 = FACE_OUTER_BOUND ( 'NONE', #4981, .T. ) ;
#5925 = ORIENTED_EDGE ( 'NONE', *, *, #10871, .F. ) ;
#5926 = FILL_AREA_STYLE_COLOUR ( '', #7062 ) ;
#5927 = CARTESIAN_POINT ( 'NONE',  ( 5.894697078383449806, 13.89999999999999680, -2.234934561338733250 ) ) ;
#5928 = COLOUR_RGB ( '',0.8980392156862745390, 0.8980392156862745390, 0.8980392156862745390 ) ;
#5929 = FACE_OUTER_BOUND ( 'NONE', #8042, .T. ) ;
#5930 = EDGE_LOOP ( 'NONE', ( #9724, #6745 ) ) ;
#5931 = ORIENTED_EDGE ( 'NONE', *, *, #6426, .T. ) ;
#5932 = DIRECTION ( 'NONE',  ( 1.000000000000000000, 0.0000000000000000000, 0.0000000000000000000 ) ) ;
#5933 = CARTESIAN_POINT ( 'NONE',  ( 48.33386665984021136, 19.99999999999999289, 9.100000000000001421 ) ) ;
#5934 = CARTESIAN_POINT ( 'NONE',  ( -27.50000000000000000, 16.99999999999999645, -10.09999999999980069 ) ) ;
#5935 = AXIS2_PLACEMENT_3D ( 'NONE', #3291, #9284, #6021 ) ;
#5936 = AXIS2_PLACEMENT_3D ( 'NONE', #7304, #2866, #10667 ) ;
#5937 = CARTESIAN_POINT ( 'NONE',  ( -0.9999999999999974465, -18.24828759089465535, 4.500000000000179412 ) ) ;
#5938 = EDGE_CURVE ( 'NONE', #4227, #5785, #7801, .T. ) ;
#5939 = VERTEX_POINT ( 'NONE', #131 ) ;
#5940 = DIRECTION ( 'NONE',  ( 0.0000000000000000000, -1.000000000000000000, 0.0000000000000000000 ) ) ;
#5941 = CARTESIAN_POINT ( 'NONE',  ( -13.75000000000000000, 0.0000000000000000000, -8.999999999999996447 ) ) ;
#5942 =( NAMED_UNIT ( * ) SI_UNIT ( $, .STERADIAN. ) SOLID_ANGLE_UNIT ( ) );
#5943 = LINE ( 'NONE', #3272, #5503 ) ;
#5944 = CARTESIAN_POINT ( 'NONE',  ( 1.815196609744055500, 11.39999999999999858, 5.114085138899327809 ) ) ;
#5945 = DIRECTION ( 'NONE',  ( -0.0000000000000000000, -1.000000000000000000, -0.0000000000000000000 ) ) ;
#5946 = CARTESIAN_POINT ( 'NONE',  ( 17.26506543866126719, 13.89999999999999680, -0.6053029216165488613 ) ) ;
#5947 = AXIS2_PLACEMENT_3D ( 'NONE', #547, #10645, #3906 ) ;
#5948 = EDGE_LOOP ( 'NONE', ( #4003, #8292, #9848, #3505 ) ) ;
#5949 = DIRECTION ( 'NONE',  ( 0.0000000000000000000, 0.0000000000000000000, 1.000000000000000000 ) ) ;
#5950 = DIRECTION ( 'NONE',  ( 0.0000000000000000000, 0.0000000000000000000, -1.000000000000000000 ) ) ;
#5951 = ORIENTED_EDGE ( 'NONE', *, *, #4260, .T. ) ;
#5952 = PLANE ( 'NONE',  #2282 ) ;
#5953 = SURFACE_SIDE_STYLE ('',( #876 ) ) ;
#5954 = VERTEX_POINT ( 'NONE', #4458 ) ;
#5955 =( GEOMETRIC_REPRESENTATION_CONTEXT ( 3 ) GLOBAL_UNCERTAINTY_ASSIGNED_CONTEXT ( ( #1426 ) ) GLOBAL_UNIT_ASSIGNED_CONTEXT ( ( #6339, #2120, #2227 ) ) REPRESENTATION_CONTEXT ( 'NONE', 'WORKASPACE' ) );
#5956 = DIRECTION ( 'NONE',  ( 0.0000000000000000000, 0.0000000000000000000, -1.000000000000000000 ) ) ;
#5957 = ORIENTED_EDGE ( 'NONE', *, *, #4323, .T. ) ;
#5958 = CIRCLE ( 'NONE', #3644, 1.000000000000000000 ) ;
#5959 = CARTESIAN_POINT ( 'NONE',  ( -24.50000000000000000, 8.900000000000000355, -6.599999999999993427 ) ) ;
#5960 = EDGE_CURVE ( 'NONE', #5345, #1812, #8749, .T. ) ;
#5961 = FILL_AREA_STYLE_COLOUR ( '', #3448 ) ;
#5962 = ORIENTED_EDGE ( 'NONE', *, *, #2399, .F. ) ;
#5963 = PLANE ( 'NONE',  #2198 ) ;
#5964 = CARTESIAN_POINT ( 'NONE',  ( -0.7500000000000006661, 19.00000000000000000, 7.999999999999998224 ) ) ;
#5965 = PRESENTATION_STYLE_ASSIGNMENT (( #8402 ) ) ;
#5966 = CARTESIAN_POINT ( 'NONE',  ( -7.105302921616549305, 13.89999999999999680, -0.6053029216165489723 ) ) ;
#5967 = UNCERTAINTY_MEASURE_WITH_UNIT (LENGTH_MEASURE( 1.000000000000000082E-05 ), #5666, 'distance_accuracy_value', 'NONE');
#5968 = COLOUR_RGB ( '',0.8980392156862745390, 0.8980392156862745390, 0.8980392156862745390 ) ;
#5969 = EDGE_CURVE ( 'NONE', #9592, #3207, #8483, .T. ) ;
#5970 = EDGE_LOOP ( 'NONE', ( #2732, #10473, #7358, #10633 ) ) ;
#5971 = MECHANICAL_DESIGN_GEOMETRIC_PRESENTATION_REPRESENTATION (  '', ( #7106 ), #10218 ) ;
#5972 = CARTESIAN_POINT ( 'NONE',  ( 0.0000000000000000000, 19.00000000000000000, 0.0000000000000000000 ) ) ;
#5973 = AXIS2_PLACEMENT_3D ( 'NONE', #5917, #8237, #9294 ) ;
#5974 =( LENGTH_UNIT ( ) NAMED_UNIT ( * ) SI_UNIT ( .MILLI., .METRE. ) );
#5975 = EDGE_CURVE ( 'NONE', #1716, #8304, #8584, .T. ) ;
#5976 = SURFACE_STYLE_USAGE ( .BOTH. , #8635 ) ;
#5977 = ORIENTED_EDGE ( 'NONE', *, *, #6907, .T. ) ;
#5978 = LINE ( 'NONE', #10074, #5159 ) ;
#5979 = ORIENTED_EDGE ( 'NONE', *, *, #2775, .F. ) ;
#5980 = DIRECTION ( 'NONE',  ( 1.000000000000000000, 0.0000000000000000000, 1.734723475976817547E-15 ) ) ;
#5981 = CARTESIAN_POINT ( 'NONE',  ( 19.50000000000000000, 12.89999999999999858, 8.673617379884035472E-16 ) ) ;
#5982 = CARTESIAN_POINT ( 'NONE',  ( -26.75000000000000000, -0.0000000000000000000, -7.999999999999998224 ) ) ;
#5983 = VECTOR ( 'NONE', #7330, 1000.000000000000000 ) ;
#5984 = UNCERTAINTY_MEASURE_WITH_UNIT (LENGTH_MEASURE( 1.000000000000000082E-05 ), #8429, 'distance_accuracy_value', 'NONE');
#5985 = ORIENTED_EDGE ( 'NONE', *, *, #721, .T. ) ;
#5986 = EDGE_CURVE ( 'NONE', #2294, #6770, #3639, .T. ) ;
#5987 = ORIENTED_EDGE ( 'NONE', *, *, #3729, .F. ) ;
#5988 = DIRECTION ( 'NONE',  ( 0.0000000000000000000, -0.0000000000000000000, 1.000000000000000000 ) ) ;
#5989 = DIRECTION ( 'NONE',  ( -1.000000000000000000, 0.0000000000000000000, 0.0000000000000000000 ) ) ;
#5990 = DIRECTION ( 'NONE',  ( -0.0000000000000000000, 1.000000000000000000, -0.0000000000000000000 ) ) ;
#5991 = DIRECTION ( 'NONE',  ( -0.0000000000000000000, -1.000000000000000000, -0.0000000000000000000 ) ) ;
#5992 = ORIENTED_EDGE ( 'NONE', *, *, #9219, .F. ) ;
#5993 =( NAMED_UNIT ( * ) PLANE_ANGLE_UNIT ( ) SI_UNIT ( $, .RADIAN. ) );
#5994 = VECTOR ( 'NONE', #2345, 1000.000000000000000 ) ;
#5995 = DIRECTION ( 'NONE',  ( 0.0000000000000000000, 1.000000000000000000, -0.0000000000000000000 ) ) ;
#5996 = FILL_AREA_STYLE ('',( #8913 ) ) ;
#5997 = CARTESIAN_POINT ( 'NONE',  ( -0.7500000000000006661, -0.0000000000000000000, -7.999999999999998224 ) ) ;
#5998 = FACE_OUTER_BOUND ( 'NONE', #7015, .T. ) ;
#5999 = PLANE ( 'NONE',  #8498 ) ;
#6000 = SURFACE_SIDE_STYLE ('',( #1632 ) ) ;
#6001 = AXIS2_PLACEMENT_3D ( 'NONE', #7061, #10436, #10487 ) ;
#6002 = EDGE_LOOP ( 'NONE', ( #5526, #6324, #3556, #7878 ) ) ;
#6003 = AXIS2_PLACEMENT_3D ( 'NONE', #5078, #8247, #8472 ) ;
#6004 =( GEOMETRIC_REPRESENTATION_CONTEXT ( 3 ) GLOBAL_UNCERTAINTY_ASSIGNED_CONTEXT ( ( #1452 ) ) GLOBAL_UNIT_ASSIGNED_CONTEXT ( ( #4177, #3924, #468 ) ) REPRESENTATION_CONTEXT ( 'NONE', 'WORKASPACE' ) );
#6005 =( GEOMETRIC_REPRESENTATION_CONTEXT ( 3 ) GLOBAL_UNCERTAINTY_ASSIGNED_CONTEXT ( ( #7845 ) ) GLOBAL_UNIT_ASSIGNED_CONTEXT ( ( #9649, #312, #9535 ) ) REPRESENTATION_CONTEXT ( 'NONE', 'WORKASPACE' ) );
#6006 = AXIS2_PLACEMENT_3D ( 'NONE', #9080, #10626, #4863 ) ;
#6007 = ORIENTED_EDGE ( 'NONE', *, *, #541, .F. ) ;
#6008 = PLANE ( 'NONE',  #7394 ) ;
#6009 = DIRECTION ( 'NONE',  ( 0.0000000000000000000, -1.314184451497582492E-16, 1.000000000000000000 ) ) ;
#6010 = SURFACE_SIDE_STYLE ('',( #980 ) ) ;
#6011 = VERTEX_POINT ( 'NONE', #1773 ) ;
#6012 = PRESENTATION_LAYER_ASSIGNMENT (  '', '', ( #6881 ) ) ;
#6013 = DIRECTION ( 'NONE',  ( -1.000000000000000000, 0.0000000000000000000, 0.0000000000000000000 ) ) ;
#6014 = SURFACE_STYLE_FILL_AREA ( #1037 ) ;
#6015 = COLOUR_RGB ( '',0.8980392156862745390, 0.8980392156862745390, 0.8980392156862745390 ) ;
#6016 = ORIENTED_EDGE ( 'NONE', *, *, #8186, .F. ) ;
#6017 = EDGE_CURVE ( 'NONE', #10841, #5325, #6859, .T. ) ;
#6018 = DIRECTION ( 'NONE',  ( 0.0000000000000000000, 0.0000000000000000000, 1.000000000000000000 ) ) ;
#6019 = AXIS2_PLACEMENT_3D ( 'NONE', #8155, #3839, #9108 ) ;
#6020 = DIRECTION ( 'NONE',  ( 0.0000000000000000000, 0.0000000000000000000, -1.000000000000000000 ) ) ;
#6021 = DIRECTION ( 'NONE',  ( 0.0000000000000000000, 0.0000000000000000000, -1.000000000000000000 ) ) ;
#6022 = COLOUR_RGB ( '',0.8980392156862745390, 0.8980392156862745390, 0.8980392156862745390 ) ;
#6023 = DIRECTION ( 'NONE',  ( -0.0000000000000000000, 1.000000000000000000, -0.0000000000000000000 ) ) ;
#6024 = ORIENTED_EDGE ( 'NONE', *, *, #6256, .T. ) ;
#6025 = CARTESIAN_POINT ( 'NONE',  ( -27.50000000000000355, 9.400000000000000355, -4.499999999999753975 ) ) ;
#6026 = PRESENTATION_STYLE_ASSIGNMENT (( #7739 ) ) ;
#6027 = FILL_AREA_STYLE ('',( #4239 ) ) ;
#6028 = CARTESIAN_POINT ( 'NONE',  ( -1.499999999999997780, 5.200000000000001066, -6.599999999999994316 ) ) ;
#6029 = VECTOR ( 'NONE', #3378, 1000.000000000000000 ) ;
#6030 = EDGE_CURVE ( 'NONE', #7093, #8463, #2987, .T. ) ;
#6031 = ORIENTED_EDGE ( 'NONE', *, *, #3189, .F. ) ;
#6032 = CARTESIAN_POINT ( 'NONE',  ( 26.75000000000000000, 0.0000000000000000000, -9.000000000000000000 ) ) ;
#6033 =( NAMED_UNIT ( * ) PLANE_ANGLE_UNIT ( ) SI_UNIT ( $, .RADIAN. ) );
#6034 = VERTEX_POINT ( 'NONE', #5186 ) ;
#6035 = DIRECTION ( 'NONE',  ( 0.0000000000000000000, 1.000000000000000000, 0.0000000000000000000 ) ) ;
#6036 = ORIENTED_EDGE ( 'NONE', *, *, #7502, .F. ) ;
#6037 = DIRECTION ( 'NONE',  ( -0.0000000000000000000, -0.0000000000000000000, 1.000000000000000000 ) ) ;
#6038 = DIRECTION ( 'NONE',  ( -1.000000000000000000, 2.279746619776541893E-31, -1.734723475976793487E-15 ) ) ;
#6039 = ORIENTED_EDGE ( 'NONE', *, *, #9022, .F. ) ;
#6040 = EDGE_CURVE ( 'NONE', #6857, #1743, #5644, .T. ) ;
#6041 = EDGE_CURVE ( 'NONE', #7639, #9961, #10615, .T. ) ;
#6042 = ORIENTED_EDGE ( 'NONE', *, *, #8666, .T. ) ;
#6043 = LINE ( 'NONE', #5136, #2582 ) ;
#6044 = DIRECTION ( 'NONE',  ( 0.0000000000000000000, 0.0000000000000000000, -1.000000000000000000 ) ) ;
#6045 = CARTESIAN_POINT ( 'NONE',  ( 1.500000000000004885, -18.24828759089465535, 9.000000000000179412 ) ) ;
#6046 = STYLED_ITEM ( 'NONE', ( #512 ), #10071 ) ;
#6047 = CARTESIAN_POINT ( 'NONE',  ( 48.33386665984021136, 16.99999999999999645, 10.10000000000018439 ) ) ;
#6048 = ORIENTED_EDGE ( 'NONE', *, *, #6322, .F. ) ;
#6049 = DIRECTION ( 'NONE',  ( -6.653050579395577682E-17, 0.0000000000000000000, -1.000000000000000000 ) ) ;
#6050 = EDGE_CURVE ( 'NONE', #10433, #2677, #2920, .T. ) ;
#6051 = CARTESIAN_POINT ( 'NONE',  ( 24.50000000000000355, 9.399999999999998579, 6.599999999999996092 ) ) ;
#6052 = CARTESIAN_POINT ( 'NONE',  ( 24.49999999999999645, 9.400000000000000355, -6.099999999999992539 ) ) ;
#6053 =( LENGTH_UNIT ( ) NAMED_UNIT ( * ) SI_UNIT ( .MILLI., .METRE. ) );
#6054 = CARTESIAN_POINT ( 'NONE',  ( 14.49999999999999645, -18.24828759089465535, -4.499999999999911182 ) ) ;
#6055 = PRESENTATION_STYLE_ASSIGNMENT (( #10261 ) ) ;
#6056 = CARTESIAN_POINT ( 'NONE',  ( 19.50000000000000000, 14.89999999999999680, 8.673617379884035472E-16 ) ) ;
#6057 = FILL_AREA_STYLE_COLOUR ( '', #8657 ) ;
#6058 = ORIENTED_EDGE ( 'NONE', *, *, #1863, .F. ) ;
#6059 = CARTESIAN_POINT ( 'NONE',  ( -0.7500000000000006661, -0.0000000000000000000, -7.999999999999998224 ) ) ;
#6060 = VERTEX_POINT ( 'NONE', #6431 ) ;
#6061 = FACE_OUTER_BOUND ( 'NONE', #1595, .T. ) ;
#6062 = DIRECTION ( 'NONE',  ( -1.000000000000000000, 0.0000000000000000000, 0.0000000000000000000 ) ) ;
#6063 = EDGE_CURVE ( 'NONE', #4850, #10558, #9854, .T. ) ;
#6064 =( NAMED_UNIT ( * ) SI_UNIT ( $, .STERADIAN. ) SOLID_ANGLE_UNIT ( ) );
#6065 = CARTESIAN_POINT ( 'NONE',  ( 27.50000000000000000, 19.99999999999999289, 9.100000000000001421 ) ) ;
#6066 = VERTEX_POINT ( 'NONE', #7141 ) ;
#6067 = DIRECTION ( 'NONE',  ( 0.0000000000000000000, 1.000000000000000000, 1.314184451497582245E-16 ) ) ;
#6068 = DIRECTION ( 'NONE',  ( -1.000000000000000000, 0.0000000000000000000, 0.0000000000000000000 ) ) ;
#6069 = ORIENTED_EDGE ( 'NONE', *, *, #6571, .F. ) ;
#6070 = PLANE ( 'NONE',  #2262 ) ;
#6071 = AXIS2_PLACEMENT_3D ( 'NONE', #2580, #3516, #8457 ) ;
#6072 = PLANE ( 'NONE',  #5303 ) ;
#6073 = COLOUR_RGB ( '',0.8980392156862745390, 0.8980392156862745390, 0.8980392156862745390 ) ;
#6074 = CARTESIAN_POINT ( 'NONE',  ( 7.105302921616547529, 13.89999999999999680, 0.6053029216165488613 ) ) ;
#6075 = SURFACE_SIDE_STYLE ('',( #10114 ) ) ;
#6076 = ORIENTED_EDGE ( 'NONE', *, *, #7704, .F. ) ;
#6077 = EDGE_CURVE ( 'NONE', #4607, #1006, #8916, .T. ) ;
#6078 =( NAMED_UNIT ( * ) PLANE_ANGLE_UNIT ( ) SI_UNIT ( $, .RADIAN. ) );
#6079 = FACE_OUTER_BOUND ( 'NONE', #1271, .T. ) ;
#6080 = AXIS2_PLACEMENT_3D ( 'NONE', #8853, #3797, #7186 ) ;
#6081 = MECHANICAL_DESIGN_GEOMETRIC_PRESENTATION_REPRESENTATION (  '', ( #9437 ), #6435 ) ;
#6082 = VERTEX_POINT ( 'NONE', #3026 ) ;
#6083 = FILL_AREA_STYLE_COLOUR ( '', #1244 ) ;
#6084 = AXIS2_PLACEMENT_3D ( 'NONE', #9366, #959, #7598 ) ;
#6085 =( GEOMETRIC_REPRESENTATION_CONTEXT ( 3 ) GLOBAL_UNCERTAINTY_ASSIGNED_CONTEXT ( ( #3298 ) ) GLOBAL_UNIT_ASSIGNED_CONTEXT ( ( #6159, #1175, #1229 ) ) REPRESENTATION_CONTEXT ( 'NONE', 'WORKASPACE' ) );
#6086 = VECTOR ( 'NONE', #2604, 1000.000000000000000 ) ;
#6087 = UNCERTAINTY_MEASURE_WITH_UNIT (LENGTH_MEASURE( 1.000000000000000082E-05 ), #1183, 'distance_accuracy_value', 'NONE');
#6088 = EDGE_LOOP ( 'NONE', ( #10302, #908, #1104, #3637 ) ) ;
#6089 = EDGE_CURVE ( 'NONE', #9233, #2611, #4741, .T. ) ;
#6090 = CARTESIAN_POINT ( 'NONE',  ( -5.894697078383451583, 13.89999999999999680, 2.234934561338733250 ) ) ;
#6091 = ORIENTED_EDGE ( 'NONE', *, *, #6470, .T. ) ;
#6092 = LINE ( 'NONE', #9464, #5915 ) ;
#6093 = CARTESIAN_POINT ( 'NONE',  ( 19.50000000000000000, -3.750000000000000000, 0.0000000000000000000 ) ) ;
#6094 = PLANE ( 'NONE',  #7917 ) ;
#6095 = UNCERTAINTY_MEASURE_WITH_UNIT (LENGTH_MEASURE( 1.000000000000000082E-05 ), #7091, 'distance_accuracy_value', 'NONE');
#6096 = CARTESIAN_POINT ( 'NONE',  ( -12.24999999999999822, 0.0000000000000000000, -9.000000000000000000 ) ) ;
#6097 = EDGE_LOOP ( 'NONE', ( #6024, #2314, #271, #5655 ) ) ;
#6098 = VECTOR ( 'NONE', #3377, 1000.000000000000114 ) ;
#6099 = AXIS2_PLACEMENT_3D ( 'NONE', #7123, #5624, #596 ) ;
#6100 = ORIENTED_EDGE ( 'NONE', *, *, #5063, .F. ) ;
#6101 = AXIS2_PLACEMENT_3D ( 'NONE', #1275, #8748, #9688 ) ;
#6102 = PLANE ( 'NONE',  #7874 ) ;
#6103 = CARTESIAN_POINT ( 'NONE',  ( 24.49999999999999645, 9.400000000000000355, -4.499999999999999112 ) ) ;
#6104 = ORIENTED_EDGE ( 'NONE', *, *, #5285, .T. ) ;
#6105 = EDGE_CURVE ( 'NONE', #6139, #2652, #5470, .T. ) ;
#6106 = ORIENTED_EDGE ( 'NONE', *, *, #1832, .T. ) ;
#6107 = LINE ( 'NONE', #1069, #8789 ) ;
#6108 =( GEOMETRIC_REPRESENTATION_CONTEXT ( 3 ) GLOBAL_UNCERTAINTY_ASSIGNED_CONTEXT ( ( #8632 ) ) GLOBAL_UNIT_ASSIGNED_CONTEXT ( ( #7235, #496, #10445 ) ) REPRESENTATION_CONTEXT ( 'NONE', 'WORKASPACE' ) );
#6109 = SURFACE_SIDE_STYLE ('',( #9422 ) ) ;
#6110 = SURFACE_STYLE_USAGE ( .BOTH. , #8651 ) ;
#6111 = DIRECTION ( 'NONE',  ( 0.0000000000000000000, 0.0000000000000000000, 1.000000000000000000 ) ) ;
#6112 = DIRECTION ( 'NONE',  ( -1.000000000000000000, 0.0000000000000000000, 1.330610115879115536E-16 ) ) ;
#6113 = PLANE ( 'NONE',  #2364 ) ;
#6114 = SURFACE_STYLE_FILL_AREA ( #7980 ) ;
#6115 = DIRECTION ( 'NONE',  ( -0.0000000000000000000, -1.000000000000000000, -0.0000000000000000000 ) ) ;
#6116 = ORIENTED_EDGE ( 'NONE', *, *, #1878, .T. ) ;
#6117 = VECTOR ( 'NONE', #10446, 1000.000000000000000 ) ;
#6118 = AXIS2_PLACEMENT_3D ( 'NONE', #2670, #4546, #3717 ) ;
#6119 = EDGE_CURVE ( 'NONE', #9961, #9569, #2861, .T. ) ;
#6120 =( LENGTH_UNIT ( ) NAMED_UNIT ( * ) SI_UNIT ( .MILLI., .METRE. ) );
#6121 = EDGE_CURVE ( 'NONE', #1663, #1716, #7965, .T. ) ;
#6122 = VERTEX_POINT ( 'NONE', #5523 ) ;
#6123 = CARTESIAN_POINT ( 'NONE',  ( 7.105302921616547529, 15.89999999999999680, -0.6053029216165491944 ) ) ;
#6124 = CARTESIAN_POINT ( 'NONE',  ( 14.81519660974405639, 11.39999999999999858, 5.114085138899327809 ) ) ;
#6125 = DIRECTION ( 'NONE',  ( -1.000000000000000000, 0.0000000000000000000, -0.0000000000000000000 ) ) ;
#6126 = VERTEX_POINT ( 'NONE', #1435 ) ;
#6127 = AXIS2_PLACEMENT_3D ( 'NONE', #5682, #498, #10746 ) ;
#6128 = AXIS2_PLACEMENT_3D ( 'NONE', #1394, #8757, #10620 ) ;
#6129 = DIRECTION ( 'NONE',  ( 0.0000000000000000000, 0.7071067811865477948, -0.7071067811865473507 ) ) ;
#6130 = CYLINDRICAL_SURFACE ( 'NONE', #9186, 1.000000000000000000 ) ;
#6131 = EDGE_LOOP ( 'NONE', ( #4462, #7853, #1199, #3143 ) ) ;
#6132 = EDGE_CURVE ( 'NONE', #6122, #3819, #511, .T. ) ;
#6133 = CARTESIAN_POINT ( 'NONE',  ( 7.105302921616547529, 13.89999999999999680, 2.234934561338733250 ) ) ;
#6134 = DIRECTION ( 'NONE',  ( 0.0000000000000000000, 0.0000000000000000000, -1.000000000000000000 ) ) ;
#6135 = DIRECTION ( 'NONE',  ( -0.0000000000000000000, 1.000000000000000000, -0.0000000000000000000 ) ) ;
#6136 = DIRECTION ( 'NONE',  ( 0.0000000000000000000, -0.0000000000000000000, 1.000000000000000000 ) ) ;
#6137 = LINE ( 'NONE', #3622, #5755 ) ;
#6138 = COLOUR_RGB ( '',0.8980392156862745390, 0.8980392156862745390, 0.8980392156862745390 ) ;
#6139 = VERTEX_POINT ( 'NONE', #8170 ) ;
#6140 = CARTESIAN_POINT ( 'NONE',  ( -14.81519660974406349, 11.39999999999999858, 5.114085138899327809 ) ) ;
#6141 =( NAMED_UNIT ( * ) SI_UNIT ( $, .STERADIAN. ) SOLID_ANGLE_UNIT ( ) );
#6142 = ORIENTED_EDGE ( 'NONE', *, *, #10248, .F. ) ;
#6143 = FACE_OUTER_BOUND ( 'NONE', #6384, .T. ) ;
#6144 =( GEOMETRIC_REPRESENTATION_CONTEXT ( 3 ) GLOBAL_UNCERTAINTY_ASSIGNED_CONTEXT ( ( #6199 ) ) GLOBAL_UNIT_ASSIGNED_CONTEXT ( ( #4617, #3117, #7232 ) ) REPRESENTATION_CONTEXT ( 'NONE', 'WORKASPACE' ) );
#6145 = SURFACE_STYLE_USAGE ( .BOTH. , #5020 ) ;
#6146 = VERTEX_POINT ( 'NONE', #9689 ) ;
#6147 =( NAMED_UNIT ( * ) SI_UNIT ( $, .STERADIAN. ) SOLID_ANGLE_UNIT ( ) );
#6148 =( GEOMETRIC_REPRESENTATION_CONTEXT ( 3 ) GLOBAL_UNCERTAINTY_ASSIGNED_CONTEXT ( ( #8062 ) ) GLOBAL_UNIT_ASSIGNED_CONTEXT ( ( #9827, #1461, #2243 ) ) REPRESENTATION_CONTEXT ( 'NONE', 'WORKASPACE' ) );
#6149 = ORIENTED_EDGE ( 'NONE', *, *, #9732, .T. ) ;
#6150 = CARTESIAN_POINT ( 'NONE',  ( -14.49999999999999822, 8.899999999999998579, 6.099999999999996092 ) ) ;
#6151 = FILL_AREA_STYLE ('',( #5759 ) ) ;
#6152 = CARTESIAN_POINT ( 'NONE',  ( 18.89469707838345158, 13.89999999999999680, -0.6053029216165489723 ) ) ;
#6153 = AXIS2_PLACEMENT_3D ( 'NONE', #4970, #9307, #4920 ) ;
#6154 = VERTEX_POINT ( 'NONE', #565 ) ;
#6155 = AXIS2_PLACEMENT_3D ( 'NONE', #1114, #7852, #9468 ) ;
#6156 = ORIENTED_EDGE ( 'NONE', *, *, #8334, .T. ) ;
#6157 = PLANE ( 'NONE',  #5833 ) ;
#6158 =( GEOMETRIC_REPRESENTATION_CONTEXT ( 3 ) GLOBAL_UNCERTAINTY_ASSIGNED_CONTEXT ( ( #3743 ) ) GLOBAL_UNIT_ASSIGNED_CONTEXT ( ( #238, #3696, #188 ) ) REPRESENTATION_CONTEXT ( 'NONE', 'WORKASPACE' ) );
#6159 =( LENGTH_UNIT ( ) NAMED_UNIT ( * ) SI_UNIT ( .MILLI., .METRE. ) );
#6160 = ORIENTED_EDGE ( 'NONE', *, *, #6402, .F. ) ;
#6161 = VERTEX_POINT ( 'NONE', #1330 ) ;
#6162 = VECTOR ( 'NONE', #659, 1000.000000000000000 ) ;
#6163 = CARTESIAN_POINT ( 'NONE',  ( 14.50000000000000178, 5.200000000000000178, 6.599999999999996092 ) ) ;
#6164 = CARTESIAN_POINT ( 'NONE',  ( -12.24999999999999822, 19.00000000000000000, 7.999999999999998224 ) ) ;
#6165 = CARTESIAN_POINT ( 'NONE',  ( 20.50000000000000000, -0.0000000000000000000, -0.4999999999999968914 ) ) ;
#6166 = DIRECTION ( 'NONE',  ( -1.000000000000000000, -1.013220719900694238E-31, 7.709882115452484083E-16 ) ) ;
#6167 = EDGE_LOOP ( 'NONE', ( #9586, #860, #7159, #9369 ) ) ;
#6168 = EDGE_CURVE ( 'NONE', #10274, #10005, #9020, .T. ) ;
#6169 = SURFACE_SIDE_STYLE ('',( #212 ) ) ;
#6170 = DIRECTION ( 'NONE',  ( -1.734723475976807094E-15, 0.0000000000000000000, -1.000000000000000000 ) ) ;
#6171 = PRESENTATION_LAYER_ASSIGNMENT (  '', '', ( #2971 ) ) ;
#6172 = CARTESIAN_POINT ( 'NONE',  ( 27.50000000000000000, 19.99999999999999289, 8.000000000000000000 ) ) ;
#6173 = ORIENTED_EDGE ( 'NONE', *, *, #7795, .T. ) ;
#6174 = APPLICATION_PROTOCOL_DEFINITION ( 'draft international standard', 'automotive_design', 1998, #10574 ) ;
#6175 = FILL_AREA_STYLE_COLOUR ( '', #9799 ) ;
#6176 = CARTESIAN_POINT ( 'NONE',  ( -25.24999999999999645, 0.0000000000000000000, 9.000000000000000000 ) ) ;
#6177 = LINE ( 'NONE', #9492, #3159 ) ;
#6178 = ORIENTED_EDGE ( 'NONE', *, *, #375, .F. ) ;
#6179 = EDGE_CURVE ( 'NONE', #4497, #2870, #1276, .T. ) ;
#6180 = DIRECTION ( 'NONE',  ( 0.0000000000000000000, 0.0000000000000000000, -1.000000000000000000 ) ) ;
#6181 = CARTESIAN_POINT ( 'NONE',  ( -18.89469707838345158, 13.89999999999999680, 0.6053029216165488613 ) ) ;
#6182 = PRESENTATION_LAYER_ASSIGNMENT (  '', '', ( #4 ) ) ;
#6183 = ORIENTED_EDGE ( 'NONE', *, *, #2665, .T. ) ;
#6184 = ADVANCED_FACE ( 'NONE', ( #3918 ), #7300, .F. ) ;
#6185 = ADVANCED_FACE ( 'NONE', ( #5013 ), #8294, .T. ) ;
#6186 = CARTESIAN_POINT ( 'NONE',  ( 7.105302921616547529, 15.89999999999999680, -2.234934561338733250 ) ) ;
#6187 = AXIS2_PLACEMENT_3D ( 'NONE', #6994, #4547, #3663 ) ;
#6188 = VECTOR ( 'NONE', #7816, 1000.000000000000000 ) ;
#6189 = CARTESIAN_POINT ( 'NONE',  ( -18.89469707838345158, 15.89999999999999680, 0.6053029216165488613 ) ) ;
#6190 = FILL_AREA_STYLE_COLOUR ( '', #4422 ) ;
#6191 = SURFACE_STYLE_USAGE ( .BOTH. , #10014 ) ;
#6192 = COLOUR_RGB ( '',0.8980392156862745390, 0.8980392156862745390, 0.8980392156862745390 ) ;
#6193 = CARTESIAN_POINT ( 'NONE',  ( 20.50000000000000000, 0.0000000000000000000, 0.5000000000000031086 ) ) ;
#6194 = ORIENTED_EDGE ( 'NONE', *, *, #10877, .T. ) ;
#6195 = CARTESIAN_POINT ( 'NONE',  ( -19.50000000000000000, 15.89999999999999680, 8.673617379884035472E-16 ) ) ;
#6196 = ADVANCED_FACE ( 'NONE', ( #9071 ), #9293, .F. ) ;
#6197 = CARTESIAN_POINT ( 'NONE',  ( 14.81519660974405639, 11.39999999999999858, 5.114085138899327809 ) ) ;
#6198 = LINE ( 'NONE', #10343, #3073 ) ;
#6199 = UNCERTAINTY_MEASURE_WITH_UNIT (LENGTH_MEASURE( 1.000000000000000082E-05 ), #4617, 'distance_accuracy_value', 'NONE');
#6200 = ORIENTED_EDGE ( 'NONE', *, *, #9021, .T. ) ;
#6201 = LINE ( 'NONE', #2209, #3893 ) ;
#6202 = AXIS2_PLACEMENT_3D ( 'NONE', #2791, #4620, #1151 ) ;
#6203 = VERTEX_POINT ( 'NONE', #2528 ) ;
#6204 = DIRECTION ( 'NONE',  ( 1.000000000000000000, 0.0000000000000000000, 0.0000000000000000000 ) ) ;
#6205 = VECTOR ( 'NONE', #2177, 1000.000000000000000 ) ;
#6206 = ORIENTED_EDGE ( 'NONE', *, *, #8032, .T. ) ;
#6207 = DIRECTION ( 'NONE',  ( -0.0000000000000000000, -1.000000000000000000, -0.0000000000000000000 ) ) ;
#6208 = CARTESIAN_POINT ( 'NONE',  ( 13.99999999999999645, -18.24828759089465535, 4.500000000000087041 ) ) ;
#6209 = DIRECTION ( 'NONE',  ( 0.0000000000000000000, 1.000000000000000000, 0.0000000000000000000 ) ) ;
#6210 = CYLINDRICAL_SURFACE ( 'NONE', #6155, 0.5000000000000004441 ) ;
#6211 = ORIENTED_EDGE ( 'NONE', *, *, #375, .T. ) ;
#6212 = EDGE_LOOP ( 'NONE', ( #8364, #3831, #4186, #3526, #6606, #4075, #8395, #635 ) ) ;
#6213 = DIRECTION ( 'NONE',  ( 1.000000000000000000, -0.0000000000000000000, -0.0000000000000000000 ) ) ;
#6214 = SURFACE_STYLE_FILL_AREA ( #1173 ) ;
#6215 = LINE ( 'NONE', #4532, #6787 ) ;
#6216 = VERTEX_POINT ( 'NONE', #3192 ) ;
#6217 = ORIENTED_EDGE ( 'NONE', *, *, #9330, .T. ) ;
#6218 = DIRECTION ( 'NONE',  ( -1.000000000000000000, 0.0000000000000000000, 6.653050579395577682E-17 ) ) ;
#6219 = LINE ( 'NONE', #473, #3241 ) ;
#6220 = DIRECTION ( 'NONE',  ( 1.000000000000000000, -0.0000000000000000000, -0.0000000000000000000 ) ) ;
#6221 = DIRECTION ( 'NONE',  ( -0.0000000000000000000, -1.000000000000000000, -1.314184451497582492E-16 ) ) ;
#6222 = ORIENTED_EDGE ( 'NONE', *, *, #8807, .T. ) ;
#6223 = EDGE_CURVE ( 'NONE', #7139, #6751, #4855, .T. ) ;
#6224 = DIRECTION ( 'NONE',  ( 0.0000000000000000000, 1.000000000000000000, 1.239088197126289880E-15 ) ) ;
#6225 = SURFACE_SIDE_STYLE ('',( #1237 ) ) ;
#6226 = SURFACE_STYLE_USAGE ( .BOTH. , #6285 ) ;
#6227 = VECTOR ( 'NONE', #6541, 1000.000000000000000 ) ;
#6228 = ORIENTED_EDGE ( 'NONE', *, *, #6779, .F. ) ;
#6229 = DIRECTION ( 'NONE',  ( 0.0000000000000000000, -0.0000000000000000000, 1.000000000000000000 ) ) ;
#6230 = CARTESIAN_POINT ( 'NONE',  ( -0.7500000000000006661, 19.00000000000000000, 9.000000000000000000 ) ) ;
#6231 = CARTESIAN_POINT ( 'NONE',  ( -1.499999999999997780, 8.900000000000000355, -6.099999999999992539 ) ) ;
#6232 = VERTEX_POINT ( 'NONE', #8233 ) ;
#6233 = FILL_AREA_STYLE ('',( #4492 ) ) ;
#6234 = DIRECTION ( 'NONE',  ( 1.000000000000000000, 0.0000000000000000000, 0.0000000000000000000 ) ) ;
#6235 = CARTESIAN_POINT ( 'NONE',  ( 7.105302921616547529, 15.89999999999999680, -0.6053029216165491944 ) ) ;
#6236 = ORIENTED_EDGE ( 'NONE', *, *, #6524, .F. ) ;
#6237 = ADVANCED_FACE ( 'NONE', ( #9238, #6528 ), #10007, .F. ) ;
#6238 = CARTESIAN_POINT ( 'NONE',  ( 1.815196609744055500, 11.39999999999999858, 5.114085138899327809 ) ) ;
#6239 = DIRECTION ( 'NONE',  ( 1.000000000000000000, 4.559493239553147720E-31, -3.469446951953635094E-15 ) ) ;
#6240 = ORIENTED_EDGE ( 'NONE', *, *, #2665, .F. ) ;
#6241 = CARTESIAN_POINT ( 'NONE',  ( -13.75000000000000000, 19.00000000000000000, 7.999999999999998224 ) ) ;
#6242 = EDGE_CURVE ( 'NONE', #10247, #7218, #4130, .T. ) ;
#6243 = DIRECTION ( 'NONE',  ( 3.854941057726238097E-16, 0.0000000000000000000, -1.000000000000000000 ) ) ;
#6244 =( NAMED_UNIT ( * ) SI_UNIT ( $, .STERADIAN. ) SOLID_ANGLE_UNIT ( ) );
#6245 = CARTESIAN_POINT ( 'NONE',  ( 24.18480339025593651, 11.39999999999999858, 5.114085138899327809 ) ) ;
#6246 = ORIENTED_EDGE ( 'NONE', *, *, #9281, .T. ) ;
#6248 = EDGE_CURVE ( 'NONE', #981, #6770, #9345, .T. ) ;
#6247 = PLANE ( 'NONE',  #3403 ) ;
#6249 = EDGE_CURVE ( 'NONE', #6597, #8991, #6358, .T. ) ;
#6250 = FACE_BOUND ( 'NONE', #1283, .T. ) ;
#6251 = CARTESIAN_POINT ( 'NONE',  ( -24.18480339025594361, 9.399999999999998579, -5.114085138899324257 ) ) ;
#6252 = EDGE_LOOP ( 'NONE', ( #1312, #2551, #950, #5416 ) ) ;
#6253 = VECTOR ( 'NONE', #1163, 1000.000000000000000 ) ;
#6254 = SURFACE_STYLE_FILL_AREA ( #10191 ) ;
#6255 = DIRECTION ( 'NONE',  ( -0.0000000000000000000, 1.000000000000000000, -0.0000000000000000000 ) ) ;
#6256 = EDGE_CURVE ( 'NONE', #10327, #2955, #10486, .T. ) ;
#6257 = ORIENTED_EDGE ( 'NONE', *, *, #8618, .T. ) ;
#6258 = MECHANICAL_DESIGN_GEOMETRIC_PRESENTATION_REPRESENTATION (  '', ( #9613 ), #10656 ) ;
#6259 =( GEOMETRIC_REPRESENTATION_CONTEXT ( 3 ) GLOBAL_UNCERTAINTY_ASSIGNED_CONTEXT ( ( #1212 ) ) GLOBAL_UNIT_ASSIGNED_CONTEXT ( ( #5120, #838, #10284 ) ) REPRESENTATION_CONTEXT ( 'NONE', 'WORKASPACE' ) );
#6260 = VECTOR ( 'NONE', #8263, 1000.000000000000000 ) ;
#6261 = ORIENTED_EDGE ( 'NONE', *, *, #3498, .T. ) ;
#6262 = DIRECTION ( 'NONE',  ( -0.0000000000000000000, 1.000000000000000000, 3.854941057726238097E-16 ) ) ;
#6263 = FILL_AREA_STYLE_COLOUR ( '', #10602 ) ;
#6264 = CARTESIAN_POINT ( 'NONE',  ( 7.105302921616547529, 15.89999999999999680, 0.6053029216165488613 ) ) ;
#6265 = CARTESIAN_POINT ( 'NONE',  ( 0.7500000000000006661, 19.00000000000000000, -7.999999999999998224 ) ) ;
#6266 = ORIENTED_EDGE ( 'NONE', *, *, #7051, .T. ) ;
#6267 = VERTEX_POINT ( 'NONE', #5121 ) ;
#6268 = AXIS2_PLACEMENT_3D ( 'NONE', #3612, #2024, #2781 ) ;
#6269 = PRESENTATION_LAYER_ASSIGNMENT (  '', '', ( #85 ) ) ;
#6270 = EDGE_CURVE ( 'NONE', #5757, #8759, #176, .T. ) ;
#6271 = PLANE ( 'NONE',  #1168 ) ;
#6272 = VECTOR ( 'NONE', #7154, 1000.000000000000000 ) ;
#6273 = CARTESIAN_POINT ( 'NONE',  ( -18.89469707838345158, 15.89999999999999680, 0.6053029216165488613 ) ) ;
#6274 = LINE ( 'NONE', #3590, #9453 ) ;
#6275 = VERTEX_POINT ( 'NONE', #6849 ) ;
#6276 = DIRECTION ( 'NONE',  ( 0.0000000000000000000, 0.0000000000000000000, -1.000000000000000000 ) ) ;
#6277 =( GEOMETRIC_REPRESENTATION_CONTEXT ( 3 ) GLOBAL_UNCERTAINTY_ASSIGNED_CONTEXT ( ( #1776 ) ) GLOBAL_UNIT_ASSIGNED_CONTEXT ( ( #9716, #7278, #5835 ) ) REPRESENTATION_CONTEXT ( 'NONE', 'WORKASPACE' ) );
#6278 = CARTESIAN_POINT ( 'NONE',  ( -20.50000000000000000, -3.750000000000000000, -0.4999999999999968914 ) ) ;
#6279 =( NAMED_UNIT ( * ) PLANE_ANGLE_UNIT ( ) SI_UNIT ( $, .RADIAN. ) );
#6280 = DIRECTION ( 'NONE',  ( 0.0000000000000000000, 0.0000000000000000000, -1.000000000000000000 ) ) ;
#6281 = EDGE_LOOP ( 'NONE', ( #7645, #5364, #3095, #9264 ) ) ;
#6282 = STYLED_ITEM ( 'NONE', ( #7808 ), #8469 ) ;
#6283 = VECTOR ( 'NONE', #9418, 1000.000000000000000 ) ;
#6284 = DIRECTION ( 'NONE',  ( -0.0000000000000000000, -1.000000000000000000, -0.0000000000000000000 ) ) ;
#6285 = SURFACE_SIDE_STYLE ('',( #6989 ) ) ;
#6286 = MECHANICAL_DESIGN_GEOMETRIC_PRESENTATION_REPRESENTATION (  '', ( #10148 ), #2033 ) ;
#6287 = ORIENTED_EDGE ( 'NONE', *, *, #10339, .F. ) ;
#6288 = FACE_OUTER_BOUND ( 'NONE', #8150, .T. ) ;
#6289 = DIRECTION ( 'NONE',  ( -1.000000000000000000, -1.013220719900694238E-31, 7.709882115452484083E-16 ) ) ;
#6290 = VECTOR ( 'NONE', #5444, 1000.000000000000000 ) ;
#6291 = ADVANCED_FACE ( 'NONE', ( #9721 ), #943, .F. ) ;
#6292 = COLOUR_RGB ( '',0.8980392156862745390, 0.8980392156862745390, 0.8980392156862745390 ) ;
#6293 = DIRECTION ( 'NONE',  ( 1.000000000000000000, 0.0000000000000000000, 0.0000000000000000000 ) ) ;
#6294 = VECTOR ( 'NONE', #6575, 1000.000000000000000 ) ;
#6295 = ORIENTED_EDGE ( 'NONE', *, *, #147, .T. ) ;
#6296 = FACE_OUTER_BOUND ( 'NONE', #9497, .T. ) ;
#6297 = DIRECTION ( 'NONE',  ( 1.000000000000000000, 0.0000000000000000000, 0.0000000000000000000 ) ) ;
#6298 = CARTESIAN_POINT ( 'NONE',  ( 26.74999999999999645, 19.00000000000000000, 7.999999999999998224 ) ) ;
#6299 = LINE ( 'NONE', #4553, #10028 ) ;
#6300 = CARTESIAN_POINT ( 'NONE',  ( -11.18480339025594361, 11.39999999999999858, -5.114085138899324257 ) ) ;
#6301 = ORIENTED_EDGE ( 'NONE', *, *, #2714, .F. ) ;
#6302 = CARTESIAN_POINT ( 'NONE',  ( -1.499999999999997780, 20.99999999999999645, -4.499999999999817035 ) ) ;
#6303 = DIRECTION ( 'NONE',  ( 0.0000000000000000000, 0.0000000000000000000, -1.000000000000000000 ) ) ;
#6304 = CARTESIAN_POINT ( 'NONE',  ( 27.49999999999999645, 20.99999999999999645, -4.499999999999997335 ) ) ;
#6305 =( GEOMETRIC_REPRESENTATION_CONTEXT ( 3 ) GLOBAL_UNCERTAINTY_ASSIGNED_CONTEXT ( ( #2443 ) ) GLOBAL_UNIT_ASSIGNED_CONTEXT ( ( #3214, #10041, #6603 ) ) REPRESENTATION_CONTEXT ( 'NONE', 'WORKASPACE' ) );
#6306 = ORIENTED_EDGE ( 'NONE', *, *, #8197, .T. ) ;
#6307 = CARTESIAN_POINT ( 'NONE',  ( -6.500000000000000888, 11.89999999999999858, 1.993034753127728376 ) ) ;
#6308 = EDGE_CURVE ( 'NONE', #4631, #4117, #8573, .T. ) ;
#6309 =( NAMED_UNIT ( * ) PLANE_ANGLE_UNIT ( ) SI_UNIT ( $, .RADIAN. ) );
#6310 = FILL_AREA_STYLE_COLOUR ( '', #6292 ) ;
#6311 = VECTOR ( 'NONE', #4847, 1000.000000000000000 ) ;
#6312 = SURFACE_STYLE_FILL_AREA ( #2155 ) ;
#6313 = SURFACE_STYLE_USAGE ( .BOTH. , #6947 ) ;
#6314 = ORIENTED_EDGE ( 'NONE', *, *, #8477, .F. ) ;
#6315 = LINE ( 'NONE', #229, #4824 ) ;
#6316 = FACE_OUTER_BOUND ( 'NONE', #9137, .T. ) ;
#6317 = UNCERTAINTY_MEASURE_WITH_UNIT (LENGTH_MEASURE( 1.000000000000000082E-05 ), #5014, 'distance_accuracy_value', 'NONE');
#6318 = AXIS2_PLACEMENT_3D ( 'NONE', #1141, #7936, #5442 ) ;
#6319 = AXIS2_PLACEMENT_3D ( 'NONE', #4976, #8195, #3262 ) ;
#6320 = DIRECTION ( 'NONE',  ( 0.0000000000000000000, -0.0000000000000000000, -1.000000000000000000 ) ) ;
#6321 = MECHANICAL_DESIGN_GEOMETRIC_PRESENTATION_REPRESENTATION (  '', ( #5761 ), #8833 ) ;
#6322 = EDGE_CURVE ( 'NONE', #9914, #6565, #10231, .T. ) ;
#6323 = STYLED_ITEM ( 'NONE', ( #9809 ), #5018 ) ;
#6324 = ORIENTED_EDGE ( 'NONE', *, *, #10223, .F. ) ;
#6325 = MECHANICAL_DESIGN_GEOMETRIC_PRESENTATION_REPRESENTATION (  '', ( #4885 ), #10192 ) ;
#6326 = ORIENTED_EDGE ( 'NONE', *, *, #2452, .F. ) ;
#6327 = CARTESIAN_POINT ( 'NONE',  ( -27.50000000000000000, 0.0000000000000000000, -9.000000000000000000 ) ) ;
#6328 = CARTESIAN_POINT ( 'NONE',  ( 5.499999999999998224, -3.750000000000000000, 0.5000000000000031086 ) ) ;
#6329 = DIRECTION ( 'NONE',  ( 0.0000000000000000000, 0.0000000000000000000, -1.000000000000000000 ) ) ;
#6330 = ADVANCED_FACE ( 'NONE', ( #2957 ), #8631, .T. ) ;
#6331 = STYLED_ITEM ( 'NONE', ( #1754 ), #5096 ) ;
#6332 = ORIENTED_EDGE ( 'NONE', *, *, #8674, .F. ) ;
#6333 = EDGE_CURVE ( 'NONE', #1889, #8602, #9160, .T. ) ;
#6334 = VECTOR ( 'NONE', #7458, 1000.000000000000000 ) ;
#6335 = EDGE_CURVE ( 'NONE', #4868, #3552, #9983, .T. ) ;
#6336 = SURFACE_SIDE_STYLE ('',( #3816 ) ) ;
#6337 = SURFACE_STYLE_USAGE ( .BOTH. , #5357 ) ;
#6338 = EDGE_LOOP ( 'NONE', ( #9666, #9386, #9788, #5659, #5931, #8587, #3879, #1876, #10788, #4307, #8952, #6261 ) ) ;
#6339 =( LENGTH_UNIT ( ) NAMED_UNIT ( * ) SI_UNIT ( .MILLI., .METRE. ) );
#6340 = MECHANICAL_DESIGN_GEOMETRIC_PRESENTATION_REPRESENTATION (  '', ( #4527 ), #6158 ) ;
#6341 = FILL_AREA_STYLE ('',( #5535 ) ) ;
#6342 =( NAMED_UNIT ( * ) SI_UNIT ( $, .STERADIAN. ) SOLID_ANGLE_UNIT ( ) );
#6343 = CARTESIAN_POINT ( 'NONE',  ( 14.50000000000000000, -18.24828759089465535, -8.999999999999907629 ) ) ;
#6344 = ORIENTED_EDGE ( 'NONE', *, *, #10046, .T. ) ;
#6345 = VECTOR ( 'NONE', #3028, 1000.000000000000000 ) ;
#6346 = EDGE_CURVE ( 'NONE', #4967, #8769, #3999, .T. ) ;
#6347 = CARTESIAN_POINT ( 'NONE',  ( 18.50000000000000000, 0.0000000000000000000, 0.5000000000000031086 ) ) ;
#6348 = DIRECTION ( 'NONE',  ( 1.000000000000000000, 0.0000000000000000000, -5.987745521456020037E-16 ) ) ;
#6349 = ORIENTED_EDGE ( 'NONE', *, *, #10293, .T. ) ;
#6350 = DIRECTION ( 'NONE',  ( 0.0000000000000000000, -0.0000000000000000000, 1.000000000000000000 ) ) ;
#6351 = SURFACE_STYLE_FILL_AREA ( #2948 ) ;
#6352 = VECTOR ( 'NONE', #3299, 1000.000000000000000 ) ;
#6353 = LINE ( 'NONE', #8828, #8559 ) ;
#6354 = ORIENTED_EDGE ( 'NONE', *, *, #7130, .T. ) ;
#6355 = PRESENTATION_STYLE_ASSIGNMENT (( #646 ) ) ;
#6356 = ORIENTED_EDGE ( 'NONE', *, *, #1567, .T. ) ;
#6357 = LINE ( 'NONE', #9720, #9814 ) ;
#6358 = LINE ( 'NONE', #55, #7773 ) ;
#6359 = CARTESIAN_POINT ( 'NONE',  ( -6.500000000000000888, -2.750000000000000000, -0.4999999999999968914 ) ) ;
#6360 = MECHANICAL_DESIGN_GEOMETRIC_PRESENTATION_REPRESENTATION (  '', ( #6515 ), #9884 ) ;
#6361 = VERTEX_POINT ( 'NONE', #2301 ) ;
#6362 = FILL_AREA_STYLE ('',( #436 ) ) ;
#6363 = SURFACE_STYLE_FILL_AREA ( #8846 ) ;
#6364 = DIRECTION ( 'NONE',  ( -0.0000000000000000000, 0.7071067811865480168, 0.7071067811865471286 ) ) ;
#6365 = DIRECTION ( 'NONE',  ( -1.000000000000000000, 0.0000000000000000000, 1.330610115879115536E-16 ) ) ;
#6366 = DIRECTION ( 'NONE',  ( 1.000000000000000000, 0.0000000000000000000, 0.0000000000000000000 ) ) ;
#6367 = ORIENTED_EDGE ( 'NONE', *, *, #6077, .T. ) ;
#6368 = STYLED_ITEM ( 'NONE', ( #4088 ), #5840 ) ;
#6369 = EDGE_CURVE ( 'NONE', #9311, #7419, #5616, .T. ) ;
#6370 = COLOUR_RGB ( '',0.8980392156862745390, 0.8980392156862745390, 0.8980392156862745390 ) ;
#6371 =( GEOMETRIC_REPRESENTATION_CONTEXT ( 3 ) GLOBAL_UNCERTAINTY_ASSIGNED_CONTEXT ( ( #10290 ) ) GLOBAL_UNIT_ASSIGNED_CONTEXT ( ( #9161, #7391, #10043 ) ) REPRESENTATION_CONTEXT ( 'NONE', 'WORKASPACE' ) );
#6372 = VECTOR ( 'NONE', #994, 1000.000000000000000 ) ;
#6373 = MECHANICAL_DESIGN_GEOMETRIC_PRESENTATION_REPRESENTATION (  '', ( #7246 ), #6004 ) ;
#6374 = VECTOR ( 'NONE', #5263, 1000.000000000000000 ) ;
#6375 = VERTEX_POINT ( 'NONE', #1520 ) ;
#6376 = DIRECTION ( 'NONE',  ( 0.0000000000000000000, -1.000000000000000000, 5.782411586589351091E-14 ) ) ;
#6377 = EDGE_LOOP ( 'NONE', ( #8923, #9768, #6891, #4294 ) ) ;
#6378 = CARTESIAN_POINT ( 'NONE',  ( 1.500000000000004885, 5.200000000000001066, -6.599999999999994316 ) ) ;
#6379 = DIRECTION ( 'NONE',  ( 0.0000000000000000000, 0.0000000000000000000, 1.000000000000000000 ) ) ;
#6380 = FACE_OUTER_BOUND ( 'NONE', #3804, .T. ) ;
#6381 = EDGE_CURVE ( 'NONE', #2955, #9857, #6410, .T. ) ;
#6382 = VECTOR ( 'NONE', #9456, 1000.000000000000000 ) ;
#6383 = AXIS2_PLACEMENT_3D ( 'NONE', #5972, #9348, #8634 ) ;
#6384 = EDGE_LOOP ( 'NONE', ( #1065, #8692, #10705, #6390 ) ) ;
#6385 =( NAMED_UNIT ( * ) PLANE_ANGLE_UNIT ( ) SI_UNIT ( $, .RADIAN. ) );
#6386 = CARTESIAN_POINT ( 'NONE',  ( 24.99999999999999645, 20.99999999999999645, 4.500000000000002665 ) ) ;
#6387 = VECTOR ( 'NONE', #5662, 1000.000000000000000 ) ;
#6388 = EDGE_CURVE ( 'NONE', #3022, #4204, #5479, .T. ) ;
#6389 = CARTESIAN_POINT ( 'NONE',  ( -27.50000000000000000, 19.99999999999999289, 9.000000000000000000 ) ) ;
#6390 = ORIENTED_EDGE ( 'NONE', *, *, #3196, .T. ) ;
#6391 = EDGE_LOOP ( 'NONE', ( #7676, #154, #2660, #4795 ) ) ;
#6392 = DIRECTION ( 'NONE',  ( 1.000000000000000000, 0.0000000000000000000, 0.0000000000000000000 ) ) ;
#6393 = DIRECTION ( 'NONE',  ( -0.0000000000000000000, 0.0000000000000000000, 1.000000000000000000 ) ) ;
#6394 = VERTEX_POINT ( 'NONE', #4664 ) ;
#6395 = EDGE_CURVE ( 'NONE', #2365, #3366, #4587, .T. ) ;
#6396 = ADVANCED_FACE ( 'NONE', ( #2190 ), #4887, .F. ) ;
#6397 = DIRECTION ( 'NONE',  ( -1.000000000000000000, 0.0000000000000000000, 0.0000000000000000000 ) ) ;
#6398 = ORIENTED_EDGE ( 'NONE', *, *, #1054, .F. ) ;
#6399 = LINE ( 'NONE', #8038, #1530 ) ;
#6400 = CARTESIAN_POINT ( 'NONE',  ( -19.50000000000000000, 12.89999999999999858, 4.411345746565308090 ) ) ;
#6401 = CARTESIAN_POINT ( 'NONE',  ( 6.499999999999999112, 11.39999999999999858, 8.673617379884035472E-16 ) ) ;
#6402 = EDGE_CURVE ( 'NONE', #2503, #1010, #3111, .T. ) ;
#6403 = DIRECTION ( 'NONE',  ( 0.0000000000000000000, 0.0000000000000000000, 1.000000000000000000 ) ) ;
#6404 = EDGE_LOOP ( 'NONE', ( #3373, #8340, #199, #10675 ) ) ;
#6405 =( NAMED_UNIT ( * ) PLANE_ANGLE_UNIT ( ) SI_UNIT ( $, .RADIAN. ) );
#6406 =( NAMED_UNIT ( * ) SI_UNIT ( $, .STERADIAN. ) SOLID_ANGLE_UNIT ( ) );
#6407 = ORIENTED_EDGE ( 'NONE', *, *, #6248, .T. ) ;
#6408 = AXIS2_PLACEMENT_3D ( 'NONE', #6054, #9424, #6928 ) ;
#6409 = DIRECTION ( 'NONE',  ( 1.000000000000000000, 0.0000000000000000000, 0.0000000000000000000 ) ) ;
#6410 = LINE ( 'NONE', #5782, #8667 ) ;
#6411 = LINE ( 'NONE', #3840, #1929 ) ;
#6412 = ORIENTED_EDGE ( 'NONE', *, *, #8751, .F. ) ;
#6413 = DIRECTION ( 'NONE',  ( 0.0000000000000000000, 0.0000000000000000000, 1.000000000000000000 ) ) ;
#6414 = DIRECTION ( 'NONE',  ( 1.000000000000000000, -1.013220719900694238E-31, 7.709882115452484083E-16 ) ) ;
#6415 = EDGE_CURVE ( 'NONE', #3615, #1098, #1361, .T. ) ;
#6416 = FILL_AREA_STYLE_COLOUR ( '', #9551 ) ;
#6417 = DIRECTION ( 'NONE',  ( 0.0000000000000000000, -0.0000000000000000000, -1.000000000000000000 ) ) ;
#6418 = SURFACE_STYLE_FILL_AREA ( #9059 ) ;
#6419 = FACE_BOUND ( 'NONE', #3643, .T. ) ;
#6420 = ORIENTED_EDGE ( 'NONE', *, *, #3148, .T. ) ;
#6421 = CARTESIAN_POINT ( 'NONE',  ( 1.500000000000004885, 9.400000000000000355, -4.499999999999817035 ) ) ;
#6422 = UNCERTAINTY_MEASURE_WITH_UNIT (LENGTH_MEASURE( 1.000000000000000082E-05 ), #9929, 'distance_accuracy_value', 'NONE');
#6423 =( NAMED_UNIT ( * ) SI_UNIT ( $, .STERADIAN. ) SOLID_ANGLE_UNIT ( ) );
#6424 = DIRECTION ( 'NONE',  ( 0.0000000000000000000, 4.130293990420970869E-16, -1.000000000000000000 ) ) ;
#6425 = VECTOR ( 'NONE', #6204, 1000.000000000000000 ) ;
#6426 = EDGE_CURVE ( 'NONE', #9143, #4149, #8267, .T. ) ;
#6427 = DIRECTION ( 'NONE',  ( 0.0000000000000000000, 0.0000000000000000000, -1.000000000000000000 ) ) ;
#6428 = ORIENTED_EDGE ( 'NONE', *, *, #3005, .F. ) ;
#6429 = ORIENTED_EDGE ( 'NONE', *, *, #7995, .T. ) ;
#6430 = CARTESIAN_POINT ( 'NONE',  ( 19.50000000000000000, 12.89999999999999858, 8.673617379884035472E-16 ) ) ;
#6431 = CARTESIAN_POINT ( 'NONE',  ( -11.18480339025594361, 11.39999999999999858, 5.114085138899327809 ) ) ;
#6432 = PRESENTATION_STYLE_ASSIGNMENT (( #567 ) ) ;
#6433 = ORIENTED_EDGE ( 'NONE', *, *, #2422, .F. ) ;
#6434 = PLANE ( 'NONE',  #464 ) ;
#6435 =( GEOMETRIC_REPRESENTATION_CONTEXT ( 3 ) GLOBAL_UNCERTAINTY_ASSIGNED_CONTEXT ( ( #893 ) ) GLOBAL_UNIT_ASSIGNED_CONTEXT ( ( #10037, #4933, #3270 ) ) REPRESENTATION_CONTEXT ( 'NONE', 'WORKASPACE' ) );
#6436 = ORIENTED_EDGE ( 'NONE', *, *, #7995, .F. ) ;
#6437 = DIRECTION ( 'NONE',  ( 0.0000000000000000000, 0.0000000000000000000, 1.000000000000000000 ) ) ;
#6438 = PRESENTATION_STYLE_ASSIGNMENT (( #7212 ) ) ;
#6439 = FACE_OUTER_BOUND ( 'NONE', #4647, .T. ) ;
#6440 = UNCERTAINTY_MEASURE_WITH_UNIT (LENGTH_MEASURE( 1.000000000000000082E-05 ), #10648, 'distance_accuracy_value', 'NONE');
#6441 = DIRECTION ( 'NONE',  ( 0.0000000000000000000, 0.0000000000000000000, 1.000000000000000000 ) ) ;
#6442 = STYLED_ITEM ( 'NONE', ( #9015 ), #8192 ) ;
#6443 = VECTOR ( 'NONE', #5437, 1000.000000000000000 ) ;
#6444 = ORIENTED_EDGE ( 'NONE', *, *, #4148, .T. ) ;
#6445 = VECTOR ( 'NONE', #5258, 1000.000000000000000 ) ;
#6446 = PLANE ( 'NONE',  #5041 ) ;
#6447 = DIRECTION ( 'NONE',  ( 1.000000000000000000, -0.0000000000000000000, -0.0000000000000000000 ) ) ;
#6448 = EDGE_CURVE ( 'NONE', #10527, #2187, #3900, .T. ) ;
#6449 = VECTOR ( 'NONE', #6234, 1000.000000000000000 ) ;
#6450 = ORIENTED_EDGE ( 'NONE', *, *, #9473, .T. ) ;
#6451 = VECTOR ( 'NONE', #9527, 1000.000000000000000 ) ;
#6452 = VECTOR ( 'NONE', #8865, 1000.000000000000000 ) ;
#6453 = DIRECTION ( 'NONE',  ( 1.000000000000000000, 0.0000000000000000000, -5.987745521456020037E-16 ) ) ;
#6454 = CARTESIAN_POINT ( 'NONE',  ( -6.500000000000000888, 11.89999999999999858, 8.673617379884035472E-16 ) ) ;
#6455 = CARTESIAN_POINT ( 'NONE',  ( -24.18480339025594361, 9.399999999999998579, 5.114085138899327809 ) ) ;
#6456 = CARTESIAN_POINT ( 'NONE',  ( -19.50000000000000000, 11.39999999999999858, -1.993034753127726821 ) ) ;
#6457 = EDGE_CURVE ( 'NONE', #8121, #9343, #3275, .T. ) ;
#6458 = EDGE_LOOP ( 'NONE', ( #1591, #4196, #2932, #8314, #901, #630, #1136, #8190 ) ) ;
#6459 = PRESENTATION_LAYER_ASSIGNMENT (  '', '', ( #4135 ) ) ;
#6460 = COLOUR_RGB ( '',0.8980392156862745390, 0.8980392156862745390, 0.8980392156862745390 ) ;
#6461 = CARTESIAN_POINT ( 'NONE',  ( 8.734934561338732806, 15.89999999999999680, -0.6053029216165494164 ) ) ;
#6462 = EDGE_CURVE ( 'NONE', #404, #1485, #10042, .T. ) ;
#6463 = DIRECTION ( 'NONE',  ( 1.000000000000000000, 0.0000000000000000000, 0.0000000000000000000 ) ) ;
#6464 = CARTESIAN_POINT ( 'NONE',  ( -19.50000000000000000, 11.89999999999999858, -1.993034753127726821 ) ) ;
#6465 = CARTESIAN_POINT ( 'NONE',  ( -6.500000000000000888, 12.89999999999999858, -3.411345746565306758 ) ) ;
#6466 = ORIENTED_EDGE ( 'NONE', *, *, #5008, .T. ) ;
#6467 =( GEOMETRIC_REPRESENTATION_CONTEXT ( 3 ) GLOBAL_UNCERTAINTY_ASSIGNED_CONTEXT ( ( #995 ) ) GLOBAL_UNIT_ASSIGNED_CONTEXT ( ( #10906, #2560, #10045 ) ) REPRESENTATION_CONTEXT ( 'NONE', 'WORKASPACE' ) );
#6468 = PLANE ( 'NONE',  #4649 ) ;
#6469 = DIRECTION ( 'NONE',  ( -1.000000000000000000, 0.0000000000000000000, 0.0000000000000000000 ) ) ;
#6470 = EDGE_CURVE ( 'NONE', #6629, #7974, #817, .T. ) ;
#6471 = CARTESIAN_POINT ( 'NONE',  ( -27.50000000000000000, 19.00000000000000000, 9.000000000000000000 ) ) ;
#6472 = FACE_OUTER_BOUND ( 'NONE', #9589, .T. ) ;
#6473 = CARTESIAN_POINT ( 'NONE',  ( 6.499999999999999112, 11.39999999999999858, 1.993034753127728376 ) ) ;
#6474 = ORIENTED_EDGE ( 'NONE', *, *, #1372, .T. ) ;
#6475 = LINE ( 'NONE', #9852, #5342 ) ;
#6476 = ORIENTED_EDGE ( 'NONE', *, *, #10046, .F. ) ;
#6477 = FILL_AREA_STYLE ('',( #1434 ) ) ;
#6478 = MECHANICAL_DESIGN_GEOMETRIC_PRESENTATION_REPRESENTATION (  '', ( #1005 ), #7362 ) ;
#6479 = CARTESIAN_POINT ( 'NONE',  ( 7.105302921616547529, 13.89999999999999680, 0.6053029216165488613 ) ) ;
#6480 = ORIENTED_EDGE ( 'NONE', *, *, #6369, .T. ) ;
#6481 =( NAMED_UNIT ( * ) PLANE_ANGLE_UNIT ( ) SI_UNIT ( $, .RADIAN. ) );
#6482 = DIRECTION ( 'NONE',  ( -1.000000000000000000, 0.0000000000000000000, 1.330610115879115536E-16 ) ) ;
#6483 = EDGE_LOOP ( 'NONE', ( #9887, #7914, #742, #1385 ) ) ;
#6484 = ORIENTED_EDGE ( 'NONE', *, *, #3115, .T. ) ;
#6485 = STYLED_ITEM ( 'NONE', ( #4344 ), #5068 ) ;
#6486 = CARTESIAN_POINT ( 'NONE',  ( 4.265065438661265418, 13.89999999999999680, 0.6053029216165499715 ) ) ;
#6487 = SURFACE_STYLE_FILL_AREA ( #10674 ) ;
#6488 = ORIENTED_EDGE ( 'NONE', *, *, #4800, .T. ) ;
#6489 = CARTESIAN_POINT ( 'NONE',  ( 17.26506543866126719, 15.89999999999999680, 0.6053029216165499715 ) ) ;
#6490 = EDGE_CURVE ( 'NONE', #885, #8980, #8127, .T. ) ;
#6491 = VERTEX_POINT ( 'NONE', #10902 ) ;
#6492 = AXIS2_PLACEMENT_3D ( 'NONE', #10226, #4284, #6680 ) ;
#6493 = CARTESIAN_POINT ( 'NONE',  ( -19.50000000000000000, 12.89999999999999858, 8.673617379884035472E-16 ) ) ;
#6494 = FILL_AREA_STYLE_COLOUR ( '', #9802 ) ;
#6495 = EDGE_LOOP ( 'NONE', ( #6420, #809, #895, #1171, #8502, #6936, #4449, #4544 ) ) ;
#6496 = CARTESIAN_POINT ( 'NONE',  ( 20.10530292161654842, 15.89999999999999680, -0.6053029216165491944 ) ) ;
#6497 = STYLED_ITEM ( 'NONE', ( #6432 ), #4195 ) ;
#6498 = DIRECTION ( 'NONE',  ( -0.0000000000000000000, -0.0000000000000000000, -1.000000000000000000 ) ) ;
#6499 = STYLED_ITEM ( 'NONE', ( #7724 ), #5320 ) ;
#6500 = DIRECTION ( 'NONE',  ( 1.734723475976793487E-15, 1.314184451497582245E-16, -1.000000000000000000 ) ) ;
#6501 = DIRECTION ( 'NONE',  ( -0.0000000000000000000, -0.0000000000000000000, -1.000000000000000000 ) ) ;
#6502 = LINE ( 'NONE', #3216, #881 ) ;
#6503 = EDGE_CURVE ( 'NONE', #4871, #2878, #3436, .T. ) ;
#6504 = VERTEX_POINT ( 'NONE', #5039 ) ;
#6505 = AXIS2_PLACEMENT_3D ( 'NONE', #7400, #6463, #1422 ) ;
#6506 = DIRECTION ( 'NONE',  ( -1.000000000000000000, 0.0000000000000000000, 0.0000000000000000000 ) ) ;
#6507 = SURFACE_STYLE_USAGE ( .BOTH. , #712 ) ;
#6508 = ORIENTED_EDGE ( 'NONE', *, *, #8859, .T. ) ;
#6509 = FACE_OUTER_BOUND ( 'NONE', #5948, .T. ) ;
#6510 = SURFACE_STYLE_USAGE ( .BOTH. , #9939 ) ;
#6511 = STYLED_ITEM ( 'NONE', ( #3919 ), #10009 ) ;
#6512 = EDGE_CURVE ( 'NONE', #4169, #5796, #6665, .T. ) ;
#6513 = PLANE ( 'NONE',  #9500 ) ;
#6514 = VERTEX_POINT ( 'NONE', #5098 ) ;
#6515 = STYLED_ITEM ( 'NONE', ( #8608 ), #4619 ) ;
#6516 = SURFACE_SIDE_STYLE ('',( #7240 ) ) ;
#6517 = CARTESIAN_POINT ( 'NONE',  ( -13.75000000000000000, -0.0000000000000000000, -7.999999999999998224 ) ) ;
#6518 = EDGE_CURVE ( 'NONE', #8463, #5733, #7714, .T. ) ;
#6519 = EDGE_CURVE ( 'NONE', #5753, #4169, #760, .T. ) ;
#6520 = UNCERTAINTY_MEASURE_WITH_UNIT (LENGTH_MEASURE( 1.000000000000000082E-05 ), #824, 'distance_accuracy_value', 'NONE');
#6521 = PLANE ( 'NONE',  #4591 ) ;
#6522 = VECTOR ( 'NONE', #8428, 1000.000000000000000 ) ;
#6523 =( LENGTH_UNIT ( ) NAMED_UNIT ( * ) SI_UNIT ( .MILLI., .METRE. ) );
#6524 = EDGE_CURVE ( 'NONE', #6491, #9041, #7962, .T. ) ;
#6525 = ORIENTED_EDGE ( 'NONE', *, *, #9667, .F. ) ;
#6526 = CARTESIAN_POINT ( 'NONE',  ( 25.24999999999999645, 19.00000000000000000, 7.999999999999998224 ) ) ;
#6527 = ORIENTED_EDGE ( 'NONE', *, *, #9558, .T. ) ;
#6528 = FACE_OUTER_BOUND ( 'NONE', #10111, .T. ) ;
#6529 = VECTOR ( 'NONE', #10095, 1000.000000000000000 ) ;
#6530 = SURFACE_STYLE_FILL_AREA ( #8018 ) ;
#6531 = PRESENTATION_LAYER_ASSIGNMENT (  '', '', ( #8473 ) ) ;
#6532 = ORIENTED_EDGE ( 'NONE', *, *, #2829, .F. ) ;
#6533 = DIRECTION ( 'NONE',  ( -0.0000000000000000000, 1.000000000000000000, -0.0000000000000000000 ) ) ;
#6534 = VECTOR ( 'NONE', #8712, 1000.000000000000000 ) ;
#6535 = CARTESIAN_POINT ( 'NONE',  ( 12.25000000000000000, 19.00000000000000000, -7.999999999999998224 ) ) ;
#6536 = ORIENTED_EDGE ( 'NONE', *, *, #892, .T. ) ;
#6537 = EDGE_LOOP ( 'NONE', ( #2849, #10879, #6183, #10887 ) ) ;
#6538 = AXIS2_PLACEMENT_3D ( 'NONE', #1487, #8403, #10063 ) ;
#6539 = LINE ( 'NONE', #7478, #10141 ) ;
#6540 = DIRECTION ( 'NONE',  ( 1.000000000000000000, 0.0000000000000000000, 0.0000000000000000000 ) ) ;
#6541 = DIRECTION ( 'NONE',  ( -0.0000000000000000000, 1.000000000000000000, -0.0000000000000000000 ) ) ;
#6542 = EDGE_LOOP ( 'NONE', ( #4666, #6765, #3391, #9118 ) ) ;
#6543 = PRESENTATION_LAYER_ASSIGNMENT (  '', '', ( #8852 ) ) ;
#6544 = UNCERTAINTY_MEASURE_WITH_UNIT (LENGTH_MEASURE( 1.000000000000000082E-05 ), #6976, 'distance_accuracy_value', 'NONE');
#6545 = AXIS2_PLACEMENT_3D ( 'NONE', #3509, #9282, #8675 ) ;
#6546 = ORIENTED_EDGE ( 'NONE', *, *, #8963, .F. ) ;
#6547 = ORIENTED_EDGE ( 'NONE', *, *, #4263, .F. ) ;
#6548 = DIRECTION ( 'NONE',  ( 0.0000000000000000000, 0.0000000000000000000, 1.000000000000000000 ) ) ;
#6549 = MECHANICAL_DESIGN_GEOMETRIC_PRESENTATION_REPRESENTATION (  '', ( #6721 ), #10768 ) ;
#6550 = CARTESIAN_POINT ( 'NONE',  ( -0.9999999999999974465, 9.399999999999998579, 4.500000000000182965 ) ) ;
#6551 = SURFACE_STYLE_FILL_AREA ( #5544 ) ;
#6552 = EDGE_CURVE ( 'NONE', #3346, #2397, #2609, .T. ) ;
#6553 = ORIENTED_EDGE ( 'NONE', *, *, #4720, .T. ) ;
#6554 = DIRECTION ( 'NONE',  ( 0.0000000000000000000, 1.000000000000000000, 0.0000000000000000000 ) ) ;
#6555 = SURFACE_STYLE_USAGE ( .BOTH. , #9000 ) ;
#6556 =( LENGTH_UNIT ( ) NAMED_UNIT ( * ) SI_UNIT ( .MILLI., .METRE. ) );
#6557 = COLOUR_RGB ( '',0.8980392156862745390, 0.8980392156862745390, 0.8980392156862745390 ) ;
#6558 = CARTESIAN_POINT ( 'NONE',  ( -27.50000000000000000, 20.00000000000000000, -7.999999999999976019 ) ) ;
#6559 = DIRECTION ( 'NONE',  ( 0.0000000000000000000, 0.0000000000000000000, 1.000000000000000000 ) ) ;
#6560 = VERTEX_POINT ( 'NONE', #871 ) ;
#6561 = EDGE_CURVE ( 'NONE', #885, #4990, #4104, .T. ) ;
#6562 = ORIENTED_EDGE ( 'NONE', *, *, #3333, .F. ) ;
#6563 = LINE ( 'NONE', #1588, #8782 ) ;
#6564 = PLANE ( 'NONE',  #1196 ) ;
#6565 = VERTEX_POINT ( 'NONE', #6877 ) ;
#6566 = LINE ( 'NONE', #9943, #9436 ) ;
#6567 = EDGE_LOOP ( 'NONE', ( #3029, #10496, #653, #7204 ) ) ;
#6568 = VECTOR ( 'NONE', #4372, 1000.000000000000000 ) ;
#6569 = DIRECTION ( 'NONE',  ( 1.000000000000000000, 0.0000000000000000000, 0.0000000000000000000 ) ) ;
#6570 = EDGE_CURVE ( 'NONE', #9470, #9862, #7610, .T. ) ;
#6571 = EDGE_CURVE ( 'NONE', #5134, #8497, #6763, .T. ) ;
#6572 = ORIENTED_EDGE ( 'NONE', *, *, #10040, .F. ) ;
#6573 = LINE ( 'NONE', #9792, #7660 ) ;
#6574 = ORIENTED_EDGE ( 'NONE', *, *, #6077, .F. ) ;
#6575 = DIRECTION ( 'NONE',  ( -0.0000000000000000000, 1.000000000000000000, -0.0000000000000000000 ) ) ;
#6576 = CARTESIAN_POINT ( 'NONE',  ( -8.734934561338734582, 13.89999999999999680, 0.6053029216165499715 ) ) ;
#6577 = ADVANCED_FACE ( 'NONE', ( #10139 ), #7658, .T. ) ;
#6578 = ORIENTED_EDGE ( 'NONE', *, *, #1027, .F. ) ;
#6579 = CARTESIAN_POINT ( 'NONE',  ( -5.894697078383451583, 15.89999999999999680, -0.6053029216165491944 ) ) ;
#6580 = ADVANCED_FACE ( 'NONE', ( #4985 ), #5999, .T. ) ;
#6581 = SURFACE_SIDE_STYLE ('',( #5700 ) ) ;
#6582 = ORIENTED_EDGE ( 'NONE', *, *, #1184, .T. ) ;
#6583 = ORIENTED_EDGE ( 'NONE', *, *, #960, .F. ) ;
#6584 = LINE ( 'NONE', #7534, #95 ) ;
#6585 = DIRECTION ( 'NONE',  ( -1.000000000000000000, 0.0000000000000000000, 0.0000000000000000000 ) ) ;
#6586 = LINE ( 'NONE', #1401, #3911 ) ;
#6587 = ORIENTED_EDGE ( 'NONE', *, *, #6030, .F. ) ;
#6588 = FILL_AREA_STYLE ('',( #799 ) ) ;
#6589 = ORIENTED_EDGE ( 'NONE', *, *, #10434, .F. ) ;
#6590 = EDGE_CURVE ( 'NONE', #3955, #4034, #150, .T. ) ;
#6591 = EDGE_LOOP ( 'NONE', ( #9296, #1177, #3914, #2030 ) ) ;
#6592 = DIRECTION ( 'NONE',  ( 0.0000000000000000000, 0.0000000000000000000, -1.000000000000000000 ) ) ;
#6593 = CARTESIAN_POINT ( 'NONE',  ( 12.25000000000000000, 19.00000000000000000, -7.999999999999998224 ) ) ;
#6594 = STYLED_ITEM ( 'NONE', ( #8012 ), #239 ) ;
#6595 = LINE ( 'NONE', #583, #261 ) ;
#6596 =( NAMED_UNIT ( * ) SI_UNIT ( $, .STERADIAN. ) SOLID_ANGLE_UNIT ( ) );
#6597 = VERTEX_POINT ( 'NONE', #4428 ) ;
#6598 = FACE_OUTER_BOUND ( 'NONE', #7988, .T. ) ;
#6599 = CARTESIAN_POINT ( 'NONE',  ( 12.00000000000000000, 9.400000000000000355, -6.599999999999993427 ) ) ;
#6600 = FILL_AREA_STYLE_COLOUR ( '', #7510 ) ;
#6601 = DIRECTION ( 'NONE',  ( 0.0000000000000000000, 0.0000000000000000000, -1.000000000000000000 ) ) ;
#6602 = DIRECTION ( 'NONE',  ( 1.000000000000000000, 0.0000000000000000000, -0.0000000000000000000 ) ) ;
#6603 =( NAMED_UNIT ( * ) SI_UNIT ( $, .STERADIAN. ) SOLID_ANGLE_UNIT ( ) );
#6604 = CARTESIAN_POINT ( 'NONE',  ( -7.105302921616549305, 15.89999999999999680, 0.6053029216165489723 ) ) ;
#6605 =( GEOMETRIC_REPRESENTATION_CONTEXT ( 3 ) GLOBAL_UNCERTAINTY_ASSIGNED_CONTEXT ( ( #2429 ) ) GLOBAL_UNIT_ASSIGNED_CONTEXT ( ( #5456, #9506, #1209 ) ) REPRESENTATION_CONTEXT ( 'NONE', 'WORKASPACE' ) );
#6606 = ORIENTED_EDGE ( 'NONE', *, *, #9685, .T. ) ;
#6607 = ADVANCED_FACE ( 'NONE', ( #5367 ), #1841, .F. ) ;
#6608 = VECTOR ( 'NONE', #4711, 1000.000000000000000 ) ;
#6609 = CARTESIAN_POINT ( 'NONE',  ( 48.33386665984021136, 22.09999999999982734, -7.999999999999976019 ) ) ;
#6610 = ORIENTED_EDGE ( 'NONE', *, *, #10571, .T. ) ;
#6611 = DIRECTION ( 'NONE',  ( 0.0000000000000000000, 0.0000000000000000000, -1.000000000000000000 ) ) ;
#6612 = DIRECTION ( 'NONE',  ( 0.0000000000000000000, 0.0000000000000000000, 1.000000000000000000 ) ) ;
#6613 = VERTEX_POINT ( 'NONE', #2070 ) ;
#6614 = VECTOR ( 'NONE', #3161, 1000.000000000000000 ) ;
#6615 =( GEOMETRIC_REPRESENTATION_CONTEXT ( 3 ) GLOBAL_UNCERTAINTY_ASSIGNED_CONTEXT ( ( #1560 ) ) GLOBAL_UNIT_ASSIGNED_CONTEXT ( ( #10599, #3165, #2145 ) ) REPRESENTATION_CONTEXT ( 'NONE', 'WORKASPACE' ) );
#6616 = VECTOR ( 'NONE', #2761, 1000.000000000000000 ) ;
#6617 = UNCERTAINTY_MEASURE_WITH_UNIT (LENGTH_MEASURE( 1.000000000000000082E-05 ), #2603, 'distance_accuracy_value', 'NONE');
#6618 = VECTOR ( 'NONE', #4866, 1000.000000000000000 ) ;
#6619 = ORIENTED_EDGE ( 'NONE', *, *, #5415, .F. ) ;
#6620 = EDGE_CURVE ( 'NONE', #3132, #4898, #1025, .T. ) ;
#6621 = CARTESIAN_POINT ( 'NONE',  ( 39.00000000000000000, 11.39999999999999858, 2.628368902995164983E-16 ) ) ;
#6622 =( NAMED_UNIT ( * ) SI_UNIT ( $, .STERADIAN. ) SOLID_ANGLE_UNIT ( ) );
#6623 = DIRECTION ( 'NONE',  ( 0.0000000000000000000, 0.0000000000000000000, 1.000000000000000000 ) ) ;
#6624 = MECHANICAL_DESIGN_GEOMETRIC_PRESENTATION_REPRESENTATION (  '', ( #8213 ), #3258 ) ;
#6625 = AXIS2_PLACEMENT_3D ( 'NONE', #3968, #10169, #8511 ) ;
#6626 = ORIENTED_EDGE ( 'NONE', *, *, #5562, .F. ) ;
#6627 =( NAMED_UNIT ( * ) PLANE_ANGLE_UNIT ( ) SI_UNIT ( $, .RADIAN. ) );
#6628 = SURFACE_STYLE_FILL_AREA ( #3240 ) ;
#6629 = VERTEX_POINT ( 'NONE', #3547 ) ;
#6630 = SURFACE_SIDE_STYLE ('',( #3025 ) ) ;
#6631 =( NAMED_UNIT ( * ) SI_UNIT ( $, .STERADIAN. ) SOLID_ANGLE_UNIT ( ) );
#6632 = CARTESIAN_POINT ( 'NONE',  ( -11.50000000000000000, 5.200000000000001066, -6.599999999999994316 ) ) ;
#6633 = CARTESIAN_POINT ( 'NONE',  ( 11.50000000000000178, -18.24828759089465535, 4.500000000000087930 ) ) ;
#6634 = EDGE_CURVE ( 'NONE', #5046, #2381, #1074, .T. ) ;
#6635 = STYLED_ITEM ( 'NONE', ( #5284 ), #10724 ) ;
#6636 = STYLED_ITEM ( 'NONE', ( #5843 ), #2525 ) ;
#6637 = ORIENTED_EDGE ( 'NONE', *, *, #6426, .F. ) ;
#6638 = SURFACE_STYLE_FILL_AREA ( #7473 ) ;
#6639 = CARTESIAN_POINT ( 'NONE',  ( -7.105302921616549305, 15.89999999999999680, -2.234934561338733250 ) ) ;
#6640 = ORIENTED_EDGE ( 'NONE', *, *, #6168, .T. ) ;
#6641 = VECTOR ( 'NONE', #1097, 1000.000000000000000 ) ;
#6642 = AXIS2_PLACEMENT_3D ( 'NONE', #9315, #1725, #9973 ) ;
#6643 = EDGE_CURVE ( 'NONE', #8670, #2689, #3713, .T. ) ;
#6644 = ORIENTED_EDGE ( 'NONE', *, *, #6620, .F. ) ;
#6645 = DIRECTION ( 'NONE',  ( 0.0000000000000000000, -0.0000000000000000000, 1.000000000000000000 ) ) ;
#6646 = DIRECTION ( 'NONE',  ( 0.0000000000000000000, 0.0000000000000000000, 1.000000000000000000 ) ) ;
#6647 = SURFACE_STYLE_FILL_AREA ( #7702 ) ;
#6648 = ORIENTED_EDGE ( 'NONE', *, *, #5388, .T. ) ;
#6649 = UNCERTAINTY_MEASURE_WITH_UNIT (LENGTH_MEASURE( 1.000000000000000082E-05 ), #9873, 'distance_accuracy_value', 'NONE');
#6650 = ORIENTED_EDGE ( 'NONE', *, *, #10700, .F. ) ;
#6651 = EDGE_CURVE ( 'NONE', #9914, #1226, #10313, .T. ) ;
#6652 = ADVANCED_FACE ( 'NONE', ( #5314 ), #4543, .T. ) ;
#6653 = ORIENTED_EDGE ( 'NONE', *, *, #10860, .T. ) ;
#6654 = MECHANICAL_DESIGN_GEOMETRIC_PRESENTATION_REPRESENTATION (  '', ( #5226 ), #3817 ) ;
#6655 = DIRECTION ( 'NONE',  ( 0.0000000000000000000, 0.0000000000000000000, -1.000000000000000000 ) ) ;
#6656 = CARTESIAN_POINT ( 'NONE',  ( 11.50000000000000000, 5.200000000000001066, -6.599999999999994316 ) ) ;
#6657 = VECTOR ( 'NONE', #5091, 1000.000000000000000 ) ;
#6658 = VERTEX_POINT ( 'NONE', #4373 ) ;
#6659 = DIRECTION ( 'NONE',  ( -1.000000000000000000, 0.0000000000000000000, 0.0000000000000000000 ) ) ;
#6660 = ADVANCED_FACE ( 'NONE', ( #4482 ), #10533, .F. ) ;
#6661 = CARTESIAN_POINT ( 'NONE',  ( -12.24999999999999822, 19.00000000000000000, 9.000000000000000000 ) ) ;
#6662 = FILL_AREA_STYLE ('',( #10845 ) ) ;
#6663 = FACE_OUTER_BOUND ( 'NONE', #4831, .T. ) ;
#6664 = VECTOR ( 'NONE', #5195, 1000.000000000000000 ) ;
#6665 = LINE ( 'NONE', #3327, #9737 ) ;
#6666 = LINE ( 'NONE', #5839, #6529 ) ;
#6667 = VECTOR ( 'NONE', #171, 1000.000000000000000 ) ;
#6668 = DIRECTION ( 'NONE',  ( -1.000000000000000000, 0.0000000000000000000, 0.0000000000000000000 ) ) ;
#6669 = PRESENTATION_STYLE_ASSIGNMENT (( #1847 ) ) ;
#6670 = VECTOR ( 'NONE', #108, 1000.000000000000000 ) ;
#6671 = ORIENTED_EDGE ( 'NONE', *, *, #9764, .T. ) ;
#6672 = DIRECTION ( 'NONE',  ( 0.0000000000000000000, 0.0000000000000000000, 1.000000000000000000 ) ) ;
#6673 =( NAMED_UNIT ( * ) SI_UNIT ( $, .STERADIAN. ) SOLID_ANGLE_UNIT ( ) );
#6674 = ORIENTED_EDGE ( 'NONE', *, *, #1863, .T. ) ;
#6675 = CARTESIAN_POINT ( 'NONE',  ( 19.50000000000000000, 11.89999999999999858, 8.673617379884035472E-16 ) ) ;
#6676 = AXIS2_PLACEMENT_3D ( 'NONE', #8417, #6804, #10188 ) ;
#6677 = VERTEX_POINT ( 'NONE', #2234 ) ;
#6678 = CARTESIAN_POINT ( 'NONE',  ( -25.25000000000000000, 19.00000000000000000, 8.000000000000001776 ) ) ;
#6679 = VECTOR ( 'NONE', #2352, 1000.000000000000000 ) ;
#6680 = DIRECTION ( 'NONE',  ( 0.0000000000000000000, 0.0000000000000000000, 1.000000000000000000 ) ) ;
#6681 = ORIENTED_EDGE ( 'NONE', *, *, #160, .T. ) ;
#6682 = ADVANCED_FACE ( 'NONE', ( #524 ), #3887, .T. ) ;
#6683 = AXIS2_PLACEMENT_3D ( 'NONE', #2299, #3895, #5671 ) ;
#6684 = SURFACE_STYLE_FILL_AREA ( #9291 ) ;
#6685 = LINE ( 'NONE', #10062, #3798 ) ;
#6686 = SURFACE_SIDE_STYLE ('',( #8556 ) ) ;
#6687 = CARTESIAN_POINT ( 'NONE',  ( -27.50000000000000000, 19.99999999999999289, 8.000000000000000000 ) ) ;
#6688 = STYLED_ITEM ( 'NONE', ( #1032 ), #4604 ) ;
#6689 = ORIENTED_EDGE ( 'NONE', *, *, #8963, .T. ) ;
#6690 =( GEOMETRIC_REPRESENTATION_CONTEXT ( 3 ) GLOBAL_UNCERTAINTY_ASSIGNED_CONTEXT ( ( #9064 ) ) GLOBAL_UNIT_ASSIGNED_CONTEXT ( ( #6053, #4371, #7923 ) ) REPRESENTATION_CONTEXT ( 'NONE', 'WORKASPACE' ) );
#6691 = CARTESIAN_POINT ( 'NONE',  ( 14.50000000000000178, 8.899999999999998579, 6.599999999999996092 ) ) ;
#6692 = DIRECTION ( 'NONE',  ( 3.854941057726238097E-16, 1.314184451497582492E-16, -1.000000000000000000 ) ) ;
#6693 = CIRCLE ( 'NONE', #10596, 2.100000000000185274 ) ;
#6694 = ORIENTED_EDGE ( 'NONE', *, *, #4665, .T. ) ;
#6695 = ADVANCED_FACE ( 'NONE', ( #10678 ), #8250, .T. ) ;
#6696 = CARTESIAN_POINT ( 'NONE',  ( -17.26506543866126719, 13.89999999999999680, -0.6053029216165494164 ) ) ;
#6697 = ORIENTED_EDGE ( 'NONE', *, *, #2315, .T. ) ;
#6698 = CARTESIAN_POINT ( 'NONE',  ( -20.10530292161654842, 13.89999999999999680, -0.6053029216165489723 ) ) ;
#6699 =( NAMED_UNIT ( * ) SI_UNIT ( $, .STERADIAN. ) SOLID_ANGLE_UNIT ( ) );
#6700 = CARTESIAN_POINT ( 'NONE',  ( 27.50000000000000000, 20.00000000000000000, -10.09999999999980425 ) ) ;
#6701 = ORIENTED_EDGE ( 'NONE', *, *, #10197, .T. ) ;
#6702 = SURFACE_STYLE_FILL_AREA ( #6588 ) ;
#6703 = ORIENTED_EDGE ( 'NONE', *, *, #1504, .T. ) ;
#6704 = ORIENTED_EDGE ( 'NONE', *, *, #421, .T. ) ;
#6705 = AXIS2_PLACEMENT_3D ( 'NONE', #9599, #5505, #9776 ) ;
#6706 = CARTESIAN_POINT ( 'NONE',  ( 18.50000000000000000, -3.750000000000000000, -0.4999999999999968914 ) ) ;
#6707 = EDGE_CURVE ( 'NONE', #1248, #7969, #5603, .T. ) ;
#6708 = SURFACE_STYLE_FILL_AREA ( #10131 ) ;
#6709 = CARTESIAN_POINT ( 'NONE',  ( -12.00000000000000355, 20.99999999999999645, 4.500000000000273559 ) ) ;
#6710 = VECTOR ( 'NONE', #8512, 1000.000000000000000 ) ;
#6711 = DIRECTION ( 'NONE',  ( 0.0000000000000000000, 1.000000000000000000, 0.0000000000000000000 ) ) ;
#6712 = ADVANCED_FACE ( 'NONE', ( #9816 ), #8034, .T. ) ;
#6713 = ORIENTED_EDGE ( 'NONE', *, *, #9770, .F. ) ;
#6714 = LINE ( 'NONE', #10089, #6835 ) ;
#6715 = EDGE_CURVE ( 'NONE', #693, #6973, #5707, .T. ) ;
#6716 = VECTOR ( 'NONE', #1649, 1000.000000000000000 ) ;
#6717 = SURFACE_STYLE_USAGE ( .BOTH. , #3321 ) ;
#6718 = DIRECTION ( 'NONE',  ( 0.0000000000000000000, -3.854941057726237604E-16, 1.000000000000000000 ) ) ;
#6719 = LINE ( 'NONE', #5944, #2222 ) ;
#6720 = DIRECTION ( 'NONE',  ( 0.0000000000000000000, -1.000000000000000000, 0.0000000000000000000 ) ) ;
#6721 = STYLED_ITEM ( 'NONE', ( #10795 ), #6396 ) ;
#6722 = ORIENTED_EDGE ( 'NONE', *, *, #8447, .T. ) ;
#6723 = AXIS2_PLACEMENT_3D ( 'NONE', #9739, #8857, #1270 ) ;
#6724 = EDGE_CURVE ( 'NONE', #8732, #5265, #691, .T. ) ;
#6725 = DIRECTION ( 'NONE',  ( 0.0000000000000000000, -1.000000000000000000, 5.782411586589338903E-16 ) ) ;
#6726 = ORIENTED_EDGE ( 'NONE', *, *, #6894, .F. ) ;
#6727 = VECTOR ( 'NONE', #5428, 1000.000000000000000 ) ;
#6728 = ORIENTED_EDGE ( 'NONE', *, *, #914, .F. ) ;
#6729 = VECTOR ( 'NONE', #5450, 1000.000000000000000 ) ;
#6730 = DIRECTION ( 'NONE',  ( 1.000000000000000000, 0.0000000000000000000, 1.734723475976817547E-15 ) ) ;
#6731 = ORIENTED_EDGE ( 'NONE', *, *, #3885, .T. ) ;
#6732 = EDGE_CURVE ( 'NONE', #3354, #5753, #7374, .T. ) ;
#6733 = LINE ( 'NONE', #5163, #4057 ) ;
#6734 = LINE ( 'NONE', #7681, #5393 ) ;
#6735 = ORIENTED_EDGE ( 'NONE', *, *, #101, .F. ) ;
#6736 = CYLINDRICAL_SURFACE ( 'NONE', #9959, 1.000000000000000000 ) ;
#6737 = PRESENTATION_STYLE_ASSIGNMENT (( #1815 ) ) ;
#6738 = DIRECTION ( 'NONE',  ( -1.000000000000000000, 0.0000000000000000000, 0.0000000000000000000 ) ) ;
#6739 = COLOUR_RGB ( '',0.8980392156862745390, 0.8980392156862745390, 0.8980392156862745390 ) ;
#6740 = UNCERTAINTY_MEASURE_WITH_UNIT (LENGTH_MEASURE( 1.000000000000000082E-05 ), #3412, 'distance_accuracy_value', 'NONE');
#6741 = CARTESIAN_POINT ( 'NONE',  ( -17.26506543866126719, 13.89999999999999680, -0.6053029216165494164 ) ) ;
#6742 = VERTEX_POINT ( 'NONE', #7431 ) ;
#6743 = EDGE_CURVE ( 'NONE', #16, #10438, #4760, .T. ) ;
#6744 = DIRECTION ( 'NONE',  ( -1.013220719900693144E-31, 1.000000000000000000, 0.0000000000000000000 ) ) ;
#6745 = ORIENTED_EDGE ( 'NONE', *, *, #7414, .T. ) ;
#6746 = DIRECTION ( 'NONE',  ( 0.0000000000000000000, 0.0000000000000000000, -1.000000000000000000 ) ) ;
#6747 = ORIENTED_EDGE ( 'NONE', *, *, #2390, .F. ) ;
#6748 = CARTESIAN_POINT ( 'NONE',  ( 24.50000000000000355, 8.899999999999998579, 6.099999999999996092 ) ) ;
#6749 = UNCERTAINTY_MEASURE_WITH_UNIT (LENGTH_MEASURE( 1.000000000000000082E-05 ), #3937, 'distance_accuracy_value', 'NONE');
#6750 = ORIENTED_EDGE ( 'NONE', *, *, #5651, .F. ) ;
#6751 = VERTEX_POINT ( 'NONE', #8146 ) ;
#6752 = DIRECTION ( 'NONE',  ( 1.000000000000000000, 0.0000000000000000000, 0.0000000000000000000 ) ) ;
#6753 = EDGE_CURVE ( 'NONE', #5880, #10780, #3040, .T. ) ;
#6754 = PLANE ( 'NONE',  #296 ) ;
#6755 = CARTESIAN_POINT ( 'NONE',  ( 1.500000000000004885, 20.99999999999999645, -7.999999999999976019 ) ) ;
#6756 = DIRECTION ( 'NONE',  ( -1.000000000000000000, 0.0000000000000000000, 0.0000000000000000000 ) ) ;
#6757 = ORIENTED_EDGE ( 'NONE', *, *, #5527, .T. ) ;
#6758 = DIRECTION ( 'NONE',  ( -1.000000000000000000, 0.0000000000000000000, 0.0000000000000000000 ) ) ;
#6759 = FILL_AREA_STYLE_COLOUR ( '', #2720 ) ;
#6760 = DIRECTION ( 'NONE',  ( 1.000000000000000000, -0.0000000000000000000, 0.0000000000000000000 ) ) ;
#6761 = DIRECTION ( 'NONE',  ( -1.000000000000000000, 0.0000000000000000000, 0.0000000000000000000 ) ) ;
#6762 = SURFACE_STYLE_USAGE ( .BOTH. , #4158 ) ;
#6763 = LINE ( 'NONE', #5838, #3007 ) ;
#6764 = CARTESIAN_POINT ( 'NONE',  ( 12.25000000000000000, 2.799999999999999822, 9.000000000000000000 ) ) ;
#6765 = ORIENTED_EDGE ( 'NONE', *, *, #2324, .F. ) ;
#6766 = AXIS2_PLACEMENT_3D ( 'NONE', #3692, #5343, #7086 ) ;
#6767 = EDGE_CURVE ( 'NONE', #4485, #1586, #3150, .T. ) ;
#6768 = FILL_AREA_STYLE_COLOUR ( '', #8832 ) ;
#6769 = COLOUR_RGB ( '',0.8980392156862745390, 0.8980392156862745390, 0.8980392156862745390 ) ;
#6770 = VERTEX_POINT ( 'NONE', #1288 ) ;
#6771 = FACE_OUTER_BOUND ( 'NONE', #5872, .T. ) ;
#6772 = CARTESIAN_POINT ( 'NONE',  ( -17.26506543866126719, 13.89999999999999680, -0.6053029216165494164 ) ) ;
#6773 = DIRECTION ( 'NONE',  ( -1.000000000000000000, 0.0000000000000000000, 0.0000000000000000000 ) ) ;
#6774 = ORIENTED_EDGE ( 'NONE', *, *, #5440, .T. ) ;
#6775 = EDGE_CURVE ( 'NONE', #8026, #956, #9087, .T. ) ;
#6776 = CARTESIAN_POINT ( 'NONE',  ( 11.50000000000000000, 2.799999999999986944, -9.000000000000010658 ) ) ;
#6777 = VERTEX_POINT ( 'NONE', #9761 ) ;
#6778 = VECTOR ( 'NONE', #98, 1000.000000000000000 ) ;
#6779 = EDGE_CURVE ( 'NONE', #8123, #3950, #9042, .T. ) ;
#6780 = VECTOR ( 'NONE', #1374, 1000.000000000000000 ) ;
#6781 = COLOUR_RGB ( '',0.8980392156862745390, 0.8980392156862745390, 0.8980392156862745390 ) ;
#6782 = DIRECTION ( 'NONE',  ( 0.0000000000000000000, 0.0000000000000000000, -1.000000000000000000 ) ) ;
#6783 = MECHANICAL_DESIGN_GEOMETRIC_PRESENTATION_REPRESENTATION (  '', ( #10145 ), #5560 ) ;
#6784 = CARTESIAN_POINT ( 'NONE',  ( -27.50000000000000000, 5.200000000000000178, 6.599999999999996092 ) ) ;
#6785 = EDGE_LOOP ( 'NONE', ( #10307, #5816, #10637, #3683 ) ) ;
#6786 = DIRECTION ( 'NONE',  ( 0.0000000000000000000, 1.000000000000000000, 1.314184451497582245E-16 ) ) ;
#6787 = VECTOR ( 'NONE', #2931, 1000.000000000000000 ) ;
#6788 = EDGE_CURVE ( 'NONE', #2602, #10771, #3528, .T. ) ;
#6789 = VECTOR ( 'NONE', #1447, 1000.000000000000000 ) ;
#6790 = LINE ( 'NONE', #445, #7670 ) ;
#6791 = ORIENTED_EDGE ( 'NONE', *, *, #1106, .F. ) ;
#6792 =( GEOMETRIC_REPRESENTATION_CONTEXT ( 3 ) GLOBAL_UNCERTAINTY_ASSIGNED_CONTEXT ( ( #5187 ) ) GLOBAL_UNIT_ASSIGNED_CONTEXT ( ( #590, #2186, #3942 ) ) REPRESENTATION_CONTEXT ( 'NONE', 'WORKASPACE' ) );
#6793 = DIRECTION ( 'NONE',  ( -1.000000000000000000, 0.0000000000000000000, 0.0000000000000000000 ) ) ;
#6794 = PRESENTATION_LAYER_ASSIGNMENT (  '', '', ( #5375 ) ) ;
#6795 = MECHANICAL_DESIGN_GEOMETRIC_PRESENTATION_REPRESENTATION (  '', ( #4849 ), #466 ) ;
#6796 = DIRECTION ( 'NONE',  ( 0.0000000000000000000, -0.0000000000000000000, 1.000000000000000000 ) ) ;
#6797 = ORIENTED_EDGE ( 'NONE', *, *, #503, .F. ) ;
#6798 = FACE_OUTER_BOUND ( 'NONE', #3478, .T. ) ;
#6799 = ORIENTED_EDGE ( 'NONE', *, *, #5212, .T. ) ;
#6800 = CARTESIAN_POINT ( 'NONE',  ( 24.99999999999999645, -18.24828759089465535, 4.499999999999997335 ) ) ;
#6801 = FACE_OUTER_BOUND ( 'NONE', #674, .T. ) ;
#6802 = LINE ( 'NONE', #10186, #1038 ) ;
#6803 = VECTOR ( 'NONE', #8091, 1000.000000000000000 ) ;
#6804 = DIRECTION ( 'NONE',  ( 0.0000000000000000000, 1.000000000000000000, 0.0000000000000000000 ) ) ;
#6805 = ORIENTED_EDGE ( 'NONE', *, *, #3286, .T. ) ;
#6806 = ORIENTED_EDGE ( 'NONE', *, *, #2196, .F. ) ;
#6807 = FILL_AREA_STYLE_COLOUR ( '', #4703 ) ;
#6808 = DIRECTION ( 'NONE',  ( 1.000000000000000000, -0.0000000000000000000, -0.0000000000000000000 ) ) ;
#6809 = PRESENTATION_STYLE_ASSIGNMENT (( #913 ) ) ;
#6810 = PRESENTATION_LAYER_ASSIGNMENT (  '', '', ( #9467 ) ) ;
#6811 = CIRCLE ( 'NONE', #4333, 4.411345746565307202 ) ;
#6812 = DIRECTION ( 'NONE',  ( -0.0000000000000000000, -0.0000000000000000000, -1.000000000000000000 ) ) ;
#6813 = EDGE_LOOP ( 'NONE', ( #5015, #7514, #9684, #6246 ) ) ;
#6814 = DIRECTION ( 'NONE',  ( 0.0000000000000000000, 0.0000000000000000000, 1.000000000000000000 ) ) ;
#6815 = LINE ( 'NONE', #918, #1484 ) ;
#6816 = CARTESIAN_POINT ( 'NONE',  ( 14.81519660974405639, 11.39999999999999858, -5.114085138899324257 ) ) ;
#6817 = DIRECTION ( 'NONE',  ( -1.000000000000000000, -0.0000000000000000000, -0.0000000000000000000 ) ) ;
#6818 = PRESENTATION_STYLE_ASSIGNMENT (( #9259 ) ) ;
#6819 = EDGE_CURVE ( 'NONE', #2801, #9582, #9555, .T. ) ;
#6820 = CARTESIAN_POINT ( 'NONE',  ( -27.50000000000000000, 0.0000000000000000000, -9.000000000000000000 ) ) ;
#6821 = DIRECTION ( 'NONE',  ( 1.000000000000000000, 0.0000000000000000000, 0.0000000000000000000 ) ) ;
#6822 =( NAMED_UNIT ( * ) PLANE_ANGLE_UNIT ( ) SI_UNIT ( $, .RADIAN. ) );
#6823 = AXIS2_PLACEMENT_3D ( 'NONE', #3108, #6602, #10597 ) ;
#6824 = STYLED_ITEM ( 'NONE', ( #5848 ), #4889 ) ;
#6825 = AXIS2_PLACEMENT_3D ( 'NONE', #2393, #9205, #6592 ) ;
#6826 = ORIENTED_EDGE ( 'NONE', *, *, #2578, .T. ) ;
#6827 = VECTOR ( 'NONE', #5940, 1000.000000000000000 ) ;
#6828 = PLANE ( 'NONE',  #9822 ) ;
#6829 = DIRECTION ( 'NONE',  ( 0.0000000000000000000, 0.0000000000000000000, 1.000000000000000000 ) ) ;
#6830 = ORIENTED_EDGE ( 'NONE', *, *, #10359, .F. ) ;
#6831 = AXIS2_PLACEMENT_3D ( 'NONE', #9363, #910, #7133 ) ;
#6832 = DIRECTION ( 'NONE',  ( -1.000000000000000000, 0.0000000000000000000, 0.0000000000000000000 ) ) ;
#6833 = EDGE_LOOP ( 'NONE', ( #1937, #2702, #10118, #6990 ) ) ;
#6834 = ADVANCED_FACE ( 'NONE', ( #1346 ), #4702, .T. ) ;
#6835 = VECTOR ( 'NONE', #9320, 1000.000000000000000 ) ;
#6836 = CARTESIAN_POINT ( 'NONE',  ( 24.50000000000000000, 20.99999999999999645, 4.500000000000002665 ) ) ;
#6837 = EDGE_LOOP ( 'NONE', ( #7116, #7743 ) ) ;
#6838 = CIRCLE ( 'NONE', #148, 1.993034753127727488 ) ;
#6839 = CARTESIAN_POINT ( 'NONE',  ( 24.50000000000000355, 5.200000000000001066, -6.599999999999994316 ) ) ;
#6840 =( GEOMETRIC_REPRESENTATION_CONTEXT ( 3 ) GLOBAL_UNCERTAINTY_ASSIGNED_CONTEXT ( ( #7188 ) ) GLOBAL_UNIT_ASSIGNED_CONTEXT ( ( #8058, #549, #5627 ) ) REPRESENTATION_CONTEXT ( 'NONE', 'WORKASPACE' ) );
#6841 = PLANE ( 'NONE',  #6545 ) ;
#6842 = DIRECTION ( 'NONE',  ( -1.000000000000000000, 0.0000000000000000000, 0.0000000000000000000 ) ) ;
#6843 = SURFACE_STYLE_USAGE ( .BOTH. , #2575 ) ;
#6844 = ORIENTED_EDGE ( 'NONE', *, *, #8419, .F. ) ;
#6846 = EDGE_CURVE ( 'NONE', #6613, #2813, #2472, .T. ) ;
#6845 = CARTESIAN_POINT ( 'NONE',  ( 0.0000000000000000000, 19.99999999999999289, 8.000000000000000000 ) ) ;
#6847 = EDGE_CURVE ( 'NONE', #9547, #2801, #3351, .T. ) ;
#6848 = LINE ( 'NONE', #9344, #947 ) ;
#6849 = CARTESIAN_POINT ( 'NONE',  ( -19.50000000000000000, 14.89999999999999680, -4.411345746565306314 ) ) ;
#6850 = VERTEX_POINT ( 'NONE', #4116 ) ;
#6851 = COLOUR_RGB ( '',0.8980392156862745390, 0.8980392156862745390, 0.8980392156862745390 ) ;
#6852 = EDGE_CURVE ( 'NONE', #1098, #4921, #7782, .T. ) ;
#6853 = PRESENTATION_STYLE_ASSIGNMENT (( #2587 ) ) ;
#6854 = UNCERTAINTY_MEASURE_WITH_UNIT (LENGTH_MEASURE( 1.000000000000000082E-05 ), #8411, 'distance_accuracy_value', 'NONE');
#6855 = ORIENTED_EDGE ( 'NONE', *, *, #4814, .F. ) ;
#6856 = CARTESIAN_POINT ( 'NONE',  ( -1.499999999999997780, 20.00000000000000000, -7.999999999999976019 ) ) ;
#6857 = VERTEX_POINT ( 'NONE', #8337 ) ;
#6858 = CARTESIAN_POINT ( 'NONE',  ( -7.500000000000000000, 0.0000000000000000000, -0.4999999999999970024 ) ) ;
#6859 = LINE ( 'NONE', #5131, #10245 ) ;
#6860 = DIRECTION ( 'NONE',  ( 0.0000000000000000000, 0.0000000000000000000, -1.000000000000000000 ) ) ;
#6861 = VECTOR ( 'NONE', #4099, 1000.000000000000000 ) ;
#6862 = UNCERTAINTY_MEASURE_WITH_UNIT (LENGTH_MEASURE( 1.000000000000000082E-05 ), #2991, 'distance_accuracy_value', 'NONE');
#6863 = DIRECTION ( 'NONE',  ( -1.000000000000000000, 0.0000000000000000000, 0.0000000000000000000 ) ) ;
#6864 = ORIENTED_EDGE ( 'NONE', *, *, #2057, .T. ) ;
#6865 = VERTEX_POINT ( 'NONE', #1695 ) ;
#6866 = LINE ( 'NONE', #7647, #5236 ) ;
#6867 = LINE ( 'NONE', #1118, #2566 ) ;
#6868 = LINE ( 'NONE', #10030, #5728 ) ;
#6869 = DIRECTION ( 'NONE',  ( 0.0000000000000000000, 0.7071067811865473507, 0.7071067811865477948 ) ) ;
#6870 = ORIENTED_EDGE ( 'NONE', *, *, #3451, .T. ) ;
#6871 = CARTESIAN_POINT ( 'NONE',  ( 0.7500000000000006661, 0.0000000000000000000, -7.999999999999998224 ) ) ;
#6872 = VECTOR ( 'NONE', #8764, 1000.000000000000000 ) ;
#6873 = CARTESIAN_POINT ( 'NONE',  ( -20.10530292161654842, 15.89999999999999680, -2.234934561338733250 ) ) ;
#6874 = PRESENTATION_STYLE_ASSIGNMENT (( #3490 ) ) ;
#6875 = DIRECTION ( 'NONE',  ( 0.0000000000000000000, 0.0000000000000000000, 1.000000000000000000 ) ) ;
#6876 = SURFACE_STYLE_FILL_AREA ( #2770 ) ;
#6877 = CARTESIAN_POINT ( 'NONE',  ( -25.25000000000000000, 0.0000000000000000000, 8.000000000000001776 ) ) ;
#6878 = VECTOR ( 'NONE', #1799, 1000.000000000000000 ) ;
#6879 = MECHANICAL_DESIGN_GEOMETRIC_PRESENTATION_REPRESENTATION (  '', ( #1585 ), #6371 ) ;
#6880 = ORIENTED_EDGE ( 'NONE', *, *, #5211, .F. ) ;
#6881 = STYLED_ITEM ( 'NONE', ( #2323 ), #6237 ) ;
#6882 = ADVANCED_FACE ( 'NONE', ( #827 ), #4229, .T. ) ;
#6883 = PRESENTATION_LAYER_ASSIGNMENT (  '', '', ( #10098 ) ) ;
#6884 = COLOUR_RGB ( '',0.8980392156862745390, 0.8980392156862745390, 0.8980392156862745390 ) ;
#6885 = AXIS2_PLACEMENT_3D ( 'NONE', #8520, #1714, #6746 ) ;
#6886 = EDGE_LOOP ( 'NONE', ( #4299, #2358, #4781, #7250 ) ) ;
#6887 = DIRECTION ( 'NONE',  ( 0.0000000000000000000, -5.782411586589338903E-16, -1.000000000000000000 ) ) ;
#6888 = CARTESIAN_POINT ( 'NONE',  ( 19.50000000000000000, 15.89999999999999680, 8.673617379884035472E-16 ) ) ;
#6889 = ORIENTED_EDGE ( 'NONE', *, *, #8461, .T. ) ;
#6890 = CARTESIAN_POINT ( 'NONE',  ( -21.73493456133873281, 13.89999999999999680, 0.6053029216165499715 ) ) ;
#6891 = ORIENTED_EDGE ( 'NONE', *, *, #8666, .F. ) ;
#6892 = SURFACE_SIDE_STYLE ('',( #8724 ) ) ;
#6893 = LINE ( 'NONE', #4388, #4066 ) ;
#6894 = EDGE_CURVE ( 'NONE', #10153, #4631, #982, .T. ) ;
#6895 =( GEOMETRIC_REPRESENTATION_CONTEXT ( 3 ) GLOBAL_UNCERTAINTY_ASSIGNED_CONTEXT ( ( #3206 ) ) GLOBAL_UNIT_ASSIGNED_CONTEXT ( ( #7815, #2941, #4596 ) ) REPRESENTATION_CONTEXT ( 'NONE', 'WORKASPACE' ) );
#6896 = DIRECTION ( 'NONE',  ( 1.000000000000000000, 0.0000000000000000000, 0.0000000000000000000 ) ) ;
#6897 = FILL_AREA_STYLE ('',( #1865 ) ) ;
#6898 = PRESENTATION_LAYER_ASSIGNMENT (  '', '', ( #7264 ) ) ;
#6899 = AXIS2_PLACEMENT_3D ( 'NONE', #10277, #109, #6020 ) ;
#6900 = LINE ( 'NONE', #884, #8433 ) ;
#6901 = ORIENTED_EDGE ( 'NONE', *, *, #8807, .F. ) ;
#6902 = CARTESIAN_POINT ( 'NONE',  ( -5.894697078383451583, 13.89999999999999680, -2.234934561338733250 ) ) ;
#6903 = FILL_AREA_STYLE_COLOUR ( '', #6192 ) ;
#6904 = VECTOR ( 'NONE', #3096, 1000.000000000000000 ) ;
#6905 = VERTEX_POINT ( 'NONE', #7509 ) ;
#6906 = CARTESIAN_POINT ( 'NONE',  ( -4.265065438661267194, 15.89999999999999680, -0.6053029216165494164 ) ) ;
#6907 = EDGE_CURVE ( 'NONE', #10189, #9868, #161, .T. ) ;
#6908 = STYLED_ITEM ( 'NONE', ( #3094 ), #9801 ) ;
#6909 = ORIENTED_EDGE ( 'NONE', *, *, #9981, .F. ) ;
#6910 = SURFACE_STYLE_FILL_AREA ( #948 ) ;
#6911 = VERTEX_POINT ( 'NONE', #4950 ) ;
#6912 = DIRECTION ( 'NONE',  ( -1.000000000000000000, 2.279746619776526128E-31, -1.734723475976781456E-15 ) ) ;
#6913 =( NAMED_UNIT ( * ) PLANE_ANGLE_UNIT ( ) SI_UNIT ( $, .RADIAN. ) );
#6914 = CARTESIAN_POINT ( 'NONE',  ( 26.75000000000000000, 19.00000000000000000, -7.999999999999998224 ) ) ;
#6915 = EDGE_CURVE ( 'NONE', #6232, #743, #7568, .T. ) ;
#6916 = LINE ( 'NONE', #7803, #10210 ) ;
#6917 = ORIENTED_EDGE ( 'NONE', *, *, #1260, .T. ) ;
#6918 = VERTEX_POINT ( 'NONE', #7622 ) ;
#6919 = FACE_OUTER_BOUND ( 'NONE', #4275, .T. ) ;
#6920 = EDGE_CURVE ( 'NONE', #10904, #5304, #8392, .T. ) ;
#6921 = CARTESIAN_POINT ( 'NONE',  ( -18.89469707838345158, 13.89999999999999680, 0.6053029216165488613 ) ) ;
#6922 = EDGE_LOOP ( 'NONE', ( #2748, #1402, #6731, #8878 ) ) ;
#6923 = VERTEX_POINT ( 'NONE', #10053 ) ;
#6924 = DIRECTION ( 'NONE',  ( -0.0000000000000000000, -1.000000000000000000, -0.0000000000000000000 ) ) ;
#6925 = DIRECTION ( 'NONE',  ( -1.000000000000000000, 0.0000000000000000000, -0.0000000000000000000 ) ) ;
#6926 = FACE_OUTER_BOUND ( 'NONE', #7991, .T. ) ;
#6927 = CARTESIAN_POINT ( 'NONE',  ( -19.50000000000000000, 11.39999999999999858, 8.673617379884035472E-16 ) ) ;
#6928 = DIRECTION ( 'NONE',  ( 7.709882115452482111E-16, 0.0000000000000000000, -1.000000000000000000 ) ) ;
#6929 = ADVANCED_FACE ( 'NONE', ( #10858 ), #5900, .T. ) ;
#6930 = CARTESIAN_POINT ( 'NONE',  ( -19.50000000000000000, 12.89999999999999858, 3.411345746565308534 ) ) ;
#6931 = EDGE_LOOP ( 'NONE', ( #1439, #3782, #7126, #7541 ) ) ;
#6932 = CARTESIAN_POINT ( 'NONE',  ( 7.105302921616547529, 15.89999999999999680, -2.234934561338733250 ) ) ;
#6933 = VERTEX_POINT ( 'NONE', #934 ) ;
#6934 = LINE ( 'NONE', #2080, #4896 ) ;
#6935 = FACE_OUTER_BOUND ( 'NONE', #4163, .T. ) ;
#6936 = ORIENTED_EDGE ( 'NONE', *, *, #5901, .T. ) ;
#6937 = FACE_OUTER_BOUND ( 'NONE', #3242, .T. ) ;
#6938 = FILL_AREA_STYLE_COLOUR ( '', #4996 ) ;
#6939 = COLOUR_RGB ( '',1.000000000000000000, 1.000000000000000000, 1.000000000000000000 ) ;
#6940 = VERTEX_POINT ( 'NONE', #6836 ) ;
#6941 = DIRECTION ( 'NONE',  ( 0.0000000000000000000, 0.0000000000000000000, -1.000000000000000000 ) ) ;
#6942 = PRESENTATION_LAYER_ASSIGNMENT (  '', '', ( #7306 ) ) ;
#6943 = DIRECTION ( 'NONE',  ( 0.0000000000000000000, 0.0000000000000000000, 1.000000000000000000 ) ) ;
#6944 =( GEOMETRIC_REPRESENTATION_CONTEXT ( 3 ) GLOBAL_UNCERTAINTY_ASSIGNED_CONTEXT ( ( #8977 ) ) GLOBAL_UNIT_ASSIGNED_CONTEXT ( ( #2320, #1432, #7413 ) ) REPRESENTATION_CONTEXT ( 'NONE', 'WORKASPACE' ) );
#6945 = CARTESIAN_POINT ( 'NONE',  ( 0.0000000000000000000, 19.00000000000000000, 0.0000000000000000000 ) ) ;
#6946 = FILL_AREA_STYLE_COLOUR ( '', #4505 ) ;
#6947 = SURFACE_SIDE_STYLE ('',( #8002 ) ) ;
#6948 = EDGE_LOOP ( 'NONE', ( #1943, #3736 ) ) ;
#6949 = DIRECTION ( 'NONE',  ( 0.0000000000000000000, 1.000000000000000000, 1.314184451497582245E-16 ) ) ;
#6950 = CARTESIAN_POINT ( 'NONE',  ( 11.50000000000000000, 5.200000000000001066, -6.599999999999994316 ) ) ;
#6951 =( GEOMETRIC_REPRESENTATION_CONTEXT ( 3 ) GLOBAL_UNCERTAINTY_ASSIGNED_CONTEXT ( ( #4303 ) ) GLOBAL_UNIT_ASSIGNED_CONTEXT ( ( #9942, #3227, #1470 ) ) REPRESENTATION_CONTEXT ( 'NONE', 'WORKASPACE' ) );
#6952 = EDGE_CURVE ( 'NONE', #825, #5106, #10913, .T. ) ;
#6953 = UNCERTAINTY_MEASURE_WITH_UNIT (LENGTH_MEASURE( 1.000000000000000082E-05 ), #5035, 'distance_accuracy_value', 'NONE');
#6954 = ORIENTED_EDGE ( 'NONE', *, *, #1771, .F. ) ;
#6955 = SURFACE_STYLE_USAGE ( .BOTH. , #7636 ) ;
#6956 =( GEOMETRIC_REPRESENTATION_CONTEXT ( 3 ) GLOBAL_UNCERTAINTY_ASSIGNED_CONTEXT ( ( #4090 ) ) GLOBAL_UNIT_ASSIGNED_CONTEXT ( ( #1413, #4770, #4608 ) ) REPRESENTATION_CONTEXT ( 'NONE', 'WORKASPACE' ) );
#6957 = AXIS2_PLACEMENT_3D ( 'NONE', #3483, #8368, #5087 ) ;
#6958 = VECTOR ( 'NONE', #8025, 1000.000000000000000 ) ;
#6959 = STYLED_ITEM ( 'NONE', ( #9702 ), #830 ) ;
#6960 = UNCERTAINTY_MEASURE_WITH_UNIT (LENGTH_MEASURE( 1.000000000000000082E-05 ), #4321, 'distance_accuracy_value', 'NONE');
#6961 = ORIENTED_EDGE ( 'NONE', *, *, #7379, .F. ) ;
#6962 = CARTESIAN_POINT ( 'NONE',  ( 4.265065438661265418, 13.89999999999999680, 0.6053029216165499715 ) ) ;
#6963 = EDGE_LOOP ( 'NONE', ( #10613, #8984, #5083, #2839 ) ) ;
#6964 = LINE ( 'NONE', #7700, #5369 ) ;
#6965 = FACE_OUTER_BOUND ( 'NONE', #2233, .T. ) ;
#6966 = FACE_OUTER_BOUND ( 'NONE', #5889, .T. ) ;
#6967 = EDGE_CURVE ( 'NONE', #3922, #9906, #10217, .T. ) ;
#6968 = CARTESIAN_POINT ( 'NONE',  ( -13.75000000000000000, 19.00000000000000000, 7.999999999999998224 ) ) ;
#6969 = COLOUR_RGB ( '',0.8980392156862745390, 0.8980392156862745390, 0.8980392156862745390 ) ;
#6970 = ORIENTED_EDGE ( 'NONE', *, *, #2293, .F. ) ;
#6971 = MECHANICAL_DESIGN_GEOMETRIC_PRESENTATION_REPRESENTATION (  '', ( #2722 ), #5561 ) ;
#6972 = STYLED_ITEM ( 'NONE', ( #3733 ), #2486 ) ;
#6973 = VERTEX_POINT ( 'NONE', #2517 ) ;
#6974 = PRESENTATION_LAYER_ASSIGNMENT (  '', '', ( #10342 ) ) ;
#6975 = CARTESIAN_POINT ( 'NONE',  ( 19.50000000000000000, 11.89999999999999858, 3.411345746565308534 ) ) ;
#6976 =( LENGTH_UNIT ( ) NAMED_UNIT ( * ) SI_UNIT ( .MILLI., .METRE. ) );
#6977 = EDGE_CURVE ( 'NONE', #6850, #8336, #5052, .T. ) ;
#6978 = DIRECTION ( 'NONE',  ( 1.000000000000000000, 0.0000000000000000000, 0.0000000000000000000 ) ) ;
#6979 = ORIENTED_EDGE ( 'NONE', *, *, #7554, .T. ) ;
#6980 = EDGE_LOOP ( 'NONE', ( #8020, #4011, #3205, #2536 ) ) ;
#6981 = DIRECTION ( 'NONE',  ( 0.0000000000000000000, -3.854941057726237604E-16, 1.000000000000000000 ) ) ;
#6982 = MECHANICAL_DESIGN_GEOMETRIC_PRESENTATION_REPRESENTATION (  '', ( #9285 ), #10164 ) ;
#6983 = CARTESIAN_POINT ( 'NONE',  ( 14.50000000000000178, 8.899999999999998579, 6.099999999999996092 ) ) ;
#6984 = CARTESIAN_POINT ( 'NONE',  ( -1.499999999999997780, -18.24828759089465535, -4.499999999999821476 ) ) ;
#6985 = EDGE_CURVE ( 'NONE', #1189, #6777, #10154, .T. ) ;
#6986 = EDGE_CURVE ( 'NONE', #1634, #9863, #2897, .T. ) ;
#6987 = DIRECTION ( 'NONE',  ( 0.0000000000000000000, 1.000000000000000000, 0.0000000000000000000 ) ) ;
#6988 = DIRECTION ( 'NONE',  ( 0.0000000000000000000, 0.0000000000000000000, 1.000000000000000000 ) ) ;
#6989 = SURFACE_STYLE_FILL_AREA ( #3602 ) ;
#6990 = ORIENTED_EDGE ( 'NONE', *, *, #3057, .T. ) ;
#6991 = AXIS2_PLACEMENT_3D ( 'NONE', #1381, #7355, #7461 ) ;
#6992 = AXIS2_PLACEMENT_3D ( 'NONE', #3197, #681, #9957 ) ;
#6993 = DIRECTION ( 'NONE',  ( 5.451709925985335199E-16, -0.7071067811865473507, -0.7071067811865477948 ) ) ;
#6994 = CARTESIAN_POINT ( 'NONE',  ( -20.10530292161654842, 13.89999999999999680, -2.234934561338733250 ) ) ;
#6995 = EDGE_CURVE ( 'NONE', #8980, #4916, #8567, .T. ) ;
#6996 = LINE ( 'NONE', #2882, #7837 ) ;
#6997 = VERTEX_POINT ( 'NONE', #7726 ) ;
#6998 = PLANE ( 'NONE',  #9520 ) ;
#6999 = PRODUCT_CONTEXT ( 'NONE', #7395, 'mechanical' ) ;
#7000 = CARTESIAN_POINT ( 'NONE',  ( 0.7500000000000006661, 0.0000000000000000000, 7.999999999999998224 ) ) ;
#7001 = LINE ( 'NONE', #8717, #5065 ) ;
#7002 = DIRECTION ( 'NONE',  ( 1.000000000000000000, -1.013220719900694020E-31, 7.709882115452482111E-16 ) ) ;
#7003 = EDGE_LOOP ( 'NONE', ( #6583, #3201, #10550, #8380 ) ) ;
#7004 = VECTOR ( 'NONE', #3154, 1000.000000000000000 ) ;
#7005 = CARTESIAN_POINT ( 'NONE',  ( -0.7500000000000006661, 19.00000000000000000, -7.999999999999998224 ) ) ;
#7006 = VERTEX_POINT ( 'NONE', #6890 ) ;
#7007 = PLANE ( 'NONE',  #672 ) ;
#7008 =( LENGTH_UNIT ( ) NAMED_UNIT ( * ) SI_UNIT ( .MILLI., .METRE. ) );
#7009 = VECTOR ( 'NONE', #6569, 1000.000000000000000 ) ;
#7010 = SURFACE_SIDE_STYLE ('',( #333 ) ) ;
#7011 = DIRECTION ( 'NONE',  ( 0.0000000000000000000, 0.0000000000000000000, 1.000000000000000000 ) ) ;
#7012 = CARTESIAN_POINT ( 'NONE',  ( 1.815196609744055500, 11.39999999999999858, 5.114085138899327809 ) ) ;
#7013 = CIRCLE ( 'NONE', #1888, 1.993034753127727488 ) ;
#7014 = CARTESIAN_POINT ( 'NONE',  ( -27.50000000000000000, 22.10000000000017906, 8.000000000000000000 ) ) ;
#7015 = EDGE_LOOP ( 'NONE', ( #8719, #2095, #9429, #6917 ) ) ;
#7016 = DIRECTION ( 'NONE',  ( -0.0000000000000000000, 0.0000000000000000000, 1.000000000000000000 ) ) ;
#7017 = DIRECTION ( 'NONE',  ( -0.0000000000000000000, 1.000000000000000000, -0.0000000000000000000 ) ) ;
#7018 =( GEOMETRIC_REPRESENTATION_CONTEXT ( 3 ) GLOBAL_UNCERTAINTY_ASSIGNED_CONTEXT ( ( #2742 ) ) GLOBAL_UNIT_ASSIGNED_CONTEXT ( ( #165, #2195, #1465 ) ) REPRESENTATION_CONTEXT ( 'NONE', 'WORKASPACE' ) );
#7020 = ORIENTED_EDGE ( 'NONE', *, *, #8612, .T. ) ;
#7019 =( GEOMETRIC_REPRESENTATION_CONTEXT ( 3 ) GLOBAL_UNCERTAINTY_ASSIGNED_CONTEXT ( ( #3068 ) ) GLOBAL_UNIT_ASSIGNED_CONTEXT ( ( #2738, #5286, #8790 ) ) REPRESENTATION_CONTEXT ( 'NONE', 'WORKASPACE' ) );
#7021 = EDGE_CURVE ( 'NONE', #7919, #10291, #7117, .T. ) ;
#7022 = PRESENTATION_LAYER_ASSIGNMENT (  '', '', ( #7560 ) ) ;
#7023 = ORIENTED_EDGE ( 'NONE', *, *, #8407, .T. ) ;
#7024 = DIRECTION ( 'NONE',  ( -0.0000000000000000000, 1.000000000000000000, -0.0000000000000000000 ) ) ;
#7025 = PRESENTATION_LAYER_ASSIGNMENT (  '', '', ( #5431 ) ) ;
#7026 = ORIENTED_EDGE ( 'NONE', *, *, #8960, .T. ) ;
#7027 = DIRECTION ( 'NONE',  ( 0.0000000000000000000, 1.000000000000000000, 0.0000000000000000000 ) ) ;
#7028 = CARTESIAN_POINT ( 'NONE',  ( -7.105302921616549305, 15.89999999999999680, -2.234934561338733250 ) ) ;
#7029 = FILL_AREA_STYLE_COLOUR ( '', #10368 ) ;
#7030 = DIRECTION ( 'NONE',  ( 1.734723475976793487E-15, 1.314184451497582245E-16, -1.000000000000000000 ) ) ;
#7031 = ORIENTED_EDGE ( 'NONE', *, *, #10642, .F. ) ;
#7032 = AXIS2_PLACEMENT_3D ( 'NONE', #9690, #513, #5647 ) ;
#7033 = ORIENTED_EDGE ( 'NONE', *, *, #9298, .F. ) ;
#7034 = LINE ( 'NONE', #2818, #5219 ) ;
#7035 = SURFACE_STYLE_FILL_AREA ( #4530 ) ;
#7036 = ADVANCED_FACE ( 'NONE', ( #7060 ), #383, .T. ) ;
#7037 = AXIS2_PLACEMENT_3D ( 'NONE', #3580, #293, #9574 ) ;
#7038 = FILL_AREA_STYLE ('',( #7809 ) ) ;
#7039 = ORIENTED_EDGE ( 'NONE', *, *, #2422, .T. ) ;
#7040 = ORIENTED_EDGE ( 'NONE', *, *, #6732, .T. ) ;
#7041 = CARTESIAN_POINT ( 'NONE',  ( -19.50000000000000000, 11.89999999999999858, 8.673617379884035472E-16 ) ) ;
#7042 = VECTOR ( 'NONE', #7506, 1000.000000000000000 ) ;
#7043 =( LENGTH_UNIT ( ) NAMED_UNIT ( * ) SI_UNIT ( .MILLI., .METRE. ) );
#7044 = VERTEX_POINT ( 'NONE', #1971 ) ;
#7045 = CARTESIAN_POINT ( 'NONE',  ( 6.499999999999999112, 11.89999999999999858, 8.673617379884035472E-16 ) ) ;
#7046 = PRODUCT_RELATED_PRODUCT_CATEGORY ( 'part', '', ( #5648 ) ) ;
#7047 = ORIENTED_EDGE ( 'NONE', *, *, #6415, .T. ) ;
#7048 = VECTOR ( 'NONE', #7055, 1000.000000000000000 ) ;
#7049 = FACE_OUTER_BOUND ( 'NONE', #7088, .T. ) ;
#7050 = CARTESIAN_POINT ( 'NONE',  ( 5.894697078383449806, 15.89999999999999680, 0.6053029216165489723 ) ) ;
#7051 = EDGE_CURVE ( 'NONE', #3473, #8670, #1321, .T. ) ;
#7052 = EDGE_CURVE ( 'NONE', #4704, #3751, #9495, .T. ) ;
#7053 = SURFACE_STYLE_FILL_AREA ( #5377 ) ;
#7054 = ORIENTED_EDGE ( 'NONE', *, *, #4255, .F. ) ;
#7055 = DIRECTION ( 'NONE',  ( -0.0000000000000000000, -1.000000000000000000, -0.0000000000000000000 ) ) ;
#7056 = VECTOR ( 'NONE', #10689, 1000.000000000000000 ) ;
#7057 = SURFACE_STYLE_FILL_AREA ( #3667 ) ;
#7058 = LINE ( 'NONE', #10481, #656 ) ;
#7059 = ORIENTED_EDGE ( 'NONE', *, *, #175, .T. ) ;
#7060 = FACE_OUTER_BOUND ( 'NONE', #613, .T. ) ;
#7061 = CARTESIAN_POINT ( 'NONE',  ( 6.499999999999999112, 11.89999999999999858, 8.673617379884035472E-16 ) ) ;
#7062 = COLOUR_RGB ( '',0.8980392156862745390, 0.8980392156862745390, 0.8980392156862745390 ) ;
#7063 = EDGE_CURVE ( 'NONE', #6777, #6514, #1916, .T. ) ;
#7064 = EDGE_LOOP ( 'NONE', ( #1154, #10857, #8745, #10075, #1357 ) ) ;
#7065 = LINE ( 'NONE', #9498, #9324 ) ;
#7066 = VECTOR ( 'NONE', #5103, 1000.000000000000000 ) ;
#7067 = TOROIDAL_SURFACE ( 'NONE', #2297, 3.411345746565307646, 1.000000000000000000 ) ;
#7068 = CARTESIAN_POINT ( 'NONE',  ( 19.50000000000000000, 11.89999999999999858, 1.993034753127728376 ) ) ;
#7069 = PRESENTATION_LAYER_ASSIGNMENT (  '', '', ( #8444 ) ) ;
#7070 = ADVANCED_FACE ( 'NONE', ( #6937 ), #4381, .F. ) ;
#7071 = ADVANCED_FACE ( 'NONE', ( #2786 ), #8668, .F. ) ;
#7072 =( GEOMETRIC_REPRESENTATION_CONTEXT ( 3 ) GLOBAL_UNCERTAINTY_ASSIGNED_CONTEXT ( ( #4199 ) ) GLOBAL_UNIT_ASSIGNED_CONTEXT ( ( #7523, #10869, #6631 ) ) REPRESENTATION_CONTEXT ( 'NONE', 'WORKASPACE' ) );
#7073 = SURFACE_SIDE_STYLE ('',( #6312 ) ) ;
#7074 = FILL_AREA_STYLE ('',( #10336 ) ) ;
#7075 = ORIENTED_EDGE ( 'NONE', *, *, #4794, .T. ) ;
#7076 = CARTESIAN_POINT ( 'NONE',  ( 8.734934561338732806, 15.89999999999999680, 0.6053029216165494164 ) ) ;
#7077 = VECTOR ( 'NONE', #4402, 1000.000000000000000 ) ;
#7078 = DIRECTION ( 'NONE',  ( 1.000000000000000000, 0.0000000000000000000, 0.0000000000000000000 ) ) ;
#7079 = UNCERTAINTY_MEASURE_WITH_UNIT (LENGTH_MEASURE( 1.000000000000000082E-05 ), #10769, 'distance_accuracy_value', 'NONE');
#7080 = EDGE_CURVE ( 'NONE', #1397, #2355, #1859, .T. ) ;
#7081 = AXIS2_PLACEMENT_3D ( 'NONE', #3462, #118, #6303 ) ;
#7082 = VERTEX_POINT ( 'NONE', #4498 ) ;
#7083 = LINE ( 'NONE', #10507, #8669 ) ;
#7084 = MECHANICAL_DESIGN_GEOMETRIC_PRESENTATION_REPRESENTATION (  '', ( #7264 ), #2148 ) ;
#7085 = VERTEX_POINT ( 'NONE', #5220 ) ;
#7086 = DIRECTION ( 'NONE',  ( 0.0000000000000000000, 0.0000000000000000000, -1.000000000000000000 ) ) ;
#7087 = COLOUR_RGB ( '',0.8980392156862745390, 0.8980392156862745390, 0.8980392156862745390 ) ;
#7088 = EDGE_LOOP ( 'NONE', ( #2218, #8850, #10011, #5156 ) ) ;
#7089 = CARTESIAN_POINT ( 'NONE',  ( 0.0000000000000000000, 20.99999999999999645, 5.148098557999859383E-15 ) ) ;
#7090 = DIRECTION ( 'NONE',  ( 0.0000000000000000000, 0.0000000000000000000, 1.000000000000000000 ) ) ;
#7091 =( LENGTH_UNIT ( ) NAMED_UNIT ( * ) SI_UNIT ( .MILLI., .METRE. ) );
#7092 = FACE_OUTER_BOUND ( 'NONE', #325, .T. ) ;
#7093 = VERTEX_POINT ( 'NONE', #7886 ) ;
#7094 = EDGE_CURVE ( 'NONE', #8670, #3473, #7695, .T. ) ;
#7095 = ORIENTED_EDGE ( 'NONE', *, *, #9701, .F. ) ;
#7096 = CARTESIAN_POINT ( 'NONE',  ( -20.10530292161654842, 13.89999999999999680, 2.234934561338733250 ) ) ;
#7097 = DIRECTION ( 'NONE',  ( 1.734723475976781456E-15, 1.314184451497582245E-16, -1.000000000000000000 ) ) ;
#7098 = DIRECTION ( 'NONE',  ( -0.0000000000000000000, -0.0000000000000000000, 1.000000000000000000 ) ) ;
#7099 = ORIENTED_EDGE ( 'NONE', *, *, #3575, .F. ) ;
#7100 = LINE ( 'NONE', #5422, #10371 ) ;
#7101 = LINE ( 'NONE', #1023, #7231 ) ;
#7102 = LINE ( 'NONE', #9646, #750 ) ;
#7103 = VERTEX_POINT ( 'NONE', #5384 ) ;
#7104 = DIRECTION ( 'NONE',  ( 0.0000000000000000000, 0.0000000000000000000, 1.000000000000000000 ) ) ;
#7105 = FILL_AREA_STYLE_COLOUR ( '', #4048 ) ;
#7106 = STYLED_ITEM ( 'NONE', ( #4803 ), #9842 ) ;
#7107 = EDGE_CURVE ( 'NONE', #3615, #5554, #8783, .T. ) ;
#7108 = EDGE_LOOP ( 'NONE', ( #6058, #1467, #5244, #9699 ) ) ;
#7109 = CARTESIAN_POINT ( 'NONE',  ( -11.18480339025594361, 9.399999999999998579, -5.114085138899324257 ) ) ;
#7110 = DIRECTION ( 'NONE',  ( 1.000000000000000000, 0.0000000000000000000, -0.0000000000000000000 ) ) ;
#7111 = VERTEX_POINT ( 'NONE', #7937 ) ;
#7112 = DIRECTION ( 'NONE',  ( 1.000000000000000000, 0.0000000000000000000, 0.0000000000000000000 ) ) ;
#7113 = PLANE ( 'NONE',  #2710 ) ;
#7114 = DIRECTION ( 'NONE',  ( 0.0000000000000000000, 1.314184451497582492E-16, -1.000000000000000000 ) ) ;
#7115 = DIRECTION ( 'NONE',  ( 0.0000000000000000000, 0.0000000000000000000, -1.000000000000000000 ) ) ;
#7116 = ORIENTED_EDGE ( 'NONE', *, *, #7591, .F. ) ;
#7117 = LINE ( 'NONE', #220, #6290 ) ;
#7118 = DIRECTION ( 'NONE',  ( -0.0000000000000000000, 1.000000000000000000, -0.0000000000000000000 ) ) ;
#7119 = EDGE_CURVE ( 'NONE', #3761, #3922, #2892, .T. ) ;
#7120 = ORIENTED_EDGE ( 'NONE', *, *, #1372, .F. ) ;
#7121 = PRESENTATION_STYLE_ASSIGNMENT (( #9553 ) ) ;
#7122 = LINE ( 'NONE', #275, #9209 ) ;
#7123 = CARTESIAN_POINT ( 'NONE',  ( -11.18480339025594361, 11.39999999999999858, 5.114085138899327809 ) ) ;
#7124 = EDGE_CURVE ( 'NONE', #486, #4709, #1848, .T. ) ;
#7125 = DIRECTION ( 'NONE',  ( -0.0000000000000000000, -1.000000000000000000, -0.0000000000000000000 ) ) ;
#7126 = ORIENTED_EDGE ( 'NONE', *, *, #2639, .T. ) ;
#7127 = CARTESIAN_POINT ( 'NONE',  ( -27.50000000000000000, 20.99999999999999645, -7.999999999999976019 ) ) ;
#7128 = FACE_OUTER_BOUND ( 'NONE', #43, .T. ) ;
#7129 = PRESENTATION_STYLE_ASSIGNMENT (( #5289 ) ) ;
#7130 = EDGE_CURVE ( 'NONE', #7257, #3569, #9830, .T. ) ;
#7131 = ADVANCED_FACE ( 'NONE', ( #2346 ), #1360, .T. ) ;
#7132 = PRESENTATION_LAYER_ASSIGNMENT (  '', '', ( #1822 ) ) ;
#7133 = DIRECTION ( 'NONE',  ( 3.854941057726238097E-16, 0.0000000000000000000, -1.000000000000000000 ) ) ;
#7134 = EDGE_CURVE ( 'NONE', #8104, #6565, #8048, .T. ) ;
#7135 = ORIENTED_EDGE ( 'NONE', *, *, #709, .T. ) ;
#7136 =( GEOMETRIC_REPRESENTATION_CONTEXT ( 3 ) GLOBAL_UNCERTAINTY_ASSIGNED_CONTEXT ( ( #7633 ) ) GLOBAL_UNIT_ASSIGNED_CONTEXT ( ( #1317, #9735, #6141 ) ) REPRESENTATION_CONTEXT ( 'NONE', 'WORKASPACE' ) );
#7137 = FACE_OUTER_BOUND ( 'NONE', #7846, .T. ) ;
#7138 = VECTOR ( 'NONE', #396, 1000.000000000000000 ) ;
#7139 = VERTEX_POINT ( 'NONE', #5556 ) ;
#7140 = PLANE ( 'NONE',  #7513 ) ;
#7141 = CARTESIAN_POINT ( 'NONE',  ( -11.50000000000000000, 20.00000000000000355, -8.999999999999719336 ) ) ;
#7142 = CARTESIAN_POINT ( 'NONE',  ( -7.105302921616549305, 13.89999999999999680, 0.6053029216165489723 ) ) ;
#7143 = CARTESIAN_POINT ( 'NONE',  ( -6.500000000000000888, 14.89999999999999680, 8.673617379884035472E-16 ) ) ;
#7144 = EDGE_LOOP ( 'NONE', ( #1473, #5532, #1186, #3114 ) ) ;
#7145 = AXIS2_PLACEMENT_3D ( 'NONE', #6401, #1406, #9765 ) ;
#7146 = VECTOR ( 'NONE', #7241, 1000.000000000000000 ) ;
#7147 = FACE_BOUND ( 'NONE', #7351, .T. ) ;
#7148 = VECTOR ( 'NONE', #8181, 1000.000000000000000 ) ;
#7149 = FACE_OUTER_BOUND ( 'NONE', #9971, .T. ) ;
#7150 = CARTESIAN_POINT ( 'NONE',  ( -24.18480339025594361, 9.399999999999998579, -5.114085138899324257 ) ) ;
#7151 = ORIENTED_EDGE ( 'NONE', *, *, #8274, .F. ) ;
#7152 = FACE_OUTER_BOUND ( 'NONE', #4590, .T. ) ;
#7153 = STYLED_ITEM ( 'NONE', ( #5719 ), #7839 ) ;
#7154 = DIRECTION ( 'NONE',  ( -0.0000000000000000000, 1.000000000000000000, -0.0000000000000000000 ) ) ;
#7155 = CIRCLE ( 'NONE', #7331, 1.993034753127727488 ) ;
#7156 = CARTESIAN_POINT ( 'NONE',  ( 11.49999999999999822, 20.99999999999999645, -8.999999999999902300 ) ) ;
#7157 = CARTESIAN_POINT ( 'NONE',  ( 20.10530292161654842, 13.89999999999999680, 0.6053029216165488613 ) ) ;
#7158 = CIRCLE ( 'NONE', #2725, 1.993034753127727488 ) ;
#7159 = ORIENTED_EDGE ( 'NONE', *, *, #10096, .T. ) ;
#7160 = VECTOR ( 'NONE', #616, 1000.000000000000000 ) ;
#7161 = CARTESIAN_POINT ( 'NONE',  ( -6.500000000000000888, 14.89999999999999680, 8.673617379884035472E-16 ) ) ;
#7162 = FILL_AREA_STYLE_COLOUR ( '', #7596 ) ;
#7163 = LINE ( 'NONE', #4550, #10321 ) ;
#7164 = MECHANICAL_DESIGN_GEOMETRIC_PRESENTATION_REPRESENTATION (  '', ( #1156 ), #3401 ) ;
#7165 = ADVANCED_FACE ( 'NONE', ( #5615 ), #9881, .F. ) ;
#7166 = ORIENTED_EDGE ( 'NONE', *, *, #4052, .F. ) ;
#7167 = DIRECTION ( 'NONE',  ( 0.0000000000000000000, 1.000000000000000000, 0.0000000000000000000 ) ) ;
#7168 = DIRECTION ( 'NONE',  ( 0.0000000000000000000, 0.0000000000000000000, 1.000000000000000000 ) ) ;
#7169 = CARTESIAN_POINT ( 'NONE',  ( -27.50000000000000000, 19.00000000000000000, 9.000000000000000000 ) ) ;
#7170 = ORIENTED_EDGE ( 'NONE', *, *, #4271, .T. ) ;
#7171 = DIRECTION ( 'NONE',  ( 0.0000000000000000000, 0.0000000000000000000, 1.000000000000000000 ) ) ;
#7172 =( GEOMETRIC_REPRESENTATION_CONTEXT ( 3 ) GLOBAL_UNCERTAINTY_ASSIGNED_CONTEXT ( ( #230 ) ) GLOBAL_UNIT_ASSIGNED_CONTEXT ( ( #4056, #3550, #5317 ) ) REPRESENTATION_CONTEXT ( 'NONE', 'WORKASPACE' ) );
#7173 = ORIENTED_EDGE ( 'NONE', *, *, #455, .T. ) ;
#7174 = DIRECTION ( 'NONE',  ( 1.734723475976807292E-15, 0.0000000000000000000, 1.000000000000000000 ) ) ;
#7175 = CARTESIAN_POINT ( 'NONE',  ( 14.00000000000000000, -18.24828759089465535, -4.499999999999912070 ) ) ;
#7176 = SURFACE_SIDE_STYLE ('',( #6363 ) ) ;
#7177 = AXIS2_PLACEMENT_3D ( 'NONE', #1939, #7851, #2648 ) ;
#7178 = EDGE_CURVE ( 'NONE', #3714, #2397, #7389, .T. ) ;
#7179 =( NAMED_UNIT ( * ) PLANE_ANGLE_UNIT ( ) SI_UNIT ( $, .RADIAN. ) );
#7180 = VECTOR ( 'NONE', #5332, 1000.000000000000000 ) ;
#7181 =( NAMED_UNIT ( * ) SI_UNIT ( $, .STERADIAN. ) SOLID_ANGLE_UNIT ( ) );
#7182 = DIRECTION ( 'NONE',  ( 1.000000000000000000, 0.0000000000000000000, 3.326525289697788964E-16 ) ) ;
#7183 = VECTOR ( 'NONE', #806, 1000.000000000000000 ) ;
#7184 = FACE_OUTER_BOUND ( 'NONE', #3572, .T. ) ;
#7185 = ORIENTED_EDGE ( 'NONE', *, *, #1280, .F. ) ;
#7186 = DIRECTION ( 'NONE',  ( 0.0000000000000000000, 0.0000000000000000000, 1.000000000000000000 ) ) ;
#7187 = FACE_BOUND ( 'NONE', #1739, .T. ) ;
#7188 = UNCERTAINTY_MEASURE_WITH_UNIT (LENGTH_MEASURE( 1.000000000000000082E-05 ), #8058, 'distance_accuracy_value', 'NONE');
#7189 = MECHANICAL_DESIGN_GEOMETRIC_PRESENTATION_REPRESENTATION (  '', ( #5399 ), #1499 ) ;
#7190 = COLOUR_RGB ( '',0.8980392156862745390, 0.8980392156862745390, 0.8980392156862745390 ) ;
#7191 = ADVANCED_FACE ( 'NONE', ( #9107 ), #10735, .T. ) ;
#7192 = SURFACE_SIDE_STYLE ('',( #8286 ) ) ;
#7193 = MECHANICAL_DESIGN_GEOMETRIC_PRESENTATION_REPRESENTATION (  '', ( #6323 ), #5955 ) ;
#7194 = ADVANCED_FACE ( 'NONE', ( #10688 ), #3998, .T. ) ;
#7195 = EDGE_CURVE ( 'NONE', #1524, #2381, #5723, .T. ) ;
#7196 = ORIENTED_EDGE ( 'NONE', *, *, #1620, .F. ) ;
#7197 =( LENGTH_UNIT ( ) NAMED_UNIT ( * ) SI_UNIT ( .MILLI., .METRE. ) );
#7198 = CIRCLE ( 'NONE', #3288, 3.411345746565307646 ) ;
#7199 = DIRECTION ( 'NONE',  ( 0.0000000000000000000, -0.0000000000000000000, -1.000000000000000000 ) ) ;
#7200 = ORIENTED_EDGE ( 'NONE', *, *, #4451, .F. ) ;
#7201 = LINE ( 'NONE', #3865, #1148 ) ;
#7202 = AXIS2_PLACEMENT_3D ( 'NONE', #6465, #3851, #4723 ) ;
#7203 = EDGE_CURVE ( 'NONE', #5421, #3022, #4050, .T. ) ;
#7204 = ORIENTED_EDGE ( 'NONE', *, *, #8530, .F. ) ;
#7205 = VECTOR ( 'NONE', #7997, 1000.000000000000000 ) ;
#7206 = SURFACE_STYLE_USAGE ( .BOTH. , #6336 ) ;
#7207 = PRESENTATION_STYLE_ASSIGNMENT (( #7305 ) ) ;
#7208 = DIRECTION ( 'NONE',  ( 0.0000000000000000000, 0.0000000000000000000, -1.000000000000000000 ) ) ;
#7209 = VECTOR ( 'NONE', #535, 1000.000000000000000 ) ;
#7210 = ORIENTED_EDGE ( 'NONE', *, *, #10630, .T. ) ;
#7211 = ORIENTED_EDGE ( 'NONE', *, *, #5351, .T. ) ;
#7212 = SURFACE_STYLE_USAGE ( .BOTH. , #3880 ) ;
#7213 = CARTESIAN_POINT ( 'NONE',  ( -1.499999999999997780, 9.400000000000000355, -6.099999999999992539 ) ) ;
#7214 = DIRECTION ( 'NONE',  ( 0.0000000000000000000, 0.0000000000000000000, 1.000000000000000000 ) ) ;
#7215 = EDGE_LOOP ( 'NONE', ( #2086, #9360, #2287, #7329, #4029, #4251, #8161, #5741 ) ) ;
#7216 = DIRECTION ( 'NONE',  ( -1.000000000000000000, 0.0000000000000000000, 0.0000000000000000000 ) ) ;
#7217 = EDGE_CURVE ( 'NONE', #6216, #5379, #6357, .T. ) ;
#7218 = VERTEX_POINT ( 'NONE', #3008 ) ;
#7219 = DIRECTION ( 'NONE',  ( 0.0000000000000000000, 1.000000000000000000, 1.314184451497582245E-16 ) ) ;
#7220 = CARTESIAN_POINT ( 'NONE',  ( 0.7500000000000006661, 19.00000000000000000, 7.999999999999998224 ) ) ;
#7221 = FACE_OUTER_BOUND ( 'NONE', #3558, .T. ) ;
#7222 = VECTOR ( 'NONE', #3121, 1000.000000000000000 ) ;
#7223 = DIRECTION ( 'NONE',  ( -7.709882115452476194E-16, 1.314184451497582492E-16, -1.000000000000000000 ) ) ;
#7224 = ORIENTED_EDGE ( 'NONE', *, *, #2771, .F. ) ;
#7225 = FILL_AREA_STYLE ('',( #3996 ) ) ;
#7226 = ORIENTED_EDGE ( 'NONE', *, *, #6995, .T. ) ;
#7227 =( LENGTH_UNIT ( ) NAMED_UNIT ( * ) SI_UNIT ( .MILLI., .METRE. ) );
#7228 = FILL_AREA_STYLE ('',( #1198 ) ) ;
#7229 = ORIENTED_EDGE ( 'NONE', *, *, #555, .F. ) ;
#7230 = EDGE_CURVE ( 'NONE', #7594, #9941, #3899, .T. ) ;
#7231 = VECTOR ( 'NONE', #10417, 1000.000000000000000 ) ;
#7232 =( NAMED_UNIT ( * ) SI_UNIT ( $, .STERADIAN. ) SOLID_ANGLE_UNIT ( ) );
#7233 = FILL_AREA_STYLE ('',( #3118 ) ) ;
#7234 = DIRECTION ( 'NONE',  ( 0.0000000000000000000, 1.000000000000000000, 0.0000000000000000000 ) ) ;
#7235 =( LENGTH_UNIT ( ) NAMED_UNIT ( * ) SI_UNIT ( .MILLI., .METRE. ) );
#7236 = FACE_OUTER_BOUND ( 'NONE', #3187, .T. ) ;
#7237 = LINE ( 'NONE', #6464, #9303 ) ;
#7238 = ORIENTED_EDGE ( 'NONE', *, *, #309, .T. ) ;
#7239 = STYLED_ITEM ( 'NONE', ( #5818 ), #5853 ) ;
#7240 = SURFACE_STYLE_FILL_AREA ( #9062 ) ;
#7241 = DIRECTION ( 'NONE',  ( -1.000000000000000000, -0.0000000000000000000, -0.0000000000000000000 ) ) ;
#7242 = ADVANCED_FACE ( 'NONE', ( #759 ), #7446, .F. ) ;
#7243 = DIRECTION ( 'NONE',  ( 1.734723475976807094E-15, 0.0000000000000000000, 1.000000000000000000 ) ) ;
#7244 = FACE_OUTER_BOUND ( 'NONE', #5775, .T. ) ;
#7245 = VECTOR ( 'NONE', #2893, 1000.000000000000000 ) ;
#7246 = STYLED_ITEM ( 'NONE', ( #9640 ), #8509 ) ;
#7247 = ORIENTED_EDGE ( 'NONE', *, *, #7230, .F. ) ;
#7248 = DIRECTION ( 'NONE',  ( 0.0000000000000000000, 0.0000000000000000000, 1.000000000000000000 ) ) ;
#7249 = CARTESIAN_POINT ( 'NONE',  ( 24.49999999999999645, 5.200000000000001066, -6.599999999999994316 ) ) ;
#7250 = ORIENTED_EDGE ( 'NONE', *, *, #7365, .T. ) ;
#7251 = LINE ( 'NONE', #4576, #1323 ) ;
#7252 = CARTESIAN_POINT ( 'NONE',  ( 1.000000000000000888, 20.99999999999999645, 4.500000000000183853 ) ) ;
#7253 = VECTOR ( 'NONE', #4348, 1000.000000000000000 ) ;
#7254 = PRESENTATION_LAYER_ASSIGNMENT (  '', '', ( #9006 ) ) ;
#7255 = ADVANCED_FACE ( 'NONE', ( #870 ), #4935, .T. ) ;
#7256 = CIRCLE ( 'NONE', #7430, 0.5000000000000004441 ) ;
#7257 = VERTEX_POINT ( 'NONE', #10203 ) ;
#7258 = CARTESIAN_POINT ( 'NONE',  ( -27.50000000000000000, 9.400000000000000355, -6.599999999999993427 ) ) ;
#7259 = LINE ( 'NONE', #6386, #3701 ) ;
#7260 = CARTESIAN_POINT ( 'NONE',  ( -11.18480339025594361, 11.39999999999999858, -5.114085138899324257 ) ) ;
#7261 = EDGE_LOOP ( 'NONE', ( #241, #10143, #4748, #7960 ) ) ;
#7262 =( NAMED_UNIT ( * ) PLANE_ANGLE_UNIT ( ) SI_UNIT ( $, .RADIAN. ) );
#7263 = CARTESIAN_POINT ( 'NONE',  ( 11.50000000000000000, 9.399999999999998579, 4.500000000000090594 ) ) ;
#7264 = STYLED_ITEM ( 'NONE', ( #4175 ), #9031 ) ;
#7265 = EDGE_CURVE ( 'NONE', #8803, #7928, #1575, .T. ) ;
#7266 =( NAMED_UNIT ( * ) SI_UNIT ( $, .STERADIAN. ) SOLID_ANGLE_UNIT ( ) );
#7267 = LINE ( 'NONE', #4757, #1932 ) ;
#7268 = SURFACE_STYLE_FILL_AREA ( #9084 ) ;
#7269 = CARTESIAN_POINT ( 'NONE',  ( 0.0000000000000000000, 20.00000000000000000, -7.999999999999976019 ) ) ;
#7270 = EDGE_CURVE ( 'NONE', #1121, #835, #4103, .T. ) ;
#7271 = EDGE_CURVE ( 'NONE', #2805, #8602, #9159, .T. ) ;
#7272 = ORIENTED_EDGE ( 'NONE', *, *, #4460, .T. ) ;
#7273 = FACE_OUTER_BOUND ( 'NONE', #3609, .T. ) ;
#7274 = CARTESIAN_POINT ( 'NONE',  ( -24.18480339025594361, 11.39999999999999858, 5.114085138899327809 ) ) ;
#7275 = VERTEX_POINT ( 'NONE', #5837 ) ;
#7276 = CARTESIAN_POINT ( 'NONE',  ( -6.500000000000000888, 11.89999999999999858, 8.673617379884035472E-16 ) ) ;
#7277 = ADVANCED_FACE ( 'NONE', ( #9982, #5998 ), #9378, .F. ) ;
#7278 =( NAMED_UNIT ( * ) PLANE_ANGLE_UNIT ( ) SI_UNIT ( $, .RADIAN. ) );
#7279 = DIRECTION ( 'NONE',  ( 5.451709925985337171E-16, -0.7071067811865473507, -0.7071067811865477948 ) ) ;
#7280 = FILL_AREA_STYLE_COLOUR ( '', #2060 ) ;
#7281 = ORIENTED_EDGE ( 'NONE', *, *, #6967, .F. ) ;
#7282 = VECTOR ( 'NONE', #2938, 1000.000000000000000 ) ;
#7283 = CARTESIAN_POINT ( 'NONE',  ( 20.10530292161654842, 13.89999999999999680, 0.6053029216165488613 ) ) ;
#7284 = LINE ( 'NONE', #10796, #5645 ) ;
#7285 = EDGE_LOOP ( 'NONE', ( #8046, #3660, #5128, #1364 ) ) ;
#7286 = CARTESIAN_POINT ( 'NONE',  ( 25.25000000000000000, 19.00000000000000000, -7.999999999999998224 ) ) ;
#7287 =( NAMED_UNIT ( * ) PLANE_ANGLE_UNIT ( ) SI_UNIT ( $, .RADIAN. ) );
#7288 = DIRECTION ( 'NONE',  ( 1.000000000000000000, 0.0000000000000000000, 0.0000000000000000000 ) ) ;
#7289 = CARTESIAN_POINT ( 'NONE',  ( 11.50000000000000178, 20.99999999999999645, 4.500000000000093259 ) ) ;
#7290 = ORIENTED_EDGE ( 'NONE', *, *, #3498, .F. ) ;
#7291 = CARTESIAN_POINT ( 'NONE',  ( -27.50000000000000000, 9.399999999999998579, 6.099999999999996092 ) ) ;
#7292 = UNCERTAINTY_MEASURE_WITH_UNIT (LENGTH_MEASURE( 1.000000000000000082E-05 ), #5108, 'distance_accuracy_value', 'NONE');
#7293 = LINE ( 'NONE', #9018, #2419 ) ;
#7294 = ORIENTED_EDGE ( 'NONE', *, *, #10388, .F. ) ;
#7295 = EDGE_CURVE ( 'NONE', #1010, #7570, #10901, .T. ) ;
#7296 =( NAMED_UNIT ( * ) SI_UNIT ( $, .STERADIAN. ) SOLID_ANGLE_UNIT ( ) );
#7297 = DIRECTION ( 'NONE',  ( -1.000000000000000000, 0.0000000000000000000, 0.0000000000000000000 ) ) ;
#7298 = ORIENTED_EDGE ( 'NONE', *, *, #2944, .T. ) ;
#7299 = DIRECTION ( 'NONE',  ( 0.0000000000000000000, 0.0000000000000000000, -1.000000000000000000 ) ) ;
#7300 = PLANE ( 'NONE',  #4053 ) ;
#7301 =( LENGTH_UNIT ( ) NAMED_UNIT ( * ) SI_UNIT ( .MILLI., .METRE. ) );
#7302 = AXIS2_PLACEMENT_3D ( 'NONE', #9627, #5406, #1936 ) ;
#7303 = ORIENTED_EDGE ( 'NONE', *, *, #6552, .T. ) ;
#7304 = CARTESIAN_POINT ( 'NONE',  ( 6.499999999999999112, -2.750000000000000000, -0.4999999999999968914 ) ) ;
#7305 = SURFACE_STYLE_USAGE ( .BOTH. , #10621 ) ;
#7306 = STYLED_ITEM ( 'NONE', ( #6874 ), #7904 ) ;
#7307 = DIRECTION ( 'NONE',  ( -1.000000000000000000, -0.0000000000000000000, -0.0000000000000000000 ) ) ;
#7308 = AXIS2_PLACEMENT_3D ( 'NONE', #8345, #992, #7521 ) ;
#7309 = ORIENTED_EDGE ( 'NONE', *, *, #1970, .F. ) ;
#7310 = EDGE_CURVE ( 'NONE', #10780, #8594, #6719, .T. ) ;
#7311 = ORIENTED_EDGE ( 'NONE', *, *, #4958, .T. ) ;
#7312 = DIRECTION ( 'NONE',  ( 0.0000000000000000000, 0.0000000000000000000, -1.000000000000000000 ) ) ;
#7313 = FILL_AREA_STYLE_COLOUR ( '', #3331 ) ;
#7314 = DIRECTION ( 'NONE',  ( -0.0000000000000000000, 1.000000000000000000, 1.314184451497582492E-16 ) ) ;
#7315 = VERTEX_POINT ( 'NONE', #5885 ) ;
#7316 = UNCERTAINTY_MEASURE_WITH_UNIT (LENGTH_MEASURE( 1.000000000000000082E-05 ), #1219, 'distance_accuracy_value', 'NONE');
#7317 = CARTESIAN_POINT ( 'NONE',  ( 24.50000000000000000, -18.24828759089465535, 8.999999999999998224 ) ) ;
#7318 = AXIS2_PLACEMENT_3D ( 'NONE', #5107, #7453, #10804 ) ;
#7319 = CIRCLE ( 'NONE', #6080, 4.411345746565307202 ) ;
#7320 = VECTOR ( 'NONE', #4727, 1000.000000000000000 ) ;
#7321 = ORIENTED_EDGE ( 'NONE', *, *, #8133, .T. ) ;
#7322 = MECHANICAL_DESIGN_GEOMETRIC_PRESENTATION_REPRESENTATION (  '', ( #6959 ), #3410 ) ;
#7323 = LINE ( 'NONE', #8823, #9839 ) ;
#7324 = EDGE_CURVE ( 'NONE', #4890, #2277, #9325, .T. ) ;
#7325 =( NAMED_UNIT ( * ) PLANE_ANGLE_UNIT ( ) SI_UNIT ( $, .RADIAN. ) );
#7326 =( NAMED_UNIT ( * ) SI_UNIT ( $, .STERADIAN. ) SOLID_ANGLE_UNIT ( ) );
#7327 = VECTOR ( 'NONE', #8323, 1000.000000000000000 ) ;
#7328 = ADVANCED_FACE ( 'NONE', ( #1684 ), #8491, .T. ) ;
#7329 = ORIENTED_EDGE ( 'NONE', *, *, #2586, .T. ) ;
#7330 = DIRECTION ( 'NONE',  ( -1.000000000000000000, -0.0000000000000000000, -0.0000000000000000000 ) ) ;
#7331 = AXIS2_PLACEMENT_3D ( 'NONE', #78, #6711, #8423 ) ;
#7332 = PRESENTATION_LAYER_ASSIGNMENT (  '', '', ( #10148 ) ) ;
#7333 = LINE ( 'NONE', #8044, #6614 ) ;
#7334 = DIRECTION ( 'NONE',  ( 0.0000000000000000000, 0.0000000000000000000, -1.000000000000000000 ) ) ;
#7335 = CARTESIAN_POINT ( 'NONE',  ( 11.99999999999999822, -18.24828759089465535, 4.500000000000087930 ) ) ;
#7336 = DIRECTION ( 'NONE',  ( 0.0000000000000000000, -1.000000000000000000, 0.0000000000000000000 ) ) ;
#7337 = DIRECTION ( 'NONE',  ( 1.000000000000000000, 0.0000000000000000000, 3.326525289697788964E-16 ) ) ;
#7338 = ORIENTED_EDGE ( 'NONE', *, *, #782, .T. ) ;
#7339 = AXIS2_PLACEMENT_3D ( 'NONE', #1794, #4214, #10847 ) ;
#7340 = AXIS2_PLACEMENT_3D ( 'NONE', #3032, #10774, #519 ) ;
#7341 = EDGE_CURVE ( 'NONE', #471, #1031, #5427, .T. ) ;
#7342 = CIRCLE ( 'NONE', #3765, 1.993034753127727488 ) ;
#7343 = FACE_OUTER_BOUND ( 'NONE', #1144, .T. ) ;
#7344 = ORIENTED_EDGE ( 'NONE', *, *, #6503, .F. ) ;
#7345 = CARTESIAN_POINT ( 'NONE',  ( 5.894697078383449806, 13.89999999999999680, 0.6053029216165489723 ) ) ;
#7346 = CARTESIAN_POINT ( 'NONE',  ( -24.49999999999999289, 8.899999999999998579, 6.599999999999996092 ) ) ;
#7347 = ORIENTED_EDGE ( 'NONE', *, *, #1711, .F. ) ;
#7348 = AXIS2_PLACEMENT_3D ( 'NONE', #1635, #6668, #4988 ) ;
#7349 = LINE ( 'NONE', #3854, #10318 ) ;
#7350 = CARTESIAN_POINT ( 'NONE',  ( 14.81519660974405639, 11.39999999999999858, -5.114085138899324257 ) ) ;
#7351 = EDGE_LOOP ( 'NONE', ( #386, #1195, #7247, #3256 ) ) ;
#7352 = LINE ( 'NONE', #8967, #7009 ) ;
#7353 = MECHANICAL_DESIGN_GEOMETRIC_PRESENTATION_REPRESENTATION (  '', ( #6635 ), #10538 ) ;
#7354 = VECTOR ( 'NONE', #6655, 1000.000000000000000 ) ;
#7355 = DIRECTION ( 'NONE',  ( 0.0000000000000000000, 0.0000000000000000000, -1.000000000000000000 ) ) ;
#7356 = ORIENTED_EDGE ( 'NONE', *, *, #9432, .T. ) ;
#7357 = DIRECTION ( 'NONE',  ( 0.0000000000000000000, -1.000000000000000000, -1.239088197126289880E-15 ) ) ;
#7358 = ORIENTED_EDGE ( 'NONE', *, *, #1920, .T. ) ;
#7359 = FILL_AREA_STYLE ('',( #9125 ) ) ;
#7360 = DIRECTION ( 'NONE',  ( -0.0000000000000000000, 1.000000000000000000, -0.0000000000000000000 ) ) ;
#7361 = CARTESIAN_POINT ( 'NONE',  ( -13.75000000000000000, 0.0000000000000000000, 7.999999999999998224 ) ) ;
#7362 =( GEOMETRIC_REPRESENTATION_CONTEXT ( 3 ) GLOBAL_UNCERTAINTY_ASSIGNED_CONTEXT ( ( #4627 ) ) GLOBAL_UNIT_ASSIGNED_CONTEXT ( ( #3098, #4545, #3715 ) ) REPRESENTATION_CONTEXT ( 'NONE', 'WORKASPACE' ) );
#7363 = DIRECTION ( 'NONE',  ( 0.0000000000000000000, -0.0000000000000000000, -1.000000000000000000 ) ) ;
#7364 = ORIENTED_EDGE ( 'NONE', *, *, #3611, .F. ) ;
#7365 = EDGE_CURVE ( 'NONE', #5716, #7811, #1182, .T. ) ;
#7366 = PRESENTATION_LAYER_ASSIGNMENT (  '', '', ( #4885 ) ) ;
#7367 =( NAMED_UNIT ( * ) PLANE_ANGLE_UNIT ( ) SI_UNIT ( $, .RADIAN. ) );
#7368 = EDGE_LOOP ( 'NONE', ( #9755, #1274, #361, #7166 ) ) ;
#7369 = FILL_AREA_STYLE ('',( #10671 ) ) ;
#7370 = VECTOR ( 'NONE', #5776, 1000.000000000000000 ) ;
#7371 = DIRECTION ( 'NONE',  ( -1.000000000000000000, 0.0000000000000000000, 0.0000000000000000000 ) ) ;
#7372 = FACE_OUTER_BOUND ( 'NONE', #4872, .T. ) ;
#7373 = VERTEX_POINT ( 'NONE', #4319 ) ;
#7374 = LINE ( 'NONE', #4648, #9384 ) ;
#7375 = ORIENTED_EDGE ( 'NONE', *, *, #5010, .F. ) ;
#7376 = COLOUR_RGB ( '',0.8980392156862745390, 0.8980392156862745390, 0.8980392156862745390 ) ;
#7377 = EDGE_LOOP ( 'NONE', ( #9274, #9332, #4701, #1787 ) ) ;
#7378 = LINE ( 'NONE', #27, #8236 ) ;
#7379 = EDGE_CURVE ( 'NONE', #1882, #3346, #8820, .T. ) ;
#7380 = VECTOR ( 'NONE', #4010, 1000.000000000000000 ) ;
#7381 = LINE ( 'NONE', #8366, #652 ) ;
#7382 = CARTESIAN_POINT ( 'NONE',  ( 24.50000000000000000, 20.99999999999999645, -4.499999999999997335 ) ) ;
#7383 = ORIENTED_EDGE ( 'NONE', *, *, #8726, .F. ) ;
#7384 =( NAMED_UNIT ( * ) PLANE_ANGLE_UNIT ( ) SI_UNIT ( $, .RADIAN. ) );
#7385 = VECTOR ( 'NONE', #6038, 1000.000000000000000 ) ;
#7386 = SURFACE_STYLE_FILL_AREA ( #1251 ) ;
#7387 = CARTESIAN_POINT ( 'NONE',  ( -11.50000000000000000, 2.800000000000008260, -8.999999999999989342 ) ) ;
#7388 = SURFACE_SIDE_STYLE ('',( #1462 ) ) ;
#7389 = LINE ( 'NONE', #7335, #5737 ) ;
#7390 = SURFACE_STYLE_USAGE ( .BOTH. , #489 ) ;
#7391 =( NAMED_UNIT ( * ) PLANE_ANGLE_UNIT ( ) SI_UNIT ( $, .RADIAN. ) );
#7392 = ORIENTED_EDGE ( 'NONE', *, *, #2058, .T. ) ;
#7393 = EDGE_CURVE ( 'NONE', #8644, #6034, #9587, .T. ) ;
#7394 = AXIS2_PLACEMENT_3D ( 'NONE', #3223, #2468, #10105 ) ;
#7395 = APPLICATION_CONTEXT ( 'automotive_design' ) ;
#7396 = EDGE_CURVE ( 'NONE', #1879, #7594, #1903, .T. ) ;
#7397 = DIRECTION ( 'NONE',  ( 0.0000000000000000000, 0.0000000000000000000, 1.000000000000000000 ) ) ;
#7398 =( NAMED_UNIT ( * ) PLANE_ANGLE_UNIT ( ) SI_UNIT ( $, .RADIAN. ) );
#7399 = ORIENTED_EDGE ( 'NONE', *, *, #7591, .T. ) ;
#7400 = CARTESIAN_POINT ( 'NONE',  ( -27.50000000000000000, 8.900000000000000355, -6.099999999999992539 ) ) ;
#7401 = EDGE_LOOP ( 'NONE', ( #6536, #8760, #9074, #6429 ) ) ;
#7402 = CIRCLE ( 'NONE', #3858, 1.000000000000000000 ) ;
#7403 = EDGE_CURVE ( 'NONE', #5051, #2689, #149, .T. ) ;
#7404 = FACE_OUTER_BOUND ( 'NONE', #8470, .T. ) ;
#7405 = CARTESIAN_POINT ( 'NONE',  ( -7.105302921616549305, 13.89999999999999680, 0.6053029216165489723 ) ) ;
#7406 = UNCERTAINTY_MEASURE_WITH_UNIT (LENGTH_MEASURE( 1.000000000000000082E-05 ), #5703, 'distance_accuracy_value', 'NONE');
#7407 = EDGE_LOOP ( 'NONE', ( #2542, #6344, #1404, #6572 ) ) ;
#7408 = EDGE_CURVE ( 'NONE', #7006, #3495, #7926, .T. ) ;
#7409 = CARTESIAN_POINT ( 'NONE',  ( -5.894697078383451583, 15.89999999999999680, -2.234934561338733250 ) ) ;
#7410 = CLOSED_SHELL ( 'NONE', ( #3524, #1326, #9891, #294, #4001, #10071, #5694, #283, #9349, #9081, #10499, #7569, #1891, #5018, #7194, #9103, #5237, #9836, #7516, #3125, #2988, #8544, #8971, #8329, #4441, #10031, #8013, #4245, #3050, #6185, #6712, #7036, #7665, #7996, #2841, #2017, #7328, #1314, #7191, #10608, #6577, #9955, #8683, #3244, #1046, #10886, #4891, #2337, #7131, #5895, #6929, #9622, #10484, #8476, #8688, #525, #8905, #8163, #972, #8410, #8284, #6695, #5636, #10623, #3931, #3938, #1954, #5481, #8385, #4173, #4038, #8577, #4671, #7855, #6652, #1217, #6882, #5564, #1990, #6580, #9290, #6834, #3485, #3650, #9377, #1208, #6682, #373, #7255, #9908, #4334, #1420, #48, #7929, #4586, #9426, #318, #4380, #4615, #5812, #7941, #4073, #732, #10653, #3702, #7242, #1789, #9956, #1997, #2137, #5909, #3465, #10617, #2308, #174, #89, #8128, #638, #10156, #8813, #5133, #2068, #4202, #2851, #3932, #7675, #7070, #7165, #7867, #3910, #2915, #2416, #447, #3128, #10424, #4432, #2688, #1679, #3445, #8519, #8766, #3857, #3034, #945, #579, #4531, #10301, #10817, #8106, #8469, #507, #2391, #8185, #4619, #9229, #5222, #8698, #4338, #10440, #10287, #6660, #4539, #6196, #7790, #5055, #587, #8275, #10524, #2706, #7839, #770, #6607, #10540, #6330, #6184, #440, #2456, #9496, #6237, #5320, #9946, #7071, #8509, #7277, #5295, #7825, #3247, #5423, #3634, #9488, #5178, #302, #2474, #1518, #8741, #1393, #10631, #3357, #1502, #7600, #10885, #4862, #3099, #10102, #6291, #2268, #4389, #5068, #8756, #9801, #5153, #5679, #3872, #4272, #2525, #9031, #8, #5764, #2256, #1451, #10690, #3806, #9136, #8883, #2519, #5853, #7904, #8964, #7456, #6396, #9191, #10724, #8257, #8533, #5495, #3023, #10009, #4014, #4628, #8353, #7727, #7857, #106, #4762, #5888, #5829, #5840, #10576, #1011, #8077, #8047, #1440, #9484, #9842, #1855, #5613, #2847, #10896, #5455, #5336, #3961, #10110, #781, #9550 ) ) ;
#7411 =( GEOMETRIC_REPRESENTATION_CONTEXT ( 3 ) GLOBAL_UNCERTAINTY_ASSIGNED_CONTEXT ( ( #5633 ) ) GLOBAL_UNIT_ASSIGNED_CONTEXT ( ( #3375, #9258, #1682 ) ) REPRESENTATION_CONTEXT ( 'NONE', 'WORKASPACE' ) );
#7412 = ORIENTED_EDGE ( 'NONE', *, *, #4928, .T. ) ;
#7413 =( NAMED_UNIT ( * ) SI_UNIT ( $, .STERADIAN. ) SOLID_ANGLE_UNIT ( ) );
#7414 = EDGE_CURVE ( 'NONE', #3453, #10149, #4500, .T. ) ;
#7415 = EDGE_LOOP ( 'NONE', ( #5656, #231, #8354, #7423 ) ) ;
#7416 = DIRECTION ( 'NONE',  ( 0.0000000000000000000, 1.000000000000000000, 1.314184451497582245E-16 ) ) ;
#7417 = DIRECTION ( 'NONE',  ( -0.0000000000000000000, 0.0000000000000000000, -1.000000000000000000 ) ) ;
#7418 = PRESENTATION_STYLE_ASSIGNMENT (( #1609 ) ) ;
#7419 = VERTEX_POINT ( 'NONE', #2666 ) ;
#7420 = LINE ( 'NONE', #10713, #4341 ) ;
#7421 = COLOUR_RGB ( '',0.8980392156862745390, 0.8980392156862745390, 0.8980392156862745390 ) ;
#7422 =( GEOMETRIC_REPRESENTATION_CONTEXT ( 3 ) GLOBAL_UNCERTAINTY_ASSIGNED_CONTEXT ( ( #6960 ) ) GLOBAL_UNIT_ASSIGNED_CONTEXT ( ( #4321, #7769, #2668 ) ) REPRESENTATION_CONTEXT ( 'NONE', 'WORKASPACE' ) );
#7423 = ORIENTED_EDGE ( 'NONE', *, *, #8227, .F. ) ;
#7424 = ORIENTED_EDGE ( 'NONE', *, *, #10836, .T. ) ;
#7425 = VECTOR ( 'NONE', #5585, 1000.000000000000000 ) ;
#7426 = LINE ( 'NONE', #3145, #10332 ) ;
#7427 =( LENGTH_UNIT ( ) NAMED_UNIT ( * ) SI_UNIT ( .MILLI., .METRE. ) );
#7428 = ORIENTED_EDGE ( 'NONE', *, *, #5111, .T. ) ;
#7429 = EDGE_CURVE ( 'NONE', #8210, #4133, #4481, .T. ) ;
#7430 = AXIS2_PLACEMENT_3D ( 'NONE', #8687, #7959, #400 ) ;
#7431 = CARTESIAN_POINT ( 'NONE',  ( -20.50000000000000000, -2.750000000000000000, 0.5000000000000031086 ) ) ;
#7432 = ORIENTED_EDGE ( 'NONE', *, *, #4404, .F. ) ;
#7433 = ORIENTED_EDGE ( 'NONE', *, *, #6490, .T. ) ;
#7434 = DIRECTION ( 'NONE',  ( 0.0000000000000000000, 1.000000000000000000, 1.314184451497582245E-16 ) ) ;
#7435 = VECTOR ( 'NONE', #6501, 1000.000000000000000 ) ;
#7436 =( NAMED_UNIT ( * ) PLANE_ANGLE_UNIT ( ) SI_UNIT ( $, .RADIAN. ) );
#7437 = PRESENTATION_LAYER_ASSIGNMENT (  '', '', ( #4948 ) ) ;
#7438 = DIRECTION ( 'NONE',  ( -1.000000000000000000, 0.0000000000000000000, 0.0000000000000000000 ) ) ;
#7439 = ORIENTED_EDGE ( 'NONE', *, *, #9364, .F. ) ;
#7440 = DIRECTION ( 'NONE',  ( -1.000000000000000000, -1.013220719900694238E-31, 7.709882115452484083E-16 ) ) ;
#7441 = SURFACE_STYLE_FILL_AREA ( #4047 ) ;
#7442 = DIRECTION ( 'NONE',  ( 5.987745521456020037E-16, 0.0000000000000000000, 1.000000000000000000 ) ) ;
#7443 = LINE ( 'NONE', #7656, #9175 ) ;
#7444 = DIRECTION ( 'NONE',  ( 0.0000000000000000000, 0.0000000000000000000, -1.000000000000000000 ) ) ;
#7445 = STYLED_ITEM ( 'NONE', ( #7870 ), #6660 ) ;
#7446 = PLANE ( 'NONE',  #7854 ) ;
#7447 = CARTESIAN_POINT ( 'NONE',  ( 6.499999999999999112, 11.89999999999999858, -1.993034753127726821 ) ) ;
#7448 = ORIENTED_EDGE ( 'NONE', *, *, #2126, .T. ) ;
#7449 = DIRECTION ( 'NONE',  ( 1.000000000000000000, 0.0000000000000000000, 0.0000000000000000000 ) ) ;
#7450 = EDGE_LOOP ( 'NONE', ( #9176, #5725, #636, #3284 ) ) ;
#7451 =( NAMED_UNIT ( * ) SI_UNIT ( $, .STERADIAN. ) SOLID_ANGLE_UNIT ( ) );
#7452 =( NAMED_UNIT ( * ) SI_UNIT ( $, .STERADIAN. ) SOLID_ANGLE_UNIT ( ) );
#7453 = DIRECTION ( 'NONE',  ( 0.0000000000000000000, 1.000000000000000000, 0.0000000000000000000 ) ) ;
#7454 = FACE_BOUND ( 'NONE', #1769, .T. ) ;
#7455 = ORIENTED_EDGE ( 'NONE', *, *, #6775, .F. ) ;
#7456 = ADVANCED_FACE ( 'NONE', ( #1955 ), #6113, .F. ) ;
#7457 = SURFACE_STYLE_USAGE ( .BOTH. , #6516 ) ;
#7458 = DIRECTION ( 'NONE',  ( -1.000000000000000000, 0.0000000000000000000, 1.330610115879115536E-16 ) ) ;
#7459 = FILL_AREA_STYLE ('',( #558 ) ) ;
#7460 = EDGE_CURVE ( 'NONE', #3824, #6161, #10420, .T. ) ;
#7461 = DIRECTION ( 'NONE',  ( -1.000000000000000000, 0.0000000000000000000, -0.0000000000000000000 ) ) ;
#7462 = CARTESIAN_POINT ( 'NONE',  ( 27.50000000000000000, 19.99999999999999289, 8.000000000000000000 ) ) ;
#7463 = ORIENTED_EDGE ( 'NONE', *, *, #3438, .F. ) ;
#7465 = EDGE_CURVE ( 'NONE', #8320, #560, #8735, .T. ) ;
#7464 = CARTESIAN_POINT ( 'NONE',  ( 19.50000000000000000, 11.89999999999999858, 8.673617379884035472E-16 ) ) ;
#7466 = EDGE_CURVE ( 'NONE', #9863, #6361, #4542, .T. ) ;
#7467 = FACE_OUTER_BOUND ( 'NONE', #5454, .T. ) ;
#7468 = ORIENTED_EDGE ( 'NONE', *, *, #9226, .T. ) ;
#7469 = PRESENTATION_STYLE_ASSIGNMENT (( #3350 ) ) ;
#7470 = PLANE ( 'NONE',  #2573 ) ;
#7471 = ORIENTED_EDGE ( 'NONE', *, *, #7615, .T. ) ;
#7472 = EDGE_CURVE ( 'NONE', #9592, #10344, #9648, .T. ) ;
#7473 = FILL_AREA_STYLE ('',( #10772 ) ) ;
#7474 = DIRECTION ( 'NONE',  ( 1.000000000000000000, 1.013220719900693144E-31, -7.709882115452476194E-16 ) ) ;
#7475 = VERTEX_POINT ( 'NONE', #3763 ) ;
#7476 = ORIENTED_EDGE ( 'NONE', *, *, #6894, .T. ) ;
#7477 = VERTEX_POINT ( 'NONE', #10532 ) ;
#7478 = CARTESIAN_POINT ( 'NONE',  ( -0.7500000000000006661, 19.00000000000000000, 7.999999999999998224 ) ) ;
#7479 = PLANE ( 'NONE',  #6003 ) ;
#7480 = CARTESIAN_POINT ( 'NONE',  ( -5.894697078383451583, 15.89999999999999680, 2.234934561338733250 ) ) ;
#7481 = VERTEX_POINT ( 'NONE', #7979 ) ;
#7482 = LINE ( 'NONE', #9359, #7900 ) ;
#7483 = ORIENTED_EDGE ( 'NONE', *, *, #8872, .F. ) ;
#7484 = ORIENTED_EDGE ( 'NONE', *, *, #1552, .T. ) ;
#7485 = MECHANICAL_DESIGN_GEOMETRIC_PRESENTATION_REPRESENTATION (  '', ( #8906 ), #2350 ) ;
#7486 = CARTESIAN_POINT ( 'NONE',  ( 24.18480339025593651, 11.39999999999999858, 5.114085138899327809 ) ) ;
#7487 = CIRCLE ( 'NONE', #6766, 0.5000000000000004441 ) ;
#7488 = FACE_OUTER_BOUND ( 'NONE', #1481, .T. ) ;
#7489 = CARTESIAN_POINT ( 'NONE',  ( 6.499999999999999112, 14.89999999999999680, 8.673617379884035472E-16 ) ) ;
#7490 = EDGE_LOOP ( 'NONE', ( #9032, #9577, #2250, #2534 ) ) ;
#7491 = CARTESIAN_POINT ( 'NONE',  ( -11.50000000000000000, -18.24828759089465535, 4.500000000000269118 ) ) ;
#7492 = DIRECTION ( 'NONE',  ( 0.0000000000000000000, 1.314184451497582245E-16, -1.000000000000000000 ) ) ;
#7493 = SURFACE_SIDE_STYLE ('',( #4101 ) ) ;
#7494 = CARTESIAN_POINT ( 'NONE',  ( 19.50000000000000000, 11.89999999999999858, -3.411345746565306758 ) ) ;
#7495 = CARTESIAN_POINT ( 'NONE',  ( 11.18480339025593473, 9.399999999999998579, 5.114085138899327809 ) ) ;
#7496 = LINE ( 'NONE', #9933, #7056 ) ;
#7497 = VECTOR ( 'NONE', #10397, 1000.000000000000000 ) ;
#7498 = ORIENTED_EDGE ( 'NONE', *, *, #58, .T. ) ;
#7499 = CARTESIAN_POINT ( 'NONE',  ( 7.500000000000000000, -0.0000000000000000000, -0.4999999999999968914 ) ) ;
#7500 = PRESENTATION_LAYER_ASSIGNMENT (  '', '', ( #10654 ) ) ;
#7501 = LINE ( 'NONE', #4326, #9896 ) ;
#7502 = EDGE_CURVE ( 'NONE', #10723, #7736, #2128, .T. ) ;
#7503 = VECTOR ( 'NONE', #4930, 1000.000000000000000 ) ;
#7504 = AXIS2_PLACEMENT_3D ( 'NONE', #9321, #144, #6925 ) ;
#7505 = ORIENTED_EDGE ( 'NONE', *, *, #3273, .T. ) ;
#7506 = DIRECTION ( 'NONE',  ( 0.0000000000000000000, 0.0000000000000000000, -1.000000000000000000 ) ) ;
#7507 = CARTESIAN_POINT ( 'NONE',  ( 5.894697078383449806, 15.89999999999999680, 0.6053029216165489723 ) ) ;
#7508 = ORIENTED_EDGE ( 'NONE', *, *, #6570, .T. ) ;
#7509 = CARTESIAN_POINT ( 'NONE',  ( -26.75000000000000000, 19.00000000000000000, -7.999999999999998224 ) ) ;
#7510 = COLOUR_RGB ( '',0.8980392156862745390, 0.8980392156862745390, 0.8980392156862745390 ) ;
#7511 = AXIS2_PLACEMENT_3D ( 'NONE', #1088, #3557, #6180 ) ;
#7512 = AXIS2_PLACEMENT_3D ( 'NONE', #8847, #9671, #4778 ) ;
#7513 = AXIS2_PLACEMENT_3D ( 'NONE', #675, #1386, #2273 ) ;
#7514 = ORIENTED_EDGE ( 'NONE', *, *, #8618, .F. ) ;
#7515 = CARTESIAN_POINT ( 'NONE',  ( 19.50000000000000000, 11.39999999999999858, 8.673617379884035472E-16 ) ) ;
#7516 = ADVANCED_FACE ( 'NONE', ( #2940, #1236 ), #5487, .T. ) ;
#7517 = SURFACE_STYLE_USAGE ( .BOTH. , #4121 ) ;
#7518 = VECTOR ( 'NONE', #5949, 1000.000000000000000 ) ;
#7519 = SURFACE_STYLE_USAGE ( .BOTH. , #6075 ) ;
#7520 = VERTEX_POINT ( 'NONE', #9170 ) ;
#7521 = DIRECTION ( 'NONE',  ( 0.0000000000000000000, 0.0000000000000000000, 1.000000000000000000 ) ) ;
#7522 = LINE ( 'NONE', #9070, #104 ) ;
#7523 =( LENGTH_UNIT ( ) NAMED_UNIT ( * ) SI_UNIT ( .MILLI., .METRE. ) );
#7524 = EDGE_CURVE ( 'NONE', #8723, #422, #9224, .T. ) ;
#7525 = ORIENTED_EDGE ( 'NONE', *, *, #6335, .T. ) ;
#7526 = EDGE_CURVE ( 'NONE', #956, #4463, #5903, .T. ) ;
#7527 = EDGE_CURVE ( 'NONE', #4463, #1995, #5849, .T. ) ;
#7528 =( NAMED_UNIT ( * ) SI_UNIT ( $, .STERADIAN. ) SOLID_ANGLE_UNIT ( ) );
#7529 = ORIENTED_EDGE ( 'NONE', *, *, #10086, .T. ) ;
#7530 = CYLINDRICAL_SURFACE ( 'NONE', #6885, 1.000000000000000000 ) ;
#7531 = AXIS2_PLACEMENT_3D ( 'NONE', #8388, #10049, #10268 ) ;
#7532 = MECHANICAL_DESIGN_GEOMETRIC_PRESENTATION_REPRESENTATION (  '', ( #5756 ), #1523 ) ;
#7533 = ORIENTED_EDGE ( 'NONE', *, *, #5264, .T. ) ;
#7534 = CARTESIAN_POINT ( 'NONE',  ( 14.49999999999999467, 5.200000000000001066, -6.599999999999994316 ) ) ;
#7535 = DIRECTION ( 'NONE',  ( 0.0000000000000000000, 1.000000000000000000, 0.0000000000000000000 ) ) ;
#7536 = CARTESIAN_POINT ( 'NONE',  ( -18.50000000000000000, -3.750000000000000000, 0.5000000000000031086 ) ) ;
#7537 = ORIENTED_EDGE ( 'NONE', *, *, #3420, .T. ) ;
#7538 = EDGE_CURVE ( 'NONE', #1289, #6267, #10834, .T. ) ;
#7539 = UNCERTAINTY_MEASURE_WITH_UNIT (LENGTH_MEASURE( 1.000000000000000082E-05 ), #1253, 'distance_accuracy_value', 'NONE');
#7540 = CARTESIAN_POINT ( 'NONE',  ( -4.265065438661267194, 13.89999999999999680, 0.6053029216165494164 ) ) ;
#7541 = ORIENTED_EDGE ( 'NONE', *, *, #9692, .T. ) ;
#7542 = ORIENTED_EDGE ( 'NONE', *, *, #4255, .T. ) ;
#7543 = CARTESIAN_POINT ( 'NONE',  ( 7.500000000000000000, -2.750000000000000000, 0.5000000000000031086 ) ) ;
#7544 = VECTOR ( 'NONE', #4927, 1000.000000000000000 ) ;
#7545 = LINE ( 'NONE', #7707, #3419 ) ;
#7546 = CARTESIAN_POINT ( 'NONE',  ( -11.50000000000000000, 8.899999999999998579, 6.099999999999996092 ) ) ;
#7547 = VECTOR ( 'NONE', #6924, 1000.000000000000000 ) ;
#7548 = ORIENTED_EDGE ( 'NONE', *, *, #1095, .F. ) ;
#7549 = CARTESIAN_POINT ( 'NONE',  ( -14.49999999999999822, 20.99999999999999645, -4.499999999999724665 ) ) ;
#7550 = FILL_AREA_STYLE_COLOUR ( '', #2013 ) ;
#7551 = PLANE ( 'NONE',  #10914 ) ;
#7552 =( NAMED_UNIT ( * ) SI_UNIT ( $, .STERADIAN. ) SOLID_ANGLE_UNIT ( ) );
#7553 = CIRCLE ( 'NONE', #1536, 0.5000000000000004441 ) ;
#7554 = EDGE_CURVE ( 'NONE', #10854, #9041, #2413, .T. ) ;
#7555 = DIRECTION ( 'NONE',  ( -0.0000000000000000000, -1.000000000000000000, -0.0000000000000000000 ) ) ;
#7556 = CARTESIAN_POINT ( 'NONE',  ( 48.33386665984021136, 22.10000000000017906, 8.000000000000000000 ) ) ;
#7557 = VECTOR ( 'NONE', #1869, 1000.000000000000114 ) ;
#7558 = ORIENTED_EDGE ( 'NONE', *, *, #5986, .F. ) ;
#7559 = CARTESIAN_POINT ( 'NONE',  ( -27.50000000000000000, 20.00000000000000711, -10.09999999999980247 ) ) ;
#7560 = STYLED_ITEM ( 'NONE', ( #8362 ), #4001 ) ;
#7561 = ORIENTED_EDGE ( 'NONE', *, *, #1051, .T. ) ;
#7562 = DIRECTION ( 'NONE',  ( -1.000000000000000000, 0.0000000000000000000, -0.0000000000000000000 ) ) ;
#7563 =( NAMED_UNIT ( * ) SI_UNIT ( $, .STERADIAN. ) SOLID_ANGLE_UNIT ( ) );
#7564 = AXIS2_PLACEMENT_3D ( 'NONE', #8944, #1297, #5611 ) ;
#7565 = SURFACE_STYLE_FILL_AREA ( #8441 ) ;
#7566 = CARTESIAN_POINT ( 'NONE',  ( -1.499999999999997780, 5.200000000000000178, 6.599999999999996092 ) ) ;
#7567 = ORIENTED_EDGE ( 'NONE', *, *, #9591, .T. ) ;
#7568 = LINE ( 'NONE', #9387, #9745 ) ;
#7569 = ADVANCED_FACE ( 'NONE', ( #5050 ), #3282, .T. ) ;
#7570 = VERTEX_POINT ( 'NONE', #10107 ) ;
#7571 =( NAMED_UNIT ( * ) PLANE_ANGLE_UNIT ( ) SI_UNIT ( $, .RADIAN. ) );
#7572 = CARTESIAN_POINT ( 'NONE',  ( -24.18480339025594361, 11.39999999999999858, -5.114085138899324257 ) ) ;
#7573 = VECTOR ( 'NONE', #4779, 1000.000000000000000 ) ;
#7574 = DIRECTION ( 'NONE',  ( 0.0000000000000000000, 0.0000000000000000000, 1.000000000000000000 ) ) ;
#7575 = CARTESIAN_POINT ( 'NONE',  ( 25.25000000000000000, 0.0000000000000000000, -8.999999999999998224 ) ) ;
#7576 = ORIENTED_EDGE ( 'NONE', *, *, #10142, .F. ) ;
#7577 = DIRECTION ( 'NONE',  ( 1.000000000000000000, 0.0000000000000000000, 0.0000000000000000000 ) ) ;
#7578 = EDGE_CURVE ( 'NONE', #2763, #6933, #1589, .T. ) ;
#7579 = CARTESIAN_POINT ( 'NONE',  ( -27.49999999999999645, 9.400000000000000355, -4.499999999999768185 ) ) ;
#7580 =( GEOMETRIC_REPRESENTATION_CONTEXT ( 3 ) GLOBAL_UNCERTAINTY_ASSIGNED_CONTEXT ( ( #6422 ) ) GLOBAL_UNIT_ASSIGNED_CONTEXT ( ( #9929, #7384, #1249 ) ) REPRESENTATION_CONTEXT ( 'NONE', 'WORKASPACE' ) );
#7581 = ORIENTED_EDGE ( 'NONE', *, *, #6270, .F. ) ;
#7582 = COLOUR_RGB ( '',0.8980392156862745390, 0.8980392156862745390, 0.8980392156862745390 ) ;
#7583 = FACE_OUTER_BOUND ( 'NONE', #3651, .T. ) ;
#7584 = DIRECTION ( 'NONE',  ( 0.0000000000000000000, 0.0000000000000000000, 1.000000000000000000 ) ) ;
#7585 = VECTOR ( 'NONE', #490, 1000.000000000000000 ) ;
#7586 = VERTEX_POINT ( 'NONE', #717 ) ;
#7587 = VERTEX_POINT ( 'NONE', #6772 ) ;
#7588 =( NAMED_UNIT ( * ) SI_UNIT ( $, .STERADIAN. ) SOLID_ANGLE_UNIT ( ) );
#7589 = FILL_AREA_STYLE ('',( #2439 ) ) ;
#7590 = CARTESIAN_POINT ( 'NONE',  ( 0.0000000000000000000, 20.00000000000000000, -7.999999999999976019 ) ) ;
#7591 = EDGE_CURVE ( 'NONE', #3755, #5705, #5353, .T. ) ;
#7592 = CIRCLE ( 'NONE', #4035, 0.5000000000000004441 ) ;
#7593 = PLANE ( 'NONE',  #10398 ) ;
#7594 = VERTEX_POINT ( 'NONE', #10050 ) ;
#7595 = ORIENTED_EDGE ( 'NONE', *, *, #2716, .F. ) ;
#7596 = COLOUR_RGB ( '',0.8980392156862745390, 0.8980392156862745390, 0.8980392156862745390 ) ;
#7597 = LINE ( 'NONE', #2100, #5407 ) ;
#7598 = DIRECTION ( 'NONE',  ( 0.0000000000000000000, 0.0000000000000000000, 1.000000000000000000 ) ) ;
#7599 = AXIS2_PLACEMENT_3D ( 'NONE', #4521, #9573, #2698 ) ;
#7600 = ADVANCED_FACE ( 'NONE', ( #2888, #1856 ), #9545, .T. ) ;
#7601 = DIRECTION ( 'NONE',  ( -1.000000000000000000, 0.0000000000000000000, 0.0000000000000000000 ) ) ;
#7602 = ORIENTED_EDGE ( 'NONE', *, *, #9764, .F. ) ;
#7603 = CARTESIAN_POINT ( 'NONE',  ( -4.265065438661267194, 13.89999999999999680, -0.6053029216165494164 ) ) ;
#7604 =( GEOMETRIC_REPRESENTATION_CONTEXT ( 3 ) GLOBAL_UNCERTAINTY_ASSIGNED_CONTEXT ( ( #9411 ) ) GLOBAL_UNIT_ASSIGNED_CONTEXT ( ( #2477, #6481, #5478 ) ) REPRESENTATION_CONTEXT ( 'NONE', 'WORKASPACE' ) );
#7605 = CARTESIAN_POINT ( 'NONE',  ( 19.50000000000000000, -3.750000000000000000, -0.4999999999999968914 ) ) ;
#7606 = CARTESIAN_POINT ( 'NONE',  ( 1.500000000000004885, -18.24828759089465535, -4.499999999999821476 ) ) ;
#7607 = LINE ( 'NONE', #38, #224 ) ;
#7608 = EDGE_CURVE ( 'NONE', #9961, #4967, #8663, .T. ) ;
#7609 = SURFACE_STYLE_FILL_AREA ( #816 ) ;
#7610 = LINE ( 'NONE', #8378, #6029 ) ;
#7611 = LINE ( 'NONE', #7556, #2623 ) ;
#7612 = VERTEX_POINT ( 'NONE', #4494 ) ;
#7613 = VECTOR ( 'NONE', #2802, 1000.000000000000000 ) ;
#7614 = FILL_AREA_STYLE ('',( #6768 ) ) ;
#7615 = EDGE_CURVE ( 'NONE', #3200, #2629, #8777, .T. ) ;
#7616 = ORIENTED_EDGE ( 'NONE', *, *, #3665, .F. ) ;
#7617 = AXIS2_PLACEMENT_3D ( 'NONE', #878, #3450, #5956 ) ;
#7618 =( LENGTH_UNIT ( ) NAMED_UNIT ( * ) SI_UNIT ( .MILLI., .METRE. ) );
#7619 = DIRECTION ( 'NONE',  ( 0.0000000000000000000, 0.0000000000000000000, -1.000000000000000000 ) ) ;
#7620 = FACE_OUTER_BOUND ( 'NONE', #9756, .T. ) ;
#7621 = ORIENTED_EDGE ( 'NONE', *, *, #9624, .T. ) ;
#7622 = CARTESIAN_POINT ( 'NONE',  ( 6.499999999999999112, -3.750000000000000000, -0.4999999999999968914 ) ) ;
#7623 = VERTEX_POINT ( 'NONE', #9594 ) ;
#7624 = LINE ( 'NONE', #9339, #8973 ) ;
#7625 = CARTESIAN_POINT ( 'NONE',  ( 6.499999999999999112, 14.89999999999999680, -3.411345746565306758 ) ) ;
#7626 = CARTESIAN_POINT ( 'NONE',  ( 7.500000000000000000, -3.750000000000000000, 0.5000000000000031086 ) ) ;
#7627 = FILL_AREA_STYLE ('',( #7683 ) ) ;
#7628 = VERTEX_POINT ( 'NONE', #2675 ) ;
#7629 = CARTESIAN_POINT ( 'NONE',  ( 25.25000000000000000, 19.00000000000000000, -7.999999999999998224 ) ) ;
#7630 =( LENGTH_UNIT ( ) NAMED_UNIT ( * ) SI_UNIT ( .MILLI., .METRE. ) );
#7631 = SURFACE_STYLE_FILL_AREA ( #10285 ) ;
#7632 = VECTOR ( 'NONE', #5363, 1000.000000000000000 ) ;
#7633 = UNCERTAINTY_MEASURE_WITH_UNIT (LENGTH_MEASURE( 1.000000000000000082E-05 ), #1317, 'distance_accuracy_value', 'NONE');
#7634 = AXIS2_PLACEMENT_3D ( 'NONE', #10570, #5646, #4636 ) ;
#7635 = ORIENTED_EDGE ( 'NONE', *, *, #6490, .F. ) ;
#7636 = SURFACE_SIDE_STYLE ('',( #3571 ) ) ;
#7637 = EDGE_CURVE ( 'NONE', #7840, #7698, #4434, .T. ) ;
#7638 = CYLINDRICAL_SURFACE ( 'NONE', #9726, 1.000000000000000888 ) ;
#7639 = VERTEX_POINT ( 'NONE', #7000 ) ;
#7640 = PRESENTATION_STYLE_ASSIGNMENT (( #9406 ) ) ;
#7641 = ORIENTED_EDGE ( 'NONE', *, *, #1813, .F. ) ;
#7642 = CARTESIAN_POINT ( 'NONE',  ( -6.500000000000000888, 15.89999999999999680, -3.411345746565306758 ) ) ;
#7643 = SURFACE_STYLE_USAGE ( .BOTH. , #10829 ) ;
#7644 = FACE_OUTER_BOUND ( 'NONE', #7407, .T. ) ;
#7645 = ORIENTED_EDGE ( 'NONE', *, *, #10752, .T. ) ;
#7646 = ORIENTED_EDGE ( 'NONE', *, *, #1192, .T. ) ;
#7647 = CARTESIAN_POINT ( 'NONE',  ( -24.18480339025594361, 9.399999999999998579, 5.114085138899327809 ) ) ;
#7648 = DIRECTION ( 'NONE',  ( 0.0000000000000000000, -0.0000000000000000000, 1.000000000000000000 ) ) ;
#7649 = PLANE ( 'NONE',  #6957 ) ;
#7650 = EDGE_CURVE ( 'NONE', #10716, #7111, #9088, .T. ) ;
#7651 = PLANE ( 'NONE',  #5009 ) ;
#7652 = ORIENTED_EDGE ( 'NONE', *, *, #8338, .T. ) ;
#7653 = FACE_OUTER_BOUND ( 'NONE', #305, .T. ) ;
#7654 = DIRECTION ( 'NONE',  ( 0.0000000000000000000, 0.0000000000000000000, -1.000000000000000000 ) ) ;
#7655 = SURFACE_SIDE_STYLE ('',( #2458 ) ) ;
#7656 = CARTESIAN_POINT ( 'NONE',  ( -13.75000000000000000, 0.0000000000000000000, 7.999999999999998224 ) ) ;
#7657 = LINE ( 'NONE', #1793, #8780 ) ;
#7658 = PLANE ( 'NONE',  #5672 ) ;
#7659 = PRESENTATION_STYLE_ASSIGNMENT (( #8542 ) ) ;
#7660 = VECTOR ( 'NONE', #1543, 1000.000000000000000 ) ;
#7661 = EDGE_CURVE ( 'NONE', #1615, #9245, #2727, .T. ) ;
#7662 = ORIENTED_EDGE ( 'NONE', *, *, #7896, .F. ) ;
#7663 = STYLED_ITEM ( 'NONE', ( #10762 ), #283 ) ;
#7664 = DIRECTION ( 'NONE',  ( 0.0000000000000000000, 0.0000000000000000000, -1.000000000000000000 ) ) ;
#7665 = ADVANCED_FACE ( 'NONE', ( #1193 ), #5215, .T. ) ;
#7666 = EDGE_CURVE ( 'NONE', #3124, #2294, #5323, .T. ) ;
#7667 = VERTEX_POINT ( 'NONE', #4330 ) ;
#7668 = FILL_AREA_STYLE_COLOUR ( '', #4018 ) ;
#7669 = FILL_AREA_STYLE ('',( #4274 ) ) ;
#7670 = VECTOR ( 'NONE', #7017, 1000.000000000000000 ) ;
#7671 = AXIS2_PLACEMENT_3D ( 'NONE', #9212, #812, #645 ) ;
#7672 = CARTESIAN_POINT ( 'NONE',  ( 11.18480339025593473, 11.39999999999999858, 5.114085138899327809 ) ) ;
#7673 = ORIENTED_EDGE ( 'NONE', *, *, #482, .T. ) ;
#7674 = CARTESIAN_POINT ( 'NONE',  ( -24.49999999999999645, -18.24828759089465535, 4.500000000000360600 ) ) ;
#7675 = ADVANCED_FACE ( 'NONE', ( #218 ), #7113, .F. ) ;
#7676 = ORIENTED_EDGE ( 'NONE', *, *, #7880, .F. ) ;
#7677 = AXIS2_PLACEMENT_3D ( 'NONE', #8500, #3335, #9992 ) ;
#7678 = AXIS2_PLACEMENT_3D ( 'NONE', #5817, #10718, #4087 ) ;
#7679 = CARTESIAN_POINT ( 'NONE',  ( -11.49999999999999645, -18.24828759089465535, 9.000000000000270006 ) ) ;
#7680 = DIRECTION ( 'NONE',  ( 1.000000000000000000, 0.0000000000000000000, 1.734723475976817547E-15 ) ) ;
#7681 = CARTESIAN_POINT ( 'NONE',  ( 0.0000000000000000000, 21.00000000000000000, -7.999999999999976019 ) ) ;
#7682 = PRESENTATION_LAYER_ASSIGNMENT (  '', '', ( #10145 ) ) ;
#7683 = FILL_AREA_STYLE_COLOUR ( '', #2762 ) ;
#7684 = ORIENTED_EDGE ( 'NONE', *, *, #2193, .T. ) ;
#7685 = AXIS2_PLACEMENT_3D ( 'NONE', #6238, #327, #9548 ) ;
#7686 = FACE_OUTER_BOUND ( 'NONE', #3710, .T. ) ;
#7687 = VECTOR ( 'NONE', #5991, 1000.000000000000000 ) ;
#7688 = FILL_AREA_STYLE_COLOUR ( '', #6769 ) ;
#7689 = AXIS2_PLACEMENT_3D ( 'NONE', #1221, #8072, #5409 ) ;
#7690 = DIRECTION ( 'NONE',  ( 0.0000000000000000000, 0.0000000000000000000, -1.000000000000000000 ) ) ;
#7691 = PRESENTATION_STYLE_ASSIGNMENT (( #2633 ) ) ;
#7692 = ORIENTED_EDGE ( 'NONE', *, *, #2571, .T. ) ;
#7693 = VECTOR ( 'NONE', #4102, 1000.000000000000000 ) ;
#7694 = PLANE ( 'NONE',  #4939 ) ;
#7695 = CIRCLE ( 'NONE', #2211, 3.411345746565307646 ) ;
#7696 = PRESENTATION_LAYER_ASSIGNMENT (  '', '', ( #8213 ) ) ;
#7697 = TOROIDAL_SURFACE ( 'NONE', #634, 3.411345746565307646, 1.000000000000000000 ) ;
#7698 = VERTEX_POINT ( 'NONE', #6298 ) ;
#7699 = ORIENTED_EDGE ( 'NONE', *, *, #6242, .F. ) ;
#7700 = CARTESIAN_POINT ( 'NONE',  ( 17.26506543866126719, 15.89999999999999680, -0.6053029216165488613 ) ) ;
#7701 = CARTESIAN_POINT ( 'NONE',  ( -1.499999999999997780, 8.899999999999998579, 6.099999999999996092 ) ) ;
#7702 = FILL_AREA_STYLE ('',( #9199 ) ) ;
#7703 = DIRECTION ( 'NONE',  ( 0.0000000000000000000, 0.0000000000000000000, -1.000000000000000000 ) ) ;
#7704 = EDGE_CURVE ( 'NONE', #2629, #5027, #4552, .T. ) ;
#7705 = ORIENTED_EDGE ( 'NONE', *, *, #9151, .F. ) ;
#7706 = PLANE ( 'NONE',  #137 ) ;
#7707 = CARTESIAN_POINT ( 'NONE',  ( -5.894697078383451583, 15.89999999999999680, 0.6053029216165488613 ) ) ;
#7708 = PRESENTATION_LAYER_ASSIGNMENT (  '', '', ( #5756 ) ) ;
#7709 = DIRECTION ( 'NONE',  ( 0.0000000000000000000, 0.0000000000000000000, -1.000000000000000000 ) ) ;
#7710 = ORIENTED_EDGE ( 'NONE', *, *, #8032, .F. ) ;
#7711 = LINE ( 'NONE', #1021, #9804 ) ;
#7712 = DIRECTION ( 'NONE',  ( 0.0000000000000000000, 0.0000000000000000000, 1.000000000000000000 ) ) ;
#7713 = CARTESIAN_POINT ( 'NONE',  ( 11.99999999999999822, -18.24828759089465535, -4.499999999999912959 ) ) ;
#7714 = LINE ( 'NONE', #9379, #4598 ) ;
#7715 = EDGE_CURVE ( 'NONE', #5785, #508, #380, .T. ) ;
#7716 = AXIS2_PLACEMENT_3D ( 'NONE', #8464, #59, #124 ) ;
#7717 = ORIENTED_EDGE ( 'NONE', *, *, #2558, .T. ) ;
#7718 = COLOUR_RGB ( '',0.8980392156862745390, 0.8980392156862745390, 0.8980392156862745390 ) ;
#7719 = FILL_AREA_STYLE_COLOUR ( '', #6370 ) ;
#7720 = VERTEX_POINT ( 'NONE', #8834 ) ;
#7721 = FILL_AREA_STYLE ('',( #4328 ) ) ;
#7722 = STYLED_ITEM ( 'NONE', ( #2970 ), #3634 ) ;
#7723 = DIRECTION ( 'NONE',  ( 1.000000000000000000, 0.0000000000000000000, 0.0000000000000000000 ) ) ;
#7724 = PRESENTATION_STYLE_ASSIGNMENT (( #9171 ) ) ;
#7725 = ORIENTED_EDGE ( 'NONE', *, *, #344, .F. ) ;
#7726 = CARTESIAN_POINT ( 'NONE',  ( -14.49999999999999822, 2.799999999999720934, 9.000000000000275335 ) ) ;
#7727 = ADVANCED_FACE ( 'NONE', ( #5499 ), #444, .T. ) ;
#7728 = EDGE_CURVE ( 'NONE', #5135, #9463, #5551, .T. ) ;
#7729 = EDGE_LOOP ( 'NONE', ( #4787, #2959, #8574, #6116 ) ) ;
#7730 =( GEOMETRIC_REPRESENTATION_CONTEXT ( 3 ) GLOBAL_UNCERTAINTY_ASSIGNED_CONTEXT ( ( #449 ) ) GLOBAL_UNIT_ASSIGNED_CONTEXT ( ( #7826, #7731, #8619 ) ) REPRESENTATION_CONTEXT ( 'NONE', 'WORKASPACE' ) );
#7731 =( NAMED_UNIT ( * ) PLANE_ANGLE_UNIT ( ) SI_UNIT ( $, .RADIAN. ) );
#7732 = CARTESIAN_POINT ( 'NONE',  ( -4.265065438661267194, 13.89999999999999680, -0.6053029216165494164 ) ) ;
#7733 = PLANE ( 'NONE',  #997 ) ;
#7734 = EDGE_CURVE ( 'NONE', #10291, #4974, #10544, .T. ) ;
#7735 = DIRECTION ( 'NONE',  ( -1.000000000000000000, 0.0000000000000000000, 0.0000000000000000000 ) ) ;
#7736 = VERTEX_POINT ( 'NONE', #8096 ) ;
#7737 = CARTESIAN_POINT ( 'NONE',  ( -24.18480339025594361, 11.39999999999999858, -5.114085138899324257 ) ) ;
#7738 = AXIS2_PLACEMENT_3D ( 'NONE', #7143, #8073, #9030 ) ;
#7739 = SURFACE_STYLE_USAGE ( .BOTH. , #10867 ) ;
#7740 = SURFACE_STYLE_FILL_AREA ( #6027 ) ;
#7741 = SURFACE_SIDE_STYLE ('',( #7992 ) ) ;
#7742 = EDGE_CURVE ( 'NONE', #3751, #1121, #428, .T. ) ;
#7743 = ORIENTED_EDGE ( 'NONE', *, *, #1051, .F. ) ;
#7744 = DIRECTION ( 'NONE',  ( 0.0000000000000000000, 0.0000000000000000000, -1.000000000000000000 ) ) ;
#7745 = AXIS2_PLACEMENT_3D ( 'NONE', #15, #4857, #677 ) ;
#7746 = EDGE_CURVE ( 'NONE', #8363, #4501, #7333, .T. ) ;
#7747 = ORIENTED_EDGE ( 'NONE', *, *, #7107, .T. ) ;
#7748 = CARTESIAN_POINT ( 'NONE',  ( -19.50000000000000000, -2.750000000000000000, -0.4999999999999968914 ) ) ;
#7749 = ORIENTED_EDGE ( 'NONE', *, *, #10128, .F. ) ;
#7750 = SURFACE_STYLE_USAGE ( .BOTH. , #10242 ) ;
#7751 =( NAMED_UNIT ( * ) SI_UNIT ( $, .STERADIAN. ) SOLID_ANGLE_UNIT ( ) );
#7752 = FACE_OUTER_BOUND ( 'NONE', #8357, .T. ) ;
#7753 = PRESENTATION_LAYER_ASSIGNMENT (  '', '', ( #8641 ) ) ;
#7754 = UNCERTAINTY_MEASURE_WITH_UNIT (LENGTH_MEASURE( 1.000000000000000082E-05 ), #8839, 'distance_accuracy_value', 'NONE');
#7755 = LINE ( 'NONE', #6265, #7902 ) ;
#7756 = VERTEX_POINT ( 'NONE', #3834 ) ;
#7757 = EDGE_LOOP ( 'NONE', ( #8816, #7196, #9200, #8080 ) ) ;
#7758 = PLANE ( 'NONE',  #848 ) ;
#7759 = DIRECTION ( 'NONE',  ( 0.0000000000000000000, 4.130293990420970869E-16, -1.000000000000000000 ) ) ;
#7760 = DIRECTION ( 'NONE',  ( 0.0000000000000000000, 0.0000000000000000000, 1.000000000000000000 ) ) ;
#7761 = DIRECTION ( 'NONE',  ( 0.0000000000000000000, 1.000000000000000000, 0.0000000000000000000 ) ) ;
#7762 = EDGE_CURVE ( 'NONE', #4153, #4916, #5189, .T. ) ;
#7763 = ORIENTED_EDGE ( 'NONE', *, *, #4068, .T. ) ;
#7764 = CARTESIAN_POINT ( 'NONE',  ( 14.49999999999999467, 8.900000000000000355, -6.599999999999993427 ) ) ;
#7765 = AXIS2_PLACEMENT_3D ( 'NONE', #3545, #3596, #10363 ) ;
#7766 = CARTESIAN_POINT ( 'NONE',  ( -18.89469707838345158, 15.89999999999999680, -2.234934561338733250 ) ) ;
#7767 = DIRECTION ( 'NONE',  ( 0.0000000000000000000, 0.0000000000000000000, 1.000000000000000000 ) ) ;
#7768 = CARTESIAN_POINT ( 'NONE',  ( -24.50000000000000000, 5.200000000000001066, -6.599999999999994316 ) ) ;
#7769 =( NAMED_UNIT ( * ) PLANE_ANGLE_UNIT ( ) SI_UNIT ( $, .RADIAN. ) );
#7770 =( GEOMETRIC_REPRESENTATION_CONTEXT ( 3 ) GLOBAL_UNCERTAINTY_ASSIGNED_CONTEXT ( ( #7539 ) ) GLOBAL_UNIT_ASSIGNED_CONTEXT ( ( #1253, #4435, #2838 ) ) REPRESENTATION_CONTEXT ( 'NONE', 'WORKASPACE' ) );
#7771 = STYLED_ITEM ( 'NONE', ( #3437 ), #10440 ) ;
#7772 = ORIENTED_EDGE ( 'NONE', *, *, #8334, .F. ) ;
#7773 = VECTOR ( 'NONE', #3517, 1000.000000000000000 ) ;
#7774 = MECHANICAL_DESIGN_GEOMETRIC_PRESENTATION_REPRESENTATION (  '', ( #1760 ), #10755 ) ;
#7775 = VERTEX_POINT ( 'NONE', #2952 ) ;
#7776 = DIRECTION ( 'NONE',  ( 0.0000000000000000000, 1.000000000000000000, 0.0000000000000000000 ) ) ;
#7777 = ORIENTED_EDGE ( 'NONE', *, *, #10040, .T. ) ;
#7778 = VECTOR ( 'NONE', #2508, 1000.000000000000000 ) ;
#7779 =( NAMED_UNIT ( * ) PLANE_ANGLE_UNIT ( ) SI_UNIT ( $, .RADIAN. ) );
#7780 = ORIENTED_EDGE ( 'NONE', *, *, #10809, .F. ) ;
#7781 = LINE ( 'NONE', #3506, #2078 ) ;
#7782 = CIRCLE ( 'NONE', #7617, 0.5000000000000004441 ) ;
#7783 = DIRECTION ( 'NONE',  ( 1.000000000000000000, 0.0000000000000000000, -3.469446951953635094E-15 ) ) ;
#7784 = EDGE_CURVE ( 'NONE', #8249, #7373, #8742, .T. ) ;
#7785 =( LENGTH_UNIT ( ) NAMED_UNIT ( * ) SI_UNIT ( .MILLI., .METRE. ) );
#7786 = COLOUR_RGB ( '',0.8980392156862745390, 0.8980392156862745390, 0.8980392156862745390 ) ;
#7787 = ORIENTED_EDGE ( 'NONE', *, *, #2624, .T. ) ;
#7788 = DIRECTION ( 'NONE',  ( 7.709882115452484083E-16, -3.854941057726242041E-16, 1.000000000000000000 ) ) ;
#7789 = SURFACE_STYLE_FILL_AREA ( #10399 ) ;
#7790 = ADVANCED_FACE ( 'NONE', ( #1460 ), #9877, .F. ) ;
#7791 = ORIENTED_EDGE ( 'NONE', *, *, #3794, .T. ) ;
#7792 = CARTESIAN_POINT ( 'NONE',  ( 18.89469707838345158, 13.89999999999999680, 2.234934561338733250 ) ) ;
#7793 = EDGE_CURVE ( 'NONE', #8320, #7373, #1145, .T. ) ;
#7794 = CARTESIAN_POINT ( 'NONE',  ( -0.9999999999999974465, -18.24828759089465535, 4.500000000000179412 ) ) ;
#7795 = EDGE_CURVE ( 'NONE', #3837, #5939, #919, .T. ) ;
#7796 = VECTOR ( 'NONE', #2712, 1000.000000000000000 ) ;
#7797 = VERTEX_POINT ( 'NONE', #5036 ) ;
#7798 = DIRECTION ( 'NONE',  ( 1.000000000000000000, 0.0000000000000000000, -5.987745521456020037E-16 ) ) ;
#7799 = ORIENTED_EDGE ( 'NONE', *, *, #1231, .T. ) ;
#7800 = CARTESIAN_POINT ( 'NONE',  ( -27.50000000000000000, 0.0000000000000000000, 9.000000000000000000 ) ) ;
#7801 = LINE ( 'NONE', #1884, #8298 ) ;
#7802 = DIRECTION ( 'NONE',  ( 0.0000000000000000000, 1.000000000000000000, 1.314184451497582245E-16 ) ) ;
#7803 = CARTESIAN_POINT ( 'NONE',  ( -11.50000000000000355, 5.200000000000001066, -6.599999999999994316 ) ) ;
#7804 = ORIENTED_EDGE ( 'NONE', *, *, #5697, .F. ) ;
#7805 = EDGE_CURVE ( 'NONE', #3354, #5254, #10038, .T. ) ;
#7806 = VERTEX_POINT ( 'NONE', #9213 ) ;
#7807 = CARTESIAN_POINT ( 'NONE',  ( 11.99999999999999822, 20.99999999999999645, 4.500000000000093259 ) ) ;
#7808 = PRESENTATION_STYLE_ASSIGNMENT (( #9416 ) ) ;
#7809 = FILL_AREA_STYLE_COLOUR ( '', #5739 ) ;
#7810 = ORIENTED_EDGE ( 'NONE', *, *, #7393, .T. ) ;
#7811 = VERTEX_POINT ( 'NONE', #6661 ) ;
#7812 = FACE_OUTER_BOUND ( 'NONE', #3339, .T. ) ;
#7813 = CARTESIAN_POINT ( 'NONE',  ( 20.50000000000000000, -2.750000000000000000, -0.4999999999999968914 ) ) ;
#7814 = LINE ( 'NONE', #10311, #401 ) ;
#7815 =( LENGTH_UNIT ( ) NAMED_UNIT ( * ) SI_UNIT ( .MILLI., .METRE. ) );
#7816 = DIRECTION ( 'NONE',  ( -0.0000000000000000000, -0.0000000000000000000, -1.000000000000000000 ) ) ;
#7817 = EDGE_LOOP ( 'NONE', ( #3168, #4401, #9048, #2111 ) ) ;
#7818 = CARTESIAN_POINT ( 'NONE',  ( 17.26506543866126719, 13.89999999999999680, 0.6053029216165499715 ) ) ;
#7819 = ORIENTED_EDGE ( 'NONE', *, *, #3185, .T. ) ;
#7820 = DIRECTION ( 'NONE',  ( 1.000000000000000000, 0.0000000000000000000, 0.0000000000000000000 ) ) ;
#7821 = LINE ( 'NONE', #2026, #1228 ) ;
#7822 = ORIENTED_EDGE ( 'NONE', *, *, #10309, .F. ) ;
#7823 = AXIS2_PLACEMENT_3D ( 'NONE', #8289, #2423, #731 ) ;
#7824 = VERTEX_POINT ( 'NONE', #5883 ) ;
#7825 = ADVANCED_FACE ( 'NONE', ( #10898 ), #1516, .F. ) ;
#7826 =( LENGTH_UNIT ( ) NAMED_UNIT ( * ) SI_UNIT ( .MILLI., .METRE. ) );
#7827 = CARTESIAN_POINT ( 'NONE',  ( 11.50000000000000178, 20.99999999999999645, 8.000000000000000000 ) ) ;
#7828 = VECTOR ( 'NONE', #673, 1000.000000000000000 ) ;
#7829 = CARTESIAN_POINT ( 'NONE',  ( -5.894697078383451583, 13.89999999999999680, -0.6053029216165491944 ) ) ;
#7830 = LINE ( 'NONE', #9194, #8394 ) ;
#7831 = CARTESIAN_POINT ( 'NONE',  ( -27.50000000000000000, 19.00000000000000000, -8.999999999999975131 ) ) ;
#7832 = CARTESIAN_POINT ( 'NONE',  ( -27.50000000000000000, 0.0000000000000000000, -9.000000000000000000 ) ) ;
#7833 = ORIENTED_EDGE ( 'NONE', *, *, #3384, .F. ) ;
#7834 = FILL_AREA_STYLE_COLOUR ( '', #10824 ) ;
#7835 = FACE_OUTER_BOUND ( 'NONE', #6948, .T. ) ;
#7836 = PRESENTATION_LAYER_ASSIGNMENT (  '', '', ( #9613 ) ) ;
#7837 = VECTOR ( 'NONE', #10592, 1000.000000000000000 ) ;
#7838 = STYLED_ITEM ( 'NONE', ( #8537 ), #770 ) ;
#7839 = ADVANCED_FACE ( 'NONE', ( #5778 ), #37, .F. ) ;
#7840 = VERTEX_POINT ( 'NONE', #8538 ) ;
#7841 = CARTESIAN_POINT ( 'NONE',  ( 19.50000000000000000, 14.89999999999999680, 4.411345746565308090 ) ) ;
#7842 = COLOUR_RGB ( '',0.8980392156862745390, 0.8980392156862745390, 0.8980392156862745390 ) ;
#7843 = VECTOR ( 'NONE', #8814, 1000.000000000000000 ) ;
#7844 = VECTOR ( 'NONE', #5346, 1000.000000000000000 ) ;
#7845 = UNCERTAINTY_MEASURE_WITH_UNIT (LENGTH_MEASURE( 1.000000000000000082E-05 ), #9649, 'distance_accuracy_value', 'NONE');
#7846 = EDGE_LOOP ( 'NONE', ( #235, #1068, #4924, #797 ) ) ;
#7847 = FILL_AREA_STYLE_COLOUR ( '', #5531 ) ;
#7848 = ORIENTED_EDGE ( 'NONE', *, *, #4460, .F. ) ;
#7849 = DIRECTION ( 'NONE',  ( 0.0000000000000000000, 1.000000000000000000, 0.0000000000000000000 ) ) ;
#7850 = DIRECTION ( 'NONE',  ( 0.0000000000000000000, 0.0000000000000000000, 1.000000000000000000 ) ) ;
#7851 = DIRECTION ( 'NONE',  ( 0.0000000000000000000, 1.000000000000000000, -2.190088388420722428E-14 ) ) ;
#7852 = DIRECTION ( 'NONE',  ( 1.000000000000000000, 0.0000000000000000000, 0.0000000000000000000 ) ) ;
#7853 = ORIENTED_EDGE ( 'NONE', *, *, #10150, .F. ) ;
#7854 = AXIS2_PLACEMENT_3D ( 'NONE', #3274, #3435, #1735 ) ;
#7855 = ADVANCED_FACE ( 'NONE', ( #6926 ), #2973, .T. ) ;
#7856 = VECTOR ( 'NONE', #9134, 1000.000000000000000 ) ;
#7857 = ADVANCED_FACE ( 'NONE', ( #4686 ), #5360, .T. ) ;
#7858 = ORIENTED_EDGE ( 'NONE', *, *, #7403, .F. ) ;
#7859 = COLOUR_RGB ( '',0.8980392156862745390, 0.8980392156862745390, 0.8980392156862745390 ) ;
#7860 = FACE_OUTER_BOUND ( 'NONE', #898, .T. ) ;
#7861 = CARTESIAN_POINT ( 'NONE',  ( -27.50000000000000000, 22.09999999999982734, -7.999999999999976019 ) ) ;
#7862 = DIRECTION ( 'NONE',  ( -0.0000000000000000000, -0.0000000000000000000, -1.000000000000000000 ) ) ;
#7863 = VECTOR ( 'NONE', #8599, 1000.000000000000000 ) ;
#7864 = ORIENTED_EDGE ( 'NONE', *, *, #9092, .F. ) ;
#7865 = DIRECTION ( 'NONE',  ( -0.0000000000000000000, -0.0000000000000000000, 1.000000000000000000 ) ) ;
#7866 = COLOUR_RGB ( '',0.8980392156862745390, 0.8980392156862745390, 0.8980392156862745390 ) ;
#7867 = ADVANCED_FACE ( 'NONE', ( #7137 ), #2917, .F. ) ;
#7868 = CARTESIAN_POINT ( 'NONE',  ( 18.89469707838345158, 13.89999999999999680, -2.234934561338733250 ) ) ;
#7869 = CARTESIAN_POINT ( 'NONE',  ( -11.18480339025594361, 11.39999999999999858, 5.114085138899327809 ) ) ;
#7870 = PRESENTATION_STYLE_ASSIGNMENT (( #7927 ) ) ;
#7871 = FILL_AREA_STYLE ('',( #7105 ) ) ;
#7872 = ORIENTED_EDGE ( 'NONE', *, *, #344, .T. ) ;
#7873 = COLOUR_RGB ( '',1.000000000000000000, 1.000000000000000000, 1.000000000000000000 ) ;
#7874 = AXIS2_PLACEMENT_3D ( 'NONE', #4311, #7759, #8591 ) ;
#7875 = DIRECTION ( 'NONE',  ( -6.653050579395577682E-17, 0.0000000000000000000, -1.000000000000000000 ) ) ;
#7876 = CARTESIAN_POINT ( 'NONE',  ( -27.50000000000000000, 9.400000000000000355, -6.099999999999992539 ) ) ;
#7877 = LINE ( 'NONE', #9541, #10657 ) ;
#7878 = ORIENTED_EDGE ( 'NONE', *, *, #8176, .T. ) ;
#7879 = CARTESIAN_POINT ( 'NONE',  ( 24.99999999999999645, 9.400000000000000355, -4.500000000000000888 ) ) ;
#7880 = EDGE_CURVE ( 'NONE', #56, #708, #8863, .T. ) ;
#7881 = DIRECTION ( 'NONE',  ( 0.0000000000000000000, 0.0000000000000000000, 1.000000000000000000 ) ) ;
#7882 = DIRECTION ( 'NONE',  ( -0.0000000000000000000, -1.000000000000000000, -0.0000000000000000000 ) ) ;
#7883 = ORIENTED_EDGE ( 'NONE', *, *, #1192, .F. ) ;
#7884 =( GEOMETRIC_REPRESENTATION_CONTEXT ( 3 ) GLOBAL_UNCERTAINTY_ASSIGNED_CONTEXT ( ( #1002 ) ) GLOBAL_UNIT_ASSIGNED_CONTEXT ( ( #8499, #4226, #6673 ) ) REPRESENTATION_CONTEXT ( 'NONE', 'WORKASPACE' ) );
#7885 = VECTOR ( 'NONE', #4041, 1000.000000000000000 ) ;
#7886 = CARTESIAN_POINT ( 'NONE',  ( 19.50000000000000000, -3.750000000000000000, 0.5000000000000031086 ) ) ;
#7887 = PRESENTATION_STYLE_ASSIGNMENT (( #8050 ) ) ;
#7888 = VERTEX_POINT ( 'NONE', #6052 ) ;
#7889 = PRESENTATION_STYLE_ASSIGNMENT (( #1974 ) ) ;
#7890 = AXIS2_PLACEMENT_3D ( 'NONE', #8009, #6320, #5932 ) ;
#7891 = FILL_AREA_STYLE_COLOUR ( '', #6015 ) ;
#7892 = FACE_OUTER_BOUND ( 'NONE', #6281, .T. ) ;
#7893 = CARTESIAN_POINT ( 'NONE',  ( -27.50000000000000000, 5.200000000000000178, 6.599999999999996092 ) ) ;
#7894 = PRESENTATION_LAYER_ASSIGNMENT (  '', '', ( #6485 ) ) ;
#7895 = ORIENTED_EDGE ( 'NONE', *, *, #5706, .T. ) ;
#7896 = EDGE_CURVE ( 'NONE', #5316, #6918, #4837, .T. ) ;
#7897 = SURFACE_SIDE_STYLE ('',( #5397 ) ) ;
#7898 = SURFACE_SIDE_STYLE ('',( #8793 ) ) ;
#7899 = PLANE ( 'NONE',  #8193 ) ;
#7900 = VECTOR ( 'NONE', #10127, 1000.000000000000000 ) ;
#7901 = ORIENTED_EDGE ( 'NONE', *, *, #3575, .T. ) ;
#7902 = VECTOR ( 'NONE', #9575, 1000.000000000000000 ) ;
#7903 = ORIENTED_EDGE ( 'NONE', *, *, #1661, .F. ) ;
#7904 = ADVANCED_FACE ( 'NONE', ( #9746 ), #2164, .T. ) ;
#7905 = LINE ( 'NONE', #1272, #777 ) ;
#7906 = MECHANICAL_DESIGN_GEOMETRIC_PRESENTATION_REPRESENTATION (  '', ( #2599 ), #6148 ) ;
#7907 = EDGE_LOOP ( 'NONE', ( #2576, #8837, #3521, #2835 ) ) ;
#7908 = LINE ( 'NONE', #2808, #10843 ) ;
#7909 = DIRECTION ( 'NONE',  ( -1.000000000000000000, 0.0000000000000000000, 0.0000000000000000000 ) ) ;
#7910 = DIRECTION ( 'NONE',  ( 0.0000000000000000000, -1.000000000000000000, -1.314184451497582492E-16 ) ) ;
#7911 = LINE ( 'NONE', #6968, #3656 ) ;
#7912 = ORIENTED_EDGE ( 'NONE', *, *, #3393, .T. ) ;
#7913 = VECTOR ( 'NONE', #2614, 1000.000000000000000 ) ;
#7914 = ORIENTED_EDGE ( 'NONE', *, *, #10836, .F. ) ;
#7915 = DIRECTION ( 'NONE',  ( 0.0000000000000000000, 0.0000000000000000000, -1.000000000000000000 ) ) ;
#7916 = SURFACE_SIDE_STYLE ('',( #7035 ) ) ;
#7917 = AXIS2_PLACEMENT_3D ( 'NONE', #9466, #8806, #1826 ) ;
#7918 = CARTESIAN_POINT ( 'NONE',  ( 8.734934561338732806, 13.89999999999999680, -0.6053029216165494164 ) ) ;
#7919 = VERTEX_POINT ( 'NONE', #783 ) ;
#7920 = LINE ( 'NONE', #362, #4002 ) ;
#7921 = STYLED_ITEM ( 'NONE', ( #10543 ), #4628 ) ;
#7922 = SURFACE_STYLE_FILL_AREA ( #6341 ) ;
#7923 =( NAMED_UNIT ( * ) SI_UNIT ( $, .STERADIAN. ) SOLID_ANGLE_UNIT ( ) );
#7924 = CARTESIAN_POINT ( 'NONE',  ( 5.894697078383449806, 15.89999999999999680, -2.234934561338733250 ) ) ;
#7925 = ORIENTED_EDGE ( 'NONE', *, *, #7637, .T. ) ;
#7926 = LINE ( 'NONE', #4427, #9283 ) ;
#7927 = SURFACE_STYLE_USAGE ( .BOTH. , #420 ) ;
#7928 = VERTEX_POINT ( 'NONE', #5641 ) ;
#7929 = ADVANCED_FACE ( 'NONE', ( #4738 ), #2425, .T. ) ;
#7930 = CARTESIAN_POINT ( 'NONE',  ( 1.000000000000004441, 20.99999999999999645, -4.499999999999816147 ) ) ;
#7931 = DIRECTION ( 'NONE',  ( 1.000000000000000000, 0.0000000000000000000, 3.326525289697788964E-16 ) ) ;
#7932 = EDGE_CURVE ( 'NONE', #3792, #9704, #4076, .T. ) ;
#7933 = EDGE_LOOP ( 'NONE', ( #3778, #779 ) ) ;
#7934 = CARTESIAN_POINT ( 'NONE',  ( 5.499999999999998224, -0.0000000000000000000, -0.4999999999999968914 ) ) ;
#7935 = SURFACE_STYLE_USAGE ( .BOTH. , #2728 ) ;
#7936 = DIRECTION ( 'NONE',  ( 1.000000000000000000, 0.0000000000000000000, 0.0000000000000000000 ) ) ;
#7937 = CARTESIAN_POINT ( 'NONE',  ( 6.499999999999999112, 15.89999999999999680, 3.411345746565308534 ) ) ;
#7938 = SURFACE_SIDE_STYLE ('',( #4558 ) ) ;
#7939 = COLOUR_RGB ( '',0.8980392156862745390, 0.8980392156862745390, 0.8980392156862745390 ) ;
#7940 = ORIENTED_EDGE ( 'NONE', *, *, #408, .T. ) ;
#7941 = ADVANCED_FACE ( 'NONE', ( #1384 ), #9025, .T. ) ;
#7942 = FILL_AREA_STYLE ('',( #2790 ) ) ;
#7943 = AXIS2_PLACEMENT_3D ( 'NONE', #1086, #5501, #8889 ) ;
#7944 = PRESENTATION_LAYER_ASSIGNMENT (  '', '', ( #1760 ) ) ;
#7945 = LINE ( 'NONE', #3731, #8319 ) ;
#7946 = AXIS2_PLACEMENT_3D ( 'NONE', #10123, #2590, #9302 ) ;
#7947 = FACE_OUTER_BOUND ( 'NONE', #5066, .T. ) ;
#7948 = VECTOR ( 'NONE', #292, 1000.000000000000000 ) ;
#7949 = DIRECTION ( 'NONE',  ( -1.000000000000000000, 0.0000000000000000000, 0.0000000000000000000 ) ) ;
#7950 = VERTEX_POINT ( 'NONE', #8168 ) ;
#7951 = CARTESIAN_POINT ( 'NONE',  ( 4.265065438661265418, 13.89999999999999680, -0.6053029216165488613 ) ) ;
#7952 =( GEOMETRIC_REPRESENTATION_CONTEXT ( 3 ) GLOBAL_UNCERTAINTY_ASSIGNED_CONTEXT ( ( #8187 ) ) GLOBAL_UNIT_ASSIGNED_CONTEXT ( ( #3059, #5623, #8107 ) ) REPRESENTATION_CONTEXT ( 'NONE', 'WORKASPACE' ) );
#7953 = LINE ( 'NONE', #6140, #4828 ) ;
#7954 = PRESENTATION_LAYER_ASSIGNMENT (  '', '', ( #7246 ) ) ;
#7955 = CARTESIAN_POINT ( 'NONE',  ( 19.50000000000000000, 15.89999999999999680, 8.673617379884035472E-16 ) ) ;
#7956 = UNCERTAINTY_MEASURE_WITH_UNIT (LENGTH_MEASURE( 1.000000000000000082E-05 ), #1808, 'distance_accuracy_value', 'NONE');
#7957 = AXIS2_PLACEMENT_3D ( 'NONE', #1415, #4822, #3944 ) ;
#7958 = CARTESIAN_POINT ( 'NONE',  ( -7.105302921616549305, 13.89999999999999680, -2.234934561338733250 ) ) ;
#7959 = DIRECTION ( 'NONE',  ( -1.000000000000000000, 1.013220719900694020E-31, -7.709882115452482111E-16 ) ) ;
#7960 = ORIENTED_EDGE ( 'NONE', *, *, #3716, .T. ) ;
#7961 = CARTESIAN_POINT ( 'NONE',  ( 19.50000000000000000, 14.89999999999999680, -3.411345746565306758 ) ) ;
#7962 = CIRCLE ( 'NONE', #10773, 1.000000000000000888 ) ;
#7963 = ORIENTED_EDGE ( 'NONE', *, *, #1771, .T. ) ;
#7964 = LINE ( 'NONE', #405, #7844 ) ;
#7965 = LINE ( 'NONE', #406, #4391 ) ;
#7966 = CARTESIAN_POINT ( 'NONE',  ( -14.81519660974406349, 9.399999999999998579, 5.114085138899327809 ) ) ;
#7967 = CARTESIAN_POINT ( 'NONE',  ( -13.75000000000000000, 19.00000000000000000, -8.999999999999975131 ) ) ;
#7968 = VERTEX_POINT ( 'NONE', #5804 ) ;
#7969 = VERTEX_POINT ( 'NONE', #611 ) ;
#7970 = EDGE_CURVE ( 'NONE', #4133, #7968, #4020, .T. ) ;
#7971 = DIRECTION ( 'NONE',  ( -0.0000000000000000000, -1.000000000000000000, -0.0000000000000000000 ) ) ;
#7972 = LINE ( 'NONE', #7150, #1671 ) ;
#7973 = ORIENTED_EDGE ( 'NONE', *, *, #1489, .T. ) ;
#7974 = VERTEX_POINT ( 'NONE', #733 ) ;
#7975 = DIRECTION ( 'NONE',  ( -0.0000000000000000000, -1.000000000000000000, -0.0000000000000000000 ) ) ;
#7976 = SURFACE_STYLE_USAGE ( .BOTH. , #416 ) ;
#7977 = DIRECTION ( 'NONE',  ( -1.000000000000000000, -0.0000000000000000000, -0.0000000000000000000 ) ) ;
#7978 = ORIENTED_EDGE ( 'NONE', *, *, #7896, .T. ) ;
#7979 = CARTESIAN_POINT ( 'NONE',  ( 18.89469707838345158, 13.89999999999999680, 0.6053029216165489723 ) ) ;
#7980 = FILL_AREA_STYLE ('',( #2828 ) ) ;
#7981 = CYLINDRICAL_SURFACE ( 'NONE', #13, 1.993034753127727488 ) ;
#7982 = EDGE_LOOP ( 'NONE', ( #7321, #4956, #8580, #3152 ) ) ;
#7983 = LINE ( 'NONE', #1348, #10548 ) ;
#7984 = EDGE_CURVE ( 'NONE', #3837, #7840, #10763, .T. ) ;
#7985 = FACE_OUTER_BOUND ( 'NONE', #2383, .T. ) ;
#7986 = DIRECTION ( 'NONE',  ( 0.0000000000000000000, -0.0000000000000000000, 1.000000000000000000 ) ) ;
#7987 = DIRECTION ( 'NONE',  ( 0.0000000000000000000, 0.0000000000000000000, -1.000000000000000000 ) ) ;
#7988 = EDGE_LOOP ( 'NONE', ( #6039, #2269, #1450, #3549 ) ) ;
#7989 = DIRECTION ( 'NONE',  ( 1.000000000000000000, 0.0000000000000000000, 1.734723475976817547E-15 ) ) ;
#7990 = FILL_AREA_STYLE ('',( #5270 ) ) ;
#7991 = EDGE_LOOP ( 'NONE', ( #10190, #2215, #4736, #5815, #5239, #6527, #6444, #6757 ) ) ;
#7992 = SURFACE_STYLE_FILL_AREA ( #1873 ) ;
#7993 = CARTESIAN_POINT ( 'NONE',  ( 13.75000000000000178, 19.00000000000000000, 7.999999999999998224 ) ) ;
#7994 = ORIENTED_EDGE ( 'NONE', *, *, #101, .T. ) ;
#7995 = EDGE_CURVE ( 'NONE', #4027, #719, #6573, .T. ) ;
#7996 = ADVANCED_FACE ( 'NONE', ( #9909 ), #562, .T. ) ;
#7997 = DIRECTION ( 'NONE',  ( -0.0000000000000000000, 1.000000000000000000, -0.0000000000000000000 ) ) ;
#7998 = CARTESIAN_POINT ( 'NONE',  ( 13.99999999999999645, 20.99999999999999645, 4.500000000000092371 ) ) ;
#7999 = LINE ( 'NONE', #276, #729 ) ;
#8000 = SURFACE_SIDE_STYLE ('',( #2253 ) ) ;
#8001 = FACE_OUTER_BOUND ( 'NONE', #79, .T. ) ;
#8002 = SURFACE_STYLE_FILL_AREA ( #8731 ) ;
#8003 = ORIENTED_EDGE ( 'NONE', *, *, #5527, .F. ) ;
#8004 = EDGE_CURVE ( 'NONE', #4497, #304, #6475, .T. ) ;
#8005 =( NAMED_UNIT ( * ) SI_UNIT ( $, .STERADIAN. ) SOLID_ANGLE_UNIT ( ) );
#8006 =( LENGTH_UNIT ( ) NAMED_UNIT ( * ) SI_UNIT ( .MILLI., .METRE. ) );
#8007 = AXIS2_PLACEMENT_3D ( 'NONE', #2368, #8122, #5745 ) ;
#8008 = MECHANICAL_DESIGN_GEOMETRIC_PRESENTATION_REPRESENTATION (  '', ( #1822 ), #10816 ) ;
#8009 = CARTESIAN_POINT ( 'NONE',  ( 19.50000000000000000, -2.750000000000000000, -0.4999999999999968914 ) ) ;
#8010 = DIRECTION ( 'NONE',  ( 0.0000000000000000000, 0.0000000000000000000, 1.000000000000000000 ) ) ;
#8011 = VECTOR ( 'NONE', #8734, 1000.000000000000000 ) ;
#8012 = PRESENTATION_STYLE_ASSIGNMENT (( #234 ) ) ;
#8013 = ADVANCED_FACE ( 'NONE', ( #7467 ), #3134, .T. ) ;
#8014 = AXIS2_PLACEMENT_3D ( 'NONE', #6195, #8733, #3684 ) ;
#8015 = ORIENTED_EDGE ( 'NONE', *, *, #974, .F. ) ;
#8016 = DIRECTION ( 'NONE',  ( 0.0000000000000000000, -3.854941057726238097E-16, 1.000000000000000000 ) ) ;
#8017 =( LENGTH_UNIT ( ) NAMED_UNIT ( * ) SI_UNIT ( .MILLI., .METRE. ) );
#8018 = FILL_AREA_STYLE ('',( #4578 ) ) ;
#8019 = FACE_OUTER_BOUND ( 'NONE', #10227, .T. ) ;
#8020 = ORIENTED_EDGE ( 'NONE', *, *, #5750, .T. ) ;
#8021 = VECTOR ( 'NONE', #2009, 1000.000000000000000 ) ;
#8022 =( GEOMETRIC_REPRESENTATION_CONTEXT ( 3 ) GLOBAL_UNCERTAINTY_ASSIGNED_CONTEXT ( ( #9869 ) ) GLOBAL_UNIT_ASSIGNED_CONTEXT ( ( #5138, #4257, #10194 ) ) REPRESENTATION_CONTEXT ( 'NONE', 'WORKASPACE' ) );
#8023 = DIRECTION ( 'NONE',  ( 1.000000000000000000, -0.0000000000000000000, 0.0000000000000000000 ) ) ;
#8024 = CIRCLE ( 'NONE', #450, 0.5000000000000004441 ) ;
#8025 = DIRECTION ( 'NONE',  ( 7.709882115452484083E-16, -3.854941057726242041E-16, 1.000000000000000000 ) ) ;
#8026 = VERTEX_POINT ( 'NONE', #3916 ) ;
#8027 = ORIENTED_EDGE ( 'NONE', *, *, #5079, .F. ) ;
#8028 = CARTESIAN_POINT ( 'NONE',  ( -24.49999999999999645, 9.399999999999998579, 6.099999999999996980 ) ) ;
#8029 = AXIS2_PLACEMENT_3D ( 'NONE', #6816, #3212, #1574 ) ;
#8030 = DIRECTION ( 'NONE',  ( 1.000000000000000000, 0.0000000000000000000, 0.0000000000000000000 ) ) ;
#8031 = DIRECTION ( 'NONE',  ( -1.000000000000000000, 0.0000000000000000000, 0.0000000000000000000 ) ) ;
#8032 = EDGE_CURVE ( 'NONE', #8974, #8147, #8290, .T. ) ;
#8033 = MECHANICAL_DESIGN_GEOMETRIC_PRESENTATION_REPRESENTATION (  '', ( #1849 ), #2376 ) ;
#8034 = PLANE ( 'NONE',  #209 ) ;
#8035 = VECTOR ( 'NONE', #8016, 1000.000000000000000 ) ;
#8036 = MANIFOLD_SOLID_BREP ( '???????-????????8', #9163 ) ;
#8037 = ORIENTED_EDGE ( 'NONE', *, *, #7527, .T. ) ;
#8038 = CARTESIAN_POINT ( 'NONE',  ( -25.25000000000000000, 2.799999999999999822, 9.000000000000000000 ) ) ;
#8039 = CARTESIAN_POINT ( 'NONE',  ( 13.75000000000000178, 19.00000000000000000, 7.999999999999998224 ) ) ;
#8040 = DIRECTION ( 'NONE',  ( 0.0000000000000000000, 0.0000000000000000000, 1.000000000000000000 ) ) ;
#8041 = DIRECTION ( 'NONE',  ( 1.000000000000000000, 0.0000000000000000000, 0.0000000000000000000 ) ) ;
#8042 = EDGE_LOOP ( 'NONE', ( #550, #8217, #4430, #585 ) ) ;
#8043 = FILL_AREA_STYLE ('',( #9825 ) ) ;
#8044 = CARTESIAN_POINT ( 'NONE',  ( 4.265065438661265418, 15.89999999999999680, -0.6053029216165488613 ) ) ;
#8045 = FACE_OUTER_BOUND ( 'NONE', #8179, .T. ) ;
#8046 = ORIENTED_EDGE ( 'NONE', *, *, #2317, .F. ) ;
#8047 = ADVANCED_FACE ( 'NONE', ( #2631 ), #2321, .F. ) ;
#8048 = LINE ( 'NONE', #2189, #4488 ) ;
#8049 = DIRECTION ( 'NONE',  ( 0.0000000000000000000, 0.0000000000000000000, -1.000000000000000000 ) ) ;
#8050 = SURFACE_STYLE_USAGE ( .BOTH. , #7938 ) ;
#8051 = COLOUR_RGB ( '',0.8980392156862745390, 0.8980392156862745390, 0.8980392156862745390 ) ;
#8052 = MECHANICAL_DESIGN_GEOMETRIC_PRESENTATION_REPRESENTATION (  '', ( #8585 ), #1333 ) ;
#8053 = ORIENTED_EDGE ( 'NONE', *, *, #9065, .F. ) ;
#8054 = FILL_AREA_STYLE ('',( #9837 ) ) ;
#8055 = CARTESIAN_POINT ( 'NONE',  ( -26.75000000000000355, 19.00000000000000000, 8.000000000000001776 ) ) ;
#8056 = STYLED_ITEM ( 'NONE', ( #156 ), #10896 ) ;
#8057 = CARTESIAN_POINT ( 'NONE',  ( -11.18480339025594361, 9.399999999999998579, 5.114085138899327809 ) ) ;
#8058 =( LENGTH_UNIT ( ) NAMED_UNIT ( * ) SI_UNIT ( .MILLI., .METRE. ) );
#8059 = ORIENTED_EDGE ( 'NONE', *, *, #3626, .T. ) ;
#8060 = EDGE_CURVE ( 'NONE', #5554, #10344, #887, .T. ) ;
#8061 = CARTESIAN_POINT ( 'NONE',  ( -27.50000000000000000, 19.99999999999999289, 9.000000000000000000 ) ) ;
#8062 = UNCERTAINTY_MEASURE_WITH_UNIT (LENGTH_MEASURE( 1.000000000000000082E-05 ), #9827, 'distance_accuracy_value', 'NONE');
#8063 = AXIS2_PLACEMENT_3D ( 'NONE', #9709, #2179, #1290 ) ;
#8064 = DIRECTION ( 'NONE',  ( -1.000000000000000000, 0.0000000000000000000, 6.653050579395577682E-17 ) ) ;
#8065 = EDGE_CURVE ( 'NONE', #3585, #10207, #2526, .T. ) ;
#8066 = MECHANICAL_DESIGN_GEOMETRIC_PRESENTATION_REPRESENTATION (  '', ( #3820 ), #9486 ) ;
#8067 = ORIENTED_EDGE ( 'NONE', *, *, #5780, .T. ) ;
#8069 = EDGE_CURVE ( 'NONE', #404, #1879, #6848, .T. ) ;
#8068 = SURFACE_STYLE_FILL_AREA ( #9067 ) ;
#8070 = DIRECTION ( 'NONE',  ( -5.451709925985335199E-16, 0.7071067811865470176, -0.7071067811865479058 ) ) ;
#8071 = ORIENTED_EDGE ( 'NONE', *, *, #10165, .T. ) ;
#8072 = DIRECTION ( 'NONE',  ( 3.469446951953635094E-15, -1.314184451497582245E-16, 1.000000000000000000 ) ) ;
#8073 = DIRECTION ( 'NONE',  ( -0.0000000000000000000, -1.000000000000000000, -0.0000000000000000000 ) ) ;
#8074 = STYLED_ITEM ( 'NONE', ( #4565 ), #5153 ) ;
#8075 = ORIENTED_EDGE ( 'NONE', *, *, #9034, .T. ) ;
#8076 = VECTOR ( 'NONE', #6018, 1000.000000000000000 ) ;
#8077 = ADVANCED_FACE ( 'NONE', ( #3348 ), #1872, .F. ) ;
#8078 =( NAMED_UNIT ( * ) SI_UNIT ( $, .STERADIAN. ) SOLID_ANGLE_UNIT ( ) );
#8079 = DIRECTION ( 'NONE',  ( -1.000000000000000000, -0.0000000000000000000, -0.0000000000000000000 ) ) ;
#8080 = ORIENTED_EDGE ( 'NONE', *, *, #568, .F. ) ;
#8081 = VERTEX_POINT ( 'NONE', #9677 ) ;
#8082 = FILL_AREA_STYLE ('',( #10811 ) ) ;
#8083 = SURFACE_STYLE_USAGE ( .BOTH. , #8763 ) ;
#8084 = CARTESIAN_POINT ( 'NONE',  ( -26.75000000000000355, 19.00000000000000000, 8.000000000000001776 ) ) ;
#8085 = ORIENTED_EDGE ( 'NONE', *, *, #2814, .T. ) ;
#8086 = PRESENTATION_LAYER_ASSIGNMENT (  '', '', ( #5620 ) ) ;
#8087 = CARTESIAN_POINT ( 'NONE',  ( -24.49999999999999645, -18.24828759089465535, 4.500000000000360600 ) ) ;
#8088 = EDGE_LOOP ( 'NONE', ( #6240, #4452, #1693, #4367 ) ) ;
#8089 = DIRECTION ( 'NONE',  ( 0.0000000000000000000, 0.0000000000000000000, 1.000000000000000000 ) ) ;
#8090 = AXIS2_PLACEMENT_3D ( 'NONE', #7142, #2108, #2977 ) ;
#8091 = DIRECTION ( 'NONE',  ( -0.0000000000000000000, 1.000000000000000000, -0.0000000000000000000 ) ) ;
#8092 = AXIS2_PLACEMENT_3D ( 'NONE', #6687, #4911, #5064 ) ;
#8093 = LINE ( 'NONE', #426, #5540 ) ;
#8094 = ORIENTED_EDGE ( 'NONE', *, *, #3457, .T. ) ;
#8095 = CARTESIAN_POINT ( 'NONE',  ( -12.00000000000000000, -18.24828759089465535, -4.499999999999730882 ) ) ;
#8096 = CARTESIAN_POINT ( 'NONE',  ( 18.50000000000000000, 0.0000000000000000000, 0.5000000000000031086 ) ) ;
#8097 = SURFACE_SIDE_STYLE ('',( #5500 ) ) ;
#8098 = FACE_OUTER_BOUND ( 'NONE', #8494, .T. ) ;
#8099 = ORIENTED_EDGE ( 'NONE', *, *, #3584, .F. ) ;
#8100 = CARTESIAN_POINT ( 'NONE',  ( -27.50000000000000000, 5.200000000000000178, 6.599999999999996092 ) ) ;
#8101 = DIRECTION ( 'NONE',  ( -0.0000000000000000000, -1.000000000000000000, -0.0000000000000000000 ) ) ;
#8102 = DIRECTION ( 'NONE',  ( 0.0000000000000000000, 1.000000000000000000, 1.314184451497582245E-16 ) ) ;
#8103 = PRESENTATION_LAYER_ASSIGNMENT (  '', '', ( #8462 ) ) ;
#8104 = VERTEX_POINT ( 'NONE', #1100 ) ;
#8105 = SURFACE_STYLE_FILL_AREA ( #7233 ) ;
#8106 = ADVANCED_FACE ( 'NONE', ( #6250, #7128 ), #4509, .F. ) ;
#8107 =( NAMED_UNIT ( * ) SI_UNIT ( $, .STERADIAN. ) SOLID_ANGLE_UNIT ( ) );
#8108 = VECTOR ( 'NONE', #6239, 1000.000000000000000 ) ;
#8109 = PRESENTATION_STYLE_ASSIGNMENT (( #3013 ) ) ;
#8110 = DIRECTION ( 'NONE',  ( 1.000000000000000000, 0.0000000000000000000, 0.0000000000000000000 ) ) ;
#8111 = DIRECTION ( 'NONE',  ( -0.0000000000000000000, -0.0000000000000000000, 1.000000000000000000 ) ) ;
#8112 = ORIENTED_EDGE ( 'NONE', *, *, #6105, .T. ) ;
#8113 = DIRECTION ( 'NONE',  ( 3.854941057726238097E-16, 1.314184451497582492E-16, -1.000000000000000000 ) ) ;
#8114 = VECTOR ( 'NONE', #5921, 1000.000000000000000 ) ;
#8115 = LINE ( 'NONE', #6471, #2071 ) ;
#8116 = DIRECTION ( 'NONE',  ( -7.709882115452475208E-16, 1.314184451497582492E-16, -1.000000000000000000 ) ) ;
#8117 = EDGE_CURVE ( 'NONE', #2258, #764, #1928, .T. ) ;
#8118 = MECHANICAL_DESIGN_GEOMETRIC_PRESENTATION_REPRESENTATION (  '', ( #4044 ), #9901 ) ;
#8119 = PLANE ( 'NONE',  #10172 ) ;
#8120 =( GEOMETRIC_REPRESENTATION_CONTEXT ( 3 ) GLOBAL_UNCERTAINTY_ASSIGNED_CONTEXT ( ( #6544 ) ) GLOBAL_UNIT_ASSIGNED_CONTEXT ( ( #6976, #3646, #5252 ) ) REPRESENTATION_CONTEXT ( 'NONE', 'WORKASPACE' ) );
#8121 = VERTEX_POINT ( 'NONE', #1983 ) ;
#8122 = DIRECTION ( 'NONE',  ( -0.0000000000000000000, 0.0000000000000000000, 1.000000000000000000 ) ) ;
#8123 = VERTEX_POINT ( 'NONE', #6197 ) ;
#8124 =( NAMED_UNIT ( * ) PLANE_ANGLE_UNIT ( ) SI_UNIT ( $, .RADIAN. ) );
#8125 = CARTESIAN_POINT ( 'NONE',  ( -12.24999999999999822, 0.0000000000000000000, 9.000000000000000000 ) ) ;
#8126 = CARTESIAN_POINT ( 'NONE',  ( -27.50000000000000000, 9.399999999999998579, 6.599999999999996092 ) ) ;
#8127 = CIRCLE ( 'NONE', #10443, 4.411345746565307202 ) ;
#8128 = ADVANCED_FACE ( 'NONE', ( #10341 ), #3566, .F. ) ;
#8129 = COLOUR_RGB ( '',0.8980392156862745390, 0.8980392156862745390, 0.8980392156862745390 ) ;
#8130 = SURFACE_STYLE_FILL_AREA ( #2978 ) ;
#8131 = MECHANICAL_DESIGN_GEOMETRIC_PRESENTATION_REPRESENTATION (  '', ( #10078 ), #4234 ) ;
#8132 = ORIENTED_EDGE ( 'NONE', *, *, #1291, .F. ) ;
#8133 = EDGE_CURVE ( 'NONE', #10044, #2701, #2158, .T. ) ;
#8134 = EDGE_CURVE ( 'NONE', #8336, #10456, #4568, .T. ) ;
#8135 = DIRECTION ( 'NONE',  ( 1.000000000000000000, 1.013220719900693144E-31, -7.709882115452475208E-16 ) ) ;
#8136 = FILL_AREA_STYLE_COLOUR ( '', #9542 ) ;
#8137 = VECTOR ( 'NONE', #5886, 1000.000000000000000 ) ;
#8138 = LINE ( 'NONE', #2379, #620 ) ;
#8139 = ORIENTED_EDGE ( 'NONE', *, *, #107, .F. ) ;
#8140 = ORIENTED_EDGE ( 'NONE', *, *, #4913, .F. ) ;
#8141 = CARTESIAN_POINT ( 'NONE',  ( -27.49999999999999289, 9.400000000000000355, -4.499999999999818812 ) ) ;
#8142 = CARTESIAN_POINT ( 'NONE',  ( 17.26506543866126719, 13.89999999999999680, -0.6053029216165488613 ) ) ;
#8143 = SURFACE_SIDE_STYLE ('',( #7268 ) ) ;
#8144 = ORIENTED_EDGE ( 'NONE', *, *, #5738, .T. ) ;
#8145 = EDGE_CURVE ( 'NONE', #2072, #9941, #7953, .T. ) ;
#8146 = CARTESIAN_POINT ( 'NONE',  ( -24.49999999999999645, 20.00000000000000355, -8.999999999999630518 ) ) ;
#8147 = VERTEX_POINT ( 'NONE', #10450 ) ;
#8148 = CARTESIAN_POINT ( 'NONE',  ( 0.7500000000000006661, 0.0000000000000000000, -9.000000000000000000 ) ) ;
#8149 = LINE ( 'NONE', #584, #2715 ) ;
#8150 = EDGE_LOOP ( 'NONE', ( #6574, #10288, #10859, #526 ) ) ;
#8151 = LINE ( 'NONE', #586, #5983 ) ;
#8152 = SURFACE_SIDE_STYLE ('',( #7386 ) ) ;
#8153 =( NAMED_UNIT ( * ) SI_UNIT ( $, .STERADIAN. ) SOLID_ANGLE_UNIT ( ) );
#8154 = DIRECTION ( 'NONE',  ( 0.0000000000000000000, 0.0000000000000000000, -1.000000000000000000 ) ) ;
#8155 = CARTESIAN_POINT ( 'NONE',  ( -5.894697078383451583, 13.89999999999999680, -2.234934561338733250 ) ) ;
#8156 = ORIENTED_EDGE ( 'NONE', *, *, #7217, .T. ) ;
#8157 = SURFACE_STYLE_FILL_AREA ( #8054 ) ;
#8158 = CARTESIAN_POINT ( 'NONE',  ( -11.50000000000000000, 20.00000000000000000, -7.999999999999976019 ) ) ;
#8159 = FILL_AREA_STYLE ('',( #3224 ) ) ;
#8160 = CARTESIAN_POINT ( 'NONE',  ( -27.50000000000000000, 5.200000000000001066, -6.599999999999994316 ) ) ;
#8161 = ORIENTED_EDGE ( 'NONE', *, *, #3317, .T. ) ;
#8162 = CARTESIAN_POINT ( 'NONE',  ( -24.50000000000000000, 9.400000000000000355, -6.099999999999992539 ) ) ;
#8163 = ADVANCED_FACE ( 'NONE', ( #6316 ), #1155, .T. ) ;
#8164 = VERTEX_POINT ( 'NONE', #2097 ) ;
#8165 = DIRECTION ( 'NONE',  ( 0.0000000000000000000, 0.0000000000000000000, 1.000000000000000000 ) ) ;
#8166 =( NAMED_UNIT ( * ) PLANE_ANGLE_UNIT ( ) SI_UNIT ( $, .RADIAN. ) );
#8167 = EDGE_LOOP ( 'NONE', ( #7529, #2789, #7059, #5696, #8637, #7026, #2285, #10129, #5327, #7210, #7872, #3746 ) ) ;
#8168 = CARTESIAN_POINT ( 'NONE',  ( 17.26506543866126719, 13.89999999999999680, 0.6053029216165499715 ) ) ;
#8169 = VERTEX_POINT ( 'NONE', #3628 ) ;
#8170 = CARTESIAN_POINT ( 'NONE',  ( -5.500000000000000000, -2.750000000000000000, 0.5000000000000031086 ) ) ;
#8171 = EDGE_CURVE ( 'NONE', #10580, #2689, #7319, .T. ) ;
#8172 = DIRECTION ( 'NONE',  ( 0.0000000000000000000, 0.0000000000000000000, 1.000000000000000000 ) ) ;
#8173 = ORIENTED_EDGE ( 'NONE', *, *, #8949, .F. ) ;
#8174 = FACE_OUTER_BOUND ( 'NONE', #4806, .T. ) ;
#8175 = MECHANICAL_DESIGN_GEOMETRIC_PRESENTATION_REPRESENTATION (  '', ( #2010 ), #2693 ) ;
#8176 = EDGE_CURVE ( 'NONE', #4974, #8769, #7349, .T. ) ;
#8177 = LINE ( 'NONE', #9860, #7856 ) ;
#8178 = AXIS2_PLACEMENT_3D ( 'NONE', #5060, #10116, #8456 ) ;
#8179 = EDGE_LOOP ( 'NONE', ( #1057, #5337, #3427, #5746 ) ) ;
#8180 = ORIENTED_EDGE ( 'NONE', *, *, #10293, .F. ) ;
#8181 = DIRECTION ( 'NONE',  ( -1.000000000000000000, -0.0000000000000000000, -0.0000000000000000000 ) ) ;
#8182 = PRESENTATION_STYLE_ASSIGNMENT (( #10627 ) ) ;
#8183 =( NAMED_UNIT ( * ) PLANE_ANGLE_UNIT ( ) SI_UNIT ( $, .RADIAN. ) );
#8184 = ORIENTED_EDGE ( 'NONE', *, *, #5285, .F. ) ;
#8185 = ADVANCED_FACE ( 'NONE', ( #7404, #601 ), #6468, .F. ) ;
#8186 = EDGE_CURVE ( 'NONE', #56, #8026, #2259, .T. ) ;
#8187 = UNCERTAINTY_MEASURE_WITH_UNIT (LENGTH_MEASURE( 1.000000000000000082E-05 ), #3059, 'distance_accuracy_value', 'NONE');
#8188 = DIRECTION ( 'NONE',  ( 1.000000000000000000, 0.0000000000000000000, 0.0000000000000000000 ) ) ;
#8189 =( GEOMETRIC_REPRESENTATION_CONTEXT ( 3 ) GLOBAL_UNCERTAINTY_ASSIGNED_CONTEXT ( ( #1886 ) ) GLOBAL_UNIT_ASSIGNED_CONTEXT ( ( #4113, #8389, #823 ) ) REPRESENTATION_CONTEXT ( 'NONE', 'WORKASPACE' ) );
#8190 = ORIENTED_EDGE ( 'NONE', *, *, #10700, .T. ) ;
#8191 = AXIS2_PLACEMENT_3D ( 'NONE', #3739, #1267, #1049 ) ;
#8192 = MANIFOLD_SOLID_BREP ( '???????-????????10', #7410 ) ;
#8193 = AXIS2_PLACEMENT_3D ( 'NONE', #5459, #8854, #1268 ) ;
#8194 = VERTEX_POINT ( 'NONE', #8222 ) ;
#8195 = DIRECTION ( 'NONE',  ( -1.000000000000000000, -0.0000000000000000000, -0.0000000000000000000 ) ) ;
#8196 = PLANE ( 'NONE',  #2396 ) ;
#8197 = EDGE_CURVE ( 'NONE', #9597, #9965, #1315, .T. ) ;
#8198 = SURFACE_STYLE_FILL_AREA ( #3267 ) ;
#8199 =( GEOMETRIC_REPRESENTATION_CONTEXT ( 3 ) GLOBAL_UNCERTAINTY_ASSIGNED_CONTEXT ( ( #5661 ) ) GLOBAL_UNIT_ASSIGNED_CONTEXT ( ( #4884, #755, #10844 ) ) REPRESENTATION_CONTEXT ( 'NONE', 'WORKASPACE' ) );
#8200 = VECTOR ( 'NONE', #3264, 1000.000000000000000 ) ;
#8201 = ORIENTED_EDGE ( 'NONE', *, *, #5070, .F. ) ;
#8202 = LINE ( 'NONE', #10842, #1215 ) ;
#8203 = CIRCLE ( 'NONE', #4306, 4.411345746565307202 ) ;
#8204 = FACE_OUTER_BOUND ( 'NONE', #9256, .T. ) ;
#8205 = FILL_AREA_STYLE ('',( #4816 ) ) ;
#8206 = LINE ( 'NONE', #10733, #5614 ) ;
#8207 = FILL_AREA_STYLE ('',( #7280 ) ) ;
#8208 = EDGE_CURVE ( 'NONE', #6034, #1906, #665, .T. ) ;
#8209 = CARTESIAN_POINT ( 'NONE',  ( 48.33386665984021136, 19.99999999999998934, 10.10000000000018439 ) ) ;
#8210 = VERTEX_POINT ( 'NONE', #8281 ) ;
#8211 = MECHANICAL_DESIGN_GEOMETRIC_PRESENTATION_REPRESENTATION (  '', ( #1174 ), #831 ) ;
#8212 = MECHANICAL_DESIGN_GEOMETRIC_PRESENTATION_REPRESENTATION (  '', ( #5375 ), #6305 ) ;
#8213 = STYLED_ITEM ( 'NONE', ( #4753 ), #2268 ) ;
#8214 = VECTOR ( 'NONE', #9455, 1000.000000000000000 ) ;
#8215 = CARTESIAN_POINT ( 'NONE',  ( 17.26506543866126719, 13.89999999999999680, -0.6053029216165488613 ) ) ;
#8216 = EDGE_CURVE ( 'NONE', #10488, #2708, #5734, .T. ) ;
#8217 = ORIENTED_EDGE ( 'NONE', *, *, #1639, .F. ) ;
#8218 = CARTESIAN_POINT ( 'NONE',  ( 8.734934561338732806, 13.89999999999999680, -0.6053029216165494164 ) ) ;
#8219 = CARTESIAN_POINT ( 'NONE',  ( -27.50000000000000000, 8.900000000000000355, -6.599999999999993427 ) ) ;
#8220 = VERTEX_POINT ( 'NONE', #722 ) ;
#8221 = VECTOR ( 'NONE', #5492, 1000.000000000000000 ) ;
#8222 = CARTESIAN_POINT ( 'NONE',  ( 5.894697078383449806, 15.89999999999999680, -0.6053029216165489723 ) ) ;
#8223 = CARTESIAN_POINT ( 'NONE',  ( 48.33386665984021136, 21.09999999999999432, 8.000000000000000000 ) ) ;
#8224 = VERTEX_POINT ( 'NONE', #8903 ) ;
#8225 = FACE_BOUND ( 'NONE', #3208, .T. ) ;
#8226 =( GEOMETRIC_REPRESENTATION_CONTEXT ( 3 ) GLOBAL_UNCERTAINTY_ASSIGNED_CONTEXT ( ( #8636 ) ) GLOBAL_UNIT_ASSIGNED_CONTEXT ( ( #1651, #4178, #111 ) ) REPRESENTATION_CONTEXT ( 'NONE', 'WORKASPACE' ) );
#8227 = EDGE_CURVE ( 'NONE', #10167, #3211, #501, .T. ) ;
#8228 = ORIENTED_EDGE ( 'NONE', *, *, #2053, .F. ) ;
#8229 = FILL_AREA_STYLE_COLOUR ( '', #2869 ) ;
#8230 = DIRECTION ( 'NONE',  ( 0.0000000000000000000, 0.0000000000000000000, -1.000000000000000000 ) ) ;
#8231 = ORIENTED_EDGE ( 'NONE', *, *, #2127, .T. ) ;
#8232 = DIRECTION ( 'NONE',  ( 0.0000000000000000000, 1.000000000000000000, 0.0000000000000000000 ) ) ;
#8233 = CARTESIAN_POINT ( 'NONE',  ( -13.75000000000000000, -0.0000000000000000000, -7.999999999999998224 ) ) ;
#8234 =( LENGTH_UNIT ( ) NAMED_UNIT ( * ) SI_UNIT ( .MILLI., .METRE. ) );
#8235 = VECTOR ( 'NONE', #2607, 1000.000000000000000 ) ;
#8236 = VECTOR ( 'NONE', #7434, 1000.000000000000000 ) ;
#8237 = DIRECTION ( 'NONE',  ( -1.000000000000000000, 0.0000000000000000000, 0.0000000000000000000 ) ) ;
#8238 = PRESENTATION_LAYER_ASSIGNMENT (  '', '', ( #5761 ) ) ;
#8239 = EDGE_LOOP ( 'NONE', ( #3766, #3967, #3176, #7994 ) ) ;
#8240 = CARTESIAN_POINT ( 'NONE',  ( 13.75000000000000178, 19.00000000000000000, -7.999999999999998224 ) ) ;
#8241 = EDGE_CURVE ( 'NONE', #6504, #7218, #6595, .T. ) ;
#8242 = TOROIDAL_SURFACE ( 'NONE', #1705, 3.411345746565307646, 1.000000000000000000 ) ;
#8243 = ORIENTED_EDGE ( 'NONE', *, *, #3611, .T. ) ;
#8244 = CARTESIAN_POINT ( 'NONE',  ( -14.49999999999999822, 8.899999999999998579, 6.599999999999996092 ) ) ;
#8245 = VECTOR ( 'NONE', #7735, 1000.000000000000000 ) ;
#8246 = LINE ( 'NONE', #3307, #9625 ) ;
#8247 = DIRECTION ( 'NONE',  ( -1.000000000000000000, 0.0000000000000000000, 0.0000000000000000000 ) ) ;
#8248 = DIRECTION ( 'NONE',  ( 0.0000000000000000000, -1.314184451497582492E-16, 1.000000000000000000 ) ) ;
#8249 = VERTEX_POINT ( 'NONE', #10590 ) ;
#8250 = PLANE ( 'NONE',  #8316 ) ;
#8251 = VECTOR ( 'NONE', #4561, 1000.000000000000000 ) ;
#8252 = ORIENTED_EDGE ( 'NONE', *, *, #789, .T. ) ;
#8253 = LINE ( 'NONE', #6706, #9662 ) ;
#8254 = MECHANICAL_DESIGN_GEOMETRIC_PRESENTATION_REPRESENTATION (  '', ( #5419 ), #2264 ) ;
#8255 = FILL_AREA_STYLE_COLOUR ( '', #8939 ) ;
#8256 = CARTESIAN_POINT ( 'NONE',  ( 1.000000000000000888, -18.24828759089465535, 4.500000000000178524 ) ) ;
#8257 = ADVANCED_FACE ( 'NONE', ( #7221 ), #1293, .F. ) ;
#8258 =( NAMED_UNIT ( * ) PLANE_ANGLE_UNIT ( ) SI_UNIT ( $, .RADIAN. ) );
#8259 = UNCERTAINTY_MEASURE_WITH_UNIT (LENGTH_MEASURE( 1.000000000000000082E-05 ), #9722, 'distance_accuracy_value', 'NONE');
#8260 = ORIENTED_EDGE ( 'NONE', *, *, #1927, .F. ) ;
#8261 = CARTESIAN_POINT ( 'NONE',  ( -12.24999999999999822, 2.799999999999999822, 9.000000000000000000 ) ) ;
#8262 = CIRCLE ( 'NONE', #5426, 4.411345746565307202 ) ;
#8263 = DIRECTION ( 'NONE',  ( 0.0000000000000000000, -1.314184451497582492E-16, 1.000000000000000000 ) ) ;
#8264 = CARTESIAN_POINT ( 'NONE',  ( -11.18480339025594361, 9.399999999999998579, 5.114085138899327809 ) ) ;
#8265 = PLANE ( 'NONE',  #6823 ) ;
#8266 = CARTESIAN_POINT ( 'NONE',  ( -14.49999999999999822, 9.400000000000000355, -6.599999999999993427 ) ) ;
#8267 = LINE ( 'NONE', #4715, #2644 ) ;
#8268 = CARTESIAN_POINT ( 'NONE',  ( -7.105302921616549305, 13.89999999999999680, -0.6053029216165489723 ) ) ;
#8269 = EDGE_CURVE ( 'NONE', #9301, #4560, #3045, .T. ) ;
#8270 = ORIENTED_EDGE ( 'NONE', *, *, #9417, .F. ) ;
#8271 = VECTOR ( 'NONE', #1368, 1000.000000000000000 ) ;
#8272 =( NAMED_UNIT ( * ) SI_UNIT ( $, .STERADIAN. ) SOLID_ANGLE_UNIT ( ) );
#8273 = PLANE ( 'NONE',  #2622 ) ;
#8274 = EDGE_CURVE ( 'NONE', #3552, #10583, #3237, .T. ) ;
#8275 = ADVANCED_FACE ( 'NONE', ( #8994 ), #93, .T. ) ;
#8276 = ORIENTED_EDGE ( 'NONE', *, *, #5738, .F. ) ;
#8277 = FACE_OUTER_BOUND ( 'NONE', #7933, .T. ) ;
#8278 = DIRECTION ( 'NONE',  ( -0.0000000000000000000, 0.0000000000000000000, -1.000000000000000000 ) ) ;
#8279 = ORIENTED_EDGE ( 'NONE', *, *, #5147, .F. ) ;
#8280 = VECTOR ( 'NONE', #10686, 1000.000000000000000 ) ;
#8281 = CARTESIAN_POINT ( 'NONE',  ( 12.25000000000000000, 19.00000000000000000, -8.999999999999975131 ) ) ;
#8282 = DIRECTION ( 'NONE',  ( -0.0000000000000000000, 1.000000000000000000, -0.0000000000000000000 ) ) ;
#8283 = UNCERTAINTY_MEASURE_WITH_UNIT (LENGTH_MEASURE( 1.000000000000000082E-05 ), #3610, 'distance_accuracy_value', 'NONE');
#8284 = ADVANCED_FACE ( 'NONE', ( #1509 ), #4877, .T. ) ;
#8285 = ORIENTED_EDGE ( 'NONE', *, *, #6775, .T. ) ;
#8286 = SURFACE_STYLE_FILL_AREA ( #3800 ) ;
#8287 = COLOUR_RGB ( '',0.8980392156862745390, 0.8980392156862745390, 0.8980392156862745390 ) ;
#8288 = ORIENTED_EDGE ( 'NONE', *, *, #9073, .T. ) ;
#8289 = CARTESIAN_POINT ( 'NONE',  ( 6.499999999999999112, 15.89999999999999680, 8.673617379884035472E-16 ) ) ;
#8290 = LINE ( 'NONE', #10814, #4453 ) ;
#8291 = VECTOR ( 'NONE', #5267, 1000.000000000000000 ) ;
#8292 = ORIENTED_EDGE ( 'NONE', *, *, #9523, .F. ) ;
#8293 = CARTESIAN_POINT ( 'NONE',  ( -4.265065438661267194, 15.89999999999999680, -0.6053029216165494164 ) ) ;
#8294 = PLANE ( 'NONE',  #9540 ) ;
#8295 = VECTOR ( 'NONE', #8102, 1000.000000000000000 ) ;
#8296 = CARTESIAN_POINT ( 'NONE',  ( -21.73493456133873281, 13.89999999999999680, -0.6053029216165488613 ) ) ;
#8297 = UNCERTAINTY_MEASURE_WITH_UNIT (LENGTH_MEASURE( 1.000000000000000082E-05 ), #7197, 'distance_accuracy_value', 'NONE');
#8298 = VECTOR ( 'NONE', #5347, 1000.000000000000000 ) ;
#8299 = EDGE_LOOP ( 'NONE', ( #6970, #2544, #7525, #9807 ) ) ;
#8300 = DIRECTION ( 'NONE',  ( 0.0000000000000000000, -1.000000000000000000, 0.0000000000000000000 ) ) ;
#8301 = PRESENTATION_LAYER_ASSIGNMENT (  '', '', ( #2131 ) ) ;
#8302 = AXIS2_PLACEMENT_3D ( 'NONE', #7748, #2535, #5074 ) ;
#8303 = DIRECTION ( 'NONE',  ( -0.0000000000000000000, -1.000000000000000000, -1.314184451497582492E-16 ) ) ;
#8304 = VERTEX_POINT ( 'NONE', #6755 ) ;
#8305 =( LENGTH_UNIT ( ) NAMED_UNIT ( * ) SI_UNIT ( .MILLI., .METRE. ) );
#8306 = VECTOR ( 'NONE', #8101, 1000.000000000000000 ) ;
#8307 = VERTEX_POINT ( 'NONE', #5934 ) ;
#8308 = CARTESIAN_POINT ( 'NONE',  ( 13.75000000000000178, 0.0000000000000000000, -7.999999999999998224 ) ) ;
#8309 = ORIENTED_EDGE ( 'NONE', *, *, #644, .T. ) ;
#8310 = UNCERTAINTY_MEASURE_WITH_UNIT (LENGTH_MEASURE( 1.000000000000000082E-05 ), #3658, 'distance_accuracy_value', 'NONE');
#8311 =( NAMED_UNIT ( * ) SI_UNIT ( $, .STERADIAN. ) SOLID_ANGLE_UNIT ( ) );
#8312 = ORIENTED_EDGE ( 'NONE', *, *, #7608, .F. ) ;
#8313 = EDGE_CURVE ( 'NONE', #7974, #8420, #9316, .T. ) ;
#8314 = ORIENTED_EDGE ( 'NONE', *, *, #7052, .T. ) ;
#8315 = FACE_BOUND ( 'NONE', #1672, .T. ) ;
#8316 = AXIS2_PLACEMENT_3D ( 'NONE', #9923, #8990, #3933 ) ;
#8317 = DIRECTION ( 'NONE',  ( -1.000000000000000000, 0.0000000000000000000, 0.0000000000000000000 ) ) ;
#8318 = LINE ( 'NONE', #752, #8383 ) ;
#8319 = VECTOR ( 'NONE', #388, 1000.000000000000000 ) ;
#8320 = VERTEX_POINT ( 'NONE', #139 ) ;
#8321 = LINE ( 'NONE', #4262, #6861 ) ;
#8322 = SURFACE_STYLE_USAGE ( .BOTH. , #10790 ) ;
#8323 = DIRECTION ( 'NONE',  ( 0.0000000000000000000, -1.000000000000000000, 0.0000000000000000000 ) ) ;
#8324 = CARTESIAN_POINT ( 'NONE',  ( 1.500000000000008216, 9.399999999999998579, 6.599999999999996092 ) ) ;
#8325 = VECTOR ( 'NONE', #9227, 1000.000000000000000 ) ;
#8326 = DIRECTION ( 'NONE',  ( -0.0000000000000000000, 1.000000000000000000, -0.0000000000000000000 ) ) ;
#8327 = DIRECTION ( 'NONE',  ( -0.0000000000000000000, -0.0000000000000000000, -1.000000000000000000 ) ) ;
#8328 = DIRECTION ( 'NONE',  ( 1.000000000000000000, 0.0000000000000000000, -0.0000000000000000000 ) ) ;
#8329 = ADVANCED_FACE ( 'NONE', ( #1726 ), #7649, .T. ) ;
#8330 = ORIENTED_EDGE ( 'NONE', *, *, #10636, .F. ) ;
#8331 = MECHANICAL_DESIGN_GEOMETRIC_PRESENTATION_REPRESENTATION (  '', ( #6908 ), #3368 ) ;
#8332 = VERTEX_POINT ( 'NONE', #4206 ) ;
#8333 = LINE ( 'NONE', #2562, #8452 ) ;
#8334 = EDGE_CURVE ( 'NONE', #5345, #9218, #1624, .T. ) ;
#8335 = CARTESIAN_POINT ( 'NONE',  ( -5.894697078383451583, 13.89999999999999680, -0.6053029216165491944 ) ) ;
#8336 = VERTEX_POINT ( 'NONE', #6656 ) ;
#8337 = CARTESIAN_POINT ( 'NONE',  ( -5.894697078383451583, 13.89999999999999680, 0.6053029216165488613 ) ) ;
#8338 = EDGE_CURVE ( 'NONE', #6203, #7612, #8531, .T. ) ;
#8339 = EDGE_CURVE ( 'NONE', #4799, #1338, #2600, .T. ) ;
#8340 = ORIENTED_EDGE ( 'NONE', *, *, #1116, .F. ) ;
#8341 = CARTESIAN_POINT ( 'NONE',  ( -6.500000000000000888, 11.89999999999999858, 8.673617379884035472E-16 ) ) ;
#8342 = SURFACE_STYLE_FILL_AREA ( #2278 ) ;
#8343 = EDGE_CURVE ( 'NONE', #6911, #7756, #6868, .T. ) ;
#8344 = EDGE_LOOP ( 'NONE', ( #3083, #8391, #5850, #5912 ) ) ;
#8345 = CARTESIAN_POINT ( 'NONE',  ( 6.499999999999999112, 11.39999999999999858, 8.673617379884035472E-16 ) ) ;
#8346 = DIRECTION ( 'NONE',  ( -0.0000000000000000000, -0.0000000000000000000, -1.000000000000000000 ) ) ;
#8347 = CYLINDRICAL_SURFACE ( 'NONE', #6625, 4.411345746565307202 ) ;
#8348 = FACE_OUTER_BOUND ( 'NONE', #4943, .T. ) ;
#8349 = FACE_OUTER_BOUND ( 'NONE', #1713, .T. ) ;
#8350 = ORIENTED_EDGE ( 'NONE', *, *, #5640, .F. ) ;
#8351 = CARTESIAN_POINT ( 'NONE',  ( -24.18480339025594361, 11.39999999999999858, 5.114085138899327809 ) ) ;
#8352 = CARTESIAN_POINT ( 'NONE',  ( -14.50000000000000178, 2.799999999999997158, -9.000000000000001776 ) ) ;
#8353 = ADVANCED_FACE ( 'NONE', ( #5030 ), #4150, .T. ) ;
#8354 = ORIENTED_EDGE ( 'NONE', *, *, #9851, .F. ) ;
#8355 = CARTESIAN_POINT ( 'NONE',  ( 19.50000000000000000, 12.89999999999999858, 8.673617379884035472E-16 ) ) ;
#8356 = VECTOR ( 'NONE', #8691, 1000.000000000000000 ) ;
#8357 = EDGE_LOOP ( 'NONE', ( #7901, #9647, #2426, #10535 ) ) ;
#8358 = CARTESIAN_POINT ( 'NONE',  ( -7.105302921616549305, 13.89999999999999680, -0.6053029216165489723 ) ) ;
#8359 =( LENGTH_UNIT ( ) NAMED_UNIT ( * ) SI_UNIT ( .MILLI., .METRE. ) );
#8360 = DIRECTION ( 'NONE',  ( 0.0000000000000000000, 0.0000000000000000000, 1.000000000000000000 ) ) ;
#8361 = EDGE_LOOP ( 'NONE', ( #10281, #940, #9249, #4209, #46, #962, #7448, #4964, #1279, #4093, #5438, #413 ) ) ;
#8362 = PRESENTATION_STYLE_ASSIGNMENT (( #10833 ) ) ;
#8363 = VERTEX_POINT ( 'NONE', #4978 ) ;
#8364 = ORIENTED_EDGE ( 'NONE', *, *, #3675, .T. ) ;
#8365 = MECHANICAL_DESIGN_GEOMETRIC_PRESENTATION_REPRESENTATION (  '', ( #7306 ), #9603 ) ;
#8366 = CARTESIAN_POINT ( 'NONE',  ( -24.50000000000000000, -18.24828759089465535, -4.499999999999638511 ) ) ;
#8367 = VECTOR ( 'NONE', #7788, 1000.000000000000000 ) ;
#8368 = DIRECTION ( 'NONE',  ( 0.0000000000000000000, 0.7071067811865477948, -0.7071067811865473507 ) ) ;
#8369 = PLANE ( 'NONE',  #8921 ) ;
#8370 = EDGE_CURVE ( 'NONE', #1897, #2488, #7545, .T. ) ;
#8371 = ORIENTED_EDGE ( 'NONE', *, *, #9147, .F. ) ;
#8372 = LINE ( 'NONE', #7491, #1363 ) ;
#8373 = DIRECTION ( 'NONE',  ( -1.000000000000000000, 0.0000000000000000000, 0.0000000000000000000 ) ) ;
#8374 = DIRECTION ( 'NONE',  ( -1.000000000000000000, 0.0000000000000000000, -0.0000000000000000000 ) ) ;
#8375 = DIRECTION ( 'NONE',  ( -0.0000000000000000000, 0.0000000000000000000, -1.000000000000000000 ) ) ;
#8376 = VECTOR ( 'NONE', #4836, 1000.000000000000000 ) ;
#8377 = CARTESIAN_POINT ( 'NONE',  ( -27.50000000000000000, 19.99999999999998934, 10.10000000000018439 ) ) ;
#8378 = CARTESIAN_POINT ( 'NONE',  ( 18.50000000000000000, -0.0000000000000000000, -0.4999999999999968914 ) ) ;
#8379 = PRESENTATION_LAYER_ASSIGNMENT (  '', '', ( #9437 ) ) ;
#8380 = ORIENTED_EDGE ( 'NONE', *, *, #160, .F. ) ;
#8381 = DIRECTION ( 'NONE',  ( 5.987745521456020037E-16, 0.0000000000000000000, 1.000000000000000000 ) ) ;
#8382 = AXIS2_PLACEMENT_3D ( 'NONE', #265, #979, #3554 ) ;
#8383 = VECTOR ( 'NONE', #4095, 1000.000000000000000 ) ;
#8384 = VECTOR ( 'NONE', #9038, 1000.000000000000000 ) ;
#8385 = ADVANCED_FACE ( 'NONE', ( #1785 ), #5772, .T. ) ;
#8386 = ORIENTED_EDGE ( 'NONE', *, *, #2053, .T. ) ;
#8387 = PRESENTATION_STYLE_ASSIGNMENT (( #4991 ) ) ;
#8388 = CARTESIAN_POINT ( 'NONE',  ( 18.50000000000000000, -3.750000000000000000, -0.4999999999999968914 ) ) ;
#8389 =( NAMED_UNIT ( * ) PLANE_ANGLE_UNIT ( ) SI_UNIT ( $, .RADIAN. ) );
#8390 = PRESENTATION_STYLE_ASSIGNMENT (( #2563 ) ) ;
#8391 = ORIENTED_EDGE ( 'NONE', *, *, #7365, .F. ) ;
#8392 = LINE ( 'NONE', #3338, #3538 ) ;
#8393 = VECTOR ( 'NONE', #2245, 1000.000000000000114 ) ;
#8394 = VECTOR ( 'NONE', #10278, 1000.000000000000000 ) ;
#8395 = ORIENTED_EDGE ( 'NONE', *, *, #3047, .T. ) ;
#8396 = LINE ( 'NONE', #7679, #6670 ) ;
#8397 = CARTESIAN_POINT ( 'NONE',  ( 27.50000000000000000, 22.09999999999982734, -7.999999999999976019 ) ) ;
#8398 = EDGE_CURVE ( 'NONE', #4501, #9245, #4929, .T. ) ;
#8399 = ORIENTED_EDGE ( 'NONE', *, *, #7704, .T. ) ;
#8400 = CARTESIAN_POINT ( 'NONE',  ( -24.50000000000000000, 20.99999999999999645, -4.499999999999634070 ) ) ;
#8401 = PRESENTATION_STYLE_ASSIGNMENT (( #5011 ) ) ;
#8402 = SURFACE_STYLE_USAGE ( .BOTH. , #993 ) ;
#8403 = DIRECTION ( 'NONE',  ( -1.000000000000000000, 0.0000000000000000000, 0.0000000000000000000 ) ) ;
#8404 = UNCERTAINTY_MEASURE_WITH_UNIT (LENGTH_MEASURE( 1.000000000000000082E-05 ), #4721, 'distance_accuracy_value', 'NONE');
#8405 = PLANE ( 'NONE',  #10573 ) ;
#8406 = VECTOR ( 'NONE', #5989, 1000.000000000000000 ) ;
#8407 = EDGE_CURVE ( 'NONE', #9433, #9925, #8318, .T. ) ;
#8408 = ORIENTED_EDGE ( 'NONE', *, *, #8227, .T. ) ;
#8409 = CARTESIAN_POINT ( 'NONE',  ( -7.105302921616549305, 13.89999999999999680, 2.234934561338733250 ) ) ;
#8410 = ADVANCED_FACE ( 'NONE', ( #7488 ), #5306, .T. ) ;
#8411 =( LENGTH_UNIT ( ) NAMED_UNIT ( * ) SI_UNIT ( .MILLI., .METRE. ) );
#8412 = ORIENTED_EDGE ( 'NONE', *, *, #6643, .F. ) ;
#8413 =( LENGTH_UNIT ( ) NAMED_UNIT ( * ) SI_UNIT ( .MILLI., .METRE. ) );
#8414 = DIRECTION ( 'NONE',  ( -0.0000000000000000000, 1.000000000000000000, -0.0000000000000000000 ) ) ;
#8415 = PRESENTATION_STYLE_ASSIGNMENT (( #4249 ) ) ;
#8416 = UNCERTAINTY_MEASURE_WITH_UNIT (LENGTH_MEASURE( 1.000000000000000082E-05 ), #3170, 'distance_accuracy_value', 'NONE');
#8417 = CARTESIAN_POINT ( 'NONE',  ( -6.500000000000000888, 14.89999999999999680, 8.673617379884035472E-16 ) ) ;
#8418 = ORIENTED_EDGE ( 'NONE', *, *, #310, .T. ) ;
#8419 = EDGE_CURVE ( 'NONE', #2480, #4374, #1945, .T. ) ;
#8420 = VERTEX_POINT ( 'NONE', #1066 ) ;
#8421 = CARTESIAN_POINT ( 'NONE',  ( 11.50000000000000000, 8.900000000000000355, -6.099999999999992539 ) ) ;
#8422 = VECTOR ( 'NONE', #2339, 1000.000000000000000 ) ;
#8423 = DIRECTION ( 'NONE',  ( 0.0000000000000000000, 0.0000000000000000000, 1.000000000000000000 ) ) ;
#8424 = CIRCLE ( 'NONE', #3113, 1.000000000000000000 ) ;
#8425 = VERTEX_POINT ( 'NONE', #2705 ) ;
#8426 = DIRECTION ( 'NONE',  ( -1.000000000000000000, 0.0000000000000000000, 6.653050579395577682E-17 ) ) ;
#8427 = DIRECTION ( 'NONE',  ( 1.000000000000000000, -0.0000000000000000000, -0.0000000000000000000 ) ) ;
#8428 = DIRECTION ( 'NONE',  ( 1.000000000000000000, 0.0000000000000000000, 0.0000000000000000000 ) ) ;
#8429 =( LENGTH_UNIT ( ) NAMED_UNIT ( * ) SI_UNIT ( .MILLI., .METRE. ) );
#8430 = STYLED_ITEM ( 'NONE', ( #7121 ), #3806 ) ;
#8431 = DIRECTION ( 'NONE',  ( 0.0000000000000000000, -0.0000000000000000000, -1.000000000000000000 ) ) ;
#8432 = DIRECTION ( 'NONE',  ( -1.000000000000000000, 0.0000000000000000000, 0.0000000000000000000 ) ) ;
#8433 = VECTOR ( 'NONE', #4235, 1000.000000000000000 ) ;
#8434 = ORIENTED_EDGE ( 'NONE', *, *, #2944, .F. ) ;
#8435 = EDGE_CURVE ( 'NONE', #7969, #2708, #4585, .T. ) ;
#8436 = CARTESIAN_POINT ( 'NONE',  ( -14.81519660974406349, 9.399999999999998579, 5.114085138899327809 ) ) ;
#8437 =( GEOMETRIC_REPRESENTATION_CONTEXT ( 3 ) GLOBAL_UNCERTAINTY_ASSIGNED_CONTEXT ( ( #4292 ) ) GLOBAL_UNIT_ASSIGNED_CONTEXT ( ( #5821, #4973, #9248 ) ) REPRESENTATION_CONTEXT ( 'NONE', 'WORKASPACE' ) );
#8438 = ORIENTED_EDGE ( 'NONE', *, *, #3057, .F. ) ;
#8439 =( NAMED_UNIT ( * ) PLANE_ANGLE_UNIT ( ) SI_UNIT ( $, .RADIAN. ) );
#8440 = VECTOR ( 'NONE', #8553, 1000.000000000000000 ) ;
#8441 = FILL_AREA_STYLE ('',( #9272 ) ) ;
#8442 = ORIENTED_EDGE ( 'NONE', *, *, #3593, .T. ) ;
#8443 = DIRECTION ( 'NONE',  ( -0.0000000000000000000, -1.000000000000000000, -0.0000000000000000000 ) ) ;
#8444 = STYLED_ITEM ( 'NONE', ( #3252 ), #8 ) ;
#8445 =( GEOMETRIC_REPRESENTATION_CONTEXT ( 3 ) GLOBAL_UNCERTAINTY_ASSIGNED_CONTEXT ( ( #1102 ) ) GLOBAL_UNIT_ASSIGNED_CONTEXT ( ( #4304, #8474, #8311 ) ) REPRESENTATION_CONTEXT ( 'NONE', 'WORKASPACE' ) );
#8446 = ORIENTED_EDGE ( 'NONE', *, *, #3559, .T. ) ;
#8447 = EDGE_CURVE ( 'NONE', #4704, #8803, #9472, .T. ) ;
#8448 = CARTESIAN_POINT ( 'NONE',  ( -20.10530292161654842, 15.89999999999999680, 0.6053029216165489723 ) ) ;
#8449 = CARTESIAN_POINT ( 'NONE',  ( 48.33386665984021136, 16.99999999999999645, 9.100000000000186162 ) ) ;
#8450 = AXIS2_PLACEMENT_3D ( 'NONE', #8694, #6209, #1113 ) ;
#8451 = CARTESIAN_POINT ( 'NONE',  ( 14.50000000000000355, 19.99999999999999289, 8.000000000000000000 ) ) ;
#8452 = VECTOR ( 'NONE', #765, 1000.000000000000000 ) ;
#8453 = PRESENTATION_STYLE_ASSIGNMENT (( #8564 ) ) ;
#8454 = DIRECTION ( 'NONE',  ( -3.326525289697788964E-16, 0.0000000000000000000, 1.000000000000000000 ) ) ;
#8455 = ORIENTED_EDGE ( 'NONE', *, *, #7119, .F. ) ;
#8456 = DIRECTION ( 'NONE',  ( 0.0000000000000000000, 0.0000000000000000000, -1.000000000000000000 ) ) ;
#8457 = DIRECTION ( 'NONE',  ( 0.0000000000000000000, 0.0000000000000000000, 1.000000000000000000 ) ) ;
#8458 = LINE ( 'NONE', #942, #4820 ) ;
#8459 = FILL_AREA_STYLE_COLOUR ( '', #4579 ) ;
#8460 = CYLINDRICAL_SURFACE ( 'NONE', #5973, 1.000000000000000000 ) ;
#8461 = EDGE_CURVE ( 'NONE', #1031, #3132, #3704, .T. ) ;
#8462 = STYLED_ITEM ( 'NONE', ( #1690 ), #4539 ) ;
#8463 = VERTEX_POINT ( 'NONE', #8700 ) ;
#8464 = CARTESIAN_POINT ( 'NONE',  ( -14.49999999999999822, 19.99999999999999289, 8.000000000000000000 ) ) ;
#8465 = LINE ( 'NONE', #3358, #725 ) ;
#8466 = CIRCLE ( 'NONE', #6001, 3.411345746565307646 ) ;
#8467 = ORIENTED_EDGE ( 'NONE', *, *, #3583, .T. ) ;
#8468 = DIRECTION ( 'NONE',  ( 1.000000000000000000, -0.0000000000000000000, -0.0000000000000000000 ) ) ;
#8469 = ADVANCED_FACE ( 'NONE', ( #1893 ), #5197, .T. ) ;
#8470 = EDGE_LOOP ( 'NONE', ( #4006, #6266 ) ) ;
#8471 = CARTESIAN_POINT ( 'NONE',  ( 0.7500000000000006661, 19.00000000000000000, -8.999999999999975131 ) ) ;
#8472 = DIRECTION ( 'NONE',  ( 0.0000000000000000000, 0.0000000000000000000, 1.000000000000000000 ) ) ;
#8473 = STYLED_ITEM ( 'NONE', ( #8182 ), #5764 ) ;
#8474 =( NAMED_UNIT ( * ) PLANE_ANGLE_UNIT ( ) SI_UNIT ( $, .RADIAN. ) );
#8475 = ORIENTED_EDGE ( 'NONE', *, *, #9685, .F. ) ;
#8476 = ADVANCED_FACE ( 'NONE', ( #3589 ), #6157, .T. ) ;
#8477 = EDGE_CURVE ( 'NONE', #9041, #3151, #9526, .T. ) ;
#8478 = ORIENTED_EDGE ( 'NONE', *, *, #7526, .F. ) ;
#8479 = PRESENTATION_LAYER_ASSIGNMENT (  '', '', ( #4751 ) ) ;
#8480 = FACE_OUTER_BOUND ( 'NONE', #8088, .T. ) ;
#8481 = CARTESIAN_POINT ( 'NONE',  ( 27.50000000000000000, 0.0000000000000000000, 9.000000000000000000 ) ) ;
#8482 = DIRECTION ( 'NONE',  ( 0.0000000000000000000, -0.0000000000000000000, 1.000000000000000000 ) ) ;
#8483 = CIRCLE ( 'NONE', #894, 1.000000000000000000 ) ;
#8484 = LINE ( 'NONE', #4259, #1147 ) ;
#8485 = ORIENTED_EDGE ( 'NONE', *, *, #7403, .T. ) ;
#8486 = CARTESIAN_POINT ( 'NONE',  ( 6.499999999999999112, 12.89999999999999858, 3.411345746565308534 ) ) ;
#8487 = EDGE_CURVE ( 'NONE', #9037, #6146, #4470, .T. ) ;
#8488 = FACE_OUTER_BOUND ( 'NONE', #5869, .T. ) ;
#8489 = DIRECTION ( 'NONE',  ( 1.013220719900693144E-31, 1.000000000000000000, 0.0000000000000000000 ) ) ;
#8490 = DIRECTION ( 'NONE',  ( 0.0000000000000000000, 1.000000000000000000, 0.0000000000000000000 ) ) ;
#8491 = PLANE ( 'NONE',  #286 ) ;
#8492 = CARTESIAN_POINT ( 'NONE',  ( -27.50000000000000000, 2.800000000000002043, -8.999999999999996447 ) ) ;
#8493 = CARTESIAN_POINT ( 'NONE',  ( -7.500000000000001776, -2.750000000000000000, -0.4999999999999968914 ) ) ;
#8494 = EDGE_LOOP ( 'NONE', ( #5213, #5548, #3287, #7621 ) ) ;
#8495 = FILL_AREA_STYLE ('',( #3219 ) ) ;
#8496 = CARTESIAN_POINT ( 'NONE',  ( -21.73493456133873281, 15.89999999999999680, 0.6053029216165499715 ) ) ;
#8497 = VERTEX_POINT ( 'NONE', #7861 ) ;
#8498 = AXIS2_PLACEMENT_3D ( 'NONE', #5149, #967, #4320 ) ;
#8499 =( LENGTH_UNIT ( ) NAMED_UNIT ( * ) SI_UNIT ( .MILLI., .METRE. ) );
#8500 = CARTESIAN_POINT ( 'NONE',  ( 24.50000000000000000, 19.99999999999999289, 8.000000000000000000 ) ) ;
#8501 = SURFACE_SIDE_STYLE ('',( #4672 ) ) ;
#8502 = ORIENTED_EDGE ( 'NONE', *, *, #9617, .T. ) ;
#8503 = CARTESIAN_POINT ( 'NONE',  ( 1.500000000000004885, 2.800000000000002043, -8.999999999999996447 ) ) ;
#8504 = ORIENTED_EDGE ( 'NONE', *, *, #3325, .T. ) ;
#8505 = CARTESIAN_POINT ( 'NONE',  ( 8.734934561338732806, 13.89999999999999680, -0.6053029216165494164 ) ) ;
#8506 =( NAMED_UNIT ( * ) PLANE_ANGLE_UNIT ( ) SI_UNIT ( $, .RADIAN. ) );
#8507 = CARTESIAN_POINT ( 'NONE',  ( -24.50000000000000000, 20.99999999999999645, -4.499999999999634070 ) ) ;
#8508 = ORIENTED_EDGE ( 'NONE', *, *, #8859, .F. ) ;
#8509 = ADVANCED_FACE ( 'NONE', ( #7149 ), #301, .F. ) ;
#8510 = CARTESIAN_POINT ( 'NONE',  ( 24.99999999999999645, 20.99999999999999645, 4.500000000000002665 ) ) ;
#8511 = DIRECTION ( 'NONE',  ( 0.0000000000000000000, 0.0000000000000000000, -1.000000000000000000 ) ) ;
#8512 = DIRECTION ( 'NONE',  ( 0.0000000000000000000, -3.854941057726237604E-16, 1.000000000000000000 ) ) ;
#8513 = CIRCLE ( 'NONE', #9753, 1.000000000000000000 ) ;
#8514 = UNCERTAINTY_MEASURE_WITH_UNIT (LENGTH_MEASURE( 1.000000000000000082E-05 ), #805, 'distance_accuracy_value', 'NONE');
#8515 = CIRCLE ( 'NONE', #2678, 1.000000000000000000 ) ;
#8516 = ORIENTED_EDGE ( 'NONE', *, *, #2058, .F. ) ;
#8517 = CARTESIAN_POINT ( 'NONE',  ( -7.105302921616549305, 13.89999999999999680, -2.234934561338733250 ) ) ;
#8518 = ORIENTED_EDGE ( 'NONE', *, *, #7746, .F. ) ;
#8519 = ADVANCED_FACE ( 'NONE', ( #3086 ), #518, .F. ) ;
#8520 = CARTESIAN_POINT ( 'NONE',  ( 0.0000000000000000000, 19.99999999999999289, 8.000000000000000000 ) ) ;
#8521 = EDGE_LOOP ( 'NONE', ( #8140, #4077, #3191, #9777 ) ) ;
#8522 = FILL_AREA_STYLE ('',( #10184 ) ) ;
#8523 = SURFACE_STYLE_FILL_AREA ( #6151 ) ;
#8524 = FILL_AREA_STYLE_COLOUR ( '', #1909 ) ;
#8525 = UNCERTAINTY_MEASURE_WITH_UNIT (LENGTH_MEASURE( 1.000000000000000082E-05 ), #2344, 'distance_accuracy_value', 'NONE');
#8526 = SURFACE_STYLE_FILL_AREA ( #907 ) ;
#8527 = ORIENTED_EDGE ( 'NONE', *, *, #8133, .F. ) ;
#8528 = ORIENTED_EDGE ( 'NONE', *, *, #1231, .F. ) ;
#8529 = DIRECTION ( 'NONE',  ( -0.0000000000000000000, -1.000000000000000000, -1.314184451497582492E-16 ) ) ;
#8530 = EDGE_CURVE ( 'NONE', #304, #6940, #7259, .T. ) ;
#8531 = LINE ( 'NONE', #10085, #3066 ) ;
#8532 = FACE_OUTER_BOUND ( 'NONE', #1424, .T. ) ;
#8533 = ADVANCED_FACE ( 'NONE', ( #2171 ), #9231, .F. ) ;
#8534 = ORIENTED_EDGE ( 'NONE', *, *, #10469, .T. ) ;
#8535 = CARTESIAN_POINT ( 'NONE',  ( 6.499999999999999112, 11.89999999999999858, -1.993034753127726821 ) ) ;
#8536 = EDGE_CURVE ( 'NONE', #10587, #1634, #5529, .T. ) ;
#8537 = PRESENTATION_STYLE_ASSIGNMENT (( #203 ) ) ;
#8538 = CARTESIAN_POINT ( 'NONE',  ( 25.24999999999999645, 19.00000000000000000, 7.999999999999998224 ) ) ;
#8539 = CARTESIAN_POINT ( 'NONE',  ( 14.49999999999999467, 9.400000000000000355, -6.599999999999960565 ) ) ;
#8540 = CARTESIAN_POINT ( 'NONE',  ( 19.50000000000000000, 12.89999999999999858, 4.411345746565308090 ) ) ;
#8541 = DIRECTION ( 'NONE',  ( 0.0000000000000000000, 1.239088197126289880E-15, -1.000000000000000000 ) ) ;
#8542 = SURFACE_STYLE_USAGE ( .BOTH. , #4160 ) ;
#8543 = ORIENTED_EDGE ( 'NONE', *, *, #6248, .F. ) ;
#8544 = ADVANCED_FACE ( 'NONE', ( #2116 ), #5002, .T. ) ;
#8545 = LINE ( 'NONE', #1131, #112 ) ;
#8546 = SURFACE_STYLE_USAGE ( .BOTH. , #2465 ) ;
#8547 = ADVANCED_FACE ( 'NONE', ( #4694 ), #4752, .F. ) ;
#8548 = ORIENTED_EDGE ( 'NONE', *, *, #385, .T. ) ;
#8549 = CARTESIAN_POINT ( 'NONE',  ( -27.50000000000000000, 8.899999999999998579, 6.099999999999996092 ) ) ;
#8550 = AXIS2_PLACEMENT_3D ( 'NONE', #7955, #397, #8736 ) ;
#8551 = VECTOR ( 'NONE', #6949, 1000.000000000000000 ) ;
#8552 = DIRECTION ( 'NONE',  ( 1.000000000000000000, 0.0000000000000000000, 0.0000000000000000000 ) ) ;
#8553 = DIRECTION ( 'NONE',  ( 0.0000000000000000000, 0.0000000000000000000, 1.000000000000000000 ) ) ;
#8554 = ORIENTED_EDGE ( 'NONE', *, *, #1441, .F. ) ;
#8555 = CARTESIAN_POINT ( 'NONE',  ( -27.50000000000000000, 8.899999999999998579, 6.599999999999996092 ) ) ;
#8556 = SURFACE_STYLE_FILL_AREA ( #10273 ) ;
#8557 = EDGE_LOOP ( 'NONE', ( #3756, #10739, #10827, #7833 ) ) ;
#8558 = MECHANICAL_DESIGN_GEOMETRIC_PRESENTATION_REPRESENTATION (  '', ( #5004 ), #605 ) ;
#8559 = VECTOR ( 'NONE', #7931, 1000.000000000000000 ) ;
#8560 = EDGE_CURVE ( 'NONE', #10344, #3346, #10222, .T. ) ;
#8561 = AXIS2_PLACEMENT_3D ( 'NONE', #1234, #307, #6392 ) ;
#8562 = DIRECTION ( 'NONE',  ( -1.000000000000000000, 0.0000000000000000000, 0.0000000000000000000 ) ) ;
#8563 = CARTESIAN_POINT ( 'NONE',  ( 6.499999999999999112, -3.750000000000000000, 0.5000000000000031086 ) ) ;
#8564 = SURFACE_STYLE_USAGE ( .BOTH. , #9232 ) ;
#8565 = AXIS2_PLACEMENT_3D ( 'NONE', #4370, #8597, #2605 ) ;
#8566 = EDGE_LOOP ( 'NONE', ( #8075, #1820, #6701, #5767, #6106, #2184, #88, #736, #6697, #9990, #9824, #4861 ) ) ;
#8567 = CIRCLE ( 'NONE', #3784, 1.000000000000000000 ) ;
#8568 = CYLINDRICAL_SURFACE ( 'NONE', #8178, 0.5000000000000004441 ) ;
#8569 = AXIS2_PLACEMENT_3D ( 'NONE', #7546, #4471, #7208 ) ;
#8570 =( LENGTH_UNIT ( ) NAMED_UNIT ( * ) SI_UNIT ( .MILLI., .METRE. ) );
#8571 = AXIS2_PLACEMENT_3D ( 'NONE', #9865, #2283, #6645 ) ;
#8572 = SURFACE_STYLE_FILL_AREA ( #5168 ) ;
#8573 = LINE ( 'NONE', #6028, #6382 ) ;
#8574 = ORIENTED_EDGE ( 'NONE', *, *, #7080, .T. ) ;
#8575 = DIRECTION ( 'NONE',  ( -0.0000000000000000000, 1.000000000000000000, -0.0000000000000000000 ) ) ;
#8576 = VECTOR ( 'NONE', #5205, 1000.000000000000000 ) ;
#8577 = ADVANCED_FACE ( 'NONE', ( #5056 ), #6841, .T. ) ;
#8578 = COLOUR_RGB ( '',0.8980392156862745390, 0.8980392156862745390, 0.8980392156862745390 ) ;
#8579 = COLOUR_RGB ( '',0.8980392156862745390, 0.8980392156862745390, 0.8980392156862745390 ) ;
#8580 = ORIENTED_EDGE ( 'NONE', *, *, #4083, .F. ) ;
#8581 = CARTESIAN_POINT ( 'NONE',  ( 5.894697078383449806, 13.89999999999999680, 2.234934561338733250 ) ) ;
#8582 = ORIENTED_EDGE ( 'NONE', *, *, #8461, .F. ) ;
#8583 = LINE ( 'NONE', #130, #4842 ) ;
#8584 = LINE ( 'NONE', #237, #7948 ) ;
#8585 = STYLED_ITEM ( 'NONE', ( #3102 ), #2699 ) ;
#8586 = CARTESIAN_POINT ( 'NONE',  ( 19.50000000000000000, 12.89999999999999858, 8.673617379884035472E-16 ) ) ;
#8587 = ORIENTED_EDGE ( 'NONE', *, *, #8590, .T. ) ;
#8588 = ORIENTED_EDGE ( 'NONE', *, *, #2558, .F. ) ;
#8589 = CARTESIAN_POINT ( 'NONE',  ( 12.25000000000000000, 0.0000000000000000000, -8.999999999999996447 ) ) ;
#8590 = EDGE_CURVE ( 'NONE', #4149, #6857, #3396, .T. ) ;
#8591 = DIRECTION ( 'NONE',  ( 0.0000000000000000000, 1.000000000000000000, 4.130293990420970869E-16 ) ) ;
#8592 = COLOUR_RGB ( '',0.8980392156862745390, 0.8980392156862745390, 0.8980392156862745390 ) ;
#8593 = FACE_OUTER_BOUND ( 'NONE', #6002, .T. ) ;
#8594 = VERTEX_POINT ( 'NONE', #3341 ) ;
#8595 = CARTESIAN_POINT ( 'NONE',  ( 19.50000000000000000, 15.89999999999999680, 4.411345746565308090 ) ) ;
#8596 = DIRECTION ( 'NONE',  ( 0.0000000000000000000, 0.0000000000000000000, 1.000000000000000000 ) ) ;
#8597 = DIRECTION ( 'NONE',  ( 1.000000000000000000, -1.013220719900694238E-31, 7.709882115452484083E-16 ) ) ;
#8598 =( NAMED_UNIT ( * ) SI_UNIT ( $, .STERADIAN. ) SOLID_ANGLE_UNIT ( ) );
#8599 = DIRECTION ( 'NONE',  ( 1.000000000000000000, 0.0000000000000000000, 0.0000000000000000000 ) ) ;
#8600 = SURFACE_STYLE_USAGE ( .BOTH. , #6225 ) ;
#8601 = VECTOR ( 'NONE', #10236, 1000.000000000000000 ) ;
#8602 = VERTEX_POINT ( 'NONE', #9501 ) ;
#8603 = EDGE_CURVE ( 'NONE', #6923, #9597, #882, .T. ) ;
#8604 = VECTOR ( 'NONE', #2823, 1000.000000000000000 ) ;
#8605 =( NAMED_UNIT ( * ) SI_UNIT ( $, .STERADIAN. ) SOLID_ANGLE_UNIT ( ) );
#8606 = CARTESIAN_POINT ( 'NONE',  ( -1.815196609744064160, 11.39999999999999858, -5.114085138899324257 ) ) ;
#8607 = ORIENTED_EDGE ( 'NONE', *, *, #5750, .F. ) ;
#8608 = PRESENTATION_STYLE_ASSIGNMENT (( #10267 ) ) ;
#8609 = VECTOR ( 'NONE', #1013, 1000.000000000000000 ) ;
#8610 = SURFACE_STYLE_FILL_AREA ( #5216 ) ;
#8611 = VERTEX_POINT ( 'NONE', #1094 ) ;
#8612 = EDGE_CURVE ( 'NONE', #3151, #3135, #9915, .T. ) ;
#8613 = VECTOR ( 'NONE', #10805, 1000.000000000000000 ) ;
#8614 = FILL_AREA_STYLE ('',( #1143 ) ) ;
#8615 = FACE_OUTER_BOUND ( 'NONE', #5823, .T. ) ;
#8616 = VERTEX_POINT ( 'NONE', #4233 ) ;
#8617 = EDGE_CURVE ( 'NONE', #3366, #2645, #1043, .T. ) ;
#8618 = EDGE_CURVE ( 'NONE', #5663, #6923, #6733, .T. ) ;
#8619 =( NAMED_UNIT ( * ) SI_UNIT ( $, .STERADIAN. ) SOLID_ANGLE_UNIT ( ) );
#8620 = DIRECTION ( 'NONE',  ( 0.0000000000000000000, -1.000000000000000000, 0.0000000000000000000 ) ) ;
#8621 =( GEOMETRIC_REPRESENTATION_CONTEXT ( 3 ) GLOBAL_UNCERTAINTY_ASSIGNED_CONTEXT ( ( #7292 ) ) GLOBAL_UNIT_ASSIGNED_CONTEXT ( ( #5108, #3501, #158 ) ) REPRESENTATION_CONTEXT ( 'NONE', 'WORKASPACE' ) );
#8622 = PLANE ( 'NONE',  #32 ) ;
#8623 = LINE ( 'NONE', #4283, #1866 ) ;
#8624 = TOROIDAL_SURFACE ( 'NONE', #2093, 3.411345746565307646, 1.000000000000000000 ) ;
#8625 = LINE ( 'NONE', #6784, #6667 ) ;
#8626 = ORIENTED_EDGE ( 'NONE', *, *, #9432, .F. ) ;
#8627 = LINE ( 'NONE', #7951, #7138 ) ;
#8628 = MECHANICAL_DESIGN_GEOMETRIC_PRESENTATION_REPRESENTATION (  '', ( #5620 ), #8437 ) ;
#8629 = EDGE_CURVE ( 'NONE', #8332, #8026, #2572, .T. ) ;
#8630 = CARTESIAN_POINT ( 'NONE',  ( 24.50000000000000000, -18.24828759089465535, 4.499999999999997335 ) ) ;
#8631 = CYLINDRICAL_SURFACE ( 'NONE', #7957, 1.000000000000000888 ) ;
#8632 = UNCERTAINTY_MEASURE_WITH_UNIT (LENGTH_MEASURE( 1.000000000000000082E-05 ), #7235, 'distance_accuracy_value', 'NONE');
#8633 = ORIENTED_EDGE ( 'NONE', *, *, #107, .T. ) ;
#8634 = DIRECTION ( 'NONE',  ( 0.0000000000000000000, -0.0000000000000000000, 1.000000000000000000 ) ) ;
#8635 = SURFACE_SIDE_STYLE ('',( #2691 ) ) ;
#8636 = UNCERTAINTY_MEASURE_WITH_UNIT (LENGTH_MEASURE( 1.000000000000000082E-05 ), #1651, 'distance_accuracy_value', 'NONE');
#8637 = ORIENTED_EDGE ( 'NONE', *, *, #5773, .T. ) ;
#8638 = DIRECTION ( 'NONE',  ( 0.0000000000000000000, 0.0000000000000000000, -1.000000000000000000 ) ) ;
#8639 = ORIENTED_EDGE ( 'NONE', *, *, #3520, .T. ) ;
#8640 = CARTESIAN_POINT ( 'NONE',  ( -24.49999999999999645, 20.99999999999999645, -7.999999999999976019 ) ) ;
#8641 = STYLED_ITEM ( 'NONE', ( #9257 ), #4762 ) ;
#8642 = LINE ( 'NONE', #3477, #4540 ) ;
#8643 = ORIENTED_EDGE ( 'NONE', *, *, #1441, .T. ) ;
#8644 = VERTEX_POINT ( 'NONE', #5959 ) ;
#8645 = CARTESIAN_POINT ( 'NONE',  ( 11.50000000000000178, -18.24828759089465535, -4.499999999999911182 ) ) ;
#8646 = CARTESIAN_POINT ( 'NONE',  ( -25.24999999999999645, 19.00000000000000000, -7.999999999999998224 ) ) ;
#8647 = VERTEX_POINT ( 'NONE', #986 ) ;
#8648 = LINE ( 'NONE', #8595, #7547 ) ;
#8649 = MECHANICAL_DESIGN_GEOMETRIC_PRESENTATION_REPRESENTATION (  '', ( #6368 ), #179 ) ;
#8650 = LINE ( 'NONE', #9531, #6445 ) ;
#8651 = SURFACE_SIDE_STYLE ('',( #10567 ) ) ;
#8652 = SURFACE_STYLE_FILL_AREA ( #1180 ) ;
#8653 = LINE ( 'NONE', #7924, #7632 ) ;
#8654 = CARTESIAN_POINT ( 'NONE',  ( -12.24999999999999822, 19.00000000000000000, 7.999999999999998224 ) ) ;
#8655 = DIRECTION ( 'NONE',  ( -0.0000000000000000000, 0.0000000000000000000, 1.000000000000000000 ) ) ;
#8656 = VECTOR ( 'NONE', #6170, 1000.000000000000000 ) ;
#8657 = COLOUR_RGB ( '',0.8980392156862745390, 0.8980392156862745390, 0.8980392156862745390 ) ;
#8658 = ORIENTED_EDGE ( 'NONE', *, *, #2724, .F. ) ;
#8659 = VECTOR ( 'NONE', #1387, 1000.000000000000000 ) ;
#8660 = CARTESIAN_POINT ( 'NONE',  ( 1.500000000000005551, 9.399999999999998579, 6.099999999999996092 ) ) ;
#8661 = LINE ( 'NONE', #1133, #5104 ) ;
#8662 = ORIENTED_EDGE ( 'NONE', *, *, #2979, .F. ) ;
#8663 = LINE ( 'NONE', #5381, #6449 ) ;
#8664 = CYLINDRICAL_SURFACE ( 'NONE', #1757, 4.411345746565307202 ) ;
#8665 = ORIENTED_EDGE ( 'NONE', *, *, #6462, .T. ) ;
#8666 = EDGE_CURVE ( 'NONE', #7275, #404, #1753, .T. ) ;
#8667 = VECTOR ( 'NONE', #10600, 1000.000000000000000 ) ;
#8668 = PLANE ( 'NONE',  #7685 ) ;
#8669 = VECTOR ( 'NONE', #3688, 1000.000000000000000 ) ;
#8670 = VERTEX_POINT ( 'NONE', #10112 ) ;
#8671 = CARTESIAN_POINT ( 'NONE',  ( -27.50000000000000000, 0.0000000000000000000, -9.000000000000000000 ) ) ;
#8672 = DIRECTION ( 'NONE',  ( -1.000000000000000000, 0.0000000000000000000, 0.0000000000000000000 ) ) ;
#8673 = VECTOR ( 'NONE', #1685, 1000.000000000000000 ) ;
#8674 = EDGE_CURVE ( 'NONE', #10725, #8747, #9446, .T. ) ;
#8675 = DIRECTION ( 'NONE',  ( 3.854941057726238097E-16, 0.0000000000000000000, -1.000000000000000000 ) ) ;
#8676 = DIRECTION ( 'NONE',  ( 5.451709925985337171E-16, 0.7071067811865473507, 0.7071067811865477948 ) ) ;
#8677 = CARTESIAN_POINT ( 'NONE',  ( 6.499999999999999112, 11.89999999999999858, 1.993034753127728376 ) ) ;
#8678 = VECTOR ( 'NONE', #4618, 1000.000000000000000 ) ;
#8679 = DIRECTION ( 'NONE',  ( 1.000000000000000000, 0.0000000000000000000, 0.0000000000000000000 ) ) ;
#8680 = ORIENTED_EDGE ( 'NONE', *, *, #5960, .F. ) ;
#8682 = EDGE_CURVE ( 'NONE', #8647, #4880, #737, .T. ) ;
#8681 =( NAMED_UNIT ( * ) SI_UNIT ( $, .STERADIAN. ) SOLID_ANGLE_UNIT ( ) );
#8683 = ADVANCED_FACE ( 'NONE', ( #2683 ), #6072, .T. ) ;
#8684 = CARTESIAN_POINT ( 'NONE',  ( 0.0000000000000000000, 20.99999999999999645, 5.148098557999859383E-15 ) ) ;
#8685 =( NAMED_UNIT ( * ) SI_UNIT ( $, .STERADIAN. ) SOLID_ANGLE_UNIT ( ) );
#8686 = ORIENTED_EDGE ( 'NONE', *, *, #5008, .F. ) ;
#8687 = CARTESIAN_POINT ( 'NONE',  ( -24.50000000000000000, 8.900000000000000355, -6.099999999999992539 ) ) ;
#8688 = ADVANCED_FACE ( 'NONE', ( #5227 ), #8622, .T. ) ;
#8689 = VECTOR ( 'NONE', #5704, 1000.000000000000000 ) ;
#8690 = ORIENTED_EDGE ( 'NONE', *, *, #8872, .T. ) ;
#8691 = DIRECTION ( 'NONE',  ( -1.000000000000000000, 2.279746619776541893E-31, -1.734723475976793487E-15 ) ) ;
#8692 = ORIENTED_EDGE ( 'NONE', *, *, #1878, .F. ) ;
#8693 = LINE ( 'NONE', #6327, #3069 ) ;
#8694 = CARTESIAN_POINT ( 'NONE',  ( 0.0000000000000000000, 19.00000000000000000, 0.0000000000000000000 ) ) ;
#8695 = FACE_OUTER_BOUND ( 'NONE', #9841, .T. ) ;
#8696 = ORIENTED_EDGE ( 'NONE', *, *, #3675, .F. ) ;
#8697 = EDGE_LOOP ( 'NONE', ( #3642, #8588, #5387, #4305 ) ) ;
#8698 = ADVANCED_FACE ( 'NONE', ( #8954 ), #5329, .F. ) ;
#8699 = CARTESIAN_POINT ( 'NONE',  ( 18.50000000000000000, -3.750000000000000000, -0.4999999999999968914 ) ) ;
#8700 = CARTESIAN_POINT ( 'NONE',  ( 20.50000000000000000, -2.750000000000000000, 0.5000000000000031086 ) ) ;
#8701 = CARTESIAN_POINT ( 'NONE',  ( -1.499999999999997780, 20.00000000000000355, -8.999999999999809930 ) ) ;
#8702 = ORIENTED_EDGE ( 'NONE', *, *, #2788, .T. ) ;
#8703 = ORIENTED_EDGE ( 'NONE', *, *, #3626, .F. ) ;
#8704 = LINE ( 'NONE', #1122, #8604 ) ;
#8705 = DIRECTION ( 'NONE',  ( 0.0000000000000000000, -1.000000000000000000, 0.0000000000000000000 ) ) ;
#8706 = LINE ( 'NONE', #1124, #1233 ) ;
#8707 = DIRECTION ( 'NONE',  ( 2.171187256930056768E-31, -1.000000000000000000, -4.130293990420970869E-16 ) ) ;
#8708 = CARTESIAN_POINT ( 'NONE',  ( 0.7500000000000006661, 0.0000000000000000000, 9.000000000000000000 ) ) ;
#8709 = LINE ( 'NONE', #1128, #6188 ) ;
#8710 = ORIENTED_EDGE ( 'NONE', *, *, #10347, .F. ) ;
#8711 = LINE ( 'NONE', #3662, #8762 ) ;
#8712 = DIRECTION ( 'NONE',  ( 3.854941057726238097E-16, 1.314184451497582492E-16, -1.000000000000000000 ) ) ;
#8713 = EDGE_CURVE ( 'NONE', #56, #3135, #7999, .T. ) ;
#8714 = CARTESIAN_POINT ( 'NONE',  ( -27.50000000000000000, 20.00000000000000000, -7.999999999999976019 ) ) ;
#8715 = ORIENTED_EDGE ( 'NONE', *, *, #195, .T. ) ;
#8716 =( LENGTH_UNIT ( ) NAMED_UNIT ( * ) SI_UNIT ( .MILLI., .METRE. ) );
#8717 = CARTESIAN_POINT ( 'NONE',  ( -11.50000000000000000, 5.200000000000005507, 6.599999999999990763 ) ) ;
#8718 = LINE ( 'NONE', #4496, #9633 ) ;
#8719 = ORIENTED_EDGE ( 'NONE', *, *, #9916, .T. ) ;
#8720 = SURFACE_SIDE_STYLE ('',( #3616 ) ) ;
#8721 =( NAMED_UNIT ( * ) PLANE_ANGLE_UNIT ( ) SI_UNIT ( $, .RADIAN. ) );
#8722 = VECTOR ( 'NONE', #5803, 1000.000000000000000 ) ;
#8723 = VERTEX_POINT ( 'NONE', #7829 ) ;
#8724 = SURFACE_STYLE_FILL_AREA ( #223 ) ;
#8725 = DIRECTION ( 'NONE',  ( 0.0000000000000000000, 0.0000000000000000000, 1.000000000000000000 ) ) ;
#8726 = EDGE_CURVE ( 'NONE', #5296, #8104, #10444, .T. ) ;
#8727 = SURFACE_STYLE_USAGE ( .BOTH. , #7010 ) ;
#8728 = AXIS2_PLACEMENT_3D ( 'NONE', #1266, #1871, #1099 ) ;
#8729 = DIRECTION ( 'NONE',  ( 1.000000000000000000, -2.279746619776573860E-31, 1.734723475976817547E-15 ) ) ;
#8730 = CARTESIAN_POINT ( 'NONE',  ( 1.500000000000008216, -18.24828759089465535, 4.500000000000179412 ) ) ;
#8731 = FILL_AREA_STYLE ('',( #10394 ) ) ;
#8732 = VERTEX_POINT ( 'NONE', #3788 ) ;
#8733 = DIRECTION ( 'NONE',  ( -0.0000000000000000000, -1.000000000000000000, -0.0000000000000000000 ) ) ;
#8734 = DIRECTION ( 'NONE',  ( 2.171187256930056768E-31, 1.000000000000000000, 4.130293990420970869E-16 ) ) ;
#8735 = CIRCLE ( 'NONE', #3234, 3.411345746565307646 ) ;
#8736 = DIRECTION ( 'NONE',  ( 0.0000000000000000000, 0.0000000000000000000, -1.000000000000000000 ) ) ;
#8737 = MECHANICAL_DESIGN_GEOMETRIC_PRESENTATION_REPRESENTATION (  '', ( #5904 ), #5722 ) ;
#8738 = MECHANICAL_DESIGN_GEOMETRIC_PRESENTATION_REPRESENTATION (  '', ( #2879 ), #5355 ) ;
#8739 = ORIENTED_EDGE ( 'NONE', *, *, #166, .F. ) ;
#8740 = DIRECTION ( 'NONE',  ( 0.0000000000000000000, 1.000000000000000000, 4.130293990420970869E-16 ) ) ;
#8741 = ADVANCED_FACE ( 'NONE', ( #2845, #5391 ), #8896, .F. ) ;
#8742 = CIRCLE ( 'NONE', #3783, 4.411345746565307202 ) ;
#8743 = VECTOR ( 'NONE', #3202, 1000.000000000000000 ) ;
#8744 = UNCERTAINTY_MEASURE_WITH_UNIT (LENGTH_MEASURE( 1.000000000000000082E-05 ), #10106, 'distance_accuracy_value', 'NONE');
#8745 = ORIENTED_EDGE ( 'NONE', *, *, #6030, .T. ) ;
#8746 = LINE ( 'NONE', #10455, #6253 ) ;
#8747 = VERTEX_POINT ( 'NONE', #4670 ) ;
#8748 = DIRECTION ( 'NONE',  ( 1.000000000000000000, -0.0000000000000000000, 0.0000000000000000000 ) ) ;
#8749 = LINE ( 'NONE', #3475, #2635 ) ;
#8750 = FILL_AREA_STYLE ('',( #7029 ) ) ;
#8751 = EDGE_CURVE ( 'NONE', #9093, #10725, #10391, .T. ) ;
#8752 = DIRECTION ( 'NONE',  ( -0.0000000000000000000, 1.000000000000000000, -0.0000000000000000000 ) ) ;
#8753 = ORIENTED_EDGE ( 'NONE', *, *, #4605, .T. ) ;
#8754 = ORIENTED_EDGE ( 'NONE', *, *, #4395, .F. ) ;
#8755 = VECTOR ( 'NONE', #1607, 1000.000000000000000 ) ;
#8756 = ADVANCED_FACE ( 'NONE', ( #9781 ), #3846, .F. ) ;
#8757 = DIRECTION ( 'NONE',  ( -0.0000000000000000000, -1.000000000000000000, -0.0000000000000000000 ) ) ;
#8758 = FILL_AREA_STYLE_COLOUR ( '', #543 ) ;
#8759 = VERTEX_POINT ( 'NONE', #1877 ) ;
#8760 = ORIENTED_EDGE ( 'NONE', *, *, #7217, .F. ) ;
#8761 = CARTESIAN_POINT ( 'NONE',  ( 19.50000000000000000, 12.89999999999999858, -4.411345746565306314 ) ) ;
#8762 = VECTOR ( 'NONE', #6993, 999.9999999999998863 ) ;
#8763 = SURFACE_SIDE_STYLE ('',( #7922 ) ) ;
#8764 = DIRECTION ( 'NONE',  ( 1.000000000000000000, 0.0000000000000000000, 0.0000000000000000000 ) ) ;
#8765 = CARTESIAN_POINT ( 'NONE',  ( 8.734934561338732806, 13.89999999999999680, -0.6053029216165494164 ) ) ;
#8766 = ADVANCED_FACE ( 'NONE', ( #6143 ), #7694, .F. ) ;
#8767 = DIRECTION ( 'NONE',  ( 0.0000000000000000000, 0.0000000000000000000, 1.000000000000000000 ) ) ;
#8768 = DIRECTION ( 'NONE',  ( 0.0000000000000000000, 0.0000000000000000000, 1.000000000000000000 ) ) ;
#8769 = VERTEX_POINT ( 'NONE', #9513 ) ;
#8770 = FILL_AREA_STYLE ('',( #9818 ) ) ;
#8771 = VECTOR ( 'NONE', #1153, 1000.000000000000000 ) ;
#8772 = DIRECTION ( 'NONE',  ( -0.0000000000000000000, 1.000000000000000000, -0.0000000000000000000 ) ) ;
#8773 = DIRECTION ( 'NONE',  ( 0.0000000000000000000, 1.000000000000000000, 1.314184451497582245E-16 ) ) ;
#8774 = CARTESIAN_POINT ( 'NONE',  ( -14.00000000000000178, 20.99999999999999645, -4.499999999999726441 ) ) ;
#8775 = EDGE_LOOP ( 'NONE', ( #2859, #483, #1844, #7799 ) ) ;
#8776 = DIRECTION ( 'NONE',  ( -1.000000000000000000, 0.0000000000000000000, 0.0000000000000000000 ) ) ;
#8777 = LINE ( 'NONE', #10324, #4827 ) ;
#8778 = LINE ( 'NONE', #3776, #4184 ) ;
#8779 = CARTESIAN_POINT ( 'NONE',  ( -13.75000000000000000, 19.00000000000000000, -7.999999999999998224 ) ) ;
#8780 = VECTOR ( 'NONE', #6718, 1000.000000000000000 ) ;
#8781 = ORIENTED_EDGE ( 'NONE', *, *, #9034, .F. ) ;
#8782 = VECTOR ( 'NONE', #4062, 1000.000000000000000 ) ;
#8783 = LINE ( 'NONE', #1197, #971 ) ;
#8784 = LINE ( 'NONE', #384, #527 ) ;
#8785 = ORIENTED_EDGE ( 'NONE', *, *, #2463, .T. ) ;
#8786 = DIRECTION ( 'NONE',  ( 0.0000000000000000000, -0.7071067811865470176, 0.7071067811865479058 ) ) ;
#8787 = VECTOR ( 'NONE', #3424, 1000.000000000000000 ) ;
#8788 = CARTESIAN_POINT ( 'NONE',  ( -12.24999999999999822, 0.0000000000000000000, 9.000000000000000000 ) ) ;
#8789 = VECTOR ( 'NONE', #1898, 1000.000000000000000 ) ;
#8790 =( NAMED_UNIT ( * ) SI_UNIT ( $, .STERADIAN. ) SOLID_ANGLE_UNIT ( ) );
#8791 = ORIENTED_EDGE ( 'NONE', *, *, #8176, .F. ) ;
#8792 = CARTESIAN_POINT ( 'NONE',  ( -0.7500000000000006661, 19.00000000000000000, -8.999999999999975131 ) ) ;
#8793 = SURFACE_STYLE_FILL_AREA ( #9611 ) ;
#8794 =( NAMED_UNIT ( * ) PLANE_ANGLE_UNIT ( ) SI_UNIT ( $, .RADIAN. ) );
#8795 = EDGE_CURVE ( 'NONE', #3940, #5757, #10175, .T. ) ;
#8796 = AXIS2_PLACEMENT_3D ( 'NONE', #8215, #542, #9780 ) ;
#8797 = COLOUR_RGB ( '',0.8980392156862745390, 0.8980392156862745390, 0.8980392156862745390 ) ;
#8798 = LINE ( 'NONE', #7958, #6664 ) ;
#8799 = FACE_OUTER_BOUND ( 'NONE', #10872, .T. ) ;
#8800 = VERTEX_POINT ( 'NONE', #1765 ) ;
#8801 = FILL_AREA_STYLE ('',( #8861 ) ) ;
#8802 = MECHANICAL_DESIGN_GEOMETRIC_PRESENTATION_REPRESENTATION (  '', ( #5431 ), #5791 ) ;
#8803 = VERTEX_POINT ( 'NONE', #10119 ) ;
#8804 = LINE ( 'NONE', #1992, #4668 ) ;
#8805 = CARTESIAN_POINT ( 'NONE',  ( -27.50000000000000000, 9.399999999999998579, 4.500000000000000888 ) ) ;
#8806 = DIRECTION ( 'NONE',  ( -1.000000000000000000, -1.013220719900694238E-31, 7.709882115452484083E-16 ) ) ;
#8807 = EDGE_CURVE ( 'NONE', #3473, #10580, #3344, .T. ) ;
#8808 = CARTESIAN_POINT ( 'NONE',  ( 48.33386665984021136, 16.99999999999999645, 9.100000000000186162 ) ) ;
#8809 = CIRCLE ( 'NONE', #162, 0.5000000000000004441 ) ;
#8810 = ORIENTED_EDGE ( 'NONE', *, *, #10515, .T. ) ;
#8811 = VERTEX_POINT ( 'NONE', #4242 ) ;
#8812 = DIRECTION ( 'NONE',  ( -1.000000000000000000, 0.0000000000000000000, -1.734723475976781456E-15 ) ) ;
#8813 = ADVANCED_FACE ( 'NONE', ( #10289 ), #2585, .F. ) ;
#8814 = DIRECTION ( 'NONE',  ( 0.0000000000000000000, 1.000000000000000000, 0.0000000000000000000 ) ) ;
#8815 = VERTEX_POINT ( 'NONE', #1818 ) ;
#8816 = ORIENTED_EDGE ( 'NONE', *, *, #892, .F. ) ;
#8817 = CIRCLE ( 'NONE', #5635, 1.993034753127727488 ) ;
#8818 = SURFACE_STYLE_USAGE ( .BOTH. , #363 ) ;
#8819 = EDGE_CURVE ( 'NONE', #9597, #9661, #2637, .T. ) ;
#8820 = LINE ( 'NONE', #7713, #10162 ) ;
#8821 = DIRECTION ( 'NONE',  ( 0.0000000000000000000, 0.0000000000000000000, 1.000000000000000000 ) ) ;
#8822 = ORIENTED_EDGE ( 'NONE', *, *, #7119, .T. ) ;
#8823 = CARTESIAN_POINT ( 'NONE',  ( -1.499999999999997780, -18.24828759089465535, 9.000000000000179412 ) ) ;
#8824 = DIRECTION ( 'NONE',  ( 0.0000000000000000000, 0.0000000000000000000, 1.000000000000000000 ) ) ;
#8825 = LINE ( 'NONE', #4603, #888 ) ;
#8826 = VECTOR ( 'NONE', #2990, 1000.000000000000000 ) ;
#8827 = EDGE_CURVE ( 'NONE', #1338, #3003, #5125, .T. ) ;
#8828 = CARTESIAN_POINT ( 'NONE',  ( 7.105302921616547529, 15.89999999999999680, 0.6053029216165488613 ) ) ;
#8829 = ORIENTED_EDGE ( 'NONE', *, *, #6707, .T. ) ;
#8830 = DIRECTION ( 'NONE',  ( -1.000000000000000000, 0.0000000000000000000, 6.653050579395577682E-17 ) ) ;
#8831 = SHAPE_DEFINITION_REPRESENTATION ( #3953, #4889 ) ;
#8832 = COLOUR_RGB ( '',0.8980392156862745390, 0.8980392156862745390, 0.8980392156862745390 ) ;
#8833 =( GEOMETRIC_REPRESENTATION_CONTEXT ( 3 ) GLOBAL_UNCERTAINTY_ASSIGNED_CONTEXT ( ( #2641 ) ) GLOBAL_UNIT_ASSIGNED_CONTEXT ( ( #5273, #5749, #3504 ) ) REPRESENTATION_CONTEXT ( 'NONE', 'WORKASPACE' ) );
#8834 = CARTESIAN_POINT ( 'NONE',  ( 21.73493456133873281, 15.89999999999999680, -0.6053029216165494164 ) ) ;
#8835 = FACE_OUTER_BOUND ( 'NONE', #6542, .T. ) ;
#8836 = DIRECTION ( 'NONE',  ( 0.0000000000000000000, 0.0000000000000000000, 1.000000000000000000 ) ) ;
#8837 = ORIENTED_EDGE ( 'NONE', *, *, #309, .F. ) ;
#8838 = PRESENTATION_STYLE_ASSIGNMENT (( #4437 ) ) ;
#8839 =( LENGTH_UNIT ( ) NAMED_UNIT ( * ) SI_UNIT ( .MILLI., .METRE. ) );
#8840 = DIRECTION ( 'NONE',  ( 0.0000000000000000000, -0.0000000000000000000, -1.000000000000000000 ) ) ;
#8841 = VECTOR ( 'NONE', #7977, 1000.000000000000000 ) ;
#8842 = ORIENTED_EDGE ( 'NONE', *, *, #10232, .F. ) ;
#8843 = DIRECTION ( 'NONE',  ( 0.0000000000000000000, 0.0000000000000000000, 1.000000000000000000 ) ) ;
#8844 = CARTESIAN_POINT ( 'NONE',  ( 5.894697078383449806, 13.89999999999999680, -2.234934561338733250 ) ) ;
#8845 = VECTOR ( 'NONE', #8638, 1000.000000000000000 ) ;
#8846 = FILL_AREA_STYLE ('',( #7891 ) ) ;
#8847 = CARTESIAN_POINT ( 'NONE',  ( -6.500000000000000888, 15.89999999999999680, 8.673617379884035472E-16 ) ) ;
#8848 = CARTESIAN_POINT ( 'NONE',  ( -19.50000000000000000, -2.750000000000000000, 0.5000000000000031086 ) ) ;
#8849 =( NAMED_UNIT ( * ) SI_UNIT ( $, .STERADIAN. ) SOLID_ANGLE_UNIT ( ) );
#8850 = ORIENTED_EDGE ( 'NONE', *, *, #3510, .T. ) ;
#8851 = SURFACE_STYLE_USAGE ( .BOTH. , #7897 ) ;
#8852 = STYLED_ITEM ( 'NONE', ( #391 ), #8741 ) ;
#8853 = CARTESIAN_POINT ( 'NONE',  ( -19.50000000000000000, 12.89999999999999858, 8.673617379884035472E-16 ) ) ;
#8854 = DIRECTION ( 'NONE',  ( 0.0000000000000000000, 1.000000000000000000, 0.0000000000000000000 ) ) ;
#8855 = UNCERTAINTY_MEASURE_WITH_UNIT (LENGTH_MEASURE( 1.000000000000000082E-05 ), #10144, 'distance_accuracy_value', 'NONE');
#8856 = LINE ( 'NONE', #194, #840 ) ;
#8857 = DIRECTION ( 'NONE',  ( -1.000000000000000000, 0.0000000000000000000, 0.0000000000000000000 ) ) ;
#8858 = STYLED_ITEM ( 'NONE', ( #1478 ), #9017 ) ;
#8859 = EDGE_CURVE ( 'NONE', #7797, #6146, #9297, .T. ) ;
#8860 = ORIENTED_EDGE ( 'NONE', *, *, #5773, .F. ) ;
#8861 = FILL_AREA_STYLE_COLOUR ( '', #6939 ) ;
#8862 = VECTOR ( 'NONE', #10366, 1000.000000000000000 ) ;
#8863 = LINE ( 'NONE', #1837, #9620 ) ;
#8864 = EDGE_LOOP ( 'NONE', ( #2924, #8543, #7290, #2597 ) ) ;
#8865 = DIRECTION ( 'NONE',  ( 1.000000000000000000, 0.0000000000000000000, 0.0000000000000000000 ) ) ;
#8866 = CARTESIAN_POINT ( 'NONE',  ( 24.99999999999999645, -18.24828759089465535, -4.500000000000003553 ) ) ;
#8867 = DIRECTION ( 'NONE',  ( 0.0000000000000000000, -1.000000000000000000, 0.0000000000000000000 ) ) ;
#8868 = LINE ( 'NONE', #9797, #2961 ) ;
#8869 = ORIENTED_EDGE ( 'NONE', *, *, #10096, .F. ) ;
#8870 = FACE_OUTER_BOUND ( 'NONE', #1284, .T. ) ;
#8871 = SURFACE_STYLE_FILL_AREA ( #776 ) ;
#8872 = EDGE_CURVE ( 'NONE', #10488, #10721, #178, .T. ) ;
#8873 = EDGE_LOOP ( 'NONE', ( #3359, #8180, #10664, #1606 ) ) ;
#8874 = ORIENTED_EDGE ( 'NONE', *, *, #928, .T. ) ;
#8875 = SURFACE_STYLE_FILL_AREA ( #8082 ) ;
#8876 = FILL_AREA_STYLE_COLOUR ( '', #2023 ) ;
#8877 = FILL_AREA_STYLE_COLOUR ( '', #6739 ) ;
#8878 = ORIENTED_EDGE ( 'NONE', *, *, #7414, .F. ) ;
#8879 = DIRECTION ( 'NONE',  ( -0.0000000000000000000, -0.0000000000000000000, 1.000000000000000000 ) ) ;
#8880 = EDGE_LOOP ( 'NONE', ( #10319, #6466 ) ) ;
#8881 = LINE ( 'NONE', #10537, #4167 ) ;
#8882 = DIRECTION ( 'NONE',  ( 3.854941057726238097E-16, 0.0000000000000000000, -1.000000000000000000 ) ) ;
#8883 = ADVANCED_FACE ( 'NONE', ( #3522 ), #2690, .F. ) ;
#8884 = CARTESIAN_POINT ( 'NONE',  ( 12.25000000000000000, 19.00000000000000000, -7.999999999999998224 ) ) ;
#8885 = ORIENTED_EDGE ( 'NONE', *, *, #4735, .T. ) ;
#8886 = CARTESIAN_POINT ( 'NONE',  ( 14.49999999999998934, 9.400000000000000355, -6.600000000000025402 ) ) ;
#8887 = SURFACE_SIDE_STYLE ('',( #484 ) ) ;
#8888 = DIRECTION ( 'NONE',  ( 0.0000000000000000000, 0.0000000000000000000, 1.000000000000000000 ) ) ;
#8889 = DIRECTION ( 'NONE',  ( 8.673617379884035472E-16, 0.0000000000000000000, -1.000000000000000000 ) ) ;
#8890 = VERTEX_POINT ( 'NONE', #5517 ) ;
#8891 = CARTESIAN_POINT ( 'NONE',  ( 0.0000000000000000000, 19.00000000000000000, 0.0000000000000000000 ) ) ;
#8892 = EDGE_CURVE ( 'NONE', #6361, #8307, #10610, .T. ) ;
#8893 = ORIENTED_EDGE ( 'NONE', *, *, #9010, .T. ) ;
#8894 = SURFACE_STYLE_FILL_AREA ( #6362 ) ;
#8895 = EDGE_CURVE ( 'NONE', #1570, #8644, #7256, .T. ) ;
#8896 = PLANE ( 'NONE',  #1766 ) ;
#8897 = SURFACE_SIDE_STYLE ('',( #10554 ) ) ;
#8898 =( NAMED_UNIT ( * ) PLANE_ANGLE_UNIT ( ) SI_UNIT ( $, .RADIAN. ) );
#8899 =( NAMED_UNIT ( * ) PLANE_ANGLE_UNIT ( ) SI_UNIT ( $, .RADIAN. ) );
#8900 = SURFACE_STYLE_USAGE ( .BOTH. , #3016 ) ;
#8901 = ORIENTED_EDGE ( 'NONE', *, *, #7715, .T. ) ;
#8902 = FACE_OUTER_BOUND ( 'NONE', #4241, .T. ) ;
#8903 = CARTESIAN_POINT ( 'NONE',  ( -11.50000000000000355, 9.400000000000000355, -6.099999999999992539 ) ) ;
#8904 = SURFACE_STYLE_FILL_AREA ( #4448 ) ;
#8905 = ADVANCED_FACE ( 'NONE', ( #2101 ), #2046, .T. ) ;
#8906 = STYLED_ITEM ( 'NONE', ( #6737 ), #8077 ) ;
#8907 = VECTOR ( 'NONE', #7798, 1000.000000000000000 ) ;
#8908 = DIRECTION ( 'NONE',  ( 0.0000000000000000000, 1.000000000000000000, 1.314184451497582245E-16 ) ) ;
#8909 = FILL_AREA_STYLE ('',( #3801 ) ) ;
#8910 = ORIENTED_EDGE ( 'NONE', *, *, #4122, .T. ) ;
#8911 = VECTOR ( 'NONE', #9784, 1000.000000000000000 ) ;
#8912 = VECTOR ( 'NONE', #8282, 1000.000000000000000 ) ;
#8913 = FILL_AREA_STYLE_COLOUR ( '', #1657 ) ;
#8914 = ORIENTED_EDGE ( 'NONE', *, *, #4678, .T. ) ;
#8915 = DIRECTION ( 'NONE',  ( 1.000000000000000000, -0.0000000000000000000, -0.0000000000000000000 ) ) ;
#8916 = LINE ( 'NONE', #8866, #5283 ) ;
#8917 = DIRECTION ( 'NONE',  ( 1.000000000000000000, 0.0000000000000000000, 0.0000000000000000000 ) ) ;
#8918 = ORIENTED_EDGE ( 'NONE', *, *, #4677, .F. ) ;
#8919 = VECTOR ( 'NONE', #7723, 1000.000000000000000 ) ;
#8920 = VECTOR ( 'NONE', #3370, 1000.000000000000000 ) ;
#8921 = AXIS2_PLACEMENT_3D ( 'NONE', #1831, #10133, #9475 ) ;
#8922 = DIRECTION ( 'NONE',  ( -1.000000000000000000, 0.0000000000000000000, 0.0000000000000000000 ) ) ;
#8923 = ORIENTED_EDGE ( 'NONE', *, *, #2172, .T. ) ;
#8924 = ORIENTED_EDGE ( 'NONE', *, *, #710, .F. ) ;
#8925 = DIRECTION ( 'NONE',  ( 0.0000000000000000000, -0.0000000000000000000, 1.000000000000000000 ) ) ;
#8926 = AXIS2_PLACEMENT_3D ( 'NONE', #10258, #5203, #1022 ) ;
#8927 = FACE_OUTER_BOUND ( 'NONE', #6088, .T. ) ;
#8928 = PRESENTATION_STYLE_ASSIGNMENT (( #2284 ) ) ;
#8929 = LINE ( 'NONE', #3038, #2844 ) ;
#8930 = ORIENTED_EDGE ( 'NONE', *, *, #10669, .T. ) ;
#8931 = AXIS2_PLACEMENT_3D ( 'NONE', #6558, #4821, #3943 ) ;
#8932 = VECTOR ( 'NONE', #4443, 1000.000000000000000 ) ;
#8933 = DIRECTION ( 'NONE',  ( 0.0000000000000000000, 0.0000000000000000000, 1.000000000000000000 ) ) ;
#8934 = COLOUR_RGB ( '',0.8980392156862745390, 0.8980392156862745390, 0.8980392156862745390 ) ;
#8935 = ORIENTED_EDGE ( 'NONE', *, *, #7742, .F. ) ;
#8936 = DIRECTION ( 'NONE',  ( -0.0000000000000000000, -1.000000000000000000, -0.0000000000000000000 ) ) ;
#8937 = CARTESIAN_POINT ( 'NONE',  ( 12.25000000000000000, 19.00000000000000000, -7.999999999999998224 ) ) ;
#8938 =( NAMED_UNIT ( * ) SI_UNIT ( $, .STERADIAN. ) SOLID_ANGLE_UNIT ( ) );
#8939 = COLOUR_RGB ( '',0.8980392156862745390, 0.8980392156862745390, 0.8980392156862745390 ) ;
#8940 = LINE ( 'NONE', #3608, #6443 ) ;
#8941 = ORIENTED_EDGE ( 'NONE', *, *, #9473, .F. ) ;
#8942 = CARTESIAN_POINT ( 'NONE',  ( -1.499999999999997780, 5.200000000000001066, -6.599999999999994316 ) ) ;
#8943 = DIRECTION ( 'NONE',  ( 0.0000000000000000000, 0.0000000000000000000, 1.000000000000000000 ) ) ;
#8944 = CARTESIAN_POINT ( 'NONE',  ( -6.500000000000000888, -2.750000000000000000, 0.0000000000000000000 ) ) ;
#8945 = FILL_AREA_STYLE_COLOUR ( '', #4845 ) ;
#8946 = ORIENTED_EDGE ( 'NONE', *, *, #9346, .T. ) ;
#8947 = DIRECTION ( 'NONE',  ( 0.0000000000000000000, -0.0000000000000000000, 1.000000000000000000 ) ) ;
#8948 = CARTESIAN_POINT ( 'NONE',  ( -7.500000000000001776, -0.0000000000000000000, -0.4999999999999968914 ) ) ;
#8949 = EDGE_CURVE ( 'NONE', #6857, #1897, #342, .T. ) ;
#8950 = VECTOR ( 'NONE', #5, 1000.000000000000000 ) ;
#8951 = VECTOR ( 'NONE', #517, 1000.000000000000000 ) ;
#8952 = ORIENTED_EDGE ( 'NONE', *, *, #5875, .T. ) ;
#8953 = DIRECTION ( 'NONE',  ( -1.000000000000000000, 0.0000000000000000000, 1.734723475976807292E-15 ) ) ;
#8954 = FACE_OUTER_BOUND ( 'NONE', #9203, .T. ) ;
#8955 = FILL_AREA_STYLE ('',( #2091 ) ) ;
#8956 = PRESENTATION_LAYER_ASSIGNMENT (  '', '', ( #8056 ) ) ;
#8957 = DIRECTION ( 'NONE',  ( -1.013220719900693144E-31, 1.000000000000000000, 0.0000000000000000000 ) ) ;
#8958 = CARTESIAN_POINT ( 'NONE',  ( 48.33386665984021136, 20.00000000000000000, -9.099999999999972999 ) ) ;
#8959 =( GEOMETRIC_REPRESENTATION_CONTEXT ( 3 ) GLOBAL_UNCERTAINTY_ASSIGNED_CONTEXT ( ( #5863 ) ) GLOBAL_UNIT_ASSIGNED_CONTEXT ( ( #9803, #6385, #8078 ) ) REPRESENTATION_CONTEXT ( 'NONE', 'WORKASPACE' ) );
#8960 = EDGE_CURVE ( 'NONE', #96, #4227, #7083, .T. ) ;
#8961 = ORIENTED_EDGE ( 'NONE', *, *, #10821, .T. ) ;
#8962 = LINE ( 'NONE', #1471, #9614 ) ;
#8963 = EDGE_CURVE ( 'NONE', #7218, #10685, #6201, .T. ) ;
#8964 = ADVANCED_FACE ( 'NONE', ( #8799 ), #10562, .F. ) ;
#8965 = UNCERTAINTY_MEASURE_WITH_UNIT (LENGTH_MEASURE( 1.000000000000000082E-05 ), #834, 'distance_accuracy_value', 'NONE');
#8966 = MECHANICAL_DESIGN_GEOMETRIC_PRESENTATION_REPRESENTATION (  '', ( #5577 ), #3101 ) ;
#8967 = CARTESIAN_POINT ( 'NONE',  ( -11.18480339025594361, 11.39999999999999858, 5.114085138899327809 ) ) ;
#8968 = CARTESIAN_POINT ( 'NONE',  ( 6.499999999999999112, 11.89999999999999858, 3.411345746565308534 ) ) ;
#8969 = COLOUR_RGB ( '',0.8980392156862745390, 0.8980392156862745390, 0.8980392156862745390 ) ;
#8970 = CARTESIAN_POINT ( 'NONE',  ( -12.24999999999999822, 19.00000000000000000, 7.999999999999998224 ) ) ;
#8971 = ADVANCED_FACE ( 'NONE', ( #7244 ), #2855, .T. ) ;
#8972 = ORIENTED_EDGE ( 'NONE', *, *, #7784, .F. ) ;
#8973 = VECTOR ( 'NONE', #3289, 1000.000000000000000 ) ;
#8974 = VERTEX_POINT ( 'NONE', #4450 ) ;
#8975 =( LENGTH_UNIT ( ) NAMED_UNIT ( * ) SI_UNIT ( .MILLI., .METRE. ) );
#8976 = DIRECTION ( 'NONE',  ( 1.000000000000000000, 0.0000000000000000000, 3.326525289697788964E-16 ) ) ;
#8977 = UNCERTAINTY_MEASURE_WITH_UNIT (LENGTH_MEASURE( 1.000000000000000082E-05 ), #2320, 'distance_accuracy_value', 'NONE');
#8978 = SURFACE_SIDE_STYLE ('',( #5589 ) ) ;
#8979 = VECTOR ( 'NONE', #599, 1000.000000000000000 ) ;
#8980 = VERTEX_POINT ( 'NONE', #7841 ) ;
#8981 = AXIS2_PLACEMENT_3D ( 'NONE', #10641, #6506, #7397 ) ;
#8982 = CARTESIAN_POINT ( 'NONE',  ( -18.89469707838345158, 15.89999999999999680, -0.6053029216165491944 ) ) ;
#8983 = AXIS2_PLACEMENT_3D ( 'NONE', #10380, #2676, #1967 ) ;
#8984 = ORIENTED_EDGE ( 'NONE', *, *, #6724, .F. ) ;
#8985 = ORIENTED_EDGE ( 'NONE', *, *, #9206, .F. ) ;
#8986 = CARTESIAN_POINT ( 'NONE',  ( 5.894697078383449806, 13.89999999999999680, 2.234934561338733250 ) ) ;
#8987 = FACE_OUTER_BOUND ( 'NONE', #9066, .T. ) ;
#8988 = ORIENTED_EDGE ( 'NONE', *, *, #9564, .T. ) ;
#8989 = UNCERTAINTY_MEASURE_WITH_UNIT (LENGTH_MEASURE( 1.000000000000000082E-05 ), #837, 'distance_accuracy_value', 'NONE');
#8990 = DIRECTION ( 'NONE',  ( 1.734723475976805517E-15, -1.314184451497582245E-16, 1.000000000000000000 ) ) ;
#8991 = VERTEX_POINT ( 'NONE', #285 ) ;
#8992 = SURFACE_STYLE_USAGE ( .BOTH. , #5605 ) ;
#8993 = PLANE ( 'NONE',  #2731 ) ;
#8994 = FACE_OUTER_BOUND ( 'NONE', #2002, .T. ) ;
#8995 = CIRCLE ( 'NONE', #5257, 4.411345746565307202 ) ;
#8996 = EDGE_CURVE ( 'NONE', #9863, #2437, #3632, .T. ) ;
#8997 = ORIENTED_EDGE ( 'NONE', *, *, #568, .T. ) ;
#8998 = DIRECTION ( 'NONE',  ( -6.653050579395577682E-17, 0.0000000000000000000, -1.000000000000000000 ) ) ;
#8999 = DIRECTION ( 'NONE',  ( -0.0000000000000000000, 1.000000000000000000, -0.0000000000000000000 ) ) ;
#9000 = SURFACE_SIDE_STYLE ('',( #8610 ) ) ;
#9001 = FILL_AREA_STYLE ('',( #8945 ) ) ;
#9002 = DIRECTION ( 'NONE',  ( -0.0000000000000000000, -0.0000000000000000000, 1.000000000000000000 ) ) ;
#9003 = DIRECTION ( 'NONE',  ( -1.000000000000000000, 0.0000000000000000000, 6.653050579395577682E-17 ) ) ;
#9004 = VECTOR ( 'NONE', #3106, 1000.000000000000000 ) ;
#9005 = VERTEX_POINT ( 'NONE', #8968 ) ;
#9006 = STYLED_ITEM ( 'NONE', ( #4318 ), #5679 ) ;
#9007 = PLANE ( 'NONE',  #9850 ) ;
#9008 = DIRECTION ( 'NONE',  ( -0.0000000000000000000, -1.000000000000000000, -0.0000000000000000000 ) ) ;
#9009 = COLOUR_RGB ( '',0.8980392156862745390, 0.8980392156862745390, 0.8980392156862745390 ) ;
#9010 = EDGE_CURVE ( 'NONE', #10775, #2496, #3959, .T. ) ;
#9011 = CARTESIAN_POINT ( 'NONE',  ( 11.49999999999999822, -18.24828759089465535, -8.999999999999907629 ) ) ;
#9012 = DIRECTION ( 'NONE',  ( 0.0000000000000000000, -1.000000000000000000, 0.0000000000000000000 ) ) ;
#9013 = ORIENTED_EDGE ( 'NONE', *, *, #625, .F. ) ;
#9014 = VECTOR ( 'NONE', #1628, 1000.000000000000000 ) ;
#9015 = PRESENTATION_STYLE_ASSIGNMENT (( #4067 ) ) ;
#9016 = LINE ( 'NONE', #6517, #7320 ) ;
#9017 = ADVANCED_FACE ( 'NONE', ( #6472 ), #6521, .T. ) ;
#9018 = CARTESIAN_POINT ( 'NONE',  ( -24.50000000000000000, 9.400000000000000355, -6.599999999999990763 ) ) ;
#9019 = DIRECTION ( 'NONE',  ( -1.000000000000000000, 0.0000000000000000000, 0.0000000000000000000 ) ) ;
#9020 = CIRCLE ( 'NONE', #3697, 4.411345746565307202 ) ;
#9021 = EDGE_CURVE ( 'NONE', #1549, #2602, #6893, .T. ) ;
#9022 = EDGE_CURVE ( 'NONE', #4092, #10716, #2312, .T. ) ;
#9023 = CIRCLE ( 'NONE', #4231, 4.411345746565307202 ) ;
#9024 = ORIENTED_EDGE ( 'NONE', *, *, #7178, .F. ) ;
#9025 = CYLINDRICAL_SURFACE ( 'NONE', #2529, 0.5000000000000004441 ) ;
#9026 = ORIENTED_EDGE ( 'NONE', *, *, #2182, .T. ) ;
#9027 = FACE_OUTER_BOUND ( 'NONE', #2719, .T. ) ;
#9028 = DIRECTION ( 'NONE',  ( 0.0000000000000000000, 1.000000000000000000, -0.0000000000000000000 ) ) ;
#9029 = CARTESIAN_POINT ( 'NONE',  ( -12.00000000000000355, 9.399999999999998579, 4.500000000000273559 ) ) ;
#9030 = DIRECTION ( 'NONE',  ( 0.0000000000000000000, 0.0000000000000000000, 1.000000000000000000 ) ) ;
#9031 = ADVANCED_FACE ( 'NONE', ( #2682 ), #9445, .F. ) ;
#9032 = ORIENTED_EDGE ( 'NONE', *, *, #7393, .F. ) ;
#9033 = DIRECTION ( 'NONE',  ( 1.000000000000000000, -0.0000000000000000000, 0.0000000000000000000 ) ) ;
#9034 = EDGE_CURVE ( 'NONE', #7520, #2805, #7945, .T. ) ;
#9035 = VECTOR ( 'NONE', #9276, 1000.000000000000000 ) ;
#9036 = DIRECTION ( 'NONE',  ( -1.000000000000000000, -0.0000000000000000000, -0.0000000000000000000 ) ) ;
#9037 = VERTEX_POINT ( 'NONE', #6189 ) ;
#9038 = DIRECTION ( 'NONE',  ( 1.000000000000000000, 4.559493239553147720E-31, -3.469446951953635094E-15 ) ) ;
#9039 = LINE ( 'NONE', #8986, #9530 ) ;
#9040 = PLANE ( 'NONE',  #10453 ) ;
#9041 = VERTEX_POINT ( 'NONE', #7827 ) ;
#9042 = LINE ( 'NONE', #1505, #2151 ) ;
#9043 = EDGE_CURVE ( 'NONE', #9885, #6658, #1150, .T. ) ;
#9044 = ORIENTED_EDGE ( 'NONE', *, *, #7052, .F. ) ;
#9045 = SURFACE_STYLE_FILL_AREA ( #1508 ) ;
#9046 = DIRECTION ( 'NONE',  ( 0.0000000000000000000, 1.000000000000000000, 0.0000000000000000000 ) ) ;
#9047 = SURFACE_SIDE_STYLE ('',( #8198 ) ) ;
#9048 = ORIENTED_EDGE ( 'NONE', *, *, #2373, .F. ) ;
#9049 = DIRECTION ( 'NONE',  ( 0.0000000000000000000, 1.000000000000000000, 0.0000000000000000000 ) ) ;
#9050 = CARTESIAN_POINT ( 'NONE',  ( 18.50000000000000000, -2.750000000000000000, 0.5000000000000031086 ) ) ;
#9051 = CIRCLE ( 'NONE', #3732, 1.000000000000000000 ) ;
#9052 = SURFACE_SIDE_STYLE ('',( #4714 ) ) ;
#9053 =( NAMED_UNIT ( * ) SI_UNIT ( $, .STERADIAN. ) SOLID_ANGLE_UNIT ( ) );
#9054 = PLANE ( 'NONE',  #356 ) ;
#9055 = ORIENTED_EDGE ( 'NONE', *, *, #3975, .T. ) ;
#9056 = EDGE_CURVE ( 'NONE', #5521, #7736, #7122, .T. ) ;
#9057 = CARTESIAN_POINT ( 'NONE',  ( -19.50000000000000000, 14.89999999999999680, 3.411345746565308534 ) ) ;
#9058 = ORIENTED_EDGE ( 'NONE', *, *, #8370, .F. ) ;
#9059 = FILL_AREA_STYLE ('',( #660 ) ) ;
#9060 = PRESENTATION_STYLE_ASSIGNMENT (( #8900 ) ) ;
#9061 = ORIENTED_EDGE ( 'NONE', *, *, #4210, .F. ) ;
#9062 = FILL_AREA_STYLE ('',( #4726 ) ) ;
#9063 = CARTESIAN_POINT ( 'NONE',  ( -19.50000000000000000, 11.89999999999999858, -1.993034753127726821 ) ) ;
#9064 = UNCERTAINTY_MEASURE_WITH_UNIT (LENGTH_MEASURE( 1.000000000000000082E-05 ), #6053, 'distance_accuracy_value', 'NONE');
#9065 = EDGE_CURVE ( 'NONE', #4696, #10725, #3677, .T. ) ;
#9066 = EDGE_LOOP ( 'NONE', ( #7978, #865, #7471, #8399, #8184 ) ) ;
#9067 = FILL_AREA_STYLE ('',( #609 ) ) ;
#9068 = DIRECTION ( 'NONE',  ( 1.000000000000000000, 0.0000000000000000000, 0.0000000000000000000 ) ) ;
#9069 = EDGE_LOOP ( 'NONE', ( #5985, #7646, #5579, #8309, #5496, #4692, #6689, #10220 ) ) ;
#9070 = CARTESIAN_POINT ( 'NONE',  ( 27.50000000000000000, 0.0000000000000000000, 9.000000000000000000 ) ) ;
#9071 = FACE_OUTER_BOUND ( 'NONE', #288, .T. ) ;
#9072 = CARTESIAN_POINT ( 'NONE',  ( -6.500000000000000888, -2.750000000000000000, -0.4999999999999968914 ) ) ;
#9073 = EDGE_CURVE ( 'NONE', #1289, #242, #2963, .T. ) ;
#9074 = ORIENTED_EDGE ( 'NONE', *, *, #1644, .F. ) ;
#9075 = LINE ( 'NONE', #8409, #2749 ) ;
#9076 = COLOUR_RGB ( '',0.8980392156862745390, 0.8980392156862745390, 0.8980392156862745390 ) ;
#9077 = AXIS2_PLACEMENT_3D ( 'NONE', #5398, #10451, #1101 ) ;
#9078 = CARTESIAN_POINT ( 'NONE',  ( 21.73493456133873281, 13.89999999999999680, -0.6053029216165494164 ) ) ;
#9079 = ORIENTED_EDGE ( 'NONE', *, *, #4185, .F. ) ;
#9080 = CARTESIAN_POINT ( 'NONE',  ( 7.105302921616547529, 13.89999999999999680, -2.234934561338733250 ) ) ;
#9081 = ADVANCED_FACE ( 'NONE', ( #10552 ), #3787, .T. ) ;
#9082 = DIRECTION ( 'NONE',  ( -0.0000000000000000000, 1.000000000000000000, -0.0000000000000000000 ) ) ;
#9083 = SURFACE_SIDE_STYLE ('',( #796 ) ) ;
#9084 = FILL_AREA_STYLE ('',( #8877 ) ) ;
#9085 = ORIENTED_EDGE ( 'NONE', *, *, #448, .T. ) ;
#9086 = UNCERTAINTY_MEASURE_WITH_UNIT (LENGTH_MEASURE( 1.000000000000000082E-05 ), #8017, 'distance_accuracy_value', 'NONE');
#9087 = LINE ( 'NONE', #7317, #6904 ) ;
#9088 = CIRCLE ( 'NONE', #8382, 3.411345746565307646 ) ;
#9089 = ORIENTED_EDGE ( 'NONE', *, *, #2126, .F. ) ;
#9090 = EDGE_CURVE ( 'NONE', #3151, #4140, #2900, .T. ) ;
#9091 = AXIS2_PLACEMENT_3D ( 'NONE', #2778, #3664, #9766 ) ;
#9092 = EDGE_CURVE ( 'NONE', #2680, #7919, #2089, .T. ) ;
#9093 = VERTEX_POINT ( 'NONE', #7998 ) ;
#9094 = AXIS2_PLACEMENT_3D ( 'NONE', #3981, #7371, #10778 ) ;
#9095 = DIRECTION ( 'NONE',  ( 0.0000000000000000000, 1.314184451497582492E-16, -1.000000000000000000 ) ) ;
#9096 = DIRECTION ( 'NONE',  ( 0.0000000000000000000, 1.000000000000000000, -6.129356281784727656E-14 ) ) ;
#9097 = LINE ( 'NONE', #7382, #94 ) ;
#9098 = PRESENTATION_LAYER_ASSIGNMENT (  '', '', ( #969 ) ) ;
#9099 = VECTOR ( 'NONE', #9663, 1000.000000000000000 ) ;
#9100 = VERTEX_POINT ( 'NONE', #6307 ) ;
#9101 = FILL_AREA_STYLE ('',( #5717 ) ) ;
#9102 = VECTOR ( 'NONE', #6812, 1000.000000000000000 ) ;
#9103 = ADVANCED_FACE ( 'NONE', ( #9554 ), #9669, .T. ) ;
#9104 = CIRCLE ( 'NONE', #9979, 4.411345746565307202 ) ;
#9105 = LINE ( 'NONE', #5514, #4992 ) ;
#9106 = CARTESIAN_POINT ( 'NONE',  ( 11.50000000000000000, 9.400000000000000355, -4.499999999999907629 ) ) ;
#9107 = FACE_OUTER_BOUND ( 'NONE', #9812, .T. ) ;
#9108 = DIRECTION ( 'NONE',  ( -1.000000000000000000, 0.0000000000000000000, 0.0000000000000000000 ) ) ;
#9109 = DIRECTION ( 'NONE',  ( -0.0000000000000000000, 1.000000000000000000, -0.0000000000000000000 ) ) ;
#9110 = EDGE_LOOP ( 'NONE', ( #8930, #1563, #4165, #2568 ) ) ;
#9111 = PRESENTATION_LAYER_ASSIGNMENT (  '', '', ( #10520 ) ) ;
#9112 = AXIS2_PLACEMENT_3D ( 'NONE', #9396, #7690, #3295 ) ;
#9113 = DIRECTION ( 'NONE',  ( 0.0000000000000000000, 1.000000000000000000, 1.314184451497582245E-16 ) ) ;
#9114 = ORIENTED_EDGE ( 'NONE', *, *, #8145, .F. ) ;
#9115 = CARTESIAN_POINT ( 'NONE',  ( 14.50000000000000178, 9.399999999999998579, 6.599999999999996092 ) ) ;
#9116 =( NAMED_UNIT ( * ) SI_UNIT ( $, .STERADIAN. ) SOLID_ANGLE_UNIT ( ) );
#9117 = SURFACE_STYLE_FILL_AREA ( #4780 ) ;
#9118 = ORIENTED_EDGE ( 'NONE', *, *, #10239, .F. ) ;
#9119 = VECTOR ( 'NONE', #371, 1000.000000000000000 ) ;
#9120 = LINE ( 'NONE', #3019, #8912 ) ;
#9121 = PRESENTATION_STYLE_ASSIGNMENT (( #3958 ) ) ;
#9122 = COLOUR_RGB ( '',1.000000000000000000, 1.000000000000000000, 1.000000000000000000 ) ;
#9123 = VERTEX_POINT ( 'NONE', #4942 ) ;
#9124 = EDGE_CURVE ( 'NONE', #6933, #7824, #1419, .T. ) ;
#9125 = FILL_AREA_STYLE_COLOUR ( '', #10523 ) ;
#9126 =( NAMED_UNIT ( * ) SI_UNIT ( $, .STERADIAN. ) SOLID_ANGLE_UNIT ( ) );
#9127 = CARTESIAN_POINT ( 'NONE',  ( -19.50000000000000000, 15.89999999999999680, 3.411345746565308534 ) ) ;
#9128 = MECHANICAL_DESIGN_GEOMETRIC_PRESENTATION_REPRESENTATION (  '', ( #627 ), #2929 ) ;
#9129 = PRESENTATION_LAYER_ASSIGNMENT (  '', '', ( #5577 ) ) ;
#9130 = SURFACE_SIDE_STYLE ('',( #4025 ) ) ;
#9131 = ORIENTED_EDGE ( 'NONE', *, *, #573, .T. ) ;
#9132 = DIRECTION ( 'NONE',  ( -0.0000000000000000000, 0.0000000000000000000, 1.000000000000000000 ) ) ;
#9133 = MECHANICAL_DESIGN_GEOMETRIC_PRESENTATION_REPRESENTATION (  '', ( #7722 ), #10013 ) ;
#9134 = DIRECTION ( 'NONE',  ( 0.0000000000000000000, 1.000000000000000000, 1.314184451497582245E-16 ) ) ;
#9135 = VERTEX_POINT ( 'NONE', #655 ) ;
#9136 = ADVANCED_FACE ( 'NONE', ( #595 ), #8273, .F. ) ;
#9137 = EDGE_LOOP ( 'NONE', ( #6979, #2613, #1833, #2118, #4147, #65, #10082, #279, #10911, #10850, #7303, #10575 ) ) ;
#9138 = COLOUR_RGB ( '',0.8980392156862745390, 0.8980392156862745390, 0.8980392156862745390 ) ;
#9139 = ORIENTED_EDGE ( 'NONE', *, *, #2538, .T. ) ;
#9140 = SURFACE_STYLE_USAGE ( .BOTH. , #5760 ) ;
#9141 = ORIENTED_EDGE ( 'NONE', *, *, #2328, .F. ) ;
#9142 = DIRECTION ( 'NONE',  ( 1.000000000000000000, 0.0000000000000000000, 0.0000000000000000000 ) ) ;
#9143 = VERTEX_POINT ( 'NONE', #3012 ) ;
#9144 = STYLED_ITEM ( 'NONE', ( #2088 ), #3872 ) ;
#9145 = ORIENTED_EDGE ( 'NONE', *, *, #1584, .F. ) ;
#9146 = LINE ( 'NONE', #5710, #7544 ) ;
#9147 = EDGE_CURVE ( 'NONE', #6066, #2441, #4569, .T. ) ;
#9148 = DIRECTION ( 'NONE',  ( -0.0000000000000000000, -0.0000000000000000000, 1.000000000000000000 ) ) ;
#9149 = DIRECTION ( 'NONE',  ( -0.0000000000000000000, 1.000000000000000000, 3.854941057726237604E-16 ) ) ;
#9150 = DIRECTION ( 'NONE',  ( -0.0000000000000000000, -1.000000000000000000, -0.0000000000000000000 ) ) ;
#9151 = EDGE_CURVE ( 'NONE', #1634, #8497, #9166, .T. ) ;
#9152 = ORIENTED_EDGE ( 'NONE', *, *, #3317, .F. ) ;
#9153 = SURFACE_SIDE_STYLE ('',( #4881 ) ) ;
#9154 = VECTOR ( 'NONE', #1278, 1000.000000000000000 ) ;
#9155 = EDGE_CURVE ( 'NONE', #3564, #1554, #5824, .T. ) ;
#9156 = FILL_AREA_STYLE_COLOUR ( '', #1476 ) ;
#9157 = CARTESIAN_POINT ( 'NONE',  ( -0.7500000000000006661, 19.00000000000000000, 7.999999999999998224 ) ) ;
#9158 =( NAMED_UNIT ( * ) PLANE_ANGLE_UNIT ( ) SI_UNIT ( $, .RADIAN. ) );
#9159 = LINE ( 'NONE', #8377, #3960 ) ;
#9160 = LINE ( 'NONE', #8209, #2998 ) ;
#9161 =( LENGTH_UNIT ( ) NAMED_UNIT ( * ) SI_UNIT ( .MILLI., .METRE. ) );
#9162 = ORIENTED_EDGE ( 'NONE', *, *, #8819, .T. ) ;
#9163 = CLOSED_SHELL ( 'NONE', ( #4195, #10682, #10498, #830, #9936, #5096, #4604, #2995, #239, #2486, #2565, #8547, #2699, #9017 ) ) ;
#9164 = COLOUR_RGB ( '',0.8980392156862745390, 0.8980392156862745390, 0.8980392156862745390 ) ;
#9165 = EDGE_CURVE ( 'NONE', #2471, #3687, #10209, .T. ) ;
#9166 = LINE ( 'NONE', #6609, #3689 ) ;
#9167 = EDGE_LOOP ( 'NONE', ( #8285, #2165, #6713, #9976, #6356, #1398, #5005, #5690 ) ) ;
#9168 = LINE ( 'NONE', #4061, #10401 ) ;
#9169 =( NAMED_UNIT ( * ) PLANE_ANGLE_UNIT ( ) SI_UNIT ( $, .RADIAN. ) );
#9170 = CARTESIAN_POINT ( 'NONE',  ( -27.50000000000000000, 16.99999999999999645, 9.100000000000186162 ) ) ;
#9171 = SURFACE_STYLE_USAGE ( .BOTH. , #4331 ) ;
#9172 = ORIENTED_EDGE ( 'NONE', *, *, #5845, .T. ) ;
#9173 = MECHANICAL_DESIGN_GEOMETRIC_PRESENTATION_REPRESENTATION (  '', ( #8641 ), #2754 ) ;
#9174 = DIRECTION ( 'NONE',  ( -1.000000000000000000, 0.0000000000000000000, -1.734723475976793487E-15 ) ) ;
#9175 = VECTOR ( 'NONE', #2506, 1000.000000000000000 ) ;
#9176 = ORIENTED_EDGE ( 'NONE', *, *, #10165, .F. ) ;
#9177 = EDGE_CURVE ( 'NONE', #1812, #7520, #3332, .T. ) ;
#9178 = FACE_OUTER_BOUND ( 'NONE', #10034, .T. ) ;
#9179 = FILL_AREA_STYLE_COLOUR ( '', #7421 ) ;
#9180 = AXIS2_PLACEMENT_3D ( 'NONE', #855, #6585, #4248 ) ;
#9181 = PLANE ( 'NONE',  #651 ) ;
#9182 = ORIENTED_EDGE ( 'NONE', *, *, #21, .T. ) ;
#9183 = DIRECTION ( 'NONE',  ( 1.000000000000000000, -2.279746619776573860E-31, 1.734723475976817547E-15 ) ) ;
#9184 = PRESENTATION_STYLE_ASSIGNMENT (( #5693 ) ) ;
#9185 = DIRECTION ( 'NONE',  ( 0.0000000000000000000, -0.0000000000000000000, -1.000000000000000000 ) ) ;
#9186 = AXIS2_PLACEMENT_3D ( 'NONE', #2679, #7417, #6068 ) ;
#9187 = FACE_OUTER_BOUND ( 'NONE', #762, .T. ) ;
#9188 = CARTESIAN_POINT ( 'NONE',  ( -20.50000000000000000, -3.750000000000000000, 0.5000000000000031086 ) ) ;
#9189 = VECTOR ( 'NONE', #5410, 1000.000000000000000 ) ;
#9190 = ORIENTED_EDGE ( 'NONE', *, *, #7230, .T. ) ;
#9191 = ADVANCED_FACE ( 'NONE', ( #3497 ), #2612, .F. ) ;
#9192 = PLANE ( 'NONE',  #2239 ) ;
#9193 = COLOUR_RGB ( '',0.8980392156862745390, 0.8980392156862745390, 0.8980392156862745390 ) ;
#9194 = CARTESIAN_POINT ( 'NONE',  ( -27.50000000000000000, 2.800000000000002043, -8.999999999999996447 ) ) ;
#9195 = EDGE_LOOP ( 'NONE', ( #1165, #7338, #4124, #7281 ) ) ;
#9196 = SURFACE_STYLE_FILL_AREA ( #7369 ) ;
#9197 = VERTEX_POINT ( 'NONE', #8606 ) ;
#9198 = PLANE ( 'NONE',  #8571 ) ;
#9199 = FILL_AREA_STYLE_COLOUR ( '', #4017 ) ;
#9200 = ORIENTED_EDGE ( 'NONE', *, *, #482, .F. ) ;
#9201 = AXIS2_PLACEMENT_3D ( 'NONE', #2533, #5919, #999 ) ;
#9202 = UNCERTAINTY_MEASURE_WITH_UNIT (LENGTH_MEASURE( 1.000000000000000082E-05 ), #10757, 'distance_accuracy_value', 'NONE');
#9203 = EDGE_LOOP ( 'NONE', ( #365, #1469, #7200, #2421 ) ) ;
#9204 = ORIENTED_EDGE ( 'NONE', *, *, #9346, .F. ) ;
#9205 = DIRECTION ( 'NONE',  ( 1.000000000000000000, -0.0000000000000000000, 0.0000000000000000000 ) ) ;
#9206 = EDGE_CURVE ( 'NONE', #2437, #8307, #970, .T. ) ;
#9207 = VECTOR ( 'NONE', #2667, 1000.000000000000000 ) ;
#9208 = CARTESIAN_POINT ( 'NONE',  ( -27.50000000000000000, 20.00000000000000000, -8.999999999999975131 ) ) ;
#9209 = VECTOR ( 'NONE', #5280, 1000.000000000000000 ) ;
#9210 = ORIENTED_EDGE ( 'NONE', *, *, #1920, .F. ) ;
#9211 = DIRECTION ( 'NONE',  ( 1.000000000000000000, 0.0000000000000000000, -3.469446951953635094E-15 ) ) ;
#9212 = CARTESIAN_POINT ( 'NONE',  ( -14.81519660974406349, 11.39999999999999858, 5.114085138899327809 ) ) ;
#9213 = CARTESIAN_POINT ( 'NONE',  ( 7.105302921616547529, 13.89999999999999680, -2.234934561338733250 ) ) ;
#9214 = LINE ( 'NONE', #9157, #1242 ) ;
#9215 = LINE ( 'NONE', #1629, #7693 ) ;
#9216 = DIRECTION ( 'NONE',  ( -0.0000000000000000000, -2.190088388420722112E-14, -1.000000000000000000 ) ) ;
#9217 = PLANE ( 'NONE',  #1596 ) ;
#9218 = VERTEX_POINT ( 'NONE', #92 ) ;
#9219 = EDGE_CURVE ( 'NONE', #874, #9135, #7501, .T. ) ;
#9220 =( GEOMETRIC_REPRESENTATION_CONTEXT ( 3 ) GLOBAL_UNCERTAINTY_ASSIGNED_CONTEXT ( ( #5984 ) ) GLOBAL_UNIT_ASSIGNED_CONTEXT ( ( #8429, #3376, #7552 ) ) REPRESENTATION_CONTEXT ( 'NONE', 'WORKASPACE' ) );
#9221 = ORIENTED_EDGE ( 'NONE', *, *, #782, .F. ) ;
#9222 = FILL_AREA_STYLE ('',( #1744 ) ) ;
#9223 =( LENGTH_UNIT ( ) NAMED_UNIT ( * ) SI_UNIT ( .MILLI., .METRE. ) );
#9224 = LINE ( 'NONE', #8335, #6778 ) ;
#9225 = ORIENTED_EDGE ( 'NONE', *, *, #8343, .F. ) ;
#9226 = EDGE_CURVE ( 'NONE', #1006, #304, #4989, .T. ) ;
#9227 = DIRECTION ( 'NONE',  ( -1.000000000000000000, -0.0000000000000000000, -0.0000000000000000000 ) ) ;
#9228 = ORIENTED_EDGE ( 'NONE', *, *, #844, .F. ) ;
#9229 = ADVANCED_FACE ( 'NONE', ( #5044 ), #9267, .F. ) ;
#9230 = DIRECTION ( 'NONE',  ( -0.0000000000000000000, 1.000000000000000000, -0.0000000000000000000 ) ) ;
#9231 = PLANE ( 'NONE',  #9905 ) ;
#9232 = SURFACE_SIDE_STYLE ('',( #10279 ) ) ;
#9233 = VERTEX_POINT ( 'NONE', #10426 ) ;
#9234 = DIRECTION ( 'NONE',  ( 0.0000000000000000000, 1.000000000000000000, 1.314184451497582245E-16 ) ) ;
#9235 = EDGE_CURVE ( 'NONE', #2322, #3761, #2721, .T. ) ;
#9236 =( LENGTH_UNIT ( ) NAMED_UNIT ( * ) SI_UNIT ( .MILLI., .METRE. ) );
#9237 = SURFACE_STYLE_USAGE ( .BOTH. , #4288 ) ;
#9238 = FACE_BOUND ( 'NONE', #6837, .T. ) ;
#9239 = FILL_AREA_STYLE ('',( #5808 ) ) ;
#9240 = VERTEX_POINT ( 'NONE', #7109 ) ;
#9241 = DIRECTION ( 'NONE',  ( -0.0000000000000000000, -0.0000000000000000000, -1.000000000000000000 ) ) ;
#9242 = ORIENTED_EDGE ( 'NONE', *, *, #3310, .F. ) ;
#9243 = CARTESIAN_POINT ( 'NONE',  ( 0.7500000000000006661, 19.00000000000000000, 7.999999999999998224 ) ) ;
#9244 = PRESENTATION_LAYER_ASSIGNMENT (  '', '', ( #1303 ) ) ;
#9245 = VERTEX_POINT ( 'NONE', #7050 ) ;
#9246 = DIRECTION ( 'NONE',  ( 0.0000000000000000000, 0.0000000000000000000, 1.000000000000000000 ) ) ;
#9247 = ORIENTED_EDGE ( 'NONE', *, *, #1981, .F. ) ;
#9248 =( NAMED_UNIT ( * ) SI_UNIT ( $, .STERADIAN. ) SOLID_ANGLE_UNIT ( ) );
#9249 = ORIENTED_EDGE ( 'NONE', *, *, #7408, .T. ) ;
#9250 = EDGE_LOOP ( 'NONE', ( #3236, #5867, #7925, #926 ) ) ;
#9251 = FACE_OUTER_BOUND ( 'NONE', #1445, .T. ) ;
#9252 = AXIS2_PLACEMENT_3D ( 'NONE', #1273, #7199, #145 ) ;
#9253 = CARTESIAN_POINT ( 'NONE',  ( -18.50000000000000000, -3.750000000000000000, -0.4999999999999968914 ) ) ;
#9254 = FILL_AREA_STYLE_COLOUR ( '', #4125 ) ;
#9255 = DIRECTION ( 'NONE',  ( 1.000000000000000000, 0.0000000000000000000, 0.0000000000000000000 ) ) ;
#9256 = EDGE_LOOP ( 'NONE', ( #2081, #8658, #8703, #10461 ) ) ;
#9257 = PRESENTATION_STYLE_ASSIGNMENT (( #810 ) ) ;
#9258 =( NAMED_UNIT ( * ) PLANE_ANGLE_UNIT ( ) SI_UNIT ( $, .RADIAN. ) );
#9259 = SURFACE_STYLE_USAGE ( .BOTH. , #10846 ) ;
#9260 = EDGE_CURVE ( 'NONE', #4439, #8420, #8661, .T. ) ;
#9261 = VECTOR ( 'NONE', #9654, 1000.000000000000000 ) ;
#9262 = DIRECTION ( 'NONE',  ( 0.0000000000000000000, 0.0000000000000000000, 1.000000000000000000 ) ) ;
#9263 = MECHANICAL_DESIGN_GEOMETRIC_PRESENTATION_REPRESENTATION (  '', ( #5906 ), #1138 ) ;
#9264 = ORIENTED_EDGE ( 'NONE', *, *, #4523, .T. ) ;
#9265 = FILL_AREA_STYLE ('',( #820 ) ) ;
#9266 = COLOUR_RGB ( '',0.8980392156862745390, 0.8980392156862745390, 0.8980392156862745390 ) ;
#9267 = PLANE ( 'NONE',  #6187 ) ;
#9268 = VECTOR ( 'NONE', #196, 1000.000000000000000 ) ;
#9269 = AXIS2_PLACEMENT_3D ( 'NONE', #10730, #5715, #9823 ) ;
#9270 = EDGE_LOOP ( 'NONE', ( #8085, #8485, #818, #10462 ) ) ;
#9271 = CARTESIAN_POINT ( 'NONE',  ( 0.0000000000000000000, 21.00000000000000000, -7.999999999999976019 ) ) ;
#9272 = FILL_AREA_STYLE_COLOUR ( '', #3594 ) ;
#9273 = CARTESIAN_POINT ( 'NONE',  ( -12.24999999999999822, 19.00000000000000000, -7.999999999999998224 ) ) ;
#9274 = ORIENTED_EDGE ( 'NONE', *, *, #1633, .F. ) ;
#9275 = EDGE_CURVE ( 'NONE', #2756, #3940, #5318, .T. ) ;
#9276 = DIRECTION ( 'NONE',  ( 1.000000000000000000, 0.0000000000000000000, 0.0000000000000000000 ) ) ;
#9277 = AXIS2_PLACEMENT_3D ( 'NONE', #682, #10823, #1396 ) ;
#9278 = STYLED_ITEM ( 'NONE', ( #9508 ), #1502 ) ;
#9279 = ORIENTED_EDGE ( 'NONE', *, *, #1970, .T. ) ;
#9280 = PLANE ( 'NONE',  #2757 ) ;
#9281 = EDGE_CURVE ( 'NONE', #7775, #5073, #10373, .T. ) ;
#9282 = DIRECTION ( 'NONE',  ( 1.000000000000000000, -5.066103599503465719E-32, 3.854941057726238097E-16 ) ) ;
#9283 = VECTOR ( 'NONE', #10312, 1000.000000000000000 ) ;
#9284 = DIRECTION ( 'NONE',  ( 1.000000000000000000, 0.0000000000000000000, 0.0000000000000000000 ) ) ;
#9285 = STYLED_ITEM ( 'NONE', ( #5726 ), #2519 ) ;
#9286 = FILL_AREA_STYLE_COLOUR ( '', #7718 ) ;
#9287 = EDGE_LOOP ( 'NONE', ( #262, #2515, #7542, #10216 ) ) ;
#9289 = EDGE_CURVE ( 'NONE', #8890, #1570, #2135, .T. ) ;
#9288 = LINE ( 'NONE', #4346, #4652 ) ;
#9290 = ADVANCED_FACE ( 'NONE', ( #317 ), #2881, .T. ) ;
#9291 = FILL_AREA_STYLE ('',( #7688 ) ) ;
#9292 = CYLINDRICAL_SURFACE ( 'NONE', #2043, 1.000000000000000000 ) ;
#9293 = PLANE ( 'NONE',  #6538 ) ;
#9294 = DIRECTION ( 'NONE',  ( 0.0000000000000000000, 0.0000000000000000000, 1.000000000000000000 ) ) ;
#9295 = AXIS2_PLACEMENT_3D ( 'NONE', #1172, #8023, #467 ) ;
#9296 = ORIENTED_EDGE ( 'NONE', *, *, #9219, .T. ) ;
#9297 = LINE ( 'NONE', #4188, #4767 ) ;
#9298 = EDGE_CURVE ( 'NONE', #7628, #10247, #5493, .T. ) ;
#9299 = DIRECTION ( 'NONE',  ( 0.0000000000000000000, -1.314184451497582492E-16, 1.000000000000000000 ) ) ;
#9300 = FACE_OUTER_BOUND ( 'NONE', #1722, .T. ) ;
#9301 = VERTEX_POINT ( 'NONE', #2774 ) ;
#9302 = DIRECTION ( 'NONE',  ( 0.0000000000000000000, 0.0000000000000000000, 1.000000000000000000 ) ) ;
#9303 = VECTOR ( 'NONE', #2255, 1000.000000000000000 ) ;
#9304 = VECTOR ( 'NONE', #1551, 1000.000000000000000 ) ;
#9305 = ORIENTED_EDGE ( 'NONE', *, *, #8134, .F. ) ;
#9306 = CARTESIAN_POINT ( 'NONE',  ( -7.500000000000001776, -3.750000000000000000, -0.4999999999999968914 ) ) ;
#9307 = DIRECTION ( 'NONE',  ( -0.0000000000000000000, 0.0000000000000000000, 1.000000000000000000 ) ) ;
#9308 =( GEOMETRIC_REPRESENTATION_CONTEXT ( 3 ) GLOBAL_UNCERTAINTY_ASSIGNED_CONTEXT ( ( #1512 ) ) GLOBAL_UNIT_ASSIGNED_CONTEXT ( ( #4336, #7779, #2618 ) ) REPRESENTATION_CONTEXT ( 'NONE', 'WORKASPACE' ) );
#9309 = UNCERTAINTY_MEASURE_WITH_UNIT (LENGTH_MEASURE( 1.000000000000000082E-05 ), #4613, 'distance_accuracy_value', 'NONE');
#9310 = CARTESIAN_POINT ( 'NONE',  ( 24.18480339025593651, 11.39999999999999858, -5.114085138899324257 ) ) ;
#9311 = VERTEX_POINT ( 'NONE', #6230 ) ;
#9312 = ORIENTED_EDGE ( 'NONE', *, *, #7021, .T. ) ;
#9313 = LINE ( 'NONE', #1213, #8787 ) ;
#9314 = AXIS2_PLACEMENT_3D ( 'NONE', #6678, #2475, #49 ) ;
#9315 = CARTESIAN_POINT ( 'NONE',  ( 1.500000000000008216, 8.899999999999998579, 6.099999999999996092 ) ) ;
#9316 = LINE ( 'NONE', #6709, #8200 ) ;
#9317 = LINE ( 'NONE', #3425, #5192 ) ;
#9318 = VECTOR ( 'NONE', #9211, 1000.000000000000000 ) ;
#9319 = ORIENTED_EDGE ( 'NONE', *, *, #7094, .F. ) ;
#9320 = DIRECTION ( 'NONE',  ( 0.0000000000000000000, 1.000000000000000000, 1.314184451497582245E-16 ) ) ;
#9321 = CARTESIAN_POINT ( 'NONE',  ( 25.24999999999999645, 19.00000000000000000, 7.999999999999998224 ) ) ;
#9322 = SURFACE_STYLE_USAGE ( .BOTH. , #7493 ) ;
#9323 = LINE ( 'NONE', #5204, #8235 ) ;
#9324 = VECTOR ( 'NONE', #3730, 1000.000000000000000 ) ;
#9325 = LINE ( 'NONE', #7495, #2913 ) ;
#9326 = DIRECTION ( 'NONE',  ( 1.000000000000000000, 0.0000000000000000000, 0.0000000000000000000 ) ) ;
#9327 = DIRECTION ( 'NONE',  ( 1.000000000000000000, 0.0000000000000000000, 0.0000000000000000000 ) ) ;
#9328 = ORIENTED_EDGE ( 'NONE', *, *, #4295, .T. ) ;
#9329 = DIRECTION ( 'NONE',  ( -1.000000000000000000, -0.0000000000000000000, -0.0000000000000000000 ) ) ;
#9330 = EDGE_CURVE ( 'NONE', #685, #6154, #5278, .T. ) ;
#9331 = AXIS2_PLACEMENT_3D ( 'NONE', #2700, #7030, #2651 ) ;
#9332 = ORIENTED_EDGE ( 'NONE', *, *, #2448, .T. ) ;
#9333 = FILL_AREA_STYLE ('',( #7668 ) ) ;
#9334 = DIRECTION ( 'NONE',  ( 0.0000000000000000000, 0.0000000000000000000, 1.000000000000000000 ) ) ;
#9335 = ORIENTED_EDGE ( 'NONE', *, *, #7063, .T. ) ;
#9336 = DIRECTION ( 'NONE',  ( 5.451709925985335199E-16, 0.7071067811865473507, 0.7071067811865477948 ) ) ;
#9337 = STYLED_ITEM ( 'NONE', ( #8387 ), #4531 ) ;
#9338 = VERTEX_POINT ( 'NONE', #5374 ) ;
#9339 = CARTESIAN_POINT ( 'NONE',  ( -5.500000000000000000, -3.750000000000000000, 0.5000000000000031086 ) ) ;
#9340 = SURFACE_SIDE_STYLE ('',( #937 ) ) ;
#9341 = EDGE_CURVE ( 'NONE', #6126, #7919, #372, .T. ) ;
#9342 = DIRECTION ( 'NONE',  ( -1.734723475976807094E-15, 0.0000000000000000000, -1.000000000000000000 ) ) ;
#9343 = VERTEX_POINT ( 'NONE', #5435 ) ;
#9344 = CARTESIAN_POINT ( 'NONE',  ( -24.18480339025594361, 11.39999999999999858, 5.114085138899327809 ) ) ;
#9345 = LINE ( 'NONE', #5966, #1592 ) ;
#9346 = EDGE_CURVE ( 'NONE', #6918, #2365, #8825, .T. ) ;
#9347 = ORIENTED_EDGE ( 'NONE', *, *, #3420, .F. ) ;
#9348 = DIRECTION ( 'NONE',  ( 0.0000000000000000000, 1.000000000000000000, 0.0000000000000000000 ) ) ;
#9349 = ADVANCED_FACE ( 'NONE', ( #425 ), #8664, .T. ) ;
#9350 = EDGE_CURVE ( 'NONE', #693, #8803, #5652, .T. ) ;
#9351 = CARTESIAN_POINT ( 'NONE',  ( 18.89469707838345158, 13.89999999999999680, -2.234934561338733250 ) ) ;
#9352 = MECHANICAL_DESIGN_GEOMETRIC_PRESENTATION_REPRESENTATION (  '', ( #4222 ), #7770 ) ;
#9353 = ORIENTED_EDGE ( 'NONE', *, *, #5147, .T. ) ;
#9354 = DIRECTION ( 'NONE',  ( 0.0000000000000000000, 1.314184451497582245E-16, -1.000000000000000000 ) ) ;
#9355 = DIRECTION ( 'NONE',  ( 0.0000000000000000000, 1.000000000000000000, 0.0000000000000000000 ) ) ;
#9356 = FACE_OUTER_BOUND ( 'NONE', #5249, .T. ) ;
#9357 =( GEOMETRIC_REPRESENTATION_CONTEXT ( 3 ) GLOBAL_UNCERTAINTY_ASSIGNED_CONTEXT ( ( #10187 ) ) GLOBAL_UNIT_ASSIGNED_CONTEXT ( ( #3579, #6913, #7751 ) ) REPRESENTATION_CONTEXT ( 'NONE', 'WORKASPACE' ) );
#9358 = EDGE_CURVE ( 'NONE', #7797, #7587, #6177, .T. ) ;
#9359 = CARTESIAN_POINT ( 'NONE',  ( 21.73493456133873281, 13.89999999999999680, -0.6053029216165494164 ) ) ;
#9360 = ORIENTED_EDGE ( 'NONE', *, *, #33, .T. ) ;
#9361 = EDGE_LOOP ( 'NONE', ( #4424, #8408, #5182, #3973, #9985, #6728, #8941, #1619, #4436, #4145, #3818, #70 ) ) ;
#9362 = AXIS2_PLACEMENT_3D ( 'NONE', #5382, #7002, #10381 ) ;
#9363 = CARTESIAN_POINT ( 'NONE',  ( -25.00000000000000000, -18.24828759089465535, 4.500000000000359712 ) ) ;
#9364 = EDGE_CURVE ( 'NONE', #4850, #2392, #7821, .T. ) ;
#9365 = SURFACE_STYLE_FILL_AREA ( #1892 ) ;
#9366 = CARTESIAN_POINT ( 'NONE',  ( 13.00000000000000000, 13.89999999999999680, 0.0000000000000000000 ) ) ;
#9367 = STYLED_ITEM ( 'NONE', ( #7469 ), #6196 ) ;
#9368 = PLANE ( 'NONE',  #9442 ) ;
#9369 = ORIENTED_EDGE ( 'NONE', *, *, #6402, .T. ) ;
#9370 = PRESENTATION_STYLE_ASSIGNMENT (( #963 ) ) ;
#9371 = AXIS2_PLACEMENT_3D ( 'NONE', #5338, #6424, #8740 ) ;
#9372 = VECTOR ( 'NONE', #6782, 1000.000000000000000 ) ;
#9373 = CARTESIAN_POINT ( 'NONE',  ( 1.500000000000005773, 20.99999999999999645, 8.000000000000000000 ) ) ;
#9374 = DIRECTION ( 'NONE',  ( 0.0000000000000000000, 0.0000000000000000000, 1.000000000000000000 ) ) ;
#9375 = DIRECTION ( 'NONE',  ( 0.0000000000000000000, 0.0000000000000000000, -1.000000000000000000 ) ) ;
#9376 = CARTESIAN_POINT ( 'NONE',  ( -18.89469707838345158, 15.89999999999999680, -2.234934561338733250 ) ) ;
#9377 = ADVANCED_FACE ( 'NONE', ( #3614 ), #3777, .T. ) ;
#9378 = PLANE ( 'NONE',  #983 ) ;
#9379 = CARTESIAN_POINT ( 'NONE',  ( 20.50000000000000000, -2.750000000000000000, -0.4999999999999968914 ) ) ;
#9380 = DIRECTION ( 'NONE',  ( 7.709882115452482111E-16, 0.0000000000000000000, 1.000000000000000000 ) ) ;
#9381 = ORIENTED_EDGE ( 'NONE', *, *, #5140, .T. ) ;
#9382 = DIRECTION ( 'NONE',  ( 0.0000000000000000000, 0.0000000000000000000, 1.000000000000000000 ) ) ;
#9383 = ORIENTED_EDGE ( 'NONE', *, *, #7051, .F. ) ;
#9384 = VECTOR ( 'NONE', #7216, 1000.000000000000000 ) ;
#9385 = SURFACE_STYLE_USAGE ( .BOTH. , #6010 ) ;
#9386 = ORIENTED_EDGE ( 'NONE', *, *, #9636, .T. ) ;
#9387 = CARTESIAN_POINT ( 'NONE',  ( -13.75000000000000000, -0.0000000000000000000, -7.999999999999998224 ) ) ;
#9388 = ORIENTED_EDGE ( 'NONE', *, *, #9819, .T. ) ;
#9389 = LINE ( 'NONE', #6186, #1542 ) ;
#9390 = DIRECTION ( 'NONE',  ( 0.0000000000000000000, -0.0000000000000000000, -1.000000000000000000 ) ) ;
#9391 = DIRECTION ( 'NONE',  ( 3.469446951953635094E-15, -1.314184451497582245E-16, 1.000000000000000000 ) ) ;
#9392 = LINE ( 'NONE', #9504, #10878 ) ;
#9393 = ORIENTED_EDGE ( 'NONE', *, *, #3177, .T. ) ;
#9394 = DIRECTION ( 'NONE',  ( -0.0000000000000000000, 1.000000000000000000, -0.0000000000000000000 ) ) ;
#9395 = SURFACE_SIDE_STYLE ('',( #3461 ) ) ;
#9396 = CARTESIAN_POINT ( 'NONE',  ( 5.499999999999998224, -3.750000000000000000, 0.5000000000000031086 ) ) ;
#9397 = CARTESIAN_POINT ( 'NONE',  ( -25.25000000000000000, 19.00000000000000000, 8.000000000000001776 ) ) ;
#9398 = EDGE_CURVE ( 'NONE', #9569, #9311, #10326, .T. ) ;
#9399 = UNCERTAINTY_MEASURE_WITH_UNIT (LENGTH_MEASURE( 1.000000000000000082E-05 ), #5974, 'distance_accuracy_value', 'NONE');
#9400 = ORIENTED_EDGE ( 'NONE', *, *, #33, .F. ) ;
#9401 = CARTESIAN_POINT ( 'NONE',  ( -0.7500000000000006661, 19.00000000000000000, -7.999999999999998224 ) ) ;
#9402 = PLANE ( 'NONE',  #832 ) ;
#9403 = FILL_AREA_STYLE ('',( #9460 ) ) ;
#9404 = UNCERTAINTY_MEASURE_WITH_UNIT (LENGTH_MEASURE( 1.000000000000000082E-05 ), #4008, 'distance_accuracy_value', 'NONE');
#9405 = ORIENTED_EDGE ( 'NONE', *, *, #2775, .T. ) ;
#9406 = SURFACE_STYLE_USAGE ( .BOTH. , #851 ) ;
#9407 = EDGE_LOOP ( 'NONE', ( #877, #8516, #7641, #9388 ) ) ;
#9408 = CARTESIAN_POINT ( 'NONE',  ( -27.50000000000000000, 2.799999999999999822, 9.000000000000000000 ) ) ;
#9409 = DIRECTION ( 'NONE',  ( -1.000000000000000000, -1.013220719900694020E-31, 7.709882115452482111E-16 ) ) ;
#9410 = EDGE_CURVE ( 'NONE', #4560, #2564, #485, .T. ) ;
#9411 = UNCERTAINTY_MEASURE_WITH_UNIT (LENGTH_MEASURE( 1.000000000000000082E-05 ), #2477, 'distance_accuracy_value', 'NONE');
#9412 = CARTESIAN_POINT ( 'NONE',  ( 14.50000000000000000, 20.00000000000000355, -8.999999999999902300 ) ) ;
#9413 = ORIENTED_EDGE ( 'NONE', *, *, #8996, .F. ) ;
#9414 = ORIENTED_EDGE ( 'NONE', *, *, #7130, .F. ) ;
#9415 = CARTESIAN_POINT ( 'NONE',  ( 1.000000000000004441, 20.99999999999999645, -4.499999999999816147 ) ) ;
#9416 = SURFACE_STYLE_USAGE ( .BOTH. , #3539 ) ;
#9417 = EDGE_CURVE ( 'NONE', #9338, #6232, #324, .T. ) ;
#9418 = DIRECTION ( 'NONE',  ( -0.0000000000000000000, 1.000000000000000000, -0.0000000000000000000 ) ) ;
#9419 = VECTOR ( 'NONE', #4246, 1000.000000000000000 ) ;
#9420 = ORIENTED_EDGE ( 'NONE', *, *, #5572, .F. ) ;
#9421 = PLANE ( 'NONE',  #2064 ) ;
#9422 = SURFACE_STYLE_FILL_AREA ( #2662 ) ;
#9423 = SURFACE_STYLE_USAGE ( .BOTH. , #4536 ) ;
#9424 = DIRECTION ( 'NONE',  ( 1.000000000000000000, -1.013220719900694020E-31, 7.709882115452482111E-16 ) ) ;
#9425 = EDGE_CURVE ( 'NONE', #7950, #7481, #9546, .T. ) ;
#9426 = ADVANCED_FACE ( 'NONE', ( #6935 ), #1194, .T. ) ;
#9427 =( LENGTH_UNIT ( ) NAMED_UNIT ( * ) SI_UNIT ( .MILLI., .METRE. ) );
#9428 = STYLED_ITEM ( 'NONE', ( #8401 ), #8036 ) ;
#9429 = ORIENTED_EDGE ( 'NONE', *, *, #6753, .T. ) ;
#9430 = CARTESIAN_POINT ( 'NONE',  ( 27.50000000000000000, 20.00000000000000000, -8.999999999999975131 ) ) ;
#9431 = CARTESIAN_POINT ( 'NONE',  ( -27.50000000000000000, 19.99999999999999289, 9.100000000000001421 ) ) ;
#9432 = EDGE_CURVE ( 'NONE', #7806, #2564, #8718, .T. ) ;
#9433 = VERTEX_POINT ( 'NONE', #3723 ) ;
#9434 = DIRECTION ( 'NONE',  ( -1.000000000000000000, -0.0000000000000000000, -0.0000000000000000000 ) ) ;
#9435 = SURFACE_STYLE_USAGE ( .BOTH. , #5953 ) ;
#9436 = VECTOR ( 'NONE', #5736, 1000.000000000000000 ) ;
#9437 = STYLED_ITEM ( 'NONE', ( #5834 ), #579 ) ;
#9438 = ORIENTED_EDGE ( 'NONE', *, *, #1907, .F. ) ;
#9439 = CARTESIAN_POINT ( 'NONE',  ( -11.18480339025594184, 9.399999999999998579, 5.114085138899328697 ) ) ;
#9440 = ORIENTED_EDGE ( 'NONE', *, *, #10223, .T. ) ;
#9441 = VECTOR ( 'NONE', #4377, 1000.000000000000000 ) ;
#9442 = AXIS2_PLACEMENT_3D ( 'NONE', #10087, #7601, #1786 ) ;
#9443 = VECTOR ( 'NONE', #8705, 1000.000000000000000 ) ;
#9444 = LINE ( 'NONE', #8671, #3833 ) ;
#9445 = PLANE ( 'NONE',  #10264 ) ;
#9446 = LINE ( 'NONE', #5281, #5677 ) ;
#9447 = PRESENTATION_STYLE_ASSIGNMENT (( #6191 ) ) ;
#9448 = FACE_OUTER_BOUND ( 'NONE', #4759, .T. ) ;
#9449 = PRESENTATION_LAYER_ASSIGNMENT (  '', '', ( #10509 ) ) ;
#9450 = ORIENTED_EDGE ( 'NONE', *, *, #3738, .F. ) ;
#9451 = VECTOR ( 'NONE', #1519, 1000.000000000000000 ) ;
#9452 = CARTESIAN_POINT ( 'NONE',  ( -20.10530292161654842, 13.89999999999999680, 0.6053029216165489723 ) ) ;
#9453 = VECTOR ( 'NONE', #7862, 1000.000000000000000 ) ;
#9454 = VECTOR ( 'NONE', #9517, 1000.000000000000000 ) ;
#9455 = DIRECTION ( 'NONE',  ( 0.0000000000000000000, 1.000000000000000000, 1.314184451497582245E-16 ) ) ;
#9456 = DIRECTION ( 'NONE',  ( 0.0000000000000000000, 1.000000000000000000, 4.130293990420970869E-16 ) ) ;
#9457 = ORIENTED_EDGE ( 'NONE', *, *, #7538, .T. ) ;
#9458 = VECTOR ( 'NONE', #8729, 1000.000000000000000 ) ;
#9459 = EDGE_CURVE ( 'NONE', #7481, #10488, #7058, .T. ) ;
#9460 = FILL_AREA_STYLE_COLOUR ( '', #1934 ) ;
#9461 = ORIENTED_EDGE ( 'NONE', *, *, #1644, .T. ) ;
#9462 = CARTESIAN_POINT ( 'NONE',  ( 6.499999999999999112, 12.89999999999999858, 8.673617379884035472E-16 ) ) ;
#9463 = VERTEX_POINT ( 'NONE', #2890 ) ;
#9464 = CARTESIAN_POINT ( 'NONE',  ( -12.00000000000000000, 20.99999999999999645, -4.499999999999725553 ) ) ;
#9465 = CARTESIAN_POINT ( 'NONE',  ( -8.734934561338734582, 15.89999999999999680, -0.6053029216165488613 ) ) ;
#9466 = CARTESIAN_POINT ( 'NONE',  ( 24.49999999999999645, -18.24828759089465535, -8.999999999999998224 ) ) ;
#9467 = STYLED_ITEM ( 'NONE', ( #2420 ), #10631 ) ;
#9468 = DIRECTION ( 'NONE',  ( 0.0000000000000000000, 0.0000000000000000000, -1.000000000000000000 ) ) ;
#9469 = VERTEX_POINT ( 'NONE', #6300 ) ;
#9470 = VERTEX_POINT ( 'NONE', #1298 ) ;
#9471 = CARTESIAN_POINT ( 'NONE',  ( -19.50000000000000000, 14.89999999999999680, 8.673617379884035472E-16 ) ) ;
#9472 = LINE ( 'NONE', #6045, #5006 ) ;
#9473 = EDGE_CURVE ( 'NONE', #7888, #1991, #10545, .T. ) ;
#9474 =( GEOMETRIC_REPRESENTATION_CONTEXT ( 3 ) GLOBAL_UNCERTAINTY_ASSIGNED_CONTEXT ( ( #9404 ) ) GLOBAL_UNIT_ASSIGNED_CONTEXT ( ( #4008, #9169, #9116 ) ) REPRESENTATION_CONTEXT ( 'NONE', 'WORKASPACE' ) );
#9475 = DIRECTION ( 'NONE',  ( -1.000000000000000000, 0.0000000000000000000, -0.0000000000000000000 ) ) ;
#9476 = EDGE_LOOP ( 'NONE', ( #7692, #8710, #4361, #2815 ) ) ;
#9477 = CARTESIAN_POINT ( 'NONE',  ( -11.18480339025594361, 11.39999999999999858, 5.114085138899327809 ) ) ;
#9478 = LINE ( 'NONE', #6051, #9443 ) ;
#9479 = CARTESIAN_POINT ( 'NONE',  ( -6.500000000000000888, 14.89999999999999680, 8.673617379884035472E-16 ) ) ;
#9480 = FILL_AREA_STYLE_COLOUR ( '', #5928 ) ;
#9481 = CARTESIAN_POINT ( 'NONE',  ( -14.50000000000000178, -18.24828759089465535, -8.999999999999724665 ) ) ;
#9482 = DIRECTION ( 'NONE',  ( 0.0000000000000000000, 0.0000000000000000000, -1.000000000000000000 ) ) ;
#9483 = AXIS2_PLACEMENT_3D ( 'NONE', #4705, #2073, #581 ) ;
#9484 = ADVANCED_FACE ( 'NONE', ( #8045 ), #8265, .F. ) ;
#9485 = ORIENTED_EDGE ( 'NONE', *, *, #8197, .F. ) ;
#9486 =( GEOMETRIC_REPRESENTATION_CONTEXT ( 3 ) GLOBAL_UNCERTAINTY_ASSIGNED_CONTEXT ( ( #667 ) ) GLOBAL_UNIT_ASSIGNED_CONTEXT ( ( #5596, #4904, #3235 ) ) REPRESENTATION_CONTEXT ( 'NONE', 'WORKASPACE' ) );
#9487 =( NAMED_UNIT ( * ) PLANE_ANGLE_UNIT ( ) SI_UNIT ( $, .RADIAN. ) );
#9488 = ADVANCED_FACE ( 'NONE', ( #2402 ), #3836, .T. ) ;
#9489 = ORIENTED_EDGE ( 'NONE', *, *, #4794, .F. ) ;
#9490 = CARTESIAN_POINT ( 'NONE',  ( -20.10530292161654842, 13.89999999999999680, 2.234934561338733250 ) ) ;
#9491 = VECTOR ( 'NONE', #7243, 1000.000000000000000 ) ;
#9492 = CARTESIAN_POINT ( 'NONE',  ( -17.26506543866126719, 13.89999999999999680, 0.6053029216165494164 ) ) ;
#9493 = EDGE_LOOP ( 'NONE', ( #5448, #4798, #531, #8901 ) ) ;
#9494 = MECHANICAL_DESIGN_GEOMETRIC_PRESENTATION_REPRESENTATION (  '', ( #852 ), #7019 ) ;
#9495 = LINE ( 'NONE', #269, #3070 ) ;
#9496 = ADVANCED_FACE ( 'NONE', ( #8098 ), #3213, .F. ) ;
#9497 = EDGE_LOOP ( 'NONE', ( #9413, #5628, #10382, #8985 ) ) ;
#9498 = CARTESIAN_POINT ( 'NONE',  ( -27.50000000000000000, 0.0000000000000000000, -9.000000000000000000 ) ) ;
#9499 =( LENGTH_UNIT ( ) NAMED_UNIT ( * ) SI_UNIT ( .MILLI., .METRE. ) );
#9500 = AXIS2_PLACEMENT_3D ( 'NONE', #932, #6773, #9334 ) ;
#9501 = CARTESIAN_POINT ( 'NONE',  ( -27.50000000000000000, 19.99999999999998934, 10.10000000000018439 ) ) ;
#9502 = LINE ( 'NONE', #1096, #9458 ) ;
#9503 = CARTESIAN_POINT ( 'NONE',  ( -1.499999999999997780, 9.400000000000000355, -4.499999999999818812 ) ) ;
#9504 = CARTESIAN_POINT ( 'NONE',  ( 25.24999999999999645, 19.00000000000000000, 7.999999999999998224 ) ) ;
#9505 = EDGE_LOOP ( 'NONE', ( #6653, #3147, #3330, #748 ) ) ;
#9506 =( NAMED_UNIT ( * ) PLANE_ANGLE_UNIT ( ) SI_UNIT ( $, .RADIAN. ) );
#9507 = VECTOR ( 'NONE', #8752, 1000.000000000000000 ) ;
#9508 = PRESENTATION_STYLE_ASSIGNMENT (( #2799 ) ) ;
#9509 = UNCERTAINTY_MEASURE_WITH_UNIT (LENGTH_MEASURE( 1.000000000000000082E-05 ), #2657, 'distance_accuracy_value', 'NONE');
#9510 = EDGE_CURVE ( 'NONE', #4696, #9773, #9323, .T. ) ;
#9511 = AXIS2_PLACEMENT_3D ( 'NONE', #8126, #10662, #8917 ) ;
#9512 = ORIENTED_EDGE ( 'NONE', *, *, #5629, .F. ) ;
#9513 = CARTESIAN_POINT ( 'NONE',  ( 12.25000000000000000, 0.0000000000000000000, 7.999999999999998224 ) ) ;
#9514 = VERTEX_POINT ( 'NONE', #1733 ) ;
#9515 = CARTESIAN_POINT ( 'NONE',  ( 19.50000000000000000, 11.39999999999999858, 1.993034753127728376 ) ) ;
#9516 = EDGE_LOOP ( 'NONE', ( #4717, #618, #4508, #2242 ) ) ;
#9517 = DIRECTION ( 'NONE',  ( 0.0000000000000000000, 0.0000000000000000000, -1.000000000000000000 ) ) ;
#9518 = SURFACE_SIDE_STYLE ('',( #8523 ) ) ;
#9519 = SURFACE_SIDE_STYLE ('',( #10351 ) ) ;
#9520 = AXIS2_PLACEMENT_3D ( 'NONE', #3721, #6887, #2673 ) ;
#9521 = FACE_OUTER_BOUND ( 'NONE', #3097, .T. ) ;
#9522 = ORIENTED_EDGE ( 'NONE', *, *, #3815, .F. ) ;
#9523 = EDGE_CURVE ( 'NONE', #7888, #8647, #9215, .T. ) ;
#9524 = ORIENTED_EDGE ( 'NONE', *, *, #10563, .F. ) ;
#9525 = AXIS2_PLACEMENT_3D ( 'NONE', #6359, #8840, #1257 ) ;
#9526 = LINE ( 'NONE', #1999, #193 ) ;
#9527 = DIRECTION ( 'NONE',  ( 1.000000000000000000, 0.0000000000000000000, 3.326525289697788964E-16 ) ) ;
#9528 = ORIENTED_EDGE ( 'NONE', *, *, #3342, .T. ) ;
#9529 = CARTESIAN_POINT ( 'NONE',  ( 0.0000000000000000000, 20.99999999999999645, 5.148098557999859383E-15 ) ) ;
#9530 = VECTOR ( 'NONE', #1448, 1000.000000000000000 ) ;
#9531 = CARTESIAN_POINT ( 'NONE',  ( 1.500000000000015099, 9.400000000000000355, -6.599999999999970335 ) ) ;
#9532 = LINE ( 'NONE', #251, #6872 ) ;
#9533 = CARTESIAN_POINT ( 'NONE',  ( 24.49999999999999645, 8.900000000000000355, -6.599999999999993427 ) ) ;
#9534 = FILL_AREA_STYLE_COLOUR ( '', #7087 ) ;
#9535 =( NAMED_UNIT ( * ) SI_UNIT ( $, .STERADIAN. ) SOLID_ANGLE_UNIT ( ) );
#9536 = STYLED_ITEM ( 'NONE', ( #6669 ), #9229 ) ;
#9537 = MECHANICAL_DESIGN_GEOMETRIC_PRESENTATION_REPRESENTATION (  '', ( #1412 ), #6005 ) ;
#9538 = EDGE_CURVE ( 'NONE', #7824, #1778, #7657, .T. ) ;
#9539 = ORIENTED_EDGE ( 'NONE', *, *, #8269, .F. ) ;
#9540 = AXIS2_PLACEMENT_3D ( 'NONE', #5748, #4079, #3296 ) ;
#9541 = CARTESIAN_POINT ( 'NONE',  ( 0.0000000000000000000, 20.99999999999999289, 8.000000000000000000 ) ) ;
#9542 = COLOUR_RGB ( '',1.000000000000000000, 1.000000000000000000, 1.000000000000000000 ) ;
#9543 = ORIENTED_EDGE ( 'NONE', *, *, #506, .T. ) ;
#9544 = DIRECTION ( 'NONE',  ( 1.000000000000000000, 0.0000000000000000000, 0.0000000000000000000 ) ) ;
#9545 = PLANE ( 'NONE',  #3406 ) ;
#9546 = LINE ( 'NONE', #2729, #10546 ) ;
#9547 = VERTEX_POINT ( 'NONE', #7494 ) ;
#9548 = DIRECTION ( 'NONE',  ( 0.0000000000000000000, 0.0000000000000000000, -1.000000000000000000 ) ) ;
#9549 = CARTESIAN_POINT ( 'NONE',  ( 14.49999999999999822, 9.399999999999998579, 6.099999999999995204 ) ) ;
#9550 = ADVANCED_FACE ( 'NONE', ( #6663 ), #5095, .T. ) ;
#9551 = COLOUR_RGB ( '',0.8980392156862745390, 0.8980392156862745390, 0.8980392156862745390 ) ;
#9552 = ORIENTED_EDGE ( 'NONE', *, *, #10515, .F. ) ;
#9553 = SURFACE_STYLE_USAGE ( .BOTH. , #6892 ) ;
#9554 = FACE_OUTER_BOUND ( 'NONE', #9783, .T. ) ;
#9555 = CIRCLE ( 'NONE', #1958, 1.000000000000000000 ) ;
#9556 = SURFACE_STYLE_USAGE ( .BOTH. , #7176 ) ;
#9557 =( NAMED_UNIT ( * ) SI_UNIT ( $, .STERADIAN. ) SOLID_ANGLE_UNIT ( ) );
#9558 = EDGE_CURVE ( 'NONE', #8224, #360, #10103, .T. ) ;
#9559 = FACE_OUTER_BOUND ( 'NONE', #7261, .T. ) ;
#9560 = ORIENTED_EDGE ( 'NONE', *, *, #9330, .F. ) ;
#9561 = CARTESIAN_POINT ( 'NONE',  ( -14.50000000000000178, 20.99999999999999645, -8.999999999999719336 ) ) ;
#9562 = CARTESIAN_POINT ( 'NONE',  ( -7.500000000000001776, -3.750000000000000000, -0.4999999999999968914 ) ) ;
#9563 = DIRECTION ( 'NONE',  ( 0.0000000000000000000, 0.0000000000000000000, -1.000000000000000000 ) ) ;
#9564 = EDGE_CURVE ( 'NONE', #10565, #9093, #10137, .T. ) ;
#9565 = ORIENTED_EDGE ( 'NONE', *, *, #7271, .F. ) ;
#9566 = SURFACE_STYLE_FILL_AREA ( #8909 ) ;
#9567 = EDGE_CURVE ( 'NONE', #764, #9760, #10900, .T. ) ;
#9568 = AXIS2_PLACEMENT_3D ( 'NONE', #5485, #6393, #10628 ) ;
#9569 = VERTEX_POINT ( 'NONE', #5146 ) ;
#9570 = CARTESIAN_POINT ( 'NONE',  ( 24.49999999999999645, 8.900000000000000355, -6.099999999999992539 ) ) ;
#9571 = ORIENTED_EDGE ( 'NONE', *, *, #2499, .F. ) ;
#9572 = LINE ( 'NONE', #5469, #10512 ) ;
#9573 = DIRECTION ( 'NONE',  ( -1.000000000000000000, 0.0000000000000000000, 0.0000000000000000000 ) ) ;
#9574 = DIRECTION ( 'NONE',  ( 0.0000000000000000000, 0.0000000000000000000, 1.000000000000000000 ) ) ;
#9575 = DIRECTION ( 'NONE',  ( -0.0000000000000000000, -0.0000000000000000000, 1.000000000000000000 ) ) ;
#9576 = ORIENTED_EDGE ( 'NONE', *, *, #6256, .F. ) ;
#9577 = ORIENTED_EDGE ( 'NONE', *, *, #4210, .T. ) ;
#9578 = DIRECTION ( 'NONE',  ( 1.000000000000000000, 0.0000000000000000000, -0.0000000000000000000 ) ) ;
#9579 = CARTESIAN_POINT ( 'NONE',  ( -20.50000000000000000, 0.0000000000000000000, 0.5000000000000031086 ) ) ;
#9580 = LINE ( 'NONE', #3754, #2032 ) ;
#9581 = EDGE_LOOP ( 'NONE', ( #7673, #3334, #9347, #9628 ) ) ;
#9582 = VERTEX_POINT ( 'NONE', #8540 ) ;
#9583 = DIRECTION ( 'NONE',  ( -0.0000000000000000000, -0.0000000000000000000, 1.000000000000000000 ) ) ;
#9584 = DIRECTION ( 'NONE',  ( 5.987745521456020037E-16, 0.0000000000000000000, 1.000000000000000000 ) ) ;
#9585 = LINE ( 'NONE', #4537, #7796 ) ;
#9586 = ORIENTED_EDGE ( 'NONE', *, *, #2248, .F. ) ;
#9587 = LINE ( 'NONE', #7768, #110 ) ;
#9588 = DIRECTION ( 'NONE',  ( -1.000000000000000000, 0.0000000000000000000, 0.0000000000000000000 ) ) ;
#9589 = EDGE_LOOP ( 'NONE', ( #5519, #540, #8386, #8781 ) ) ;
#9590 = SURFACE_SIDE_STYLE ('',( #7053 ) ) ;
#9591 = EDGE_CURVE ( 'NONE', #4169, #2878, #7607, .T. ) ;
#9592 = VERTEX_POINT ( 'NONE', #2557 ) ;
#9593 = DIRECTION ( 'NONE',  ( -0.0000000000000000000, 0.0000000000000000000, 1.000000000000000000 ) ) ;
#9594 = CARTESIAN_POINT ( 'NONE',  ( 4.265065438661265418, 13.89999999999999680, 0.6053029216165499715 ) ) ;
#9595 =( LENGTH_UNIT ( ) NAMED_UNIT ( * ) SI_UNIT ( .MILLI., .METRE. ) );
#9596 = CARTESIAN_POINT ( 'NONE',  ( -6.500000000000000888, 15.89999999999999680, 8.673617379884035472E-16 ) ) ;
#9597 = VERTEX_POINT ( 'NONE', #10260 ) ;
#9598 = DIRECTION ( 'NONE',  ( -1.000000000000000000, -0.0000000000000000000, -0.0000000000000000000 ) ) ;
#9599 = CARTESIAN_POINT ( 'NONE',  ( 25.24999999999999645, 19.00000000000000000, 7.999999999999998224 ) ) ;
#9600 = ORIENTED_EDGE ( 'NONE', *, *, #7429, .T. ) ;
#9601 = LINE ( 'NONE', #2034, #8251 ) ;
#9602 = FILL_AREA_STYLE_COLOUR ( '', #1960 ) ;
#9603 =( GEOMETRIC_REPRESENTATION_CONTEXT ( 3 ) GLOBAL_UNCERTAINTY_ASSIGNED_CONTEXT ( ( #10079 ) ) GLOBAL_UNIT_ASSIGNED_CONTEXT ( ( #1605, #9949, #4853 ) ) REPRESENTATION_CONTEXT ( 'NONE', 'WORKASPACE' ) );
#9604 = STYLED_ITEM ( 'NONE', ( #2096 ), #507 ) ;
#9605 = EDGE_CURVE ( 'NONE', #9100, #7586, #5688, .T. ) ;
#9606 = SURFACE_STYLE_FILL_AREA ( #8955 ) ;
#9607 = CARTESIAN_POINT ( 'NONE',  ( 20.10530292161654842, 13.89999999999999680, -0.6053029216165491944 ) ) ;
#9608 = MECHANICAL_DESIGN_GEOMETRIC_PRESENTATION_REPRESENTATION (  '', ( #1132 ), #9308 ) ;
#9609 = ORIENTED_EDGE ( 'NONE', *, *, #5111, .F. ) ;
#9610 = DIRECTION ( 'NONE',  ( 1.000000000000000000, -0.0000000000000000000, 0.0000000000000000000 ) ) ;
#9611 = FILL_AREA_STYLE ('',( #4397 ) ) ;
#9612 = CARTESIAN_POINT ( 'NONE',  ( 19.50000000000000000, 11.89999999999999858, 8.673617379884035472E-16 ) ) ;
#9613 = STYLED_ITEM ( 'NONE', ( #4675 ), #8185 ) ;
#9614 = VECTOR ( 'NONE', #3855, 1000.000000000000000 ) ;
#9615 = UNCERTAINTY_MEASURE_WITH_UNIT (LENGTH_MEASURE( 1.000000000000000082E-05 ), #4914, 'distance_accuracy_value', 'NONE');
#9616 =( GEOMETRIC_REPRESENTATION_CONTEXT ( 3 ) GLOBAL_UNCERTAINTY_ASSIGNED_CONTEXT ( ( #14 ) ) GLOBAL_UNIT_ASSIGNED_CONTEXT ( ( #7043, #1286, #2122 ) ) REPRESENTATION_CONTEXT ( 'NONE', 'WORKASPACE' ) );
#9617 = EDGE_CURVE ( 'NONE', #6933, #9514, #5943, .T. ) ;
#9618 = CARTESIAN_POINT ( 'NONE',  ( 11.50000000000000000, 9.399999999999998579, 6.099999999999996092 ) ) ;
#9619 = CARTESIAN_POINT ( 'NONE',  ( -5.894697078383451583, 13.89999999999999680, 0.6053029216165488613 ) ) ;
#9620 = VECTOR ( 'NONE', #8070, 1000.000000000000114 ) ;
#9621 = VECTOR ( 'NONE', #7760, 1000.000000000000000 ) ;
#9622 = ADVANCED_FACE ( 'NONE', ( #4267 ), #2664, .T. ) ;
#9623 = CIRCLE ( 'NONE', #10666, 3.411345746565307646 ) ;
#9624 = EDGE_CURVE ( 'NONE', #6060, #10122, #1125, .T. ) ;
#9625 = VECTOR ( 'NONE', #4801, 1000.000000000000000 ) ;
#9626 = ORIENTED_EDGE ( 'NONE', *, *, #7728, .F. ) ;
#9627 = CARTESIAN_POINT ( 'NONE',  ( -13.75000000000000000, 19.00000000000000000, 7.999999999999998224 ) ) ;
#9628 = ORIENTED_EDGE ( 'NONE', *, *, #6779, .T. ) ;
#9629 = DIRECTION ( 'NONE',  ( 1.000000000000000000, 0.0000000000000000000, 0.0000000000000000000 ) ) ;
#9630 = CARTESIAN_POINT ( 'NONE',  ( 0.7500000000000006661, 0.0000000000000000000, 7.999999999999998224 ) ) ;
#9631 = FACE_OUTER_BOUND ( 'NONE', #6097, .T. ) ;
#9632 = CARTESIAN_POINT ( 'NONE',  ( 4.265065438661265418, 13.89999999999999680, -0.6053029216165488613 ) ) ;
#9633 = VECTOR ( 'NONE', #3669, 1000.000000000000000 ) ;
#9634 = VECTOR ( 'NONE', #2617, 999.9999999999998863 ) ;
#9635 = VECTOR ( 'NONE', #3877, 1000.000000000000000 ) ;
#9636 = EDGE_CURVE ( 'NONE', #2745, #4485, #7814, .T. ) ;
#9637 = EDGE_LOOP ( 'NONE', ( #998, #671, #6100, #1458 ) ) ;
#9638 = PRESENTATION_LAYER_ASSIGNMENT (  '', '', ( #1156 ) ) ;
#9639 = DIRECTION ( 'NONE',  ( -0.0000000000000000000, 1.000000000000000000, 1.314184451497582492E-16 ) ) ;
#9640 = PRESENTATION_STYLE_ASSIGNMENT (( #10412 ) ) ;
#9641 = CARTESIAN_POINT ( 'NONE',  ( 24.49999999999999645, 20.99999999999999645, -8.999999999999992895 ) ) ;
#9642 = EDGE_LOOP ( 'NONE', ( #3228, #6735, #2341, #6508 ) ) ;
#9643 = SURFACE_STYLE_FILL_AREA ( #2934 ) ;
#9644 = CIRCLE ( 'NONE', #1687, 3.411345746565307646 ) ;
#9645 = CARTESIAN_POINT ( 'NONE',  ( -6.500000000000000888, 11.39999999999999858, 1.993034753127728376 ) ) ;
#9646 = CARTESIAN_POINT ( 'NONE',  ( 24.18480339025593651, 11.39999999999999858, 5.114085138899327809 ) ) ;
#9647 = ORIENTED_EDGE ( 'NONE', *, *, #1982, .T. ) ;
#9648 = LINE ( 'NONE', #7156, #2019 ) ;
#9649 =( LENGTH_UNIT ( ) NAMED_UNIT ( * ) SI_UNIT ( .MILLI., .METRE. ) );
#9650 = ORIENTED_EDGE ( 'NONE', *, *, #5340, .F. ) ;
#9651 = STYLED_ITEM ( 'NONE', ( #5858 ), #10690 ) ;
#9652 = STYLED_ITEM ( 'NONE', ( #4639 ), #2995 ) ;
#9653 = SURFACE_STYLE_USAGE ( .BOTH. , #582 ) ;
#9654 = DIRECTION ( 'NONE',  ( 0.0000000000000000000, 0.0000000000000000000, -1.000000000000000000 ) ) ;
#9655 = ORIENTED_EDGE ( 'NONE', *, *, #7195, .F. ) ;
#9656 = FACE_OUTER_BOUND ( 'NONE', #8557, .T. ) ;
#9657 = SURFACE_SIDE_STYLE ('',( #7057 ) ) ;
#9658 = DIRECTION ( 'NONE',  ( -0.0000000000000000000, -1.000000000000000000, -0.0000000000000000000 ) ) ;
#9659 = DIRECTION ( 'NONE',  ( 0.0000000000000000000, 0.0000000000000000000, -1.000000000000000000 ) ) ;
#9660 = STYLED_ITEM ( 'NONE', ( #4772 ), #9484 ) ;
#9661 = VERTEX_POINT ( 'NONE', #3597 ) ;
#9662 = VECTOR ( 'NONE', #9872, 1000.000000000000000 ) ;
#9663 = DIRECTION ( 'NONE',  ( 1.000000000000000000, 0.0000000000000000000, 0.0000000000000000000 ) ) ;
#9664 = FILL_AREA_STYLE_COLOUR ( '', #3519 ) ;
#9665 = LINE ( 'NONE', #1089, #1 ) ;
#9666 = ORIENTED_EDGE ( 'NONE', *, *, #10370, .T. ) ;
#9667 = EDGE_CURVE ( 'NONE', #10711, #3761, #308, .T. ) ;
#9668 = SURFACE_STYLE_USAGE ( .BOTH. , #10489 ) ;
#9669 = CYLINDRICAL_SURFACE ( 'NONE', #5117, 1.993034753127727488 ) ;
#9670 = VECTOR ( 'NONE', #10303, 1000.000000000000000 ) ;
#9671 = DIRECTION ( 'NONE',  ( -0.0000000000000000000, -1.000000000000000000, -0.0000000000000000000 ) ) ;
#9672 = PLANE ( 'NONE',  #1874 ) ;
#9673 = STYLED_ITEM ( 'NONE', ( #9060 ), #5222 ) ;
#9674 = SURFACE_STYLE_FILL_AREA ( #7074 ) ;
#9675 = ORIENTED_EDGE ( 'NONE', *, *, #6308, .F. ) ;
#9676 = DIRECTION ( 'NONE',  ( 0.0000000000000000000, -1.314184451497582492E-16, 1.000000000000000000 ) ) ;
#9677 = CARTESIAN_POINT ( 'NONE',  ( 1.500000000000008216, 9.399999999999998579, 4.500000000000182965 ) ) ;
#9678 = VECTOR ( 'NONE', #9230, 1000.000000000000000 ) ;
#9679 = EDGE_CURVE ( 'NONE', #2985, #10005, #8513, .T. ) ;
#9680 = COLOUR_RGB ( '',0.8980392156862745390, 0.8980392156862745390, 0.8980392156862745390 ) ;
#9681 = CARTESIAN_POINT ( 'NONE',  ( -25.24999999999999645, 0.0000000000000000000, -9.000000000000000000 ) ) ;
#9682 =( NAMED_UNIT ( * ) SI_UNIT ( $, .STERADIAN. ) SOLID_ANGLE_UNIT ( ) );
#9683 = CIRCLE ( 'NONE', #10712, 1.000000000000000000 ) ;
#9684 = ORIENTED_EDGE ( 'NONE', *, *, #433, .T. ) ;
#9685 = EDGE_CURVE ( 'NONE', #5042, #3404, #4477, .T. ) ;
#9686 = STYLED_ITEM ( 'NONE', ( #10270 ), #5336 ) ;
#9687 = ORIENTED_EDGE ( 'NONE', *, *, #3333, .T. ) ;
#9688 = DIRECTION ( 'NONE',  ( 0.0000000000000000000, 0.0000000000000000000, -1.000000000000000000 ) ) ;
#9689 = CARTESIAN_POINT ( 'NONE',  ( -17.26506543866126719, 15.89999999999999680, 0.6053029216165494164 ) ) ;
#9690 = CARTESIAN_POINT ( 'NONE',  ( -27.50000000000000000, 2.800000000000002043, -8.999999999999996447 ) ) ;
#9691 = ORIENTED_EDGE ( 'NONE', *, *, #2315, .F. ) ;
#9692 = EDGE_CURVE ( 'NONE', #9862, #10723, #2768, .T. ) ;
#9693 =( GEOMETRIC_REPRESENTATION_CONTEXT ( 3 ) GLOBAL_UNCERTAINTY_ASSIGNED_CONTEXT ( ( #8404 ) ) GLOBAL_UNIT_ASSIGNED_CONTEXT ( ( #4721, #8898, #7181 ) ) REPRESENTATION_CONTEXT ( 'NONE', 'WORKASPACE' ) );
#9694 = EDGE_CURVE ( 'NONE', #7111, #10716, #5862, .T. ) ;
#9695 = ORIENTED_EDGE ( 'NONE', *, *, #10738, .T. ) ;
#9696 = CARTESIAN_POINT ( 'NONE',  ( 6.499999999999999112, 11.89999999999999858, -3.411345746565306758 ) ) ;
#9697 = DIRECTION ( 'NONE',  ( -3.326525289697788964E-16, 0.0000000000000000000, 1.000000000000000000 ) ) ;
#9698 = PRESENTATION_STYLE_ASSIGNMENT (( #6337 ) ) ;
#9699 = ORIENTED_EDGE ( 'NONE', *, *, #9829, .F. ) ;
#9700 = VERTEX_POINT ( 'NONE', #5261 ) ;
#9701 = EDGE_CURVE ( 'NONE', #10097, #7006, #9585, .T. ) ;
#9702 = PRESENTATION_STYLE_ASSIGNMENT (( #8083 ) ) ;
#9703 = LINE ( 'NONE', #8084, #8689 ) ;
#9704 = VERTEX_POINT ( 'NONE', #9533 ) ;
#9705 = AXIS2_PLACEMENT_3D ( 'NONE', #10201, #2606, #9375 ) ;
#9706 = DIRECTION ( 'NONE',  ( -1.000000000000000000, -0.0000000000000000000, -0.0000000000000000000 ) ) ;
#9707 = EDGE_CURVE ( 'NONE', #3889, #4560, #2007, .T. ) ;
#9708 = ORIENTED_EDGE ( 'NONE', *, *, #2293, .T. ) ;
#9709 = CARTESIAN_POINT ( 'NONE',  ( -26.75000000000000000, 19.00000000000000000, -7.999999999999998224 ) ) ;
#9710 = DIRECTION ( 'NONE',  ( 0.0000000000000000000, 1.000000000000000000, 1.314184451497582245E-16 ) ) ;
#9711 = AXIS2_PLACEMENT_3D ( 'NONE', #6927, #2824, #6111 ) ;
#9712 = PLANE ( 'NONE',  #2197 ) ;
#9713 = ORIENTED_EDGE ( 'NONE', *, *, #9538, .T. ) ;
#9714 = EDGE_CURVE ( 'NONE', #6658, #8194, #8653, .T. ) ;
#9715 = COLOUR_RGB ( '',0.8980392156862745390, 0.8980392156862745390, 0.8980392156862745390 ) ;
#9716 =( LENGTH_UNIT ( ) NAMED_UNIT ( * ) SI_UNIT ( .MILLI., .METRE. ) );
#9717 = CARTESIAN_POINT ( 'NONE',  ( -1.499999999999997780, -18.24828759089465535, 4.500000000000179412 ) ) ;
#9718 = DIRECTION ( 'NONE',  ( 0.0000000000000000000, 0.0000000000000000000, -1.000000000000000000 ) ) ;
#9719 = EDGE_LOOP ( 'NONE', ( #1959, #4417, #4534, #6354, #7075, #8715, #10428, #859 ) ) ;
#9720 = CARTESIAN_POINT ( 'NONE',  ( 14.81519660974405639, 11.39999999999999858, -5.114085138899324257 ) ) ;
#9721 = FACE_OUTER_BOUND ( 'NONE', #6980, .T. ) ;
#9722 =( LENGTH_UNIT ( ) NAMED_UNIT ( * ) SI_UNIT ( .MILLI., .METRE. ) );
#9723 = AXIS2_PLACEMENT_3D ( 'NONE', #5981, #9355, #10350 ) ;
#9724 = ORIENTED_EDGE ( 'NONE', *, *, #1358, .T. ) ;
#9725 = CARTESIAN_POINT ( 'NONE',  ( -18.89469707838345158, 13.89999999999999680, -2.234934561338733250 ) ) ;
#9726 = AXIS2_PLACEMENT_3D ( 'NONE', #1001, #6796, #181 ) ;
#9727 =( NAMED_UNIT ( * ) SI_UNIT ( $, .STERADIAN. ) SOLID_ANGLE_UNIT ( ) );
#9728 = LINE ( 'NONE', #3789, #1322 ) ;
#9729 = CARTESIAN_POINT ( 'NONE',  ( 21.73493456133873281, 13.89999999999999680, 0.6053029216165494164 ) ) ;
#9730 = LINE ( 'NONE', #7893, #2405 ) ;
#9731 = CARTESIAN_POINT ( 'NONE',  ( 18.89469707838345158, 13.89999999999999680, 0.6053029216165489723 ) ) ;
#9732 = EDGE_CURVE ( 'NONE', #10865, #3889, #2066, .T. ) ;
#9733 = AXIS2_PLACEMENT_3D ( 'NONE', #4352, #123, #7744 ) ;
#9734 =( LENGTH_UNIT ( ) NAMED_UNIT ( * ) SI_UNIT ( .MILLI., .METRE. ) );
#9735 =( NAMED_UNIT ( * ) PLANE_ANGLE_UNIT ( ) SI_UNIT ( $, .RADIAN. ) );
#9736 = UNCERTAINTY_MEASURE_WITH_UNIT (LENGTH_MEASURE( 1.000000000000000082E-05 ), #2685, 'distance_accuracy_value', 'NONE');
#9737 = VECTOR ( 'NONE', #1736, 1000.000000000000000 ) ;
#9738 = CARTESIAN_POINT ( 'NONE',  ( 5.499999999999998224, 0.0000000000000000000, 0.5000000000000031086 ) ) ;
#9739 = CARTESIAN_POINT ( 'NONE',  ( 5.894697078383449806, 13.89999999999999680, 0.6053029216165489723 ) ) ;
#9740 = VECTOR ( 'NONE', #5328, 1000.000000000000000 ) ;
#9741 = UNCERTAINTY_MEASURE_WITH_UNIT (LENGTH_MEASURE( 1.000000000000000082E-05 ), #9223, 'distance_accuracy_value', 'NONE');
#9742 = ORIENTED_EDGE ( 'NONE', *, *, #4683, .F. ) ;
#9743 = EDGE_CURVE ( 'NONE', #10753, #10679, #7102, .T. ) ;
#9744 = LINE ( 'NONE', #2163, #4987 ) ;
#9745 = VECTOR ( 'NONE', #4995, 1000.000000000000000 ) ;
#9746 = FACE_OUTER_BOUND ( 'NONE', #8167, .T. ) ;
#9747 = ORIENTED_EDGE ( 'NONE', *, *, #8713, .F. ) ;
#9748 = LINE ( 'NONE', #10457, #8035 ) ;
#9749 = SURFACE_SIDE_STYLE ('',( #10661 ) ) ;
#9750 =( NAMED_UNIT ( * ) SI_UNIT ( $, .STERADIAN. ) SOLID_ANGLE_UNIT ( ) );
#9751 = ORIENTED_EDGE ( 'NONE', *, *, #2127, .F. ) ;
#9752 = DIRECTION ( 'NONE',  ( 0.0000000000000000000, 1.314184451497582492E-16, -1.000000000000000000 ) ) ;
#9753 = AXIS2_PLACEMENT_3D ( 'NONE', #2124, #3760, #6280 ) ;
#9754 = LINE ( 'NONE', #8646, #5914 ) ;
#9755 = ORIENTED_EDGE ( 'NONE', *, *, #495, .F. ) ;
#9756 = EDGE_LOOP ( 'NONE', ( #5076, #7375, #5059, #1506 ) ) ;
#9757 = FACE_OUTER_BOUND ( 'NONE', #3878, .T. ) ;
#9758 = FILL_AREA_STYLE_COLOUR ( '', #8287 ) ;
#9759 = DIRECTION ( 'NONE',  ( 0.0000000000000000000, -3.854941057726237604E-16, 1.000000000000000000 ) ) ;
#9760 = VERTEX_POINT ( 'NONE', #4594 ) ;
#9761 = CARTESIAN_POINT ( 'NONE',  ( 1.500000000000004885, 2.800000000000002043, -8.999999999999996447 ) ) ;
#9762 = VERTEX_POINT ( 'NONE', #205 ) ;
#9763 = LINE ( 'NONE', #4764, #487 ) ;
#9764 = EDGE_CURVE ( 'NONE', #3897, #4059, #1072, .T. ) ;
#9765 = DIRECTION ( 'NONE',  ( 0.0000000000000000000, 0.0000000000000000000, 1.000000000000000000 ) ) ;
#9766 = DIRECTION ( 'NONE',  ( 0.0000000000000000000, 0.0000000000000000000, -1.000000000000000000 ) ) ;
#9767 = EDGE_CURVE ( 'NONE', #5296, #9914, #9703, .T. ) ;
#9768 = ORIENTED_EDGE ( 'NONE', *, *, #6462, .F. ) ;
#9769 = DIRECTION ( 'NONE',  ( 0.0000000000000000000, 0.0000000000000000000, 1.000000000000000000 ) ) ;
#9770 = EDGE_CURVE ( 'NONE', #6940, #4463, #6586, .T. ) ;
#9771 = DIRECTION ( 'NONE',  ( 0.0000000000000000000, 1.000000000000000000, 0.0000000000000000000 ) ) ;
#9772 = SURFACE_SIDE_STYLE ('',( #10734 ) ) ;
#9773 = VERTEX_POINT ( 'NONE', #3823 ) ;
#9774 = CARTESIAN_POINT ( 'NONE',  ( 14.50000000000000000, -18.24828759089465535, 4.500000000000087930 ) ) ;
#9775 = SURFACE_STYLE_FILL_AREA ( #4051 ) ;
#9776 = DIRECTION ( 'NONE',  ( 0.0000000000000000000, 0.0000000000000000000, 1.000000000000000000 ) ) ;
#9777 = ORIENTED_EDGE ( 'NONE', *, *, #4052, .T. ) ;
#9778 = VECTOR ( 'NONE', #7024, 1000.000000000000000 ) ;
#9779 = EDGE_CURVE ( 'NONE', #1586, #9143, #8929, .T. ) ;
#9780 = DIRECTION ( 'NONE',  ( 0.0000000000000000000, 0.0000000000000000000, 1.000000000000000000 ) ) ;
#9781 = FACE_OUTER_BOUND ( 'NONE', #2431, .T. ) ;
#9782 = CARTESIAN_POINT ( 'NONE',  ( 20.10530292161654842, 15.89999999999999680, -2.234934561338733250 ) ) ;
#9783 = EDGE_LOOP ( 'NONE', ( #8686, #9055, #5601, #5925 ) ) ;
#9784 = DIRECTION ( 'NONE',  ( 1.000000000000000000, 0.0000000000000000000, 0.0000000000000000000 ) ) ;
#9785 = DIRECTION ( 'NONE',  ( 0.0000000000000000000, 0.0000000000000000000, 1.000000000000000000 ) ) ;
#9786 = PRESENTATION_LAYER_ASSIGNMENT (  '', '', ( #9604 ) ) ;
#9787 = FACE_OUTER_BOUND ( 'NONE', #2730, .T. ) ;
#9788 = ORIENTED_EDGE ( 'NONE', *, *, #6767, .T. ) ;
#9789 = VECTOR ( 'NONE', #4899, 1000.000000000000000 ) ;
#9790 = DIRECTION ( 'NONE',  ( -0.0000000000000000000, -1.000000000000000000, -0.0000000000000000000 ) ) ;
#9791 = VECTOR ( 'NONE', #8113, 1000.000000000000000 ) ;
#9792 = CARTESIAN_POINT ( 'NONE',  ( 24.18480339025593651, 11.39999999999999858, -5.114085138899324257 ) ) ;
#9793 = AXIS2_PLACEMENT_3D ( 'NONE', #3160, #5995, #10199 ) ;
#9794 = ORIENTED_EDGE ( 'NONE', *, *, #4784, .F. ) ;
#9795 = CARTESIAN_POINT ( 'NONE',  ( -19.50000000000000000, 15.89999999999999680, 8.673617379884035472E-16 ) ) ;
#9796 = CARTESIAN_POINT ( 'NONE',  ( 6.499999999999999112, 12.89999999999999858, 8.673617379884035472E-16 ) ) ;
#9797 = CARTESIAN_POINT ( 'NONE',  ( -14.00000000000000178, -18.24828759089465535, -4.499999999999731770 ) ) ;
#9798 = ORIENTED_EDGE ( 'NONE', *, *, #4800, .F. ) ;
#9799 = COLOUR_RGB ( '',0.8980392156862745390, 0.8980392156862745390, 0.8980392156862745390 ) ;
#9800 = VECTOR ( 'NONE', #1016, 1000.000000000000000 ) ;
#9801 = ADVANCED_FACE ( 'NONE', ( #4758 ), #9811, .F. ) ;
#9802 = COLOUR_RGB ( '',0.8980392156862745390, 0.8980392156862745390, 0.8980392156862745390 ) ;
#9803 =( LENGTH_UNIT ( ) NAMED_UNIT ( * ) SI_UNIT ( .MILLI., .METRE. ) );
#9804 = VECTOR ( 'NONE', #3489, 1000.000000000000000 ) ;
#9805 = DIRECTION ( 'NONE',  ( -1.000000000000000000, 0.0000000000000000000, 0.0000000000000000000 ) ) ;
#9806 = CARTESIAN_POINT ( 'NONE',  ( 14.50000000000000355, -18.24828759089465535, 9.000000000000087041 ) ) ;
#9807 = ORIENTED_EDGE ( 'NONE', *, *, #8274, .T. ) ;
#9808 = CARTESIAN_POINT ( 'NONE',  ( -18.50000000000000000, -0.0000000000000000000, -0.4999999999999968914 ) ) ;
#9809 = PRESENTATION_STYLE_ASSIGNMENT (( #5801 ) ) ;
#9810 = FACE_OUTER_BOUND ( 'NONE', #320, .T. ) ;
#9811 = PLANE ( 'NONE',  #9568 ) ;
#9812 = EDGE_LOOP ( 'NONE', ( #9414, #8785, #10647, #7309 ) ) ;
#9813 = PRESENTATION_LAYER_ASSIGNMENT (  '', '', ( #1174 ) ) ;
#9814 = VECTOR ( 'NONE', #5504, 1000.000000000000000 ) ;
#9815 = VECTOR ( 'NONE', #8676, 999.9999999999998863 ) ;
#9816 = FACE_OUTER_BOUND ( 'NONE', #7003, .T. ) ;
#9817 = ORIENTED_EDGE ( 'NONE', *, *, #9966, .T. ) ;
#9818 = FILL_AREA_STYLE_COLOUR ( '', #7190 ) ;
#9819 = EDGE_CURVE ( 'NONE', #6375, #3625, #475, .T. ) ;
#9820 = CARTESIAN_POINT ( 'NONE',  ( 5.499999999999998224, 0.0000000000000000000, 0.5000000000000031086 ) ) ;
#9821 = FILL_AREA_STYLE ('',( #3892 ) ) ;
#9822 = AXIS2_PLACEMENT_3D ( 'NONE', #10316, #7875, #10372 ) ;
#9823 = DIRECTION ( 'NONE',  ( 0.0000000000000000000, 0.0000000000000000000, 1.000000000000000000 ) ) ;
#9824 = ORIENTED_EDGE ( 'NONE', *, *, #4278, .T. ) ;
#9825 = FILL_AREA_STYLE_COLOUR ( '', #1740 ) ;
#9826 = CARTESIAN_POINT ( 'NONE',  ( -18.50000000000000000, -2.750000000000000000, -0.4999999999999968914 ) ) ;
#9827 =( LENGTH_UNIT ( ) NAMED_UNIT ( * ) SI_UNIT ( .MILLI., .METRE. ) );
#9828 =( NAMED_UNIT ( * ) PLANE_ANGLE_UNIT ( ) SI_UNIT ( $, .RADIAN. ) );
#9829 = EDGE_CURVE ( 'NONE', #7477, #7111, #9051, .T. ) ;
#9830 = LINE ( 'NONE', #3110, #8393 ) ;
#9831 = DIRECTION ( 'NONE',  ( -0.0000000000000000000, -1.000000000000000000, -0.0000000000000000000 ) ) ;
#9832 = MECHANICAL_DESIGN_GEOMETRIC_PRESENTATION_REPRESENTATION (  '', ( #2051 ), #8226 ) ;
#9833 = VECTOR ( 'NONE', #1281, 1000.000000000000000 ) ;
#9834 = EDGE_LOOP ( 'NONE', ( #6547, #3486, #2510, #6747 ) ) ;
#9835 = EDGE_CURVE ( 'NONE', #5325, #10558, #5658, .T. ) ;
#9836 = ADVANCED_FACE ( 'NONE', ( #629, #5600 ), #9040, .T. ) ;
#9837 = FILL_AREA_STYLE_COLOUR ( '', #7376 ) ;
#9838 = VECTOR ( 'NONE', #8111, 1000.000000000000000 ) ;
#9839 = VECTOR ( 'NONE', #10588, 1000.000000000000000 ) ;
#9840 = CARTESIAN_POINT ( 'NONE',  ( -27.50000000000000000, 0.0000000000000000000, 9.000000000000000000 ) ) ;
#9841 = EDGE_LOOP ( 'NONE', ( #9794, #3268, #10400, #1942 ) ) ;
#9842 = ADVANCED_FACE ( 'NONE', ( #8987 ), #4700, .F. ) ;
#9843 = CARTESIAN_POINT ( 'NONE',  ( -19.50000000000000000, 11.89999999999999858, 8.673617379884035472E-16 ) ) ;
#9844 = CARTESIAN_POINT ( 'NONE',  ( -14.50000000000000178, 20.99999999999999645, -7.999999999999976019 ) ) ;
#9845 = PRESENTATION_LAYER_ASSIGNMENT (  '', '', ( #5592 ) ) ;
#9846 = SURFACE_SIDE_STYLE ('',( #4016 ) ) ;
#9847 = TOROIDAL_SURFACE ( 'NONE', #10196, 3.411345746565307646, 1.000000000000000000 ) ;
#9848 = ORIENTED_EDGE ( 'NONE', *, *, #180, .F. ) ;
#9849 = CARTESIAN_POINT ( 'NONE',  ( 6.499999999999999112, 12.89999999999999858, 8.673617379884035472E-16 ) ) ;
#9850 = AXIS2_PLACEMENT_3D ( 'NONE', #3903, #6413, #435 ) ;
#9851 = EDGE_CURVE ( 'NONE', #3211, #3807, #8809, .T. ) ;
#9852 = CARTESIAN_POINT ( 'NONE',  ( 24.99999999999999645, -18.24828759089465535, 4.499999999999997335 ) ) ;
#9853 = ORIENTED_EDGE ( 'NONE', *, *, #6952, .T. ) ;
#9854 = LINE ( 'NONE', #8125, #3512 ) ;
#9855 = FACE_OUTER_BOUND ( 'NONE', #10410, .T. ) ;
#9856 = CARTESIAN_POINT ( 'NONE',  ( 12.25000000000000000, 19.00000000000000000, 7.999999999999998224 ) ) ;
#9857 = VERTEX_POINT ( 'NONE', #7480 ) ;
#9858 = AXIS2_PLACEMENT_3D ( 'NONE', #9856, #3971, #8172 ) ;
#9859 = CARTESIAN_POINT ( 'NONE',  ( -11.49999999999999645, 19.99999999999999289, 8.000000000000000000 ) ) ;
#9860 = CARTESIAN_POINT ( 'NONE',  ( -12.00000000000000355, -18.24828759089465535, 4.500000000000268230 ) ) ;
#9861 = AXIS2_PLACEMENT_3D ( 'NONE', #6124, #7114, #266 ) ;
#9862 = VERTEX_POINT ( 'NONE', #10882 ) ;
#9863 = VERTEX_POINT ( 'NONE', #6700 ) ;
#9864 =( GEOMETRIC_REPRESENTATION_CONTEXT ( 3 ) GLOBAL_UNCERTAINTY_ASSIGNED_CONTEXT ( ( #3532 ) ) GLOBAL_UNIT_ASSIGNED_CONTEXT ( ( #1718, #856, #4198 ) ) REPRESENTATION_CONTEXT ( 'NONE', 'WORKASPACE' ) );
#9865 = CARTESIAN_POINT ( 'NONE',  ( 0.0000000000000000000, 19.00000000000000000, 0.0000000000000000000 ) ) ;
#9866 = SURFACE_STYLE_FILL_AREA ( #5536 ) ;
#9867 = DIRECTION ( 'NONE',  ( 0.0000000000000000000, 0.0000000000000000000, 1.000000000000000000 ) ) ;
#9868 = VERTEX_POINT ( 'NONE', #3476 ) ;
#9869 = UNCERTAINTY_MEASURE_WITH_UNIT (LENGTH_MEASURE( 1.000000000000000082E-05 ), #5138, 'distance_accuracy_value', 'NONE');
#9870 = DIRECTION ( 'NONE',  ( 0.0000000000000000000, 1.000000000000000000, 4.130293990420970869E-16 ) ) ;
#9871 = ORIENTED_EDGE ( 'NONE', *, *, #1472, .F. ) ;
#9872 = DIRECTION ( 'NONE',  ( -0.0000000000000000000, 1.000000000000000000, -0.0000000000000000000 ) ) ;
#9873 =( LENGTH_UNIT ( ) NAMED_UNIT ( * ) SI_UNIT ( .MILLI., .METRE. ) );
#9874 =( LENGTH_UNIT ( ) NAMED_UNIT ( * ) SI_UNIT ( .MILLI., .METRE. ) );
#9875 = ORIENTED_EDGE ( 'NONE', *, *, #4541, .F. ) ;
#9876 = CARTESIAN_POINT ( 'NONE',  ( 1.500000000000008216, 2.799999999999999822, 9.000000000000000000 ) ) ;
#9877 = PLANE ( 'NONE',  #453 ) ;
#9878 = LINE ( 'NONE', #8264, #7209 ) ;
#9879 = SURFACE_STYLE_USAGE ( .BOTH. , #7388 ) ;
#9880 = EDGE_CURVE ( 'NONE', #8815, #5521, #5024, .T. ) ;
#9881 = PLANE ( 'NONE',  #280 ) ;
#9882 = CARTESIAN_POINT ( 'NONE',  ( -27.50000000000000000, 9.400000000000000355, -6.099999999999992539 ) ) ;
#9883 = LINE ( 'NONE', #2404, #9886 ) ;
#9884 =( GEOMETRIC_REPRESENTATION_CONTEXT ( 3 ) GLOBAL_UNCERTAINTY_ASSIGNED_CONTEXT ( ( #10609 ) ) GLOBAL_UNIT_ASSIGNED_CONTEXT ( ( #10594, #1354, #3772 ) ) REPRESENTATION_CONTEXT ( 'NONE', 'WORKASPACE' ) );
#9885 = VERTEX_POINT ( 'NONE', #5927 ) ;
#9886 = VECTOR ( 'NONE', #3276, 1000.000000000000000 ) ;
#9887 = ORIENTED_EDGE ( 'NONE', *, *, #2649, .T. ) ;
#9888 = LINE ( 'NONE', #597, #7573 ) ;
#9889 = PRESENTATION_STYLE_ASSIGNMENT (( #6510 ) ) ;
#9890 = ORIENTED_EDGE ( 'NONE', *, *, #4599, .T. ) ;
#9891 = ADVANCED_FACE ( 'NONE', ( #10076 ), #8624, .T. ) ;
#9892 = MECHANICAL_DESIGN_GEOMETRIC_PRESENTATION_REPRESENTATION (  '', ( #7239 ), #4219 ) ;
#9893 = CARTESIAN_POINT ( 'NONE',  ( 26.75000000000000000, 19.00000000000000000, -7.999999999999998224 ) ) ;
#9894 = CARTESIAN_POINT ( 'NONE',  ( -24.49999999999999289, 19.99999999999998934, 9.000000000000365930 ) ) ;
#9895 = VERTEX_POINT ( 'NONE', #2492 ) ;
#9896 = VECTOR ( 'NONE', #9329, 1000.000000000000000 ) ;
#9897 = STYLED_ITEM ( 'NONE', ( #5368 ), #10524 ) ;
#9898 = VECTOR ( 'NONE', #3360, 1000.000000000000000 ) ;
#9899 = DIRECTION ( 'NONE',  ( 0.0000000000000000000, 1.000000000000000000, 0.0000000000000000000 ) ) ;
#9900 = SURFACE_STYLE_USAGE ( .BOTH. , #9846 ) ;
#9901 =( GEOMETRIC_REPRESENTATION_CONTEXT ( 3 ) GLOBAL_UNCERTAINTY_ASSIGNED_CONTEXT ( ( #9086 ) ) GLOBAL_UNIT_ASSIGNED_CONTEXT ( ( #8017, #461, #2976 ) ) REPRESENTATION_CONTEXT ( 'NONE', 'WORKASPACE' ) );
#9902 = EDGE_CURVE ( 'NONE', #5135, #2480, #4144, .T. ) ;
#9903 =( NAMED_UNIT ( * ) SI_UNIT ( $, .STERADIAN. ) SOLID_ANGLE_UNIT ( ) );
#9904 = VECTOR ( 'NONE', #5175, 1000.000000000000000 ) ;
#9905 = AXIS2_PLACEMENT_3D ( 'NONE', #3876, #9697, #1599 ) ;
#9906 = VERTEX_POINT ( 'NONE', #5132 ) ;
#9908 = ADVANCED_FACE ( 'NONE', ( #10126 ), #3255, .T. ) ;
#9907 = PRESENTATION_STYLE_ASSIGNMENT (( #561 ) ) ;
#9909 = FACE_OUTER_BOUND ( 'NONE', #1337, .T. ) ;
#9910 = ORIENTED_EDGE ( 'NONE', *, *, #1845, .T. ) ;
#9911 =( NAMED_UNIT ( * ) PLANE_ANGLE_UNIT ( ) SI_UNIT ( $, .RADIAN. ) );
#9912 = AXIS2_PLACEMENT_3D ( 'NONE', #2246, #9002, #10736 ) ;
#9913 = CARTESIAN_POINT ( 'NONE',  ( 27.50000000000000000, 21.09999999999999787, -7.999999999999976019 ) ) ;
#9914 = VERTEX_POINT ( 'NONE', #3414 ) ;
#9915 = CIRCLE ( 'NONE', #3179, 1.000000000000000000 ) ;
#9916 = EDGE_CURVE ( 'NONE', #4224, #8611, #6802, .T. ) ;
#9917 = FILL_AREA_STYLE_COLOUR ( '', #10352 ) ;
#9918 = CARTESIAN_POINT ( 'NONE',  ( 6.499999999999999112, 11.89999999999999858, 1.993034753127728376 ) ) ;
#9919 = ORIENTED_EDGE ( 'NONE', *, *, #789, .F. ) ;
#9920 = DIRECTION ( 'NONE',  ( -1.000000000000000000, 0.0000000000000000000, 0.0000000000000000000 ) ) ;
#9921 = SURFACE_SIDE_STYLE ('',( #9866 ) ) ;
#9922 = ORIENTED_EDGE ( 'NONE', *, *, #3991, .T. ) ;
#9923 = CARTESIAN_POINT ( 'NONE',  ( 1.000000000000004441, -18.24828759089465535, -4.499999999999820588 ) ) ;
#9924 = ORIENTED_EDGE ( 'NONE', *, *, #3661, .T. ) ;
#9925 = VERTEX_POINT ( 'NONE', #5982 ) ;
#9926 = LINE ( 'NONE', #3315, #8422 ) ;
#9927 = CARTESIAN_POINT ( 'NONE',  ( -6.500000000000000000, 15.89999999999999680, 4.411345746565308090 ) ) ;
#9928 = ORIENTED_EDGE ( 'NONE', *, *, #4549, .F. ) ;
#9929 =( LENGTH_UNIT ( ) NAMED_UNIT ( * ) SI_UNIT ( .MILLI., .METRE. ) );
#9930 = CARTESIAN_POINT ( 'NONE',  ( 1.815196609744055500, 11.39999999999999858, -5.114085138899324257 ) ) ;
#9931 = PRESENTATION_LAYER_ASSIGNMENT (  '', '', ( #7106 ) ) ;
#9932 = DIRECTION ( 'NONE',  ( -1.000000000000000000, 0.0000000000000000000, 0.0000000000000000000 ) ) ;
#9933 = CARTESIAN_POINT ( 'NONE',  ( 48.33386665984021136, 21.09999999999999787, -7.999999999999976019 ) ) ;
#9934 = ORIENTED_EDGE ( 'NONE', *, *, #6223, .F. ) ;
#9935 = DIRECTION ( 'NONE',  ( 0.0000000000000000000, -1.314184451497582245E-16, 1.000000000000000000 ) ) ;
#9936 = ADVANCED_FACE ( 'NONE', ( #9356 ), #1774, .T. ) ;
#9937 = ORIENTED_EDGE ( 'NONE', *, *, #695, .T. ) ;
#9938 = DIRECTION ( 'NONE',  ( 0.0000000000000000000, 0.0000000000000000000, -1.000000000000000000 ) ) ;
#9939 = SURFACE_SIDE_STYLE ('',( #3122 ) ) ;
#9940 = CARTESIAN_POINT ( 'NONE',  ( -1.815196609744064160, 9.399999999999998579, -5.114085138899324257 ) ) ;
#9941 = VERTEX_POINT ( 'NONE', #7966 ) ;
#9942 =( LENGTH_UNIT ( ) NAMED_UNIT ( * ) SI_UNIT ( .MILLI., .METRE. ) );
#9943 = CARTESIAN_POINT ( 'NONE',  ( -5.894697078383451583, 15.89999999999999680, -2.234934561338733250 ) ) ;
#9944 = UNCERTAINTY_MEASURE_WITH_UNIT (LENGTH_MEASURE( 1.000000000000000082E-05 ), #8359, 'distance_accuracy_value', 'NONE');
#9945 =( NAMED_UNIT ( * ) PLANE_ANGLE_UNIT ( ) SI_UNIT ( $, .RADIAN. ) );
#9946 = ADVANCED_FACE ( 'NONE', ( #6966 ), #5246, .F. ) ;
#9947 = CARTESIAN_POINT ( 'NONE',  ( -26.75000000000000355, 0.0000000000000000000, 8.000000000000001776 ) ) ;
#9948 = EDGE_LOOP ( 'NONE', ( #3706, #6306, #3582, #6257 ) ) ;
#9949 =( NAMED_UNIT ( * ) PLANE_ANGLE_UNIT ( ) SI_UNIT ( $, .RADIAN. ) );
#9950 = ORIENTED_EDGE ( 'NONE', *, *, #3005, .T. ) ;
#9951 = LINE ( 'NONE', #5643, #8755 ) ;
#9952 = DIRECTION ( 'NONE',  ( -0.0000000000000000000, 1.000000000000000000, -0.0000000000000000000 ) ) ;
#9953 = MECHANICAL_DESIGN_GEOMETRIC_PRESENTATION_REPRESENTATION (  '', ( #7663 ), #3397 ) ;
#9954 = EDGE_LOOP ( 'NONE', ( #2620, #8231, #6104, #5090 ) ) ;
#9955 = ADVANCED_FACE ( 'NONE', ( #5300 ), #6094, .T. ) ;
#9956 = ADVANCED_FACE ( 'NONE', ( #7752 ), #2810, .F. ) ;
#9957 = DIRECTION ( 'NONE',  ( 0.0000000000000000000, -0.0000000000000000000, -1.000000000000000000 ) ) ;
#9958 =( LENGTH_UNIT ( ) NAMED_UNIT ( * ) SI_UNIT ( .MILLI., .METRE. ) );
#9959 = AXIS2_PLACEMENT_3D ( 'NONE', #6845, #7577, #114 ) ;
#9960 = EDGE_LOOP ( 'NONE', ( #3048, #9571, #6076, #5819 ) ) ;
#9961 = VERTEX_POINT ( 'NONE', #5411 ) ;
#9962 = ORIENTED_EDGE ( 'NONE', *, *, #9289, .T. ) ;
#9963 = CARTESIAN_POINT ( 'NONE',  ( 24.99999999999999645, 20.99999999999999645, -4.499999999999999112 ) ) ;
#9964 = FACE_OUTER_BOUND ( 'NONE', #6833, .T. ) ;
#9965 = VERTEX_POINT ( 'NONE', #6914 ) ;
#9966 = EDGE_CURVE ( 'NONE', #4868, #10697, #4194, .T. ) ;
#9967 = VECTOR ( 'NONE', #8999, 1000.000000000000000 ) ;
#9968 = ORIENTED_EDGE ( 'NONE', *, *, #3177, .F. ) ;
#9969 = PRESENTATION_LAYER_ASSIGNMENT (  '', '', ( #10147 ) ) ;
#9970 = MECHANICAL_DESIGN_GEOMETRIC_PRESENTATION_REPRESENTATION (  '', ( #85 ), #10503 ) ;
#9971 = EDGE_LOOP ( 'NONE', ( #6474, #1996, #10776, #4776 ) ) ;
#9972 = FILL_AREA_STYLE_COLOUR ( '', #1185 ) ;
#9973 = DIRECTION ( 'NONE',  ( 8.673617379884027583E-16, 0.0000000000000000000, -1.000000000000000000 ) ) ;
#9974 = DIRECTION ( 'NONE',  ( -1.000000000000000000, 0.0000000000000000000, -1.734723475976793487E-15 ) ) ;
#9975 = AXIS2_PLACEMENT_3D ( 'NONE', #3779, #2083, #7171 ) ;
#9976 = ORIENTED_EDGE ( 'NONE', *, *, #1429, .F. ) ;
#9977 = LINE ( 'NONE', #2342, #7370 ) ;
#9978 = VECTOR ( 'NONE', #2292, 1000.000000000000000 ) ;
#9979 = AXIS2_PLACEMENT_3D ( 'NONE', #10405, #7027, #291 ) ;
#9980 = FACE_OUTER_BOUND ( 'NONE', #2387, .T. ) ;
#9981 = EDGE_CURVE ( 'NONE', #6997, #6161, #1885, .T. ) ;
#9982 = FACE_BOUND ( 'NONE', #378, .T. ) ;
#9983 = LINE ( 'NONE', #7447, #8306 ) ;
#9984 = LINE ( 'NONE', #5675, #8295 ) ;
#9985 = ORIENTED_EDGE ( 'NONE', *, *, #1762, .F. ) ;
#9986 = PRESENTATION_LAYER_ASSIGNMENT (  '', '', ( #3793 ) ) ;
#9987 = COLOUR_RGB ( '',1.000000000000000000, 1.000000000000000000, 1.000000000000000000 ) ;
#9988 = STYLED_ITEM ( 'NONE', ( #5965 ), #1451 ) ;
#9989 = CARTESIAN_POINT ( 'NONE',  ( 4.265065438661265418, 13.89999999999999680, 0.6053029216165499715 ) ) ;
#9990 = ORIENTED_EDGE ( 'NONE', *, *, #922, .T. ) ;
#9991 = LINE ( 'NONE', #9271, #7913 ) ;
#9992 = DIRECTION ( 'NONE',  ( 0.0000000000000000000, 0.0000000000000000000, 1.000000000000000000 ) ) ;
#9993 = FACE_BOUND ( 'NONE', #3006, .T. ) ;
#9994 = ORIENTED_EDGE ( 'NONE', *, *, #4882, .T. ) ;
#9995 = DIRECTION ( 'NONE',  ( 0.0000000000000000000, -0.0000000000000000000, 1.000000000000000000 ) ) ;
#9996 = EDGE_CURVE ( 'NONE', #9965, #5663, #4522, .T. ) ;
#9997 = ORIENTED_EDGE ( 'NONE', *, *, #9056, .T. ) ;
#9998 = DIRECTION ( 'NONE',  ( 0.0000000000000000000, 0.0000000000000000000, 1.000000000000000000 ) ) ;
#9999 = CIRCLE ( 'NONE', #5218, 1.000000000000000888 ) ;
#10000 = MECHANICAL_DESIGN_GEOMETRIC_PRESENTATION_REPRESENTATION (  '', ( #3091 ), #3812 ) ;
#10001 = CARTESIAN_POINT ( 'NONE',  ( 7.105302921616547529, 13.89999999999999680, -0.6053029216165491944 ) ) ;
#10002 = DIRECTION ( 'NONE',  ( -1.000000000000000000, 0.0000000000000000000, 0.0000000000000000000 ) ) ;
#10003 = VERTEX_POINT ( 'NONE', #6264 ) ;
#10004 = SURFACE_SIDE_STYLE ('',( #6628 ) ) ;
#10005 = VERTEX_POINT ( 'NONE', #2862 ) ;
#10006 =( LENGTH_UNIT ( ) NAMED_UNIT ( * ) SI_UNIT ( .MILLI., .METRE. ) );
#10007 = PLANE ( 'NONE',  #189 ) ;
#10008 = CARTESIAN_POINT ( 'NONE',  ( -12.24999999999999822, 19.00000000000000000, 7.999999999999998224 ) ) ;
#10009 = ADVANCED_FACE ( 'NONE', ( #9631 ), #1223, .F. ) ;
#10010 =( NAMED_UNIT ( * ) SI_UNIT ( $, .STERADIAN. ) SOLID_ANGLE_UNIT ( ) );
#10011 = ORIENTED_EDGE ( 'NONE', *, *, #1594, .T. ) ;
#10012 = CARTESIAN_POINT ( 'NONE',  ( 11.50000000000000000, 9.399999999999998579, 6.599999999999996092 ) ) ;
#10013 =( GEOMETRIC_REPRESENTATION_CONTEXT ( 3 ) GLOBAL_UNCERTAINTY_ASSIGNED_CONTEXT ( ( #7956 ) ) GLOBAL_UNIT_ASSIGNED_CONTEXT ( ( #1808, #7571, #5161 ) ) REPRESENTATION_CONTEXT ( 'NONE', 'WORKASPACE' ) );
#10014 = SURFACE_SIDE_STYLE ('',( #2684 ) ) ;
#10015 = ORIENTED_EDGE ( 'NONE', *, *, #8134, .T. ) ;
#10016 = AXIS2_PLACEMENT_3D ( 'NONE', #1924, #3682, #1047 ) ;
#10017 = ORIENTED_EDGE ( 'NONE', *, *, #28, .T. ) ;
#10018 = CARTESIAN_POINT ( 'NONE',  ( 24.50000000000000000, 19.99999999999998934, 9.000000000000003553 ) ) ;
#10019 = DIRECTION ( 'NONE',  ( 1.000000000000000000, 0.0000000000000000000, 0.0000000000000000000 ) ) ;
#10020 = SURFACE_SIDE_STYLE ('',( #6647 ) ) ;
#10021 = ORIENTED_EDGE ( 'NONE', *, *, #9177, .F. ) ;
#10022 = EDGE_CURVE ( 'NONE', #500, #2750, #5586, .T. ) ;
#10023 = SURFACE_SIDE_STYLE ('',( #8526 ) ) ;
#10024 = VERTEX_POINT ( 'NONE', #9029 ) ;
#10025 = CIRCLE ( 'NONE', #5787, 4.411345746565307202 ) ;
#10026 = ORIENTED_EDGE ( 'NONE', *, *, #214, .F. ) ;
#10027 = LINE ( 'NONE', #4205, #7885 ) ;
#10028 = VECTOR ( 'NONE', #2837, 1000.000000000000000 ) ;
#10029 = LINE ( 'NONE', #9208, #2229 ) ;
#10030 = CARTESIAN_POINT ( 'NONE',  ( -19.50000000000000000, -3.750000000000000000, 0.0000000000000000000 ) ) ;
#10031 = ADVANCED_FACE ( 'NONE', ( #6380 ), #2274, .T. ) ;
#10032 = CARTESIAN_POINT ( 'NONE',  ( -5.894697078383451583, 15.89999999999999680, 0.6053029216165488613 ) ) ;
#10033 = STYLED_ITEM ( 'NONE', ( #1558 ), #9936 ) ;
#10034 = EDGE_LOOP ( 'NONE', ( #7699, #521, #3195, #6546 ) ) ;
#10035 = DIRECTION ( 'NONE',  ( 1.000000000000000000, 0.0000000000000000000, 0.0000000000000000000 ) ) ;
#10036 = COLOUR_RGB ( '',0.8980392156862745390, 0.8980392156862745390, 0.8980392156862745390 ) ;
#10037 =( LENGTH_UNIT ( ) NAMED_UNIT ( * ) SI_UNIT ( .MILLI., .METRE. ) );
#10038 = LINE ( 'NONE', #813, #2541 ) ;
#10039 = SURFACE_STYLE_FILL_AREA ( #6662 ) ;
#10040 = EDGE_CURVE ( 'NONE', #8425, #3480, #1805, .T. ) ;
#10041 =( NAMED_UNIT ( * ) PLANE_ANGLE_UNIT ( ) SI_UNIT ( $, .RADIAN. ) );
#10042 = LINE ( 'NONE', #4215, #4936 ) ;
#10043 =( NAMED_UNIT ( * ) SI_UNIT ( $, .STERADIAN. ) SOLID_ANGLE_UNIT ( ) );
#10044 = VERTEX_POINT ( 'NONE', #7361 ) ;
#10045 =( NAMED_UNIT ( * ) SI_UNIT ( $, .STERADIAN. ) SOLID_ANGLE_UNIT ( ) );
#10046 = EDGE_CURVE ( 'NONE', #4472, #1052, #8515, .T. ) ;
#10047 = ORIENTED_EDGE ( 'NONE', *, *, #147, .F. ) ;
#10048 = CARTESIAN_POINT ( 'NONE',  ( 6.499999999999999112, 14.89999999999999680, 8.673617379884035472E-16 ) ) ;
#10049 = DIRECTION ( 'NONE',  ( -0.0000000000000000000, 0.0000000000000000000, 1.000000000000000000 ) ) ;
#10050 = CARTESIAN_POINT ( 'NONE',  ( -24.18480339025594361, 9.399999999999998579, 5.114085138899328697 ) ) ;
#10051 =( NAMED_UNIT ( * ) PLANE_ANGLE_UNIT ( ) SI_UNIT ( $, .RADIAN. ) );
#10052 = ORIENTED_EDGE ( 'NONE', *, *, #6743, .F. ) ;
#10053 = CARTESIAN_POINT ( 'NONE',  ( 25.25000000000000000, 19.00000000000000000, -8.999999999999975131 ) ) ;
#10054 = ORIENTED_EDGE ( 'NONE', *, *, #7429, .F. ) ;
#10055 = PLANE ( 'NONE',  #9314 ) ;
#10056 =( LENGTH_UNIT ( ) NAMED_UNIT ( * ) SI_UNIT ( .MILLI., .METRE. ) );
#10057 = CARTESIAN_POINT ( 'NONE',  ( -21.73493456133873281, 15.89999999999999680, -0.6053029216165488613 ) ) ;
#10058 = EDGE_LOOP ( 'NONE', ( #3304, #3917, #7432, #5476, #10015, #2125, #7747, #10077 ) ) ;
#10059 = DIRECTION ( 'NONE',  ( 0.0000000000000000000, 0.0000000000000000000, -1.000000000000000000 ) ) ;
#10060 = FILL_AREA_STYLE_COLOUR ( '', #256 ) ;
#10061 = VECTOR ( 'NONE', #1080, 1000.000000000000000 ) ;
#10062 = CARTESIAN_POINT ( 'NONE',  ( 11.18480339025593473, 11.39999999999999858, -5.114085138899324257 ) ) ;
#10063 = DIRECTION ( 'NONE',  ( 0.0000000000000000000, 0.0000000000000000000, 1.000000000000000000 ) ) ;
#10064 = VECTOR ( 'NONE', #208, 1000.000000000000000 ) ;
#10065 = LINE ( 'NONE', #10008, #259 ) ;
#10066 = UNCERTAINTY_MEASURE_WITH_UNIT (LENGTH_MEASURE( 1.000000000000000082E-05 ), #6120, 'distance_accuracy_value', 'NONE');
#10067 =( NAMED_UNIT ( * ) PLANE_ANGLE_UNIT ( ) SI_UNIT ( $, .RADIAN. ) );
#10068 = VECTOR ( 'NONE', #8976, 1000.000000000000000 ) ;
#10069 = ORIENTED_EDGE ( 'NONE', *, *, #5045, .F. ) ;
#10070 = PRESENTATION_LAYER_ASSIGNMENT (  '', '', ( #2632 ) ) ;
#10071 = ADVANCED_FACE ( 'NONE', ( #9855 ), #5371, .T. ) ;
#10072 = LINE ( 'NONE', #4621, #4136 ) ;
#10073 = ORIENTED_EDGE ( 'NONE', *, *, #1645, .T. ) ;
#10074 = CARTESIAN_POINT ( 'NONE',  ( -27.50000000000000000, 20.00000000000000000, -8.999999999999975131 ) ) ;
#10075 = ORIENTED_EDGE ( 'NONE', *, *, #4511, .T. ) ;
#10076 = FACE_OUTER_BOUND ( 'NONE', #7108, .T. ) ;
#10077 = ORIENTED_EDGE ( 'NONE', *, *, #8060, .T. ) ;
#10078 = STYLED_ITEM ( 'NONE', ( #505 ), #8964 ) ;
#10079 = UNCERTAINTY_MEASURE_WITH_UNIT (LENGTH_MEASURE( 1.000000000000000082E-05 ), #1605, 'distance_accuracy_value', 'NONE');
#10080 = SURFACE_STYLE_USAGE ( .BOTH. , #10023 ) ;
#10081 = ORIENTED_EDGE ( 'NONE', *, *, #6369, .F. ) ;
#10082 = ORIENTED_EDGE ( 'NONE', *, *, #4549, .T. ) ;
#10083 = DIRECTION ( 'NONE',  ( -0.0000000000000000000, -1.000000000000000000, -0.0000000000000000000 ) ) ;
#10084 = AXIS2_PLACEMENT_3D ( 'NONE', #6930, #9588, #6988 ) ;
#10085 = CARTESIAN_POINT ( 'NONE',  ( 20.10530292161654842, 15.89999999999999680, 0.6053029216165488613 ) ) ;
#10086 = EDGE_CURVE ( 'NONE', #1392, #4098, #1388, .T. ) ;
#10087 = CARTESIAN_POINT ( 'NONE',  ( -14.49999999999999822, -18.24828759089465535, 4.500000000000269118 ) ) ;
#10088 = ORIENTED_EDGE ( 'NONE', *, *, #9567, .T. ) ;
#10089 = CARTESIAN_POINT ( 'NONE',  ( 14.50000000000000000, -18.24828759089465535, 4.500000000000087930 ) ) ;
#10090 = PRESENTATION_STYLE_ASSIGNMENT (( #6717 ) ) ;
#10091 = PRESENTATION_STYLE_ASSIGNMENT (( #5093 ) ) ;
#10092 = SURFACE_STYLE_FILL_AREA ( #1683 ) ;
#10093 = DIRECTION ( 'NONE',  ( 0.0000000000000000000, -1.000000000000000000, 0.0000000000000000000 ) ) ;
#10094 = CARTESIAN_POINT ( 'NONE',  ( 18.89469707838345158, 13.89999999999999680, -2.234934561338733250 ) ) ;
#10095 = DIRECTION ( 'NONE',  ( -0.0000000000000000000, -1.000000000000000000, -0.0000000000000000000 ) ) ;
#10096 = EDGE_CURVE ( 'NONE', #10579, #2503, #3137, .T. ) ;
#10097 = VERTEX_POINT ( 'NONE', #8296 ) ;
#10098 = STYLED_ITEM ( 'NONE', ( #10605 ), #8698 ) ;
#10099 = LINE ( 'NONE', #7499, #7518 ) ;
#10100 = CARTESIAN_POINT ( 'NONE',  ( -24.49999999999999289, 19.99999999999999289, 8.000000000000000000 ) ) ;
#10101 = EDGE_CURVE ( 'NONE', #5716, #2701, #10065, .T. ) ;
#10102 = ADVANCED_FACE ( 'NONE', ( #8615 ), #7470, .F. ) ;
#10103 = CIRCLE ( 'NONE', #5315, 0.5000000000000004441 ) ;
#10104 = ORIENTED_EDGE ( 'NONE', *, *, #7762, .F. ) ;
#10105 = DIRECTION ( 'NONE',  ( 0.0000000000000000000, -1.000000000000000000, -1.314184451497582492E-16 ) ) ;
#10106 =( LENGTH_UNIT ( ) NAMED_UNIT ( * ) SI_UNIT ( .MILLI., .METRE. ) );
#10107 = CARTESIAN_POINT ( 'NONE',  ( -5.500000000000000000, -0.0000000000000000000, -0.4999999999999968914 ) ) ;
#10108 = EDGE_LOOP ( 'NONE', ( #4021, #5608, #10314, #2027 ) ) ;
#10109 = CARTESIAN_POINT ( 'NONE',  ( -27.50000000000000000, 5.200000000000001066, -6.599999999999994316 ) ) ;
#10110 = ADVANCED_FACE ( 'NONE', ( #8348 ), #6130, .T. ) ;
#10111 = EDGE_LOOP ( 'NONE', ( #164, #2596, #2077, #8467 ) ) ;
#10112 = CARTESIAN_POINT ( 'NONE',  ( -19.50000000000000000, 11.89999999999999858, 3.411345746565308534 ) ) ;
#10113 = CARTESIAN_POINT ( 'NONE',  ( -6.500000000000000888, 15.89999999999999680, -4.411345746565306314 ) ) ;
#10114 = SURFACE_STYLE_FILL_AREA ( #3345 ) ;
#10115 = ORIENTED_EDGE ( 'NONE', *, *, #2771, .T. ) ;
#10116 = DIRECTION ( 'NONE',  ( 1.000000000000000000, 0.0000000000000000000, 0.0000000000000000000 ) ) ;
#10117 = CARTESIAN_POINT ( 'NONE',  ( 8.734934561338732806, 13.89999999999999680, 0.6053029216165494164 ) ) ;
#10118 = ORIENTED_EDGE ( 'NONE', *, *, #469, .F. ) ;
#10119 = CARTESIAN_POINT ( 'NONE',  ( 1.500000000000004885, 19.99999999999998934, 9.000000000000184741 ) ) ;
#10120 = CARTESIAN_POINT ( 'NONE',  ( -5.500000000000000000, -3.750000000000000000, -0.4999999999999968914 ) ) ;
#10121 = SURFACE_STYLE_FILL_AREA ( #9403 ) ;
#10122 = VERTEX_POINT ( 'NONE', #9439 ) ;
#10123 = CARTESIAN_POINT ( 'NONE',  ( -1.499999999999997780, 19.99999999999999289, 8.000000000000000000 ) ) ;
#10124 = VECTOR ( 'NONE', #9234, 1000.000000000000000 ) ;
#10125 = SURFACE_STYLE_FILL_AREA ( #7589 ) ;
#10126 = FACE_OUTER_BOUND ( 'NONE', #47, .T. ) ;
#10127 = DIRECTION ( 'NONE',  ( -1.000000000000000000, 0.0000000000000000000, 1.330610115879115536E-16 ) ) ;
#10128 = EDGE_CURVE ( 'NONE', #8169, #9433, #2428, .T. ) ;
#10129 = ORIENTED_EDGE ( 'NONE', *, *, #4347, .T. ) ;
#10130 = LINE ( 'NONE', #4364, #3464 ) ;
#10131 = FILL_AREA_STYLE ('',( #8255 ) ) ;
#10132 = CARTESIAN_POINT ( 'NONE',  ( -4.265065438661267194, 13.89999999999999680, -0.6053029216165494164 ) ) ;
#10133 = DIRECTION ( 'NONE',  ( 0.0000000000000000000, 0.0000000000000000000, -1.000000000000000000 ) ) ;
#10134 = ORIENTED_EDGE ( 'NONE', *, *, #8487, .T. ) ;
#10135 = CARTESIAN_POINT ( 'NONE',  ( -27.50000000000000000, 8.899999999999998579, 6.099999999999996092 ) ) ;
#10136 = CARTESIAN_POINT ( 'NONE',  ( -6.500000000000000888, 12.89999999999999858, 3.411345746565308534 ) ) ;
#10137 = LINE ( 'NONE', #815, #4429 ) ;
#10138 = COLOUR_RGB ( '',0.8980392156862745390, 0.8980392156862745390, 0.8980392156862745390 ) ;
#10139 = FACE_OUTER_BOUND ( 'NONE', #2584, .T. ) ;
#10140 = FACE_OUTER_BOUND ( 'NONE', #9642, .T. ) ;
#10141 = VECTOR ( 'NONE', #1500, 1000.000000000000000 ) ;
#10142 = EDGE_CURVE ( 'NONE', #5073, #6923, #1860, .T. ) ;
#10143 = ORIENTED_EDGE ( 'NONE', *, *, #8216, .F. ) ;
#10144 =( LENGTH_UNIT ( ) NAMED_UNIT ( * ) SI_UNIT ( .MILLI., .METRE. ) );
#10145 = STYLED_ITEM ( 'NONE', ( #10091 ), #7825 ) ;
#10146 =( LENGTH_UNIT ( ) NAMED_UNIT ( * ) SI_UNIT ( .MILLI., .METRE. ) );
#10147 = STYLED_ITEM ( 'NONE', ( #4811 ), #8275 ) ;
#10148 = STYLED_ITEM ( 'NONE', ( #951 ), #1011 ) ;
#10149 = VERTEX_POINT ( 'NONE', #9127 ) ;
#10150 = EDGE_CURVE ( 'NONE', #4485, #7103, #3193, .T. ) ;
#10151 = CARTESIAN_POINT ( 'NONE',  ( 0.0000000000000000000, 20.99999999999999289, 8.000000000000000000 ) ) ;
#10152 = SURFACE_STYLE_FILL_AREA ( #768 ) ;
#10153 = VERTEX_POINT ( 'NONE', #6632 ) ;
#10154 = LINE ( 'NONE', #8503, #9634 ) ;
#10155 = COLOUR_RGB ( '',0.8980392156862745390, 0.8980392156862745390, 0.8980392156862745390 ) ;
#10156 = ADVANCED_FACE ( 'NONE', ( #9187 ), #3673, .F. ) ;
#10157 = PRESENTATION_LAYER_ASSIGNMENT (  '', '', ( #3072 ) ) ;
#10158 = PRESENTATION_LAYER_ASSIGNMENT (  '', '', ( #437 ) ) ;
#10159 = ORIENTED_EDGE ( 'NONE', *, *, #1707, .F. ) ;
#10160 =( NAMED_UNIT ( * ) PLANE_ANGLE_UNIT ( ) SI_UNIT ( $, .RADIAN. ) );
#10161 = CARTESIAN_POINT ( 'NONE',  ( 11.50000000000000178, 20.99999999999999645, -4.499999999999905853 ) ) ;
#10162 = VECTOR ( 'NONE', #206, 1000.000000000000000 ) ;
#10163 = DIRECTION ( 'NONE',  ( 0.0000000000000000000, -0.0000000000000000000, 1.000000000000000000 ) ) ;
#10164 =( GEOMETRIC_REPRESENTATION_CONTEXT ( 3 ) GLOBAL_UNCERTAINTY_ASSIGNED_CONTEXT ( ( #8855 ) ) GLOBAL_UNIT_ASSIGNED_CONTEXT ( ( #10144, #1741, #8272 ) ) REPRESENTATION_CONTEXT ( 'NONE', 'WORKASPACE' ) );
#10165 = EDGE_CURVE ( 'NONE', #2985, #9005, #8466, .T. ) ;
#10166 = SURFACE_STYLE_FILL_AREA ( #7627 ) ;
#10167 = VERTEX_POINT ( 'NONE', #9549 ) ;
#10168 =( LENGTH_UNIT ( ) NAMED_UNIT ( * ) SI_UNIT ( .MILLI., .METRE. ) );
#10169 = DIRECTION ( 'NONE',  ( -0.0000000000000000000, -1.000000000000000000, -0.0000000000000000000 ) ) ;
#10170 = EDGE_CURVE ( 'NONE', #2701, #10801, #2029, .T. ) ;
#10171 = UNCERTAINTY_MEASURE_WITH_UNIT (LENGTH_MEASURE( 1.000000000000000082E-05 ), #7630, 'distance_accuracy_value', 'NONE');
#10172 = AXIS2_PLACEMENT_3D ( 'NONE', #1867, #5229, #10163 ) ;
#10173 = PRESENTATION_LAYER_ASSIGNMENT (  '', '', ( #9652 ) ) ;
#10174 = ORIENTED_EDGE ( 'NONE', *, *, #8536, .T. ) ;
#10175 = LINE ( 'NONE', #10234, #202 ) ;
#10176 = DIRECTION ( 'NONE',  ( -1.000000000000000000, 0.0000000000000000000, 0.0000000000000000000 ) ) ;
#10177 = CARTESIAN_POINT ( 'NONE',  ( 21.73493456133873281, 15.89999999999999680, 0.6053029216165494164 ) ) ;
#10178 = EDGE_CURVE ( 'NONE', #4034, #3011, #6411, .T. ) ;
#10179 = MECHANICAL_DESIGN_GEOMETRIC_PRESENTATION_REPRESENTATION (  '', ( #10520 ), #9220 ) ;
#10180 = EDGE_LOOP ( 'NONE', ( #10625, #5680, #5687, #8822, #3089, #5701, #9713, #7211, #5443, #5595, #2512, #8639 ) ) ;
#10181 =( NAMED_UNIT ( * ) SI_UNIT ( $, .STERADIAN. ) SOLID_ANGLE_UNIT ( ) );
#10182 = VECTOR ( 'NONE', #8300, 1000.000000000000000 ) ;
#10183 = ORIENTED_EDGE ( 'NONE', *, *, #775, .T. ) ;
#10184 = FILL_AREA_STYLE_COLOUR ( '', #3957 ) ;
#10185 = DIRECTION ( 'NONE',  ( -1.000000000000000000, 0.0000000000000000000, 0.0000000000000000000 ) ) ;
#10186 = CARTESIAN_POINT ( 'NONE',  ( 11.18480339025593473, 11.39999999999999858, 5.114085138899327809 ) ) ;
#10187 = UNCERTAINTY_MEASURE_WITH_UNIT (LENGTH_MEASURE( 1.000000000000000082E-05 ), #3579, 'distance_accuracy_value', 'NONE');
#10188 = DIRECTION ( 'NONE',  ( 0.0000000000000000000, 0.0000000000000000000, 1.000000000000000000 ) ) ;
#10189 = VERTEX_POINT ( 'NONE', #4438 ) ;
#10190 = ORIENTED_EDGE ( 'NONE', *, *, #10339, .T. ) ;
#10191 = FILL_AREA_STYLE ('',( #6807 ) ) ;
#10192 =( GEOMETRIC_REPRESENTATION_CONTEXT ( 3 ) GLOBAL_UNCERTAINTY_ASSIGNED_CONTEXT ( ( #8514 ) ) GLOBAL_UNIT_ASSIGNED_CONTEXT ( ( #805, #5768, #2447 ) ) REPRESENTATION_CONTEXT ( 'NONE', 'WORKASPACE' ) );
#10193 = DIRECTION ( 'NONE',  ( -0.0000000000000000000, -1.000000000000000000, -0.0000000000000000000 ) ) ;
#10194 =( NAMED_UNIT ( * ) SI_UNIT ( $, .STERADIAN. ) SOLID_ANGLE_UNIT ( ) );
#10195 = CARTESIAN_POINT ( 'NONE',  ( -27.50000000000000000, 19.00000000000000000, 9.000000000000000000 ) ) ;
#10196 = AXIS2_PLACEMENT_3D ( 'NONE', #3757, #472, #4074 ) ;
#10197 = EDGE_CURVE ( 'NONE', #8602, #5134, #6693, .T. ) ;
#10198 = EDGE_LOOP ( 'NONE', ( #10875, #10531, #4315, #4037 ) ) ;
#10199 = DIRECTION ( 'NONE',  ( 0.0000000000000000000, 0.0000000000000000000, 1.000000000000000000 ) ) ;
#10200 = CARTESIAN_POINT ( 'NONE',  ( -13.75000000000000000, 19.00000000000000000, -7.999999999999998224 ) ) ;
#10201 = CARTESIAN_POINT ( 'NONE',  ( 27.50000000000000000, 19.99999999999999289, 8.000000000000000000 ) ) ;
#10202 = CARTESIAN_POINT ( 'NONE',  ( -11.50000000000000355, 8.900000000000000355, -6.099999999999992539 ) ) ;
#10203 = CARTESIAN_POINT ( 'NONE',  ( -24.49999999999999289, 2.799999999999999822, 9.000000000000000000 ) ) ;
#10204 = DIRECTION ( 'NONE',  ( 0.0000000000000000000, 0.0000000000000000000, -1.000000000000000000 ) ) ;
#10205 = FACE_OUTER_BOUND ( 'NONE', #10058, .T. ) ;
#10206 = COLOUR_RGB ( '',0.8980392156862745390, 0.8980392156862745390, 0.8980392156862745390 ) ;
#10207 = VERTEX_POINT ( 'NONE', #3727 ) ;
#10208 = CARTESIAN_POINT ( 'NONE',  ( 19.50000000000000000, 15.89999999999999680, 8.673617379884035472E-16 ) ) ;
#10209 = LINE ( 'NONE', #8496, #7066 ) ;
#10210 = VECTOR ( 'NONE', #2863, 1000.000000000000000 ) ;
#10211 = EDGE_CURVE ( 'NONE', #10527, #6203, #8784, .T. ) ;
#10212 = ORIENTED_EDGE ( 'NONE', *, *, #1707, .T. ) ;
#10213 = SURFACE_STYLE_FILL_AREA ( #9222 ) ;
#10214 = PRESENTATION_LAYER_ASSIGNMENT (  '', '', ( #9686 ) ) ;
#10215 = DIRECTION ( 'NONE',  ( 0.0000000000000000000, 0.0000000000000000000, 1.000000000000000000 ) ) ;
#10216 = ORIENTED_EDGE ( 'NONE', *, *, #904, .F. ) ;
#10217 = LINE ( 'NONE', #3392, #2550 ) ;
#10218 =( GEOMETRIC_REPRESENTATION_CONTEXT ( 3 ) GLOBAL_UNCERTAINTY_ASSIGNED_CONTEXT ( ( #1008 ) ) GLOBAL_UNIT_ASSIGNED_CONTEXT ( ( #7427, #10720, #4867 ) ) REPRESENTATION_CONTEXT ( 'NONE', 'WORKASPACE' ) );
#10219 = AXIS2_PLACEMENT_3D ( 'NONE', #9729, #8110, #9938 ) ;
#10220 = ORIENTED_EDGE ( 'NONE', *, *, #358, .T. ) ;
#10221 = LINE ( 'NONE', #2621, #8076 ) ;
#10222 = LINE ( 'NONE', #10161, #2307 ) ;
#10223 = EDGE_CURVE ( 'NONE', #2680, #2884, #2894, .T. ) ;
#10224 = AXIS2_PLACEMENT_3D ( 'NONE', #8549, #9544, #4376 ) ;
#10225 = SURFACE_STYLE_USAGE ( .BOTH. , #2478 ) ;
#10226 = CARTESIAN_POINT ( 'NONE',  ( 48.33386665984021136, 20.00000000000000000, -7.999999999999976019 ) ) ;
#10227 = EDGE_LOOP ( 'NONE', ( #3541, #8534, #5810, #4270, #8690, #4142, #4975, #880, #9922, #1295, #7040, #2175 ) ) ;
#10228 = CARTESIAN_POINT ( 'NONE',  ( -11.50000000000000355, 8.900000000000000355, -6.599999999999993427 ) ) ;
#10229 = CARTESIAN_POINT ( 'NONE',  ( 11.50000000000000178, -18.24828759089465535, -4.499999999999911182 ) ) ;
#10230 = LINE ( 'NONE', #8630, #8214 ) ;
#10231 = LINE ( 'NONE', #9397, #7253 ) ;
#10232 = EDGE_CURVE ( 'NONE', #1995, #10771, #5446, .T. ) ;
#10233 = ORIENTED_EDGE ( 'NONE', *, *, #2196, .T. ) ;
#10234 = CARTESIAN_POINT ( 'NONE',  ( -14.00000000000000178, 20.99999999999999645, 4.500000000000274447 ) ) ;
#10235 = AXIS2_PLACEMENT_3D ( 'NONE', #4802, #6540, #575 ) ;
#10236 = DIRECTION ( 'NONE',  ( -0.0000000000000000000, -1.000000000000000000, -0.0000000000000000000 ) ) ;
#10237 = EDGE_CURVE ( 'NONE', #10629, #6011, #9665, .T. ) ;
#10238 = PRESENTATION_STYLE_ASSIGNMENT (( #6145 ) ) ;
#10239 = EDGE_CURVE ( 'NONE', #2652, #7475, #5825, .T. ) ;
#10240 = ORIENTED_EDGE ( 'NONE', *, *, #5085, .F. ) ;
#10241 = ORIENTED_EDGE ( 'NONE', *, *, #6249, .F. ) ;
#10242 = SURFACE_SIDE_STYLE ('',( #5077 ) ) ;
#10243 = DIRECTION ( 'NONE',  ( -0.0000000000000000000, -0.0000000000000000000, 1.000000000000000000 ) ) ;
#10244 = PRESENTATION_STYLE_ASSIGNMENT (( #10406 ) ) ;
#10245 = VECTOR ( 'NONE', #10243, 1000.000000000000000 ) ;
#10246 = CARTESIAN_POINT ( 'NONE',  ( -6.500000000000000888, -3.750000000000000000, 0.5000000000000031086 ) ) ;
#10247 = VERTEX_POINT ( 'NONE', #4614 ) ;
#10248 = EDGE_CURVE ( 'NONE', #3714, #5042, #5385, .T. ) ;
#10249 = ORIENTED_EDGE ( 'NONE', *, *, #2925, .F. ) ;
#10250 = PLANE ( 'NONE',  #6831 ) ;
#10251 = CIRCLE ( 'NONE', #8302, 1.000000000000000888 ) ;
#10252 = PRESENTATION_STYLE_ASSIGNMENT (( #4256 ) ) ;
#10253 = PRESENTATION_LAYER_ASSIGNMENT (  '', '', ( #9367 ) ) ;
#10254 = DIRECTION ( 'NONE',  ( 1.000000000000000000, 0.0000000000000000000, 0.0000000000000000000 ) ) ;
#10255 = ORIENTED_EDGE ( 'NONE', *, *, #1527, .T. ) ;
#10256 = LINE ( 'NONE', #4368, #3458 ) ;
#10257 = CARTESIAN_POINT ( 'NONE',  ( 20.10530292161654842, 13.89999999999999680, -0.6053029216165491944 ) ) ;
#10258 = CARTESIAN_POINT ( 'NONE',  ( -20.50000000000000000, -3.750000000000000000, 0.5000000000000031086 ) ) ;
#10259 =( LENGTH_UNIT ( ) NAMED_UNIT ( * ) SI_UNIT ( .MILLI., .METRE. ) );
#10260 = CARTESIAN_POINT ( 'NONE',  ( 26.75000000000000000, 19.00000000000000000, -8.999999999999975131 ) ) ;
#10261 = SURFACE_STYLE_USAGE ( .BOTH. , #5313 ) ;
#10262 = CARTESIAN_POINT ( 'NONE',  ( 18.89469707838345158, 13.89999999999999680, 2.234934561338733250 ) ) ;
#10263 = ORIENTED_EDGE ( 'NONE', *, *, #1721, .F. ) ;
#10264 = AXIS2_PLACEMENT_3D ( 'NONE', #8844, #8672, #8725 ) ;
#10265 = ORIENTED_EDGE ( 'NONE', *, *, #1247, .T. ) ;
#10266 = VECTOR ( 'NONE', #2129, 1000.000000000000000 ) ;
#10267 = SURFACE_STYLE_USAGE ( .BOTH. , #5214 ) ;
#10268 = DIRECTION ( 'NONE',  ( 1.000000000000000000, 0.0000000000000000000, 0.0000000000000000000 ) ) ;
#10269 = DIRECTION ( 'NONE',  ( 0.0000000000000000000, -0.0000000000000000000, 1.000000000000000000 ) ) ;
#10270 = PRESENTATION_STYLE_ASSIGNMENT (( #9385 ) ) ;
#10271 = ORIENTED_EDGE ( 'NONE', *, *, #10434, .T. ) ;
#10272 = DIRECTION ( 'NONE',  ( 0.0000000000000000000, 0.0000000000000000000, -1.000000000000000000 ) ) ;
#10273 = FILL_AREA_STYLE ('',( #6938 ) ) ;
#10274 = VERTEX_POINT ( 'NONE', #1302 ) ;
#10275 = EDGE_CURVE ( 'NONE', #10360, #10419, #3009, .T. ) ;
#10276 = DIRECTION ( 'NONE',  ( 0.0000000000000000000, 1.000000000000000000, 1.239088197126289880E-15 ) ) ;
#10277 = CARTESIAN_POINT ( 'NONE',  ( 14.49999999999999467, 8.900000000000000355, -6.099999999999992539 ) ) ;
#10278 = DIRECTION ( 'NONE',  ( 1.000000000000000000, 0.0000000000000000000, 0.0000000000000000000 ) ) ;
#10279 = SURFACE_STYLE_FILL_AREA ( #883 ) ;
#10280 = LINE ( 'NONE', #2628, #499 ) ;
#10281 = ORIENTED_EDGE ( 'NONE', *, *, #996, .T. ) ;
#10282 = FACE_OUTER_BOUND ( 'NONE', #7415, .T. ) ;
#10283 = FILL_AREA_STYLE ('',( #10060 ) ) ;
#10284 =( NAMED_UNIT ( * ) SI_UNIT ( $, .STERADIAN. ) SOLID_ANGLE_UNIT ( ) );
#10285 = FILL_AREA_STYLE ('',( #6903 ) ) ;
#10286 = UNCERTAINTY_MEASURE_WITH_UNIT (LENGTH_MEASURE( 1.000000000000000082E-05 ), #9958, 'distance_accuracy_value', 'NONE');
#10287 = ADVANCED_FACE ( 'NONE', ( #3781 ), #2191, .F. ) ;
#10288 = ORIENTED_EDGE ( 'NONE', *, *, #1762, .T. ) ;
#10289 = FACE_OUTER_BOUND ( 'NONE', #9250, .T. ) ;
#10290 = UNCERTAINTY_MEASURE_WITH_UNIT (LENGTH_MEASURE( 1.000000000000000082E-05 ), #9161, 'distance_accuracy_value', 'NONE');
#10291 = VERTEX_POINT ( 'NONE', #650 ) ;
#10292 = CARTESIAN_POINT ( 'NONE',  ( -0.9999999999999974465, 9.400000000000000355, -4.499999999999818812 ) ) ;
#10293 = EDGE_CURVE ( 'NONE', #3011, #825, #7284, .T. ) ;
#10294 = ORIENTED_EDGE ( 'NONE', *, *, #1107, .F. ) ;
#10295 = FACE_OUTER_BOUND ( 'NONE', #6567, .T. ) ;
#10296 = DIRECTION ( 'NONE',  ( 3.854941057726238097E-16, 0.0000000000000000000, -1.000000000000000000 ) ) ;
#10297 = UNCERTAINTY_MEASURE_WITH_UNIT (LENGTH_MEASURE( 1.000000000000000082E-05 ), #4183, 'distance_accuracy_value', 'NONE');
#10298 = LINE ( 'NONE', #6096, #866 ) ;
#10299 = AXIS2_PLACEMENT_3D ( 'NONE', #9462, #6035, #1821 ) ;
#10300 = EDGE_LOOP ( 'NONE', ( #8003, #7476, #1817, #4526 ) ) ;
#10301 = ADVANCED_FACE ( 'NONE', ( #1577 ), #4823, .F. ) ;
#10302 = ORIENTED_EDGE ( 'NONE', *, *, #6333, .F. ) ;
#10303 = DIRECTION ( 'NONE',  ( 0.0000000000000000000, -1.000000000000000000, -1.239088197126289880E-15 ) ) ;
#10304 = DIRECTION ( 'NONE',  ( -0.0000000000000000000, -1.000000000000000000, -0.0000000000000000000 ) ) ;
#10305 = CARTESIAN_POINT ( 'NONE',  ( 27.50000000000000355, 20.99999999999999645, 8.000000000000000000 ) ) ;
#10306 = ORIENTED_EDGE ( 'NONE', *, *, #4807, .T. ) ;
#10307 = ORIENTED_EDGE ( 'NONE', *, *, #4063, .T. ) ;
#10308 = DIRECTION ( 'NONE',  ( -0.0000000000000000000, -1.000000000000000000, -1.314184451497582492E-16 ) ) ;
#10309 = EDGE_CURVE ( 'NONE', #6126, #5939, #6502, .T. ) ;
#10310 = LINE ( 'NONE', #1836, #1320 ) ;
#10311 = CARTESIAN_POINT ( 'NONE',  ( -8.734934561338734582, 13.89999999999999680, -0.6053029216165488613 ) ) ;
#10312 = DIRECTION ( 'NONE',  ( 1.000000000000000000, 0.0000000000000000000, -5.987745521456020037E-16 ) ) ;
#10313 = LINE ( 'NONE', #1956, #4070 ) ;
#10314 = ORIENTED_EDGE ( 'NONE', *, *, #1184, .F. ) ;
#10315 = PRESENTATION_LAYER_ASSIGNMENT (  '', '', ( #6594 ) ) ;
#10316 = CARTESIAN_POINT ( 'NONE',  ( 5.894697078383449806, 13.89999999999999680, -0.6053029216165489723 ) ) ;
#10317 =( LENGTH_UNIT ( ) NAMED_UNIT ( * ) SI_UNIT ( .MILLI., .METRE. ) );
#10318 = VECTOR ( 'NONE', #3908, 1000.000000000000000 ) ;
#10319 = ORIENTED_EDGE ( 'NONE', *, *, #1927, .T. ) ;
#10320 = DIRECTION ( 'NONE',  ( 7.709882115452482111E-16, 3.854941057726241055E-16, -1.000000000000000000 ) ) ;
#10321 = VECTOR ( 'NONE', #7223, 1000.000000000000000 ) ;
#10322 = EDGE_CURVE ( 'NONE', #4204, #6865, #7496, .T. ) ;
#10323 = VECTOR ( 'NONE', #6786, 1000.000000000000000 ) ;
#10324 = CARTESIAN_POINT ( 'NONE',  ( 5.499999999999998224, -3.750000000000000000, -0.4999999999999968914 ) ) ;
#10325 = SURFACE_STYLE_FILL_AREA ( #7990 ) ;
#10326 = LINE ( 'NONE', #7169, #4340 ) ;
#10327 = VERTEX_POINT ( 'NONE', #6604 ) ;
#10328 = SURFACE_SIDE_STYLE ('',( #6014 ) ) ;
#10329 = ORIENTED_EDGE ( 'NONE', *, *, #4949, .F. ) ;
#10330 =( GEOMETRIC_REPRESENTATION_CONTEXT ( 3 ) GLOBAL_UNCERTAINTY_ASSIGNED_CONTEXT ( ( #3886 ) ) GLOBAL_UNIT_ASSIGNED_CONTEXT ( ( #9427, #311, #2069 ) ) REPRESENTATION_CONTEXT ( 'NONE', 'WORKASPACE' ) );
#10331 = AXIS2_PLACEMENT_3D ( 'NONE', #3104, #7438, #3046 ) ;
#10332 = VECTOR ( 'NONE', #9920, 1000.000000000000000 ) ;
#10333 = CARTESIAN_POINT ( 'NONE',  ( -11.49999999999999645, 19.99999999999998934, 9.000000000000275335 ) ) ;
#10334 = PLANE ( 'NONE',  #2723 ) ;
#10335 = COLOUR_RGB ( '',0.8980392156862745390, 0.8980392156862745390, 0.8980392156862745390 ) ;
#10336 = FILL_AREA_STYLE_COLOUR ( '', #10206 ) ;
#10337 = ORIENTED_EDGE ( 'NONE', *, *, #2435, .F. ) ;
#10338 = MECHANICAL_DESIGN_GEOMETRIC_PRESENTATION_REPRESENTATION (  '', ( #4135 ), #6615 ) ;
#10339 = EDGE_CURVE ( 'NONE', #8121, #6066, #9984, .T. ) ;
#10340 = DIRECTION ( 'NONE',  ( 1.000000000000000000, 0.0000000000000000000, 0.0000000000000000000 ) ) ;
#10341 = FACE_OUTER_BOUND ( 'NONE', #409, .T. ) ;
#10342 = STYLED_ITEM ( 'NONE', ( #9184 ), #1326 ) ;
#10343 = CARTESIAN_POINT ( 'NONE',  ( -26.75000000000000000, -0.0000000000000000000, -7.999999999999998224 ) ) ;
#10344 = VERTEX_POINT ( 'NONE', #3901 ) ;
#10345 = PRESENTATION_STYLE_ASSIGNMENT (( #6955 ) ) ;
#10346 = PRESENTATION_LAYER_ASSIGNMENT (  '', '', ( #6636 ) ) ;
#10347 = EDGE_CURVE ( 'NONE', #2355, #5590, #1521, .T. ) ;
#10348 = DIRECTION ( 'NONE',  ( 1.000000000000000000, -0.0000000000000000000, 1.224646799147353207E-16 ) ) ;
#10349 = VERTEX_POINT ( 'NONE', #6456 ) ;
#10350 = DIRECTION ( 'NONE',  ( 0.0000000000000000000, 0.0000000000000000000, 1.000000000000000000 ) ) ;
#10351 = SURFACE_STYLE_FILL_AREA ( #8750 ) ;
#10352 = COLOUR_RGB ( '',0.8980392156862745390, 0.8980392156862745390, 0.8980392156862745390 ) ;
#10353 = ORIENTED_EDGE ( 'NONE', *, *, #3342, .F. ) ;
#10354 = ORIENTED_EDGE ( 'NONE', *, *, #7661, .F. ) ;
#10355 = FILL_AREA_STYLE_COLOUR ( '', #2052 ) ;
#10356 = DIRECTION ( 'NONE',  ( 3.469446951953635094E-15, -1.314184451497582245E-16, 1.000000000000000000 ) ) ;
#10357 = VECTOR ( 'NONE', #4809, 1000.000000000000000 ) ;
#10358 = DIRECTION ( 'NONE',  ( -7.709882115452475208E-16, 3.854941057726237604E-16, -1.000000000000000000 ) ) ;
#10359 = EDGE_CURVE ( 'NONE', #7698, #6560, #3166, .T. ) ;
#10360 = VERTEX_POINT ( 'NONE', #10849 ) ;
#10361 = DIRECTION ( 'NONE',  ( 0.0000000000000000000, 1.000000000000000000, 0.0000000000000000000 ) ) ;
#10362 = DIRECTION ( 'NONE',  ( 0.0000000000000000000, 0.0000000000000000000, -1.000000000000000000 ) ) ;
#10363 = DIRECTION ( 'NONE',  ( 0.0000000000000000000, 0.0000000000000000000, -1.000000000000000000 ) ) ;
#10364 = DIRECTION ( 'NONE',  ( 0.0000000000000000000, -1.314184451497582492E-16, 1.000000000000000000 ) ) ;
#10365 = CARTESIAN_POINT ( 'NONE',  ( -24.18480339025594361, 11.39999999999999858, 5.114085138899327809 ) ) ;
#10366 = DIRECTION ( 'NONE',  ( 1.000000000000000000, 0.0000000000000000000, 0.0000000000000000000 ) ) ;
#10367 = CARTESIAN_POINT ( 'NONE',  ( -19.50000000000000000, 14.89999999999999680, 8.673617379884035472E-16 ) ) ;
#10368 = COLOUR_RGB ( '',0.8980392156862745390, 0.8980392156862745390, 0.8980392156862745390 ) ;
#10369 = ORIENTED_EDGE ( 'NONE', *, *, #2349, .F. ) ;
#10370 = EDGE_CURVE ( 'NONE', #981, #2745, #5617, .T. ) ;
#10371 = VECTOR ( 'NONE', #7975, 1000.000000000000000 ) ;
#10372 = DIRECTION ( 'NONE',  ( -1.000000000000000000, 0.0000000000000000000, 6.653050579395577682E-17 ) ) ;
#10373 = LINE ( 'NONE', #1243, #8656 ) ;
#10374 = LINE ( 'NONE', #3830, #4829 ) ;
#10375 = EDGE_CURVE ( 'NONE', #6565, #8974, #1416, .T. ) ;
#10376 = ORIENTED_EDGE ( 'NONE', *, *, #2910, .F. ) ;
#10377 = CARTESIAN_POINT ( 'NONE',  ( -27.50000000000000000, 8.899999999999998579, 6.599999999999996092 ) ) ;
#10378 = CIRCLE ( 'NONE', #3109, 3.411345746565307646 ) ;
#10379 = PRESENTATION_STYLE_ASSIGNMENT (( #10430 ) ) ;
#10380 = CARTESIAN_POINT ( 'NONE',  ( -6.500000000000000888, -2.750000000000000000, 0.0000000000000000000 ) ) ;
#10381 = DIRECTION ( 'NONE',  ( 7.709882115452482111E-16, 0.0000000000000000000, -1.000000000000000000 ) ) ;
#10382 = ORIENTED_EDGE ( 'NONE', *, *, #8892, .T. ) ;
#10383 = PRESENTATION_LAYER_ASSIGNMENT (  '', '', ( #9673 ) ) ;
#10384 = DIRECTION ( 'NONE',  ( -0.0000000000000000000, -1.000000000000000000, -0.0000000000000000000 ) ) ;
#10385 = DIRECTION ( 'NONE',  ( -0.0000000000000000000, -1.000000000000000000, -0.0000000000000000000 ) ) ;
#10386 = ORIENTED_EDGE ( 'NONE', *, *, #7203, .F. ) ;
#10387 = CIRCLE ( 'NONE', #2252, 3.411345746565307646 ) ;
#10388 = EDGE_CURVE ( 'NONE', #1259, #8594, #9883, .T. ) ;
#10389 = FACE_OUTER_BOUND ( 'NONE', #9476, .T. ) ;
#10390 = AXIS2_PLACEMENT_3D ( 'NONE', #9717, #2953, #8888 ) ;
#10391 = LINE ( 'NONE', #494, #3523 ) ;
#10392 = LINE ( 'NONE', #4139, #103 ) ;
#10393 = LINE ( 'NONE', #7831, #8771 ) ;
#10394 = FILL_AREA_STYLE_COLOUR ( '', #3290 ) ;
#10395 = COLOUR_RGB ( '',0.8980392156862745390, 0.8980392156862745390, 0.8980392156862745390 ) ;
#10396 = EDGE_LOOP ( 'NONE', ( #5692, #1409, #1012, #1325 ) ) ;
#10397 = DIRECTION ( 'NONE',  ( -0.0000000000000000000, 1.000000000000000000, -0.0000000000000000000 ) ) ;
#10398 = AXIS2_PLACEMENT_3D ( 'NONE', #3364, #4250, #2540 ) ;
#10399 = FILL_AREA_STYLE ('',( #1211 ) ) ;
#10400 = ORIENTED_EDGE ( 'NONE', *, *, #2317, .T. ) ;
#10401 = VECTOR ( 'NONE', #7562, 1000.000000000000000 ) ;
#10402 = ORIENTED_EDGE ( 'NONE', *, *, #6503, .T. ) ;
#10403 = CARTESIAN_POINT ( 'NONE',  ( -27.50000000000000000, 5.200000000000001066, -6.599999999999994316 ) ) ;
#10404 = ORIENTED_EDGE ( 'NONE', *, *, #3815, .T. ) ;
#10405 = CARTESIAN_POINT ( 'NONE',  ( 6.499999999999999112, 12.89999999999999858, 8.673617379884035472E-16 ) ) ;
#10406 = SURFACE_STYLE_USAGE ( .BOTH. , #9519 ) ;
#10407 = VECTOR ( 'NONE', #10429, 1000.000000000000000 ) ;
#10408 = CARTESIAN_POINT ( 'NONE',  ( -27.50000000000000000, 16.99999999999999645, -10.09999999999980069 ) ) ;
#10409 = ORIENTED_EDGE ( 'NONE', *, *, #10630, .F. ) ;
#10410 = EDGE_LOOP ( 'NONE', ( #7616, #10915, #2143, #593 ) ) ;
#10411 = PLANE ( 'NONE',  #10539 ) ;
#10412 = SURFACE_STYLE_USAGE ( .BOTH. , #7916 ) ;
#10413 = ORIENTED_EDGE ( 'NONE', *, *, #10239, .T. ) ;
#10414 = ORIENTED_EDGE ( 'NONE', *, *, #7715, .F. ) ;
#10415 = DIRECTION ( 'NONE',  ( 0.0000000000000000000, 1.000000000000000000, 0.0000000000000000000 ) ) ;
#10416 =( NAMED_UNIT ( * ) PLANE_ANGLE_UNIT ( ) SI_UNIT ( $, .RADIAN. ) );
#10417 = DIRECTION ( 'NONE',  ( -0.0000000000000000000, 0.0000000000000000000, 1.000000000000000000 ) ) ;
#10418 = CARTESIAN_POINT ( 'NONE',  ( 11.50000000000000000, 9.400000000000000355, -6.599999999999993427 ) ) ;
#10419 = VERTEX_POINT ( 'NONE', #5783 ) ;
#10420 = LINE ( 'NONE', #2827, #8021 ) ;
#10421 = DIRECTION ( 'NONE',  ( 0.0000000000000000000, 1.000000000000000000, 0.0000000000000000000 ) ) ;
#10422 = PRESENTATION_LAYER_ASSIGNMENT (  '', '', ( #4222 ) ) ;
#10423 = ORIENTED_EDGE ( 'NONE', *, *, #5602, .F. ) ;
#10424 = ADVANCED_FACE ( 'NONE', ( #2302 ), #9054, .F. ) ;
#10425 = AXIS2_PLACEMENT_3D ( 'NONE', #2647, #6037, #1825 ) ;
#10426 = CARTESIAN_POINT ( 'NONE',  ( 1.000000000000000888, 20.99999999999999645, 4.500000000000183853 ) ) ;
#10427 = CARTESIAN_POINT ( 'NONE',  ( 5.894697078383449806, 13.89999999999999680, 2.234934561338733250 ) ) ;
#10428 = ORIENTED_EDGE ( 'NONE', *, *, #1780, .T. ) ;
#10429 = DIRECTION ( 'NONE',  ( -1.000000000000000000, 2.279746619776541893E-31, -1.734723475976793487E-15 ) ) ;
#10430 = SURFACE_STYLE_USAGE ( .BOTH. , #9657 ) ;
#10431 = DIRECTION ( 'NONE',  ( 1.000000000000000000, 0.0000000000000000000, 0.0000000000000000000 ) ) ;
#10432 = SURFACE_SIDE_STYLE ('',( #6351 ) ) ;
#10433 = VERTEX_POINT ( 'NONE', #761 ) ;
#10434 = EDGE_CURVE ( 'NONE', #9965, #2996, #6666, .T. ) ;
#10435 = CARTESIAN_POINT ( 'NONE',  ( -27.50000000000000000, 2.800000000000002043, -8.999999999999996447 ) ) ;
#10436 = DIRECTION ( 'NONE',  ( -0.0000000000000000000, -1.000000000000000000, -0.0000000000000000000 ) ) ;
#10437 = COLOUR_RGB ( '',1.000000000000000000, 1.000000000000000000, 1.000000000000000000 ) ;
#10438 = VERTEX_POINT ( 'NONE', #925 ) ;
#10439 = EDGE_CURVE ( 'NONE', #10587, #5134, #7611, .T. ) ;
#10440 = ADVANCED_FACE ( 'NONE', ( #10140 ), #1842, .F. ) ;
#10441 = CARTESIAN_POINT ( 'NONE',  ( -0.7500000000000006661, 19.00000000000000000, -7.999999999999998224 ) ) ;
#10442 =( NAMED_UNIT ( * ) PLANE_ANGLE_UNIT ( ) SI_UNIT ( $, .RADIAN. ) );
#10443 = AXIS2_PLACEMENT_3D ( 'NONE', #6056, #7555, #9262 ) ;
#10444 = LINE ( 'NONE', #8055, #4055 ) ;
#10445 =( NAMED_UNIT ( * ) SI_UNIT ( $, .STERADIAN. ) SOLID_ANGLE_UNIT ( ) );
#10446 = DIRECTION ( 'NONE',  ( 2.171187256930057644E-31, 1.000000000000000000, 4.130293990420970869E-16 ) ) ;
#10447 = ORIENTED_EDGE ( 'NONE', *, *, #5975, .F. ) ;
#10448 = LINE ( 'NONE', #3565, #8551 ) ;
#10449 = EDGE_CURVE ( 'NONE', #10291, #4967, #1737, .T. ) ;
#10450 = CARTESIAN_POINT ( 'NONE',  ( -13.75000000000000000, 0.0000000000000000000, 9.000000000000000000 ) ) ;
#10451 = DIRECTION ( 'NONE',  ( -0.0000000000000000000, -0.0000000000000000000, 1.000000000000000000 ) ) ;
#10452 = ORIENTED_EDGE ( 'NONE', *, *, #9090, .F. ) ;
#10453 = AXIS2_PLACEMENT_3D ( 'NONE', #10582, #7314, #8248 ) ;
#10454 = ORIENTED_EDGE ( 'NONE', *, *, #10800, .F. ) ;
#10455 = CARTESIAN_POINT ( 'NONE',  ( -18.89469707838345158, 13.89999999999999680, -0.6053029216165491944 ) ) ;
#10456 = VERTEX_POINT ( 'NONE', #3328 ) ;
#10457 = CARTESIAN_POINT ( 'NONE',  ( -27.49999999999999645, 20.99999999999999645, 4.500000000000365930 ) ) ;
#10458 = DIRECTION ( 'NONE',  ( 0.0000000000000000000, 0.0000000000000000000, 1.000000000000000000 ) ) ;
#10459 = DIRECTION ( 'NONE',  ( -1.000000000000000000, -0.0000000000000000000, -0.0000000000000000000 ) ) ;
#10460 = PLANE ( 'NONE',  #4189 ) ;
#10461 = ORIENTED_EDGE ( 'NONE', *, *, #8145, .T. ) ;
#10462 = ORIENTED_EDGE ( 'NONE', *, *, #3115, .F. ) ;
#10463 = FACE_OUTER_BOUND ( 'NONE', #6785, .T. ) ;
#10464 = FACE_OUTER_BOUND ( 'NONE', #1115, .T. ) ;
#10465 = ORIENTED_EDGE ( 'NONE', *, *, #214, .T. ) ;
#10466 = FILL_AREA_STYLE_COLOUR ( '', #8129 ) ;
#10467 = DIRECTION ( 'NONE',  ( -0.0000000000000000000, -1.000000000000000000, -1.314184451497582492E-16 ) ) ;
#10468 = ORIENTED_EDGE ( 'NONE', *, *, #6249, .T. ) ;
#10469 = EDGE_CURVE ( 'NONE', #5796, #7950, #4216, .T. ) ;
#10470 = CARTESIAN_POINT ( 'NONE',  ( -19.50000000000000000, 15.89999999999999680, 4.411345746565308090 ) ) ;
#10471 =( NAMED_UNIT ( * ) PLANE_ANGLE_UNIT ( ) SI_UNIT ( $, .RADIAN. ) );
#10472 = FACE_OUTER_BOUND ( 'NONE', #5571, .T. ) ;
#10473 = ORIENTED_EDGE ( 'NONE', *, *, #984, .T. ) ;
#10474 = CARTESIAN_POINT ( 'NONE',  ( 20.10530292161654842, 15.89999999999999680, 2.234934561338733250 ) ) ;
#10475 = CARTESIAN_POINT ( 'NONE',  ( -14.00000000000000178, -18.24828759089465535, 4.500000000000269118 ) ) ;
#10476 = CARTESIAN_POINT ( 'NONE',  ( -11.50000000000000000, 8.899999999999998579, 6.599999999999996092 ) ) ;
#10477 = ORIENTED_EDGE ( 'NONE', *, *, #3725, .F. ) ;
#10478 = CARTESIAN_POINT ( 'NONE',  ( 14.49999999999999645, 20.99999999999999645, -4.499999999999905853 ) ) ;
#10479 = CARTESIAN_POINT ( 'NONE',  ( 5.894697078383449806, 13.89999999999999680, 0.6053029216165489723 ) ) ;
#10480 = CARTESIAN_POINT ( 'NONE',  ( 19.50000000000000000, -2.750000000000000000, -0.4999999999999968914 ) ) ;
#10481 = CARTESIAN_POINT ( 'NONE',  ( 18.89469707838345158, 13.89999999999999680, 0.6053029216165489723 ) ) ;
#10482 = VERTEX_POINT ( 'NONE', #8493 ) ;
#10483 = VECTOR ( 'NONE', #4238, 1000.000000000000000 ) ;
#10484 = ADVANCED_FACE ( 'NONE', ( #10205 ), #5206, .T. ) ;
#10485 =( NAMED_UNIT ( * ) SI_UNIT ( $, .STERADIAN. ) SOLID_ANGLE_UNIT ( ) );
#10486 = LINE ( 'NONE', #1759, #7245 ) ;
#10487 = DIRECTION ( 'NONE',  ( 0.0000000000000000000, 0.0000000000000000000, 1.000000000000000000 ) ) ;
#10488 = VERTEX_POINT ( 'NONE', #10262 ) ;
#10489 = SURFACE_SIDE_STYLE ('',( #387 ) ) ;
#10490 = FILL_AREA_STYLE ('',( #9602 ) ) ;
#10491 = MECHANICAL_DESIGN_GEOMETRIC_PRESENTATION_REPRESENTATION (  '', ( #9278 ), #7136 ) ;
#10492 = PRODUCT_DEFINITION ( 'UNKNOWN', '', #1677, #233 ) ;
#10493 =( LENGTH_UNIT ( ) NAMED_UNIT ( * ) SI_UNIT ( .MILLI., .METRE. ) );
#10494 = LINE ( 'NONE', #2037, #3811 ) ;
#10495 =( LENGTH_UNIT ( ) NAMED_UNIT ( * ) SI_UNIT ( .MILLI., .METRE. ) );
#10496 = ORIENTED_EDGE ( 'NONE', *, *, #6179, .T. ) ;
#10498 = ADVANCED_FACE ( 'NONE', ( #2509 ), #9217, .T. ) ;
#10497 = LINE ( 'NONE', #9561, #8367 ) ;
#10499 = ADVANCED_FACE ( 'NONE', ( #10472 ), #7981, .T. ) ;
#10500 = VECTOR ( 'NONE', #8552, 1000.000000000000000 ) ;
#10501 = SURFACE_SIDE_STYLE ('',( #8904 ) ) ;
#10502 = STYLED_ITEM ( 'NONE', ( #6809 ), #8353 ) ;
#10503 =( GEOMETRIC_REPRESENTATION_CONTEXT ( 3 ) GLOBAL_UNCERTAINTY_ASSIGNED_CONTEXT ( ( #10504 ) ) GLOBAL_UNIT_ASSIGNED_CONTEXT ( ( #9874, #8258, #7326 ) ) REPRESENTATION_CONTEXT ( 'NONE', 'WORKASPACE' ) );
#10504 = UNCERTAINTY_MEASURE_WITH_UNIT (LENGTH_MEASURE( 1.000000000000000082E-05 ), #9874, 'distance_accuracy_value', 'NONE');
#10505 = PRESENTATION_LAYER_ASSIGNMENT (  '', '', ( #6959 ) ) ;
#10506 = DIRECTION ( 'NONE',  ( 1.000000000000000000, -0.0000000000000000000, 0.0000000000000000000 ) ) ;
#10507 = CARTESIAN_POINT ( 'NONE',  ( 7.105302921616547529, 13.89999999999999680, 2.234934561338733250 ) ) ;
#10508 = EDGE_CURVE ( 'NONE', #2677, #2629, #8709, .T. ) ;
#10509 = STYLED_ITEM ( 'NONE', ( #1900 ), #7857 ) ;
#10510 = VECTOR ( 'NONE', #9336, 999.9999999999998863 ) ;
#10511 = AXIS2_PLACEMENT_3D ( 'NONE', #140, #31, #7709 ) ;
#10512 = VECTOR ( 'NONE', #9629, 1000.000000000000000 ) ;
#10513 = EDGE_LOOP ( 'NONE', ( #1689, #4363, #7725, #7356 ) ) ;
#10515 = EDGE_CURVE ( 'NONE', #9100, #5705, #3712, .T. ) ;
#10514 =( NAMED_UNIT ( * ) PLANE_ANGLE_UNIT ( ) SI_UNIT ( $, .RADIAN. ) );
#10516 = ORIENTED_EDGE ( 'NONE', *, *, #3975, .F. ) ;
#10517 = CARTESIAN_POINT ( 'NONE',  ( 26.75000000000000000, 19.00000000000000000, 9.000000000000000000 ) ) ;
#10518 = CARTESIAN_POINT ( 'NONE',  ( -5.894697078383451583, 13.89999999999999680, 0.6053029216165488613 ) ) ;
#10519 = CARTESIAN_POINT ( 'NONE',  ( -6.500000000000000888, 14.89999999999999680, -3.411345746565306758 ) ) ;
#10520 = STYLED_ITEM ( 'NONE', ( #6818 ), #9550 ) ;
#10521 = VECTOR ( 'NONE', #7011, 1000.000000000000000 ) ;
#10522 = ORIENTED_EDGE ( 'NONE', *, *, #3845, .F. ) ;
#10523 = COLOUR_RGB ( '',0.8980392156862745390, 0.8980392156862745390, 0.8980392156862745390 ) ;
#10524 = ADVANCED_FACE ( 'NONE', ( #4483 ), #7067, .T. ) ;
#10525 = CARTESIAN_POINT ( 'NONE',  ( 19.50000000000000000, 11.89999999999999858, 8.673617379884035472E-16 ) ) ;
#10526 = LINE ( 'NONE', #2061, #7843 ) ;
#10527 = VERTEX_POINT ( 'NONE', #7157 ) ;
#10528 = ORIENTED_EDGE ( 'NONE', *, *, #4994, .F. ) ;
#10529 = PLANE ( 'NONE',  #4533 ) ;
#10530 = PLANE ( 'NONE',  #2112 ) ;
#10531 = ORIENTED_EDGE ( 'NONE', *, *, #6651, .F. ) ;
#10532 = CARTESIAN_POINT ( 'NONE',  ( 6.500000000000000000, 14.89999999999999680, 4.411345746565308090 ) ) ;
#10533 = PLANE ( 'NONE',  #5123 ) ;
#10534 = FILL_AREA_STYLE_COLOUR ( '', #9193 ) ;
#10535 = ORIENTED_EDGE ( 'NONE', *, *, #6651, .T. ) ;
#10536 =( GEOMETRIC_REPRESENTATION_CONTEXT ( 3 ) GLOBAL_UNCERTAINTY_ASSIGNED_CONTEXT ( ( #6095 ) ) GLOBAL_UNIT_ASSIGNED_CONTEXT ( ( #7091, #4459, #5348 ) ) REPRESENTATION_CONTEXT ( 'NONE', 'WORKASPACE' ) );
#10537 = CARTESIAN_POINT ( 'NONE',  ( 1.500000000000004885, 5.200000000000001066, -6.599999999999994316 ) ) ;
#10538 =( GEOMETRIC_REPRESENTATION_CONTEXT ( 3 ) GLOBAL_UNCERTAINTY_ASSIGNED_CONTEXT ( ( #125 ) ) GLOBAL_UNIT_ASSIGNED_CONTEXT ( ( #2794, #8899, #9557 ) ) REPRESENTATION_CONTEXT ( 'NONE', 'WORKASPACE' ) );
#10539 = AXIS2_PLACEMENT_3D ( 'NONE', #300, #3645, #7648 ) ;
#10540 = ADVANCED_FACE ( 'NONE', ( #4405 ), #7638, .T. ) ;
#10541 = DIRECTION ( 'NONE',  ( 0.0000000000000000000, 0.0000000000000000000, 1.000000000000000000 ) ) ;
#10542 = ORIENTED_EDGE ( 'NONE', *, *, #5198, .T. ) ;
#10543 = PRESENTATION_STYLE_ASSIGNMENT (( #3832 ) ) ;
#10544 = LINE ( 'NONE', #3775, #2205 ) ;
#10545 = LINE ( 'NONE', #2142, #4314 ) ;
#10546 = VECTOR ( 'NONE', #1968, 1000.000000000000000 ) ;
#10547 = ORIENTED_EDGE ( 'NONE', *, *, #5581, .T. ) ;
#10548 = VECTOR ( 'NONE', #479, 1000.000000000000000 ) ;
#10549 = DIRECTION ( 'NONE',  ( 0.0000000000000000000, 1.000000000000000000, -5.782411586589351091E-14 ) ) ;
#10550 = ORIENTED_EDGE ( 'NONE', *, *, #7932, .F. ) ;
#10551 = CARTESIAN_POINT ( 'NONE',  ( 7.105302921616547529, 13.89999999999999680, 0.6053029216165488613 ) ) ;
#10552 = FACE_OUTER_BOUND ( 'NONE', #1431, .T. ) ;
#10553 = EDGE_CURVE ( 'NONE', #7612, #7720, #5127, .T. ) ;
#10554 = SURFACE_STYLE_FILL_AREA ( #2153 ) ;
#10555 = PLANE ( 'NONE',  #1730 ) ;
#10556 = DIRECTION ( 'NONE',  ( -1.330610115879115536E-16, 0.0000000000000000000, -1.000000000000000000 ) ) ;
#10557 = VECTOR ( 'NONE', #5570, 1000.000000000000000 ) ;
#10558 = VERTEX_POINT ( 'NONE', #4243 ) ;
#10559 = CARTESIAN_POINT ( 'NONE',  ( 0.0000000000000000000, 11.39999999999999858, 2.628368902995164983E-16 ) ) ;
#10560 = PRESENTATION_LAYER_ASSIGNMENT (  '', '', ( #2599 ) ) ;
#10561 = SURFACE_STYLE_USAGE ( .BOTH. , #7192 ) ;
#10562 = PLANE ( 'NONE',  #5112 ) ;
#10563 = EDGE_CURVE ( 'NONE', #2763, #9906, #2747, .T. ) ;
#10564 =( GEOMETRIC_REPRESENTATION_CONTEXT ( 3 ) GLOBAL_UNCERTAINTY_ASSIGNED_CONTEXT ( ( #7079 ) ) GLOBAL_UNIT_ASSIGNED_CONTEXT ( ( #10769, #10067, #3194 ) ) REPRESENTATION_CONTEXT ( 'NONE', 'WORKASPACE' ) );
#10565 = VERTEX_POINT ( 'NONE', #19 ) ;
#10566 = LINE ( 'NONE', #403, #2001 ) ;
#10567 = SURFACE_STYLE_FILL_AREA ( #204 ) ;
#10568 = ORIENTED_EDGE ( 'NONE', *, *, #641, .F. ) ;
#10569 = LINE ( 'NONE', #2860, #5194 ) ;
#10570 = CARTESIAN_POINT ( 'NONE',  ( -6.500000000000000888, 14.89999999999999680, 3.411345746565308534 ) ) ;
#10571 = EDGE_CURVE ( 'NONE', #5954, #1686, #8465, .T. ) ;
#10572 = FILL_AREA_STYLE ('',( #3813 ) ) ;
#10573 = AXIS2_PLACEMENT_3D ( 'NONE', #6741, #3790, #2154 ) ;
#10574 = APPLICATION_CONTEXT ( 'automotive_design' ) ;
#10575 = ORIENTED_EDGE ( 'NONE', *, *, #2829, .T. ) ;
#10576 = ADVANCED_FACE ( 'NONE', ( #9300 ), #2588, .F. ) ;
#10577 = DIRECTION ( 'NONE',  ( 0.0000000000000000000, -0.0000000000000000000, 1.000000000000000000 ) ) ;
#10578 = DIRECTION ( 'NONE',  ( -1.000000000000000000, 0.0000000000000000000, -0.0000000000000000000 ) ) ;
#10579 = VERTEX_POINT ( 'NONE', #2212 ) ;
#10580 = VERTEX_POINT ( 'NONE', #4786 ) ;
#10581 =( LENGTH_UNIT ( ) NAMED_UNIT ( * ) SI_UNIT ( .MILLI., .METRE. ) );
#10582 = CARTESIAN_POINT ( 'NONE',  ( -27.50000000000000000, 9.400000000000000355, -6.599999999999993427 ) ) ;
#10583 = VERTEX_POINT ( 'NONE', #6473 ) ;
#10584 = MECHANICAL_DESIGN_GEOMETRIC_PRESENTATION_REPRESENTATION (  '', ( #9006 ), #6690 ) ;
#10585 = EDGE_CURVE ( 'NONE', #626, #8104, #2267, .T. ) ;
#10586 = CARTESIAN_POINT ( 'NONE',  ( 19.50000000000000000, 12.89999999999999858, 3.411345746565308534 ) ) ;
#10587 = VERTEX_POINT ( 'NONE', #5578 ) ;
#10588 = DIRECTION ( 'NONE',  ( 0.0000000000000000000, 1.000000000000000000, 1.314184451497582245E-16 ) ) ;
#10589 = FACE_OUTER_BOUND ( 'NONE', #976, .T. ) ;
#10590 = CARTESIAN_POINT ( 'NONE',  ( -6.500000000000000888, 12.89999999999999858, -4.411345746565306314 ) ) ;
#10591 = TOROIDAL_SURFACE ( 'NONE', #2803, 3.411345746565307646, 1.000000000000000000 ) ;
#10592 = DIRECTION ( 'NONE',  ( 0.0000000000000000000, 0.0000000000000000000, -1.000000000000000000 ) ) ;
#10593 = EDGE_LOOP ( 'NONE', ( #4651, #2939, #5805, #7508, #4180 ) ) ;
#10594 =( LENGTH_UNIT ( ) NAMED_UNIT ( * ) SI_UNIT ( .MILLI., .METRE. ) );
#10595 =( GEOMETRIC_REPRESENTATION_CONTEXT ( 3 ) GLOBAL_UNCERTAINTY_ASSIGNED_CONTEXT ( ( #8416 ) ) GLOBAL_UNIT_ASSIGNED_CONTEXT ( ( #3170, #7287, #1526 ) ) REPRESENTATION_CONTEXT ( 'NONE', 'WORKASPACE' ) );
#10596 = AXIS2_PLACEMENT_3D ( 'NONE', #2840, #270, #5558 ) ;
#10597 = DIRECTION ( 'NONE',  ( -0.0000000000000000000, 0.0000000000000000000, -1.000000000000000000 ) ) ;
#10598 = ORIENTED_EDGE ( 'NONE', *, *, #9770, .T. ) ;
#10599 =( LENGTH_UNIT ( ) NAMED_UNIT ( * ) SI_UNIT ( .MILLI., .METRE. ) );
#10600 = DIRECTION ( 'NONE',  ( 1.000000000000000000, 0.0000000000000000000, 0.0000000000000000000 ) ) ;
#10601 = DIRECTION ( 'NONE',  ( -1.000000000000000000, 0.0000000000000000000, 0.0000000000000000000 ) ) ;
#10602 = COLOUR_RGB ( '',0.8980392156862745390, 0.8980392156862745390, 0.8980392156862745390 ) ;
#10603 = ORIENTED_EDGE ( 'NONE', *, *, #5875, .F. ) ;
#10604 = CARTESIAN_POINT ( 'NONE',  ( 5.894697078383449806, 13.89999999999999680, 2.234934561338733250 ) ) ;
#10605 = PRESENTATION_STYLE_ASSIGNMENT (( #8727 ) ) ;
#10606 = ORIENTED_EDGE ( 'NONE', *, *, #515, .F. ) ;
#10607 = CARTESIAN_POINT ( 'NONE',  ( 1.000000000000000888, -18.24828759089465535, 4.500000000000178524 ) ) ;
#10608 = ADVANCED_FACE ( 'NONE', ( #1600 ), #10704, .F. ) ;
#10609 = UNCERTAINTY_MEASURE_WITH_UNIT (LENGTH_MEASURE( 1.000000000000000082E-05 ), #10594, 'distance_accuracy_value', 'NONE');
#10610 = LINE ( 'NONE', #452, #7613 ) ;
#10611 = ORIENTED_EDGE ( 'NONE', *, *, #4005, .F. ) ;
#10612 =( LENGTH_UNIT ( ) NAMED_UNIT ( * ) SI_UNIT ( .MILLI., .METRE. ) );
#10613 = ORIENTED_EDGE ( 'NONE', *, *, #3470, .F. ) ;
#10614 = DIRECTION ( 'NONE',  ( -1.000000000000000000, 0.0000000000000000000, 1.330610115879115536E-16 ) ) ;
#10615 = LINE ( 'NONE', #9630, #8659 ) ;
#10616 = SURFACE_STYLE_FILL_AREA ( #2921 ) ;
#10617 = ADVANCED_FACE ( 'NONE', ( #10759 ), #9181, .F. ) ;
#10618 = UNCERTAINTY_MEASURE_WITH_UNIT (LENGTH_MEASURE( 1.000000000000000082E-05 ), #10612, 'distance_accuracy_value', 'NONE');
#10619 = EDGE_LOOP ( 'NONE', ( #6855, #9890, #8988, #4030 ) ) ;
#10620 = DIRECTION ( 'NONE',  ( 0.0000000000000000000, 0.0000000000000000000, 1.000000000000000000 ) ) ;
#10621 = SURFACE_SIDE_STYLE ('',( #8871 ) ) ;
#10622 = VECTOR ( 'NONE', #3654, 1000.000000000000000 ) ;
#10623 = ADVANCED_FACE ( 'NONE', ( #3233 ), #3131, .T. ) ;
#10624 = SURFACE_STYLE_USAGE ( .BOTH. , #6581 ) ;
#10625 = ORIENTED_EDGE ( 'NONE', *, *, #5975, .T. ) ;
#10626 = DIRECTION ( 'NONE',  ( -0.0000000000000000000, 0.0000000000000000000, -1.000000000000000000 ) ) ;
#10627 = SURFACE_STYLE_USAGE ( .BOTH. , #3093 ) ;
#10628 = DIRECTION ( 'NONE',  ( 1.000000000000000000, 0.0000000000000000000, 0.0000000000000000000 ) ) ;
#10629 = VERTEX_POINT ( 'NONE', #4072 ) ;
#10630 = EDGE_CURVE ( 'NONE', #9301, #7806, #10810, .T. ) ;
#10631 = ADVANCED_FACE ( 'NONE', ( #9787, #4734 ), #8119, .T. ) ;
#10632 = UNCERTAINTY_MEASURE_WITH_UNIT (LENGTH_MEASURE( 1.000000000000000082E-05 ), #8716, 'distance_accuracy_value', 'NONE');
#10633 = ORIENTED_EDGE ( 'NONE', *, *, #4069, .F. ) ;
#10634 = CARTESIAN_POINT ( 'NONE',  ( 14.50000000000000355, 19.99999999999998934, 9.000000000000092371 ) ) ;
#10635 = DIRECTION ( 'NONE',  ( -1.000000000000000000, -0.0000000000000000000, -0.0000000000000000000 ) ) ;
#10636 = EDGE_CURVE ( 'NONE', #4472, #8249, #5165, .T. ) ;
#10637 = ORIENTED_EDGE ( 'NONE', *, *, #9835, .F. ) ;
#10638 = LINE ( 'NONE', #3941, #8280 ) ;
#10639 = SURFACE_STYLE_USAGE ( .BOTH. , #707 ) ;
#10640 = ORIENTED_EDGE ( 'NONE', *, *, #7650, .T. ) ;
#10641 = CARTESIAN_POINT ( 'NONE',  ( -0.9999999999999974465, -18.24828759089465535, -4.499999999999821476 ) ) ;
#10642 = EDGE_CURVE ( 'NONE', #8304, #2322, #6734, .T. ) ;
#10643 = SURFACE_SIDE_STYLE ('',( #4442 ) ) ;
#10644 = LINE ( 'NONE', #9011, #6679 ) ;
#10645 = DIRECTION ( 'NONE',  ( 0.0000000000000000000, 1.000000000000000000, 0.0000000000000000000 ) ) ;
#10646 = DIRECTION ( 'NONE',  ( 0.0000000000000000000, 0.0000000000000000000, 1.000000000000000000 ) ) ;
#10647 = ORIENTED_EDGE ( 'NONE', *, *, #3829, .F. ) ;
#10648 =( LENGTH_UNIT ( ) NAMED_UNIT ( * ) SI_UNIT ( .MILLI., .METRE. ) );
#10649 = CARTESIAN_POINT ( 'NONE',  ( -18.50000000000000000, -0.0000000000000000000, -0.4999999999999968914 ) ) ;
#10650 = PRESENTATION_LAYER_ASSIGNMENT (  '', '', ( #9428 ) ) ;
#10651 = VECTOR ( 'NONE', #702, 1000.000000000000000 ) ;
#10652 = CARTESIAN_POINT ( 'NONE',  ( 11.50000000000000000, 9.400000000000000355, -6.099999999999992539 ) ) ;
#10653 = ADVANCED_FACE ( 'NONE', ( #9448 ), #2574, .T. ) ;
#10654 = STYLED_ITEM ( 'NONE', ( #10856 ), #7569 ) ;
#10655 = ORIENTED_EDGE ( 'NONE', *, *, #2777, .F. ) ;
#10656 =( GEOMETRIC_REPRESENTATION_CONTEXT ( 3 ) GLOBAL_UNCERTAINTY_ASSIGNED_CONTEXT ( ( #6440 ) ) GLOBAL_UNIT_ASSIGNED_CONTEXT ( ( #10648, #5685, #1373 ) ) REPRESENTATION_CONTEXT ( 'NONE', 'WORKASPACE' ) );
#10657 = VECTOR ( 'NONE', #8041, 1000.000000000000000 ) ;
#10658 = CARTESIAN_POINT ( 'NONE',  ( 26.00000000000000000, 13.89999999999999680, 0.0000000000000000000 ) ) ;
#10659 = AXIS2_PLACEMENT_3D ( 'NONE', #6983, #1123, #10362 ) ;
#10660 = ORIENTED_EDGE ( 'NONE', *, *, #9567, .F. ) ;
#10661 = SURFACE_STYLE_FILL_AREA ( #615 ) ;
#10662 = DIRECTION ( 'NONE',  ( -0.0000000000000000000, 0.0000000000000000000, 1.000000000000000000 ) ) ;
#10663 = DIRECTION ( 'NONE',  ( 0.0000000000000000000, 0.0000000000000000000, -1.000000000000000000 ) ) ;
#10664 = ORIENTED_EDGE ( 'NONE', *, *, #10178, .F. ) ;
#10665 = MECHANICAL_DESIGN_GEOMETRIC_PRESENTATION_REPRESENTATION (  '', ( #6282 ), #8120 ) ;
#10666 = AXIS2_PLACEMENT_3D ( 'NONE', #1894, #807, #4152 ) ;
#10667 = DIRECTION ( 'NONE',  ( 1.000000000000000000, 0.0000000000000000000, 0.0000000000000000000 ) ) ;
#10668 = AXIS2_PLACEMENT_3D ( 'NONE', #6150, #8915, #460 ) ;
#10669 = EDGE_CURVE ( 'NONE', #6122, #8147, #8623, .T. ) ;
#10670 = ORIENTED_EDGE ( 'NONE', *, *, #7734, .F. ) ;
#10671 = FILL_AREA_STYLE_COLOUR ( '', #10395 ) ;
#10672 = LINE ( 'NONE', #2491, #2369 ) ;
#10673 = FILL_AREA_STYLE ('',( #7313 ) ) ;
#10674 = FILL_AREA_STYLE ('',( #5537 ) ) ;
#10675 = ORIENTED_EDGE ( 'NONE', *, *, #1378, .T. ) ;
#10676 = AXIS2_PLACEMENT_3D ( 'NONE', #10435, #6129, #431 ) ;
#10677 = PRESENTATION_LAYER_ASSIGNMENT (  '', '', ( #10851 ) ) ;
#10678 = FACE_OUTER_BOUND ( 'NONE', #4515, .T. ) ;
#10679 = VERTEX_POINT ( 'NONE', #5057 ) ;
#10680 = CARTESIAN_POINT ( 'NONE',  ( -27.50000000000000000, 20.00000000000000000, -8.999999999999975131 ) ) ;
#10681 = AXIS2_PLACEMENT_3D ( 'NONE', #1840, #6987, #3492 ) ;
#10682 = ADVANCED_FACE ( 'NONE', ( #5908 ), #988, .T. ) ;
#10683 = STYLED_ITEM ( 'NONE', ( #2015 ), #2565 ) ;
#10684 = SURFACE_STYLE_USAGE ( .BOTH. , #9047 ) ;
#10685 = VERTEX_POINT ( 'NONE', #8507 ) ;
#10686 = DIRECTION ( 'NONE',  ( -0.0000000000000000000, 1.000000000000000000, -0.0000000000000000000 ) ) ;
#10687 = CARTESIAN_POINT ( 'NONE',  ( -6.500000000000000888, 12.89999999999999858, 8.673617379884035472E-16 ) ) ;
#10688 = FACE_OUTER_BOUND ( 'NONE', #9270, .T. ) ;
#10689 = DIRECTION ( 'NONE',  ( -1.000000000000000000, 0.0000000000000000000, 0.0000000000000000000 ) ) ;
#10690 = ADVANCED_FACE ( 'NONE', ( #170 ), #7733, .F. ) ;
#10691 = EDGE_LOOP ( 'NONE', ( #3542, #5841, #4327, #788 ) ) ;
#10692 = EDGE_LOOP ( 'NONE', ( #5034, #3670, #7581, #5533, #2822, #6582, #3245, #4106 ) ) ;
#10693 = COLOUR_RGB ( '',0.8980392156862745390, 0.8980392156862745390, 0.8980392156862745390 ) ;
#10694 = FACE_OUTER_BOUND ( 'NONE', #6404, .T. ) ;
#10695 = LINE ( 'NONE', #8057, #9838 ) ;
#10696 = CARTESIAN_POINT ( 'NONE',  ( 18.50000000000000000, -0.0000000000000000000, -0.4999999999999968914 ) ) ;
#10697 = VERTEX_POINT ( 'NONE', #8677 ) ;
#10698 = LINE ( 'NONE', #1425, #610 ) ;
#10699 = UNCERTAINTY_MEASURE_WITH_UNIT (LENGTH_MEASURE( 1.000000000000000082E-05 ), #2398, 'distance_accuracy_value', 'NONE');
#10700 = EDGE_CURVE ( 'NONE', #8081, #6973, #3681, .T. ) ;
#10701 = MECHANICAL_DESIGN_GEOMETRIC_PRESENTATION_REPRESENTATION (  '', ( #5592 ), #3826 ) ;
#10702 = CARTESIAN_POINT ( 'NONE',  ( -14.50000000000000178, -18.24828759089465535, -8.999999999999724665 ) ) ;
#10703 = PRESENTATION_LAYER_ASSIGNMENT (  '', '', ( #3820 ) ) ;
#10704 = PLANE ( 'NONE',  #3621 ) ;
#10705 = ORIENTED_EDGE ( 'NONE', *, *, #10347, .T. ) ;
#10706 = DIRECTION ( 'NONE',  ( 0.0000000000000000000, 1.000000000000000000, 1.314184451497582245E-16 ) ) ;
#10707 = VERTEX_POINT ( 'NONE', #1263 ) ;
#10708 = CARTESIAN_POINT ( 'NONE',  ( -24.49999999999999645, -18.24828759089465535, -8.999999999999635847 ) ) ;
#10709 = DIRECTION ( 'NONE',  ( 0.0000000000000000000, 0.0000000000000000000, 1.000000000000000000 ) ) ;
#10710 = CARTESIAN_POINT ( 'NONE',  ( -26.75000000000000000, 19.00000000000000000, -7.999999999999998224 ) ) ;
#10711 = VERTEX_POINT ( 'NONE', #9503 ) ;
#10712 = AXIS2_PLACEMENT_3D ( 'NONE', #9072, #7363, #1490 ) ;
#10713 = CARTESIAN_POINT ( 'NONE',  ( 4.265065438661265418, 13.89999999999999680, -0.6053029216165488613 ) ) ;
#10714 = CARTESIAN_POINT ( 'NONE',  ( -6.500000000000000888, -2.750000000000000000, 0.5000000000000031086 ) ) ;
#10715 = CIRCLE ( 'NONE', #4713, 1.000000000000000888 ) ;
#10716 = VERTEX_POINT ( 'NONE', #393 ) ;
#10717 = ORIENTED_EDGE ( 'NONE', *, *, #7203, .T. ) ;
#10718 = DIRECTION ( 'NONE',  ( -0.0000000000000000000, -0.0000000000000000000, 1.000000000000000000 ) ) ;
#10719 = LINE ( 'NONE', #2231, #8826 ) ;
#10720 =( NAMED_UNIT ( * ) PLANE_ANGLE_UNIT ( ) SI_UNIT ( $, .RADIAN. ) );
#10721 = VERTEX_POINT ( 'NONE', #3561 ) ;
#10722 = DIRECTION ( 'NONE',  ( -1.000000000000000000, 0.0000000000000000000, 0.0000000000000000000 ) ) ;
#10723 = VERTEX_POINT ( 'NONE', #6193 ) ;
#10724 = ADVANCED_FACE ( 'NONE', ( #2903 ), #9672, .F. ) ;
#10725 = VERTEX_POINT ( 'NONE', #1923 ) ;
#10726 = LINE ( 'NONE', #3155, #4690 ) ;
#10727 = MECHANICAL_DESIGN_GEOMETRIC_PRESENTATION_REPRESENTATION (  '', ( #10033 ), #10536 ) ;
#10728 = CARTESIAN_POINT ( 'NONE',  ( -4.265065438661267194, 13.89999999999999680, 0.6053029216165494164 ) ) ;
#10729 =( GEOMETRIC_REPRESENTATION_CONTEXT ( 3 ) GLOBAL_UNCERTAINTY_ASSIGNED_CONTEXT ( ( #8283 ) ) GLOBAL_UNIT_ASSIGNED_CONTEXT ( ( #3610, #1190, #379 ) ) REPRESENTATION_CONTEXT ( 'NONE', 'WORKASPACE' ) );
#10730 = CARTESIAN_POINT ( 'NONE',  ( -19.50000000000000000, 14.89999999999999680, 8.673617379884035472E-16 ) ) ;
#10731 = ORIENTED_EDGE ( 'NONE', *, *, #8339, .F. ) ;
#10732 = CARTESIAN_POINT ( 'NONE',  ( -6.500000000000000888, 12.89999999999999858, 8.673617379884035472E-16 ) ) ;
#10733 = CARTESIAN_POINT ( 'NONE',  ( -8.734934561338734582, 15.89999999999999680, 0.6053029216165499715 ) ) ;
#10734 = SURFACE_STYLE_FILL_AREA ( #9001 ) ;
#10735 = PLANE ( 'NONE',  #3606 ) ;
#10736 = DIRECTION ( 'NONE',  ( -1.000000000000000000, 0.0000000000000000000, 0.0000000000000000000 ) ) ;
#10737 = CARTESIAN_POINT ( 'NONE',  ( -0.7500000000000006661, 19.00000000000000000, -7.999999999999998224 ) ) ;
#10738 = EDGE_CURVE ( 'NONE', #1906, #7667, #1310, .T. ) ;
#10739 = ORIENTED_EDGE ( 'NONE', *, *, #6907, .F. ) ;
#10740 = STYLED_ITEM ( 'NONE', ( #5884 ), #5613 ) ;
#10741 = FACE_OUTER_BOUND ( 'NONE', #5119, .T. ) ;
#10742 = MECHANICAL_DESIGN_GEOMETRIC_PRESENTATION_REPRESENTATION (  '', ( #9536 ), #1933 ) ;
#10743 = VECTOR ( 'NONE', #1546, 1000.000000000000000 ) ;
#10744 = EDGE_LOOP ( 'NONE', ( #4433, #7439, #1696, #4835, #822, #3182, #7463, #944, #9013, #10522, #2370, #642, #9934, #7170, #8442, #4354, #6287, #1176, #7940, #8702, #5822, #228, #1913, #9131, #7602, #71, #8418, #3277, #909, #2826, #2493, #5874, #7576, #4423, #991, #10054, #8434, #1019, #8582, #2056 ) ) ;
#10745 = SURFACE_STYLE_FILL_AREA ( #5625 ) ;
#10746 = DIRECTION ( 'NONE',  ( 0.0000000000000000000, 1.000000000000000000, 1.314184451497582492E-16 ) ) ;
#10747 = LINE ( 'NONE', #8219, #5784 ) ;
#10748 = EDGE_LOOP ( 'NONE', ( #7858, #4966, #6484, #4322 ) ) ;
#10749 = MECHANICAL_DESIGN_GEOMETRIC_PRESENTATION_REPRESENTATION (  '', ( #8473 ), #2626 ) ;
#10750 = DIRECTION ( 'NONE',  ( 1.000000000000000000, 0.0000000000000000000, 0.0000000000000000000 ) ) ;
#10751 = EDGE_CURVE ( 'NONE', #743, #4252, #6137, .T. ) ;
#10752 = EDGE_CURVE ( 'NONE', #4252, #10841, #10393, .T. ) ;
#10753 = VERTEX_POINT ( 'NONE', #6245 ) ;
#10754 = VECTOR ( 'NONE', #2819, 1000.000000000000000 ) ;
#10755 =( GEOMETRIC_REPRESENTATION_CONTEXT ( 3 ) GLOBAL_UNCERTAINTY_ASSIGNED_CONTEXT ( ( #6854 ) ) GLOBAL_UNIT_ASSIGNED_CONTEXT ( ( #8411, #849, #4191 ) ) REPRESENTATION_CONTEXT ( 'NONE', 'WORKASPACE' ) );
#10756 = CARTESIAN_POINT ( 'NONE',  ( 26.74999999999999645, 19.00000000000000000, 7.999999999999998224 ) ) ;
#10757 =( LENGTH_UNIT ( ) NAMED_UNIT ( * ) SI_UNIT ( .MILLI., .METRE. ) );
#10758 = VECTOR ( 'NONE', #7416, 1000.000000000000000 ) ;
#10759 = FACE_OUTER_BOUND ( 'NONE', #8344, .T. ) ;
#10760 = EDGE_CURVE ( 'NONE', #715, #3354, #3791, .T. ) ;
#10761 = VERTEX_POINT ( 'NONE', #4564 ) ;
#10762 = PRESENTATION_STYLE_ASSIGNMENT (( #5580 ) ) ;
#10763 = LINE ( 'NONE', #6526, #2188 ) ;
#10764 = ORIENTED_EDGE ( 'NONE', *, *, #5507, .T. ) ;
#10765 = LINE ( 'NONE', #614, #6294 ) ;
#10766 = FILL_AREA_STYLE_COLOUR ( '', #3337 ) ;
#10767 = CARTESIAN_POINT ( 'NONE',  ( -25.24999999999999645, 19.00000000000000000, -7.999999999999998224 ) ) ;
#10768 =( GEOMETRIC_REPRESENTATION_CONTEXT ( 3 ) GLOBAL_UNCERTAINTY_ASSIGNED_CONTEXT ( ( #690 ) ) GLOBAL_UNIT_ASSIGNED_CONTEXT ( ( #7227, #4775, #9053 ) ) REPRESENTATION_CONTEXT ( 'NONE', 'WORKASPACE' ) );
#10769 =( LENGTH_UNIT ( ) NAMED_UNIT ( * ) SI_UNIT ( .MILLI., .METRE. ) );
#10770 = AXIS2_PLACEMENT_3D ( 'NONE', #1202, #2150, #6134 ) ;
#10771 = VERTEX_POINT ( 'NONE', #4506 ) ;
#10772 = FILL_AREA_STYLE_COLOUR ( '', #5770 ) ;
#10773 = AXIS2_PLACEMENT_3D ( 'NONE', #2460, #8432, #924 ) ;
#10774 = DIRECTION ( 'NONE',  ( 0.0000000000000000000, 0.0000000000000000000, -1.000000000000000000 ) ) ;
#10775 = VERTEX_POINT ( 'NONE', #5452 ) ;
#10776 = ORIENTED_EDGE ( 'NONE', *, *, #1260, .F. ) ;
#10777 = VERTEX_POINT ( 'NONE', #2967 ) ;
#10778 = DIRECTION ( 'NONE',  ( 0.0000000000000000000, 0.0000000000000000000, 1.000000000000000000 ) ) ;
#10779 = SURFACE_STYLE_USAGE ( .BOTH. , #9083 ) ;
#10780 = VERTEX_POINT ( 'NONE', #7012 ) ;
#10781 =( NAMED_UNIT ( * ) SI_UNIT ( $, .STERADIAN. ) SOLID_ANGLE_UNIT ( ) );
#10782 = ORIENTED_EDGE ( 'NONE', *, *, #9341, .T. ) ;
#10783 = ORIENTED_EDGE ( 'NONE', *, *, #4949, .T. ) ;
#10784 = CARTESIAN_POINT ( 'NONE',  ( -14.00000000000000178, 9.399999999999998579, 4.500000000000272671 ) ) ;
#10785 = DIRECTION ( 'NONE',  ( 1.000000000000000000, -5.066103599503465719E-32, 3.854941057726238097E-16 ) ) ;
#10786 = CARTESIAN_POINT ( 'NONE',  ( -0.7500000000000006661, 19.00000000000000000, -7.999999999999998224 ) ) ;
#10787 = EDGE_CURVE ( 'NONE', #5954, #5304, #9730, .T. ) ;
#10788 = ORIENTED_EDGE ( 'NONE', *, *, #2373, .T. ) ;
#10789 =( NAMED_UNIT ( * ) SI_UNIT ( $, .STERADIAN. ) SOLID_ANGLE_UNIT ( ) );
#10790 = SURFACE_SIDE_STYLE ('',( #7441 ) ) ;
#10791 = FILL_AREA_STYLE ('',( #6759 ) ) ;
#10792 = DIRECTION ( 'NONE',  ( 0.0000000000000000000, 1.000000000000000000, 1.314184451497582245E-16 ) ) ;
#10793 = DIRECTION ( 'NONE',  ( -0.0000000000000000000, -1.000000000000000000, -0.0000000000000000000 ) ) ;
#10794 = CARTESIAN_POINT ( 'NONE',  ( -27.50000000000000000, 19.99999999999999289, 9.000000000000000000 ) ) ;
#10795 = PRESENTATION_STYLE_ASSIGNMENT (( #7390 ) ) ;
#10796 = CARTESIAN_POINT ( 'NONE',  ( -20.10530292161654842, 13.89999999999999680, -0.6053029216165489723 ) ) ;
#10797 = ORIENTED_EDGE ( 'NONE', *, *, #10211, .F. ) ;
#10798 = DIRECTION ( 'NONE',  ( 1.000000000000000000, 0.0000000000000000000, -5.987745521456020037E-16 ) ) ;
#10799 = DIRECTION ( 'NONE',  ( 0.0000000000000000000, 0.0000000000000000000, -1.000000000000000000 ) ) ;
#10800 = EDGE_CURVE ( 'NONE', #10761, #626, #10494, .T. ) ;
#10801 = VERTEX_POINT ( 'NONE', #8788 ) ;
#10802 = CARTESIAN_POINT ( 'NONE',  ( 24.50000000000000000, 20.99999999999999645, 8.000000000000000000 ) ) ;
#10803 = CARTESIAN_POINT ( 'NONE',  ( -12.24999999999999822, 19.00000000000000000, -8.999999999999975131 ) ) ;
#10804 = DIRECTION ( 'NONE',  ( 0.0000000000000000000, 0.0000000000000000000, 1.000000000000000000 ) ) ;
#10805 = DIRECTION ( 'NONE',  ( -0.0000000000000000000, -0.0000000000000000000, -1.000000000000000000 ) ) ;
#10806 = ORIENTED_EDGE ( 'NONE', *, *, #6707, .F. ) ;
#10807 = DIRECTION ( 'NONE',  ( 0.0000000000000000000, 0.0000000000000000000, 1.000000000000000000 ) ) ;
#10808 = PRESENTATION_LAYER_ASSIGNMENT (  '', '', ( #4637 ) ) ;
#10809 = EDGE_CURVE ( 'NONE', #6742, #7756, #9999, .T. ) ;
#10810 = LINE ( 'NONE', #10001, #6311 ) ;
#10811 = FILL_AREA_STYLE_COLOUR ( '', #1532 ) ;
#10812 = ORIENTED_EDGE ( 'NONE', *, *, #7465, .T. ) ;
#10813 =( NAMED_UNIT ( * ) PLANE_ANGLE_UNIT ( ) SI_UNIT ( $, .RADIAN. ) );
#10814 = CARTESIAN_POINT ( 'NONE',  ( -27.50000000000000000, 0.0000000000000000000, 9.000000000000000000 ) ) ;
#10815 = PRESENTATION_STYLE_ASSIGNMENT (( #1390 ) ) ;
#10816 =( GEOMETRIC_REPRESENTATION_CONTEXT ( 3 ) GLOBAL_UNCERTAINTY_ASSIGNED_CONTEXT ( ( #4080 ) ) GLOBAL_UNIT_ASSIGNED_CONTEXT ( ( #4788, #10813, #4737 ) ) REPRESENTATION_CONTEXT ( 'NONE', 'WORKASPACE' ) );
#10817 = ADVANCED_FACE ( 'NONE', ( #8001 ), #5511, .F. ) ;
#10818 = ORIENTED_EDGE ( 'NONE', *, *, #1620, .T. ) ;
#10819 = DIRECTION ( 'NONE',  ( 0.0000000000000000000, -0.7071067811865470176, 0.7071067811865479058 ) ) ;
#10820 = MECHANICAL_DESIGN_GEOMETRIC_PRESENTATION_REPRESENTATION (  '', ( #6442 ), #6951 ) ;
#10821 = EDGE_CURVE ( 'NONE', #3022, #1979, #3849, .T. ) ;
#10822 = CIRCLE ( 'NONE', #9091, 1.000000000000000888 ) ;
#10823 = DIRECTION ( 'NONE',  ( 1.000000000000000000, -0.0000000000000000000, -0.0000000000000000000 ) ) ;
#10824 = COLOUR_RGB ( '',0.8980392156862745390, 0.8980392156862745390, 0.8980392156862745390 ) ;
#10825 = ORIENTED_EDGE ( 'NONE', *, *, #2649, .F. ) ;
#10826 =( NAMED_UNIT ( * ) SI_UNIT ( $, .STERADIAN. ) SOLID_ANGLE_UNIT ( ) );
#10827 = ORIENTED_EDGE ( 'NONE', *, *, #5698, .F. ) ;
#10828 = CARTESIAN_POINT ( 'NONE',  ( 14.81519660974405639, 9.399999999999998579, -5.114085138899324257 ) ) ;
#10829 = SURFACE_SIDE_STYLE ('',( #10125 ) ) ;
#10830 = DIRECTION ( 'NONE',  ( 0.0000000000000000000, 0.0000000000000000000, 1.000000000000000000 ) ) ;
#10831 = ORIENTED_EDGE ( 'NONE', *, *, #3762, .T. ) ;
#10832 = UNCERTAINTY_MEASURE_WITH_UNIT (LENGTH_MEASURE( 1.000000000000000082E-05 ), #2912, 'distance_accuracy_value', 'NONE');
#10833 = SURFACE_STYLE_USAGE ( .BOTH. , #4091 ) ;
#10834 = CIRCLE ( 'NONE', #5910, 1.993034753127727488 ) ;
#10835 = VERTEX_POINT ( 'NONE', #3174 ) ;
#10836 = EDGE_CURVE ( 'NONE', #422, #3536, #4895, .T. ) ;
#10837 = ORIENTED_EDGE ( 'NONE', *, *, #9425, .F. ) ;
#10838 = DIRECTION ( 'NONE',  ( 0.0000000000000000000, -6.129356281784727656E-14, -1.000000000000000000 ) ) ;
#10839 = FACE_OUTER_BOUND ( 'NONE', #3222, .T. ) ;
#10840 = VECTOR ( 'NONE', #5038, 1000.000000000000000 ) ;
#10841 = VERTEX_POINT ( 'NONE', #10803 ) ;
#10842 = CARTESIAN_POINT ( 'NONE',  ( 5.894697078383449806, 15.89999999999999680, -0.6053029216165489723 ) ) ;
#10843 = VECTOR ( 'NONE', #6207, 1000.000000000000000 ) ;
#10844 =( NAMED_UNIT ( * ) SI_UNIT ( $, .STERADIAN. ) SOLID_ANGLE_UNIT ( ) );
#10845 = FILL_AREA_STYLE_COLOUR ( '', #7582 ) ;
#10846 = SURFACE_SIDE_STYLE ('',( #10092 ) ) ;
#10847 = DIRECTION ( 'NONE',  ( 0.0000000000000000000, 0.0000000000000000000, -1.000000000000000000 ) ) ;
#10848 = DIRECTION ( 'NONE',  ( -0.0000000000000000000, -1.000000000000000000, -1.314184451497582492E-16 ) ) ;
#10849 = CARTESIAN_POINT ( 'NONE',  ( -14.49999999999999822, 9.400000000000000355, -4.499999999999726441 ) ) ;
#10850 = ORIENTED_EDGE ( 'NONE', *, *, #8560, .T. ) ;
#10851 = STYLED_ITEM ( 'NONE', ( #8109 ), #2456 ) ;
#10852 = LINE ( 'NONE', #8436, #819 ) ;
#10853 = SURFACE_SIDE_STYLE ('',( #2671 ) ) ;
#10854 = VERTEX_POINT ( 'NONE', #7289 ) ;
#10855 = FACE_OUTER_BOUND ( 'NONE', #6377, .T. ) ;
#10856 = PRESENTATION_STYLE_ASSIGNMENT (( #1691 ) ) ;
#10857 = ORIENTED_EDGE ( 'NONE', *, *, #845, .T. ) ;
#10858 = FACE_OUTER_BOUND ( 'NONE', #4947, .T. ) ;
#10859 = ORIENTED_EDGE ( 'NONE', *, *, #8004, .T. ) ;
#10860 = EDGE_CURVE ( 'NONE', #9240, #10122, #10695, .T. ) ;
#10861 = CARTESIAN_POINT ( 'NONE',  ( 21.73493456133873281, 13.89999999999999680, -0.6053029216165494164 ) ) ;
#10862 = VECTOR ( 'NONE', #2340, 1000.000000000000000 ) ;
#10863 = PRESENTATION_STYLE_ASSIGNMENT (( #7517 ) ) ;
#10864 = DIRECTION ( 'NONE',  ( 1.000000000000000000, 0.0000000000000000000, 3.326525289697788964E-16 ) ) ;
#10865 = VERTEX_POINT ( 'NONE', #8218 ) ;
#10866 = SURFACE_STYLE_USAGE ( .BOTH. , #54 ) ;
#10867 = SURFACE_SIDE_STYLE ('',( #6684 ) ) ;
#10868 = CARTESIAN_POINT ( 'NONE',  ( 0.0000000000000000000, 19.99999999999999289, 8.000000000000000000 ) ) ;
#10869 =( NAMED_UNIT ( * ) PLANE_ANGLE_UNIT ( ) SI_UNIT ( $, .RADIAN. ) );
#10870 = AXIS2_PLACEMENT_3D ( 'NONE', #2326, #9132, #1660 ) ;
#10871 = EDGE_CURVE ( 'NONE', #1540, #10349, #7237, .T. ) ;
#10872 = EDGE_LOOP ( 'NONE', ( #7505, #572, #4808, #6407 ) ) ;
#10873 = CARTESIAN_POINT ( 'NONE',  ( 26.75000000000000000, 0.0000000000000000000, -7.999999999999998224 ) ) ;
#10874 = LINE ( 'NONE', #3303, #10521 ) ;
#10875 = ORIENTED_EDGE ( 'NONE', *, *, #3188, .T. ) ;
#10876 = DIRECTION ( 'NONE',  ( 0.0000000000000000000, -0.0000000000000000000, 1.000000000000000000 ) ) ;
#10877 = EDGE_CURVE ( 'NONE', #10777, #8732, #6563, .T. ) ;
#10878 = VECTOR ( 'NONE', #4507, 1000.000000000000000 ) ;
#10879 = ORIENTED_EDGE ( 'NONE', *, *, #4132, .T. ) ;
#10880 = FACE_OUTER_BOUND ( 'NONE', #6458, .T. ) ;
#10881 =( NAMED_UNIT ( * ) PLANE_ANGLE_UNIT ( ) SI_UNIT ( $, .RADIAN. ) );
#10882 = CARTESIAN_POINT ( 'NONE',  ( 20.50000000000000000, -0.0000000000000000000, -0.4999999999999968914 ) ) ;
#10883 = EDGE_LOOP ( 'NONE', ( #2490, #10329, #5341, #6194 ) ) ;
#10884 = ORIENTED_EDGE ( 'NONE', *, *, #4747, .T. ) ;
#10885 = ADVANCED_FACE ( 'NONE', ( #8277, #598 ), #3015, .F. ) ;
#10886 = ADVANCED_FACE ( 'NONE', ( #10909 ), #2514, .T. ) ;
#10887 = ORIENTED_EDGE ( 'NONE', *, *, #3385, .F. ) ;
#10888 = DIRECTION ( 'NONE',  ( 1.000000000000000000, 1.013220719900694020E-31, -7.709882115452482111E-16 ) ) ;
#10889 = COLOUR_RGB ( '',0.8980392156862745390, 0.8980392156862745390, 0.8980392156862745390 ) ;
#10890 = SURFACE_STYLE_USAGE ( .BOTH. , #4876 ) ;
#10891 = SURFACE_SIDE_STYLE ('',( #5828 ) ) ;
#10892 = DIRECTION ( 'NONE',  ( 0.0000000000000000000, 0.7071067811865477948, -0.7071067811865473507 ) ) ;
#10893 = ORIENTED_EDGE ( 'NONE', *, *, #5290, .T. ) ;
#10894 = CARTESIAN_POINT ( 'NONE',  ( -5.500000000000000000, 0.0000000000000000000, 0.5000000000000031086 ) ) ;
#10895 = COLOUR_RGB ( '',1.000000000000000000, 1.000000000000000000, 1.000000000000000000 ) ;
#10896 = ADVANCED_FACE ( 'NONE', ( #2469 ), #44, .F. ) ;
#10897 = SURFACE_STYLE_FILL_AREA ( #5882 ) ;
#10898 = FACE_OUTER_BOUND ( 'NONE', #7401, .T. ) ;
#10899 = CARTESIAN_POINT ( 'NONE',  ( 5.894697078383449806, 13.89999999999999680, -2.234934561338733250 ) ) ;
#10900 = LINE ( 'NONE', #9376, #5137 ) ;
#10901 = LINE ( 'NONE', #5148, #4858 ) ;
#10902 = CARTESIAN_POINT ( 'NONE',  ( 11.50000000000000178, 19.99999999999998934, 9.000000000000092371 ) ) ;
#10903 = FILL_AREA_STYLE ('',( #6057 ) ) ;
#10904 = VERTEX_POINT ( 'NONE', #4946 ) ;
#10905 = CIRCLE ( 'NONE', #8092, 1.100000000000000311 ) ;
#10906 =( LENGTH_UNIT ( ) NAMED_UNIT ( * ) SI_UNIT ( .MILLI., .METRE. ) );
#10907 = DIRECTION ( 'NONE',  ( -1.000000000000000000, 0.0000000000000000000, 0.0000000000000000000 ) ) ;
#10908 = ORIENTED_EDGE ( 'NONE', *, *, #5351, .F. ) ;
#10909 = FACE_OUTER_BOUND ( 'NONE', #9167, .T. ) ;
#10910 = CARTESIAN_POINT ( 'NONE',  ( 19.50000000000000000, 11.89999999999999858, 8.673617379884035472E-16 ) ) ;
#10911 = ORIENTED_EDGE ( 'NONE', *, *, #7472, .T. ) ;
#10912 = PRESENTATION_LAYER_ASSIGNMENT (  '', '', ( #7921 ) ) ;
#10913 = LINE ( 'NONE', #5852, #216 ) ;
#10914 = AXIS2_PLACEMENT_3D ( 'NONE', #4934, #3323, #8374 ) ;
#10915 = ORIENTED_EDGE ( 'NONE', *, *, #5211, .T. ) ;
ENDSEC;
END-ISO-10303-21;
