ISO-10303-21;
HEADER;
FILE_DESCRIPTION(('FreeCAD Model'),'2;1');
FILE_NAME('Open CASCADE Shape Model','2026-07-25T11:46:41',('Author'),(
    ''),'Open CASCADE STEP processor 7.8','FreeCAD','Unknown');
FILE_SCHEMA(('AUTOMOTIVE_DESIGN { 1 0 10303 214 1 1 1 1 }'));
ENDSEC;
DATA;
#1 = APPLICATION_PROTOCOL_DEFINITION('international standard',
  'automotive_design',2000,#2);
#2 = APPLICATION_CONTEXT(
  'core data for automotive mechanical design processes');
#3 = SHAPE_DEFINITION_REPRESENTATION(#4,#10);
#4 = PRODUCT_DEFINITION_SHAPE('','',#5);
#5 = PRODUCT_DEFINITION('design','',#6,#9);
#6 = PRODUCT_DEFINITION_FORMATION('','',#7);
#7 = PRODUCT(
'CONN-TH_4P-L11.1-W9.2-P5.00-T44007~CONN-TH_
4P-L11.1-W9.2-P5.00-T44007~1Zg2',
'CONN-TH_4P-L11.1-W9.2-P5.00-T44007~CONN-TH_
4P-L11.1-W9.2-P5.00-T44007~1Zg2','',(#8));
#8 = PRODUCT_CONTEXT('',#2,'mechanical');
#9 = PRODUCT_DEFINITION_CONTEXT('part definition',#2,'design');
#10 = ADVANCED_BREP_SHAPE_REPRESENTATION('',(#11,#15),#5373);
#11 = AXIS2_PLACEMENT_3D('',#12,#13,#14);
#12 = CARTESIAN_POINT('',(0.,0.,0.));
#13 = DIRECTION('',(0.,0.,1.));
#14 = DIRECTION('',(1.,0.,-0.));
#15 = MANIFOLD_SOLID_BREP('',#16);
#16 = CLOSED_SHELL('',(#17,#61,#93,#627,#1358,#2032,#2071,#2110,#2154,
    #2187,#2212,#2237,#2254,#2304,#2385,#2416,#2506,#2537,#2568,#2665,
    #2696,#2727,#2776,#2810,#2877,#2894,#2954,#2971,#2988,#3000,#3022,
    #3034,#3046,#3063,#3080,#3092,#3114,#3126,#3138,#3150,#3162,#3180,
    #3198,#3779,#3791,#3824,#3848,#3874,#3898,#3927,#3951,#3980,#3997,
    #4063,#4096,#4122,#4148,#4180,#4205,#4236,#4260,#4295,#4330,#4347,
    #4407,#4446,#4472,#4499,#4525,#4553,#4584,#4608,#4632,#4656,#4680,
    #4704,#4728,#4752,#4776,#4800,#4824,#4841,#4861,#4900,#4924,#4956,
    #4991,#5026,#5058,#5082,#5114,#5146,#5171,#5189,#5220,#5244,#5268,
    #5292,#5316,#5333,#5347,#5360));
#17 = ADVANCED_FACE('',(#18),#56,.T.);
#18 = FACE_BOUND('',#19,.T.);
#19 = EDGE_LOOP('',(#20,#31,#40,#49));
#20 = ORIENTED_EDGE('',*,*,#21,.F.);
#21 = EDGE_CURVE('',#22,#24,#26,.T.);
#22 = VERTEX_POINT('',#23);
#23 = CARTESIAN_POINT('',(-3.899999999999,-1.E-15,-1.899999999999));
#24 = VERTEX_POINT('',#25);
#25 = CARTESIAN_POINT('',(3.9,-2.E-15,-1.899999999999));
#26 = CIRCLE('',#27,3.9);
#27 = AXIS2_PLACEMENT_3D('',#28,#29,#30);
#28 = CARTESIAN_POINT('',(8.7E-16,-1.73E-15,-1.899999999999));
#29 = DIRECTION('',(0.,0.,-1.));
#30 = DIRECTION('',(1.,0.,0.));
#31 = ORIENTED_EDGE('',*,*,#32,.T.);
#32 = EDGE_CURVE('',#22,#33,#35,.T.);
#33 = VERTEX_POINT('',#34);
#34 = CARTESIAN_POINT('',(-3.999999999999,-1.E-15,-1.799999999999));
#35 = CIRCLE('',#36,9.9999999999E-02);
#36 = AXIS2_PLACEMENT_3D('',#37,#38,#39);
#37 = CARTESIAN_POINT('',(-3.899999999999,-1.26E-15,-1.799999999999));
#38 = DIRECTION('',(1.2E-16,1.,0.));
#39 = DIRECTION('',(-1.,1.2E-16,0.));
#40 = ORIENTED_EDGE('',*,*,#41,.F.);
#41 = EDGE_CURVE('',#42,#33,#44,.T.);
#42 = VERTEX_POINT('',#43);
#43 = CARTESIAN_POINT('',(4.,-2.E-15,-1.799999999999));
#44 = CIRCLE('',#45,4.);
#45 = AXIS2_PLACEMENT_3D('',#46,#47,#48);
#46 = CARTESIAN_POINT('',(8.7E-16,-1.73E-15,-1.799999999999));
#47 = DIRECTION('',(0.,0.,1.));
#48 = DIRECTION('',(1.,0.,-0.));
#49 = ORIENTED_EDGE('',*,*,#50,.F.);
#50 = EDGE_CURVE('',#24,#42,#51,.T.);
#51 = CIRCLE('',#52,0.1);
#52 = AXIS2_PLACEMENT_3D('',#53,#54,#55);
#53 = CARTESIAN_POINT('',(3.9,-1.73E-15,-1.799999999999));
#54 = DIRECTION('',(0.,-1.,0.));
#55 = DIRECTION('',(0.,0.,-1.));
#56 = TOROIDAL_SURFACE('',#57,3.9,0.1);
#57 = AXIS2_PLACEMENT_3D('',#58,#59,#60);
#58 = CARTESIAN_POINT('',(8.7E-16,-1.73E-15,-1.799999999999));
#59 = DIRECTION('',(0.,0.,1.));
#60 = DIRECTION('',(1.,0.,-0.));
#61 = ADVANCED_FACE('',(#62),#88,.T.);
#62 = FACE_BOUND('',#63,.T.);
#63 = EDGE_LOOP('',(#64,#65,#73,#82));
#64 = ORIENTED_EDGE('',*,*,#41,.T.);
#65 = ORIENTED_EDGE('',*,*,#66,.T.);
#66 = EDGE_CURVE('',#33,#67,#69,.T.);
#67 = VERTEX_POINT('',#68);
#68 = CARTESIAN_POINT('',(-3.999999999999,-1.E-15,0.));
#69 = LINE('',#70,#71);
#70 = CARTESIAN_POINT('',(-3.999999999999,-1.24E-15,-16.11370849898));
#71 = VECTOR('',#72,1.);
#72 = DIRECTION('',(0.,0.,1.));
#73 = ORIENTED_EDGE('',*,*,#74,.T.);
#74 = EDGE_CURVE('',#67,#75,#77,.T.);
#75 = VERTEX_POINT('',#76);
#76 = CARTESIAN_POINT('',(4.,-2.E-15,0.));
#77 = CIRCLE('',#78,4.);
#78 = AXIS2_PLACEMENT_3D('',#79,#80,#81);
#79 = CARTESIAN_POINT('',(8.7E-16,-1.73E-15,0.));
#80 = DIRECTION('',(0.,0.,-1.));
#81 = DIRECTION('',(1.,0.,0.));
#82 = ORIENTED_EDGE('',*,*,#83,.F.);
#83 = EDGE_CURVE('',#42,#75,#84,.T.);
#84 = LINE('',#85,#86);
#85 = CARTESIAN_POINT('',(4.,-1.73E-15,-16.11370849898));
#86 = VECTOR('',#87,1.);
#87 = DIRECTION('',(0.,0.,1.));
#88 = CYLINDRICAL_SURFACE('',#89,4.);
#89 = AXIS2_PLACEMENT_3D('',#90,#91,#92);
#90 = CARTESIAN_POINT('',(8.7E-16,-1.73E-15,-16.11370849898));
#91 = DIRECTION('',(0.,0.,1.));
#92 = DIRECTION('',(1.,0.,-0.));
#93 = ADVANCED_FACE('',(#94,#160,#240,#250,#338,#394,#518),#622,.F.);
#94 = FACE_BOUND('',#95,.T.);
#95 = EDGE_LOOP('',(#96,#108,#120,#130,#142,#152));
#96 = ORIENTED_EDGE('',*,*,#97,.F.);
#97 = EDGE_CURVE('',#98,#100,#102,.T.);
#98 = VERTEX_POINT('',#99);
#99 = CARTESIAN_POINT('',(1.800990835492,2.131722540964,-1.899999999999)
  );
#100 = VERTEX_POINT('',#101);
#101 = CARTESIAN_POINT('',(1.288795713541,2.131722540964,-1.899999999999
    ));
#102 = B_SPLINE_CURVE_WITH_KNOTS('',3,(#103,#104,#105,#106,#107),
  .UNSPECIFIED.,.F.,.F.,(4,1,4),(0.,0.499999999999,0.999999023809),
  .UNSPECIFIED.);
#103 = CARTESIAN_POINT('',(1.800990835492,2.131722540964,-1.899999999999
    ));
#104 = CARTESIAN_POINT('',(1.715624981834,2.131722540964,-1.899999999999
    ));
#105 = CARTESIAN_POINT('',(1.544893274517,2.131722540964,-1.899999999999
    ));
#106 = CARTESIAN_POINT('',(1.3741615672,2.131722540964,-1.899999999999)
  );
#107 = CARTESIAN_POINT('',(1.288795713541,2.131722540964,-1.899999999999
    ));
#108 = ORIENTED_EDGE('',*,*,#109,.F.);
#109 = EDGE_CURVE('',#110,#98,#112,.T.);
#110 = VERTEX_POINT('',#111);
#111 = CARTESIAN_POINT('',(1.800990835492,3.131722540964,-1.899999999999
    ));
#112 = B_SPLINE_CURVE_WITH_KNOTS('',3,(#113,#114,#115,#116,#117,#118,
    #119),.UNSPECIFIED.,.F.,.F.,(4,1,1,1,4),(0.,0.249999999999,
    0.499999999999,0.749999999999,0.999999499999),.UNSPECIFIED.);
#113 = CARTESIAN_POINT('',(1.800990835492,3.131722540964,-1.899999999999
    ));
#114 = CARTESIAN_POINT('',(1.800990835492,3.048389207631,-1.899999999999
    ));
#115 = CARTESIAN_POINT('',(1.800990835492,2.881722540964,-1.899999999999
    ));
#116 = CARTESIAN_POINT('',(1.800990835492,2.631722540964,-1.899999999999
    ));
#117 = CARTESIAN_POINT('',(1.800990835492,2.381722540964,-1.899999999999
    ));
#118 = CARTESIAN_POINT('',(1.800990835492,2.215055874297,-1.899999999999
    ));
#119 = CARTESIAN_POINT('',(1.800990835492,2.131722540964,-1.899999999999
    ));
#120 = ORIENTED_EDGE('',*,*,#121,.F.);
#121 = EDGE_CURVE('',#122,#110,#124,.T.);
#122 = VERTEX_POINT('',#123);
#123 = CARTESIAN_POINT('',(1.666844494029,3.131722540964,-1.899999999999
    ));
#124 = B_SPLINE_CURVE_WITH_KNOTS('',3,(#125,#126,#127,#128,#129),
  .UNSPECIFIED.,.F.,.F.,(4,1,4),(0.,0.499999999999,0.999996272727),
  .UNSPECIFIED.);
#125 = CARTESIAN_POINT('',(1.666844494029,3.131722540964,-1.899999999999
    ));
#126 = CARTESIAN_POINT('',(1.689202217606,3.131722540964,-1.899999999999
    ));
#127 = CARTESIAN_POINT('',(1.733917664761,3.131722540964,-1.899999999999
    ));
#128 = CARTESIAN_POINT('',(1.778633111915,3.131722540964,-1.899999999999
    ));
#129 = CARTESIAN_POINT('',(1.800990835492,3.131722540964,-1.899999999999
    ));
#130 = ORIENTED_EDGE('',*,*,#131,.F.);
#131 = EDGE_CURVE('',#132,#122,#134,.T.);
#132 = VERTEX_POINT('',#133);
#133 = CARTESIAN_POINT('',(1.666844494029,2.241478638525,-1.899999999999
    ));
#134 = B_SPLINE_CURVE_WITH_KNOTS('',3,(#135,#136,#137,#138,#139,#140,
    #141),.UNSPECIFIED.,.F.,.F.,(4,1,1,1,4),(0.,0.25,0.5,0.75,1.),
  .QUASI_UNIFORM_KNOTS.);
#135 = CARTESIAN_POINT('',(1.666844494029,2.241478638525,-1.899999999999
    ));
#136 = CARTESIAN_POINT('',(1.666844494029,2.315665630395,-1.899999999999
    ));
#137 = CARTESIAN_POINT('',(1.666844494029,2.464039614135,-1.899999999999
    ));
#138 = CARTESIAN_POINT('',(1.666844494029,2.686600589744,-1.899999999999
    ));
#139 = CARTESIAN_POINT('',(1.666844494029,2.909161565354,-1.899999999999
    ));
#140 = CARTESIAN_POINT('',(1.666844494029,3.057535549094,-1.899999999999
    ));
#141 = CARTESIAN_POINT('',(1.666844494029,3.131722540964,-1.899999999999
    ));
#142 = ORIENTED_EDGE('',*,*,#143,.F.);
#143 = EDGE_CURVE('',#144,#132,#146,.T.);
#144 = VERTEX_POINT('',#145);
#145 = CARTESIAN_POINT('',(1.288795713541,2.241478638525,-1.899999999999
    ));
#146 = B_SPLINE_CURVE_WITH_KNOTS('',3,(#147,#148,#149,#150,#151),
  .UNSPECIFIED.,.F.,.F.,(4,1,4),(0.,0.499999999999,0.999998677419),
  .UNSPECIFIED.);
#147 = CARTESIAN_POINT('',(1.288795713541,2.241478638525,-1.899999999999
    ));
#148 = CARTESIAN_POINT('',(1.351803843622,2.241478638525,-1.899999999999
    ));
#149 = CARTESIAN_POINT('',(1.477820103785,2.241478638525,-1.899999999999
    ));
#150 = CARTESIAN_POINT('',(1.603836363948,2.241478638525,-1.899999999999
    ));
#151 = CARTESIAN_POINT('',(1.666844494029,2.241478638525,-1.899999999999
    ));
#152 = ORIENTED_EDGE('',*,*,#153,.F.);
#153 = EDGE_CURVE('',#100,#144,#154,.T.);
#154 = B_SPLINE_CURVE_WITH_KNOTS('',3,(#155,#156,#157,#158,#159),
  .UNSPECIFIED.,.F.,.F.,(4,1,4),(0.,0.5,0.999995444444),.UNSPECIFIED.);
#155 = CARTESIAN_POINT('',(1.288795713541,2.131722540964,-1.899999999999
    ));
#156 = CARTESIAN_POINT('',(1.288795713541,2.150015223891,-1.899999999999
    ));
#157 = CARTESIAN_POINT('',(1.288795713541,2.186600423078,-1.899999999999
    ));
#158 = CARTESIAN_POINT('',(1.288795713541,2.223185622265,-1.899999999999
    ));
#159 = CARTESIAN_POINT('',(1.288795713541,2.241478638525,-1.899999999999
    ));
#160 = FACE_BOUND('',#161,.T.);
#161 = EDGE_LOOP('',(#162,#173,#182,#233));
#162 = ORIENTED_EDGE('',*,*,#163,.T.);
#163 = EDGE_CURVE('',#164,#166,#168,.T.);
#164 = VERTEX_POINT('',#165);
#165 = CARTESIAN_POINT('',(1.177220384556,-1.616833994627,
    -1.899999999999));
#166 = VERTEX_POINT('',#167);
#167 = CARTESIAN_POINT('',(2.,0.,-1.899999999999));
#168 = CIRCLE('',#169,2.);
#169 = AXIS2_PLACEMENT_3D('',#170,#171,#172);
#170 = CARTESIAN_POINT('',(0.,0.,-1.899999999999));
#171 = DIRECTION('',(0.,0.,1.));
#172 = DIRECTION('',(1.,0.,-0.));
#173 = ORIENTED_EDGE('',*,*,#174,.T.);
#174 = EDGE_CURVE('',#166,#175,#177,.T.);
#175 = VERTEX_POINT('',#176);
#176 = CARTESIAN_POINT('',(-1.161154190875,1.628470936261,
    -1.899999999999));
#177 = CIRCLE('',#178,2.);
#178 = AXIS2_PLACEMENT_3D('',#179,#180,#181);
#179 = CARTESIAN_POINT('',(0.,0.,-1.899999999999));
#180 = DIRECTION('',(0.,0.,1.));
#181 = DIRECTION('',(1.,0.,-0.));
#182 = ORIENTED_EDGE('',*,*,#183,.T.);
#183 = EDGE_CURVE('',#175,#184,#186,.T.);
#184 = VERTEX_POINT('',#185);
#185 = CARTESIAN_POINT('',(1.177277666425,-1.616913909717,-1.9));
#186 = B_SPLINE_CURVE_WITH_KNOTS('',3,(#187,#188,#189,#190,#191,#192,
    #193,#194,#195,#196,#197,#198,#199,#200,#201,#202,#203,#204,#205,
    #206,#207,#208,#209,#210,#211,#212,#213,#214,#215,#216,#217,#218,
    #219,#220,#221,#222,#223,#224,#225,#226,#227,#228,#229,#230,#231,
    #232),.UNSPECIFIED.,.F.,.F.,(4,2,2,2,2,2,2,2,2,2,2,2,2,2,2,2,2,2,2,2
    ,2,2,4),(0.,2.797441221841E-05,5.594882443683E-05,1.11897648E-04,
    2.23795297E-04,4.47590595E-04,8.9518119E-04,1.790362381E-03,
    2.237952977E-03,2.685543572E-03,3.133134168E-03,3.580724763E-03,
    4.028315359E-03,4.475905954E-03,4.92349655E-03,5.371087145E-03,
    6.266268336E-03,6.713858932E-03,6.93765423E-03,7.049551879E-03,
    7.105500703E-03,7.133475115E-03,7.161449527E-03),.UNSPECIFIED.);
#187 = CARTESIAN_POINT('',(-1.161154190875,1.628470936261,
    -1.899999999999));
#188 = CARTESIAN_POINT('',(-1.166763151068,1.636175341659,
    -1.899999999999));
#189 = CARTESIAN_POINT('',(-1.176857919138,1.638608569795,
    -1.900000000002));
#190 = CARTESIAN_POINT('',(-1.195422644992,1.639830657565,
    -1.900000000002));
#191 = CARTESIAN_POINT('',(-1.204758815765,1.638781478293,-1.9));
#192 = CARTESIAN_POINT('',(-1.231992611412,1.63399386313,-1.9));
#193 = CARTESIAN_POINT('',(-1.249780201208,1.628363754766,
    -1.900000000002));
#194 = CARTESIAN_POINT('',(-1.301577552776,1.609107802877,
    -1.900000000002));
#195 = CARTESIAN_POINT('',(-1.334318130373,1.592784537121,-1.9));
#196 = CARTESIAN_POINT('',(-1.43001545048,1.538901249311,-1.9));
#197 = CARTESIAN_POINT('',(-1.490129739098,1.495794760637,-1.9));
#198 = CARTESIAN_POINT('',(-1.658939096769,1.357542114178,-1.9));
#199 = CARTESIAN_POINT('',(-1.758488559211,1.250631024561,-1.9));
#200 = CARTESIAN_POINT('',(-2.018891495058,0.897017393898,-1.9));
#201 = CARTESIAN_POINT('',(-2.135662500084,0.622783085889,
    -1.899999999999));
#202 = CARTESIAN_POINT('',(-2.219304558077,0.196354465125,
    -1.899999999999));
#203 = CARTESIAN_POINT('',(-2.232155200483,4.9365840878E-02,
    -1.899999999999));
#204 = CARTESIAN_POINT('',(-2.227664483186,-0.241345958116,
    -1.899999999999));
#205 = CARTESIAN_POINT('',(-2.210775502262,-0.385112756775,
    -1.899999999999));
#206 = CARTESIAN_POINT('',(-2.14753694436,-0.669449340603,
    -1.899999999999));
#207 = CARTESIAN_POINT('',(-2.101038772359,-0.808993629685,-1.9));
#208 = CARTESIAN_POINT('',(-1.982383716516,-1.072733694273,-1.9));
#209 = CARTESIAN_POINT('',(-1.909426208331,-1.199163825033,-1.9));
#210 = CARTESIAN_POINT('',(-1.738213810104,-1.436120001116,-1.9));
#211 = CARTESIAN_POINT('',(-1.641967476122,-1.544217981453,
    -1.899999999999));
#212 = CARTESIAN_POINT('',(-1.428810213283,-1.74025435551,
    -1.899999999999));
#213 = CARTESIAN_POINT('',(-1.31040283815,-1.828805965288,
    -1.899999999999));
#214 = CARTESIAN_POINT('',(-1.061588806678,-1.977741511826,
    -1.899999999999));
#215 = CARTESIAN_POINT('',(-0.930671047749,-2.039022749059,
    -1.899999999999));
#216 = CARTESIAN_POINT('',(-0.655513259264,-2.134602957978,
    -1.899999999999));
#217 = CARTESIAN_POINT('',(-0.512339862095,-2.168134962432,
    -1.899999999983));
#218 = CARTESIAN_POINT('',(-8.2152403582E-02,-2.222806887422,
    -1.899999999983));
#219 = CARTESIAN_POINT('',(0.215652669686,-2.199744134503,
    -1.899999999999));
#220 = CARTESIAN_POINT('',(0.628802156352,-2.067406228473,
    -1.899999999999));
#221 = CARTESIAN_POINT('',(0.763925982791,-2.00637543227,-1.9));
#222 = CARTESIAN_POINT('',(0.949068986933,-1.888373032535,-1.9));
#223 = CARTESIAN_POINT('',(1.008420536431,-1.844494645438,
    -1.899999999998));
#224 = CARTESIAN_POINT('',(1.089537953823,-1.769948080809,
    -1.899999999998));
#225 = CARTESIAN_POINT('',(1.115384761638,-1.74367337721,-1.899999999999
    ));
#226 = CARTESIAN_POINT('',(1.149636861558,-1.700592700058,
    -1.899999999999));
#227 = CARTESIAN_POINT('',(1.160468177574,-1.685512365176,
    -1.899999999999));
#228 = CARTESIAN_POINT('',(1.173440276656,-1.661236630129,
    -1.899999999999));
#229 = CARTESIAN_POINT('',(1.17731293908,-1.652771634569,-1.899999999999
    ));
#230 = CARTESIAN_POINT('',(1.181921341426,-1.634839075663,
    -1.899999999999));
#231 = CARTESIAN_POINT('',(1.18267893326,-1.624488916847,-1.9));
#232 = CARTESIAN_POINT('',(1.177277666425,-1.616913909717,-1.9));
#233 = ORIENTED_EDGE('',*,*,#234,.T.);
#234 = EDGE_CURVE('',#184,#164,#235,.T.);
#235 = ( BOUNDED_CURVE() B_SPLINE_CURVE(3,(#236,#237,#238,#239),
.UNSPECIFIED.,.F.,.F.) B_SPLINE_CURVE_WITH_KNOTS((4,4),(7.161449527E-03,
7.161548105E-03),.PIECEWISE_BEZIER_KNOTS.) CURVE() 
GEOMETRIC_REPRESENTATION_ITEM() RATIONAL_B_SPLINE_CURVE((0.974408235702,
0.97428051586,0.97415282113,0.97402515151)) REPRESENTATION_ITEM('') );
#236 = CARTESIAN_POINT('',(1.177277666425,-1.616913909717,-1.9));
#237 = CARTESIAN_POINT('',(1.177258541722,-1.616887296898,
    -1.900000009637));
#238 = CARTESIAN_POINT('',(1.177239513277,-1.616860611331,
    -1.900000003213));
#239 = CARTESIAN_POINT('',(1.177220384556,-1.616833994627,
    -1.899999999999));
#240 = FACE_BOUND('',#241,.T.);
#241 = EDGE_LOOP('',(#242,#249));
#242 = ORIENTED_EDGE('',*,*,#243,.T.);
#243 = EDGE_CURVE('',#24,#22,#244,.T.);
#244 = CIRCLE('',#245,3.9);
#245 = AXIS2_PLACEMENT_3D('',#246,#247,#248);
#246 = CARTESIAN_POINT('',(8.7E-16,-1.73E-15,-1.899999999999));
#247 = DIRECTION('',(0.,0.,-1.));
#248 = DIRECTION('',(1.,0.,0.));
#249 = ORIENTED_EDGE('',*,*,#21,.T.);
#250 = FACE_BOUND('',#251,.T.);
#251 = EDGE_LOOP('',(#252,#264,#274,#284,#297,#307,#320,#330));
#252 = ORIENTED_EDGE('',*,*,#253,.F.);
#253 = EDGE_CURVE('',#254,#256,#258,.T.);
#254 = VERTEX_POINT('',#255);
#255 = CARTESIAN_POINT('',(-1.58715703036,2.412210345842,-1.899999999999
    ));
#256 = VERTEX_POINT('',#257);
#257 = CARTESIAN_POINT('',(-2.000266786458,2.412210345842,
    -1.899999999999));
#258 = B_SPLINE_CURVE_WITH_KNOTS('',3,(#259,#260,#261,#262,#263),
  .UNSPECIFIED.,.F.,.F.,(4,1,4),(0.,0.499999999999,0.999998713326),
  .UNSPECIFIED.);
#259 = CARTESIAN_POINT('',(-1.58715703036,2.412210345842,-1.899999999999
    ));
#260 = CARTESIAN_POINT('',(-1.656008656377,2.412210345842,
    -1.899999999999));
#261 = CARTESIAN_POINT('',(-1.793711908409,2.412210345842,
    -1.899999999999));
#262 = CARTESIAN_POINT('',(-1.931415160442,2.412210345842,
    -1.899999999999));
#263 = CARTESIAN_POINT('',(-2.000266786458,2.412210345842,
    -1.899999999999));
#264 = ORIENTED_EDGE('',*,*,#265,.F.);
#265 = EDGE_CURVE('',#266,#254,#268,.T.);
#266 = VERTEX_POINT('',#267);
#267 = CARTESIAN_POINT('',(-1.491692091336,2.131722540964,
    -1.899999999999));
#268 = B_SPLINE_CURVE_WITH_KNOTS('',3,(#269,#270,#271,#272,#273),
  .UNSPECIFIED.,.F.,.F.,(4,1,4),(0.,0.5,0.999998217391),.UNSPECIFIED.);
#269 = CARTESIAN_POINT('',(-1.491692091336,2.131722540964,
    -1.899999999999));
#270 = CARTESIAN_POINT('',(-1.507602914507,2.178470508444,
    -1.899999999999));
#271 = CARTESIAN_POINT('',(-1.539424560848,2.271966443403,
    -1.899999999999));
#272 = CARTESIAN_POINT('',(-1.57124620719,2.365462378362,-1.899999999999
    ));
#273 = CARTESIAN_POINT('',(-1.58715703036,2.412210345842,-1.899999999999
    ));
#274 = ORIENTED_EDGE('',*,*,#275,.F.);
#275 = EDGE_CURVE('',#276,#266,#278,.T.);
#276 = VERTEX_POINT('',#277);
#277 = CARTESIAN_POINT('',(-1.345350627921,2.131722540964,
    -1.899999999999));
#278 = B_SPLINE_CURVE_WITH_KNOTS('',3,(#279,#280,#281,#282,#283),
  .UNSPECIFIED.,.F.,.F.,(4,1,4),(0.,0.5,0.99999639086),.UNSPECIFIED.);
#279 = CARTESIAN_POINT('',(-1.345350627921,2.131722540964,
    -1.899999999999));
#280 = CARTESIAN_POINT('',(-1.369740871824,2.131722540964,
    -1.899999999999));
#281 = CARTESIAN_POINT('',(-1.418521359629,2.131722540964,
    -1.899999999999));
#282 = CARTESIAN_POINT('',(-1.467301847433,2.131722540964,
    -1.899999999999));
#283 = CARTESIAN_POINT('',(-1.491692091336,2.131722540964,
    -1.899999999999));
#284 = ORIENTED_EDGE('',*,*,#285,.F.);
#285 = EDGE_CURVE('',#286,#276,#288,.T.);
#286 = VERTEX_POINT('',#287);
#287 = CARTESIAN_POINT('',(-1.723399408409,3.131722540964,
    -1.899999999999));
#288 = B_SPLINE_CURVE_WITH_KNOTS('',3,(#289,#290,#291,#292,#293,#294,
    #295,#296),.UNSPECIFIED.,.F.,.F.,(4,1,1,1,1,4),(0.,0.199999999999,
    0.399999999999,0.599999999999,0.799999999999,1.),.UNSPECIFIED.);
#289 = CARTESIAN_POINT('',(-1.723399408409,3.131722540964,
    -1.899999999999));
#290 = CARTESIAN_POINT('',(-1.698196156377,3.065055874297,
    -1.899999999999));
#291 = CARTESIAN_POINT('',(-1.647789652312,2.931722540964,
    -1.899999999999));
#292 = CARTESIAN_POINT('',(-1.572179896214,2.731722540964,
    -1.899999999999));
#293 = CARTESIAN_POINT('',(-1.496570140116,2.531722540964,
    -1.899999999999));
#294 = CARTESIAN_POINT('',(-1.420960384019,2.331722540964,
    -1.899999999999));
#295 = CARTESIAN_POINT('',(-1.370553879954,2.198389207631,
    -1.899999999999));
#296 = CARTESIAN_POINT('',(-1.345350627921,2.131722540964,
    -1.899999999999));
#297 = ORIENTED_EDGE('',*,*,#298,.F.);
#298 = EDGE_CURVE('',#299,#286,#301,.T.);
#299 = VERTEX_POINT('',#300);
#300 = CARTESIAN_POINT('',(-1.857545749873,3.131722540964,
    -1.899999999999));
#301 = B_SPLINE_CURVE_WITH_KNOTS('',3,(#302,#303,#304,#305,#306),
  .UNSPECIFIED.,.F.,.F.,(4,1,4),(0.,0.499999999999,0.999996015266),
  .UNSPECIFIED.);
#302 = CARTESIAN_POINT('',(-1.857545749873,3.131722540964,
    -1.899999999999));
#303 = CARTESIAN_POINT('',(-1.835188026295,3.131722540964,
    -1.899999999999));
#304 = CARTESIAN_POINT('',(-1.790472579141,3.131722540964,
    -1.899999999999));
#305 = CARTESIAN_POINT('',(-1.745757131986,3.131722540964,
    -1.899999999999));
#306 = CARTESIAN_POINT('',(-1.723399408409,3.131722540964,
    -1.899999999999));
#307 = ORIENTED_EDGE('',*,*,#308,.F.);
#308 = EDGE_CURVE('',#309,#299,#311,.T.);
#309 = VERTEX_POINT('',#310);
#310 = CARTESIAN_POINT('',(-2.247789652312,2.131722540964,
    -1.899999999999));
#311 = B_SPLINE_CURVE_WITH_KNOTS('',3,(#312,#313,#314,#315,#316,#317,
    #318,#319),.UNSPECIFIED.,.F.,.F.,(4,1,1,1,1,4),(0.,0.2,0.4,
    0.599999999999,0.8,0.999999499999),.UNSPECIFIED.);
#312 = CARTESIAN_POINT('',(-2.247789652312,2.131722540964,
    -1.899999999999));
#313 = CARTESIAN_POINT('',(-2.221773392149,2.198389207631,
    -1.899999999999));
#314 = CARTESIAN_POINT('',(-2.169740871824,2.331722540964,
    -1.899999999999));
#315 = CARTESIAN_POINT('',(-2.091692091336,2.531722540964,
    -1.899999999999));
#316 = CARTESIAN_POINT('',(-2.013643310848,2.731722540964,
    -1.899999999999));
#317 = CARTESIAN_POINT('',(-1.93559453036,2.931722540964,-1.899999999999
    ));
#318 = CARTESIAN_POINT('',(-1.883562010035,3.065055874297,
    -1.899999999999));
#319 = CARTESIAN_POINT('',(-1.857545749873,3.131722540964,
    -1.899999999999));
#320 = ORIENTED_EDGE('',*,*,#321,.F.);
#321 = EDGE_CURVE('',#322,#309,#324,.T.);
#322 = VERTEX_POINT('',#323);
#323 = CARTESIAN_POINT('',(-2.101448188897,2.131722540964,
    -1.899999999999));
#324 = B_SPLINE_CURVE_WITH_KNOTS('',3,(#325,#326,#327,#328,#329),
  .UNSPECIFIED.,.F.,.F.,(4,1,4),(0.,0.499999999999,0.999996332386),
  .UNSPECIFIED.);
#325 = CARTESIAN_POINT('',(-2.101448188897,2.131722540964,
    -1.899999999999));
#326 = CARTESIAN_POINT('',(-2.125838432799,2.131722540964,
    -1.899999999999));
#327 = CARTESIAN_POINT('',(-2.174618920604,2.131722540964,
    -1.899999999999));
#328 = CARTESIAN_POINT('',(-2.223399408409,2.131722540964,
    -1.899999999999));
#329 = CARTESIAN_POINT('',(-2.247789652312,2.131722540964,
    -1.899999999999));
#330 = ORIENTED_EDGE('',*,*,#331,.F.);
#331 = EDGE_CURVE('',#256,#322,#332,.T.);
#332 = B_SPLINE_CURVE_WITH_KNOTS('',3,(#333,#334,#335,#336,#337),
  .UNSPECIFIED.,.F.,.F.,(4,1,4),(0.,0.5,0.999998217391),.UNSPECIFIED.);
#333 = CARTESIAN_POINT('',(-2.000266786458,2.412210345842,
    -1.899999999999));
#334 = CARTESIAN_POINT('',(-2.017130353531,2.365462378362,
    -1.899999999999));
#335 = CARTESIAN_POINT('',(-2.050857487677,2.271966443403,
    -1.899999999999));
#336 = CARTESIAN_POINT('',(-2.084584621824,2.178470508444,
    -1.899999999999));
#337 = CARTESIAN_POINT('',(-2.101448188897,2.131722540964,
    -1.899999999999));
#338 = FACE_BOUND('',#339,.T.);
#339 = EDGE_LOOP('',(#340,#352,#364,#374,#385));
#340 = ORIENTED_EDGE('',*,*,#341,.F.);
#341 = EDGE_CURVE('',#342,#344,#346,.T.);
#342 = VERTEX_POINT('',#343);
#343 = CARTESIAN_POINT('',(-0.467301847433,2.131722540964,
    -1.899999999999));
#344 = VERTEX_POINT('',#345);
#345 = CARTESIAN_POINT('',(-0.73921495719,2.131722540964,-1.899999999999
    ));
#346 = B_SPLINE_CURVE_WITH_KNOTS('',3,(#347,#348,#349,#350,#351),
  .UNSPECIFIED.,.F.,.F.,(4,1,4),(0.,0.5,0.999997347286),.UNSPECIFIED.);
#347 = CARTESIAN_POINT('',(-0.467301847433,2.131722540964,
    -1.899999999999));
#348 = CARTESIAN_POINT('',(-0.51262069906,2.131722540964,-1.899999999999
    ));
#349 = CARTESIAN_POINT('',(-0.603258402312,2.131722540964,
    -1.899999999999));
#350 = CARTESIAN_POINT('',(-0.693896105564,2.131722540964,
    -1.899999999999));
#351 = CARTESIAN_POINT('',(-0.73921495719,2.131722540964,-1.899999999999
    ));
#352 = ORIENTED_EDGE('',*,*,#353,.F.);
#353 = EDGE_CURVE('',#354,#342,#356,.T.);
#354 = VERTEX_POINT('',#355);
#355 = CARTESIAN_POINT('',(-0.467301847433,3.131722540964,
    -1.899999999999));
#356 = B_SPLINE_CURVE_WITH_KNOTS('',3,(#357,#358,#359,#360,#361,#362,
    #363),.UNSPECIFIED.,.F.,.F.,(4,1,1,1,4),(0.,0.25,0.5,0.75,
    0.999999499999),.UNSPECIFIED.);
#357 = CARTESIAN_POINT('',(-0.467301847433,3.131722540964,
    -1.899999999999));
#358 = CARTESIAN_POINT('',(-0.467301847433,3.048389207631,
    -1.899999999999));
#359 = CARTESIAN_POINT('',(-0.467301847433,2.881722540964,
    -1.899999999999));
#360 = CARTESIAN_POINT('',(-0.467301847433,2.631722540964,
    -1.899999999999));
#361 = CARTESIAN_POINT('',(-0.467301847433,2.381722540964,
    -1.899999999999));
#362 = CARTESIAN_POINT('',(-0.467301847433,2.215055874297,
    -1.899999999999));
#363 = CARTESIAN_POINT('',(-0.467301847433,2.131722540964,
    -1.899999999999));
#364 = ORIENTED_EDGE('',*,*,#365,.F.);
#365 = EDGE_CURVE('',#366,#354,#368,.T.);
#366 = VERTEX_POINT('',#367);
#367 = CARTESIAN_POINT('',(-0.749504591336,3.131722540964,
    -1.899999999999));
#368 = B_SPLINE_CURVE_WITH_KNOTS('',3,(#369,#370,#371,#372,#373),
  .UNSPECIFIED.,.F.,.F.,(4,1,4),(0.,0.5,0.999998228224),.UNSPECIFIED.);
#369 = CARTESIAN_POINT('',(-0.749504591336,3.131722540964,
    -1.899999999999));
#370 = CARTESIAN_POINT('',(-0.702470800686,3.131722540964,
    -1.899999999999));
#371 = CARTESIAN_POINT('',(-0.608403219385,3.131722540964,
    -1.899999999999));
#372 = CARTESIAN_POINT('',(-0.514335638084,3.131722540964,
    -1.899999999999));
#373 = CARTESIAN_POINT('',(-0.467301847433,3.131722540964,
    -1.899999999999));
#374 = ORIENTED_EDGE('',*,*,#375,.F.);
#375 = EDGE_CURVE('',#376,#366,#378,.T.);
#376 = VERTEX_POINT('',#377);
#377 = CARTESIAN_POINT('',(-1.272179896214,2.644298760476,
    -1.899999999999));
#378 = B_SPLINE_CURVE_WITH_KNOTS('',3,(#379,#380,#381,#382,#383,#384),
  .UNSPECIFIED.,.F.,.F.,(4,1,1,4),(0.,0.332914723719,0.665762274404,
    0.999999999999),.UNSPECIFIED.);
#379 = CARTESIAN_POINT('',(-1.272179896214,2.644298760476,
    -1.899999999999));
#380 = CARTESIAN_POINT('',(-1.260624458829,2.734120039583,
    -1.899999999999));
#381 = CARTESIAN_POINT('',(-1.237515915628,2.913744474332,
    -1.899999999999));
#382 = CARTESIAN_POINT('',(-1.016226701477,3.103119365685,
    -1.899999999999));
#383 = CARTESIAN_POINT('',(-0.838535394875,3.122174912245,
    -1.899999999999));
#384 = CARTESIAN_POINT('',(-0.749504591336,3.131722540964,
    -1.899999999999));
#385 = ORIENTED_EDGE('',*,*,#386,.F.);
#386 = EDGE_CURVE('',#344,#376,#387,.T.);
#387 = B_SPLINE_CURVE_WITH_KNOTS('',3,(#388,#389,#390,#391,#392,#393),
  .UNSPECIFIED.,.F.,.F.,(4,1,1,4),(0.,0.334058822478,0.66666917402,
    0.999999264774),.UNSPECIFIED.);
#388 = CARTESIAN_POINT('',(-0.73921495719,2.131722540964,-1.899999999999
    ));
#389 = CARTESIAN_POINT('',(-0.831764001586,2.141582167019,
    -1.899999999999));
#390 = CARTESIAN_POINT('',(-1.01646079997,2.161258668031,-1.899999999999
    ));
#391 = CARTESIAN_POINT('',(-1.239019130519,2.365485825288,
    -1.899999999999));
#392 = CARTESIAN_POINT('',(-1.261118338019,2.551294107434,
    -1.899999999999));
#393 = CARTESIAN_POINT('',(-1.272179896214,2.644298760476,
    -1.899999999999));
#394 = FACE_BOUND('',#395,.T.);
#395 = EDGE_LOOP('',(#396,#408,#418,#428,#438,#448,#458,#468,#480,#490,
    #500,#510));
#396 = ORIENTED_EDGE('',*,*,#397,.F.);
#397 = EDGE_CURVE('',#398,#400,#402,.T.);
#398 = VERTEX_POINT('',#399);
#399 = CARTESIAN_POINT('',(-0.223399408409,2.69269815072,-1.899999999999
    ));
#400 = VERTEX_POINT('',#401);
#401 = CARTESIAN_POINT('',(0.130259128175,2.69269815072,-1.899999999999)
  );
#402 = B_SPLINE_CURVE_WITH_KNOTS('',3,(#403,#404,#405,#406,#407),
  .UNSPECIFIED.,.F.,.F.,(4,1,4),(0.,0.5,0.999998586206),.UNSPECIFIED.);
#403 = CARTESIAN_POINT('',(-0.223399408409,2.69269815072,-1.899999999999
    ));
#404 = CARTESIAN_POINT('',(-0.164456318978,2.69269815072,-1.899999999999
    ));
#405 = CARTESIAN_POINT('',(-4.6570140116E-02,2.69269815072,
    -1.899999999999));
#406 = CARTESIAN_POINT('',(7.1316038744E-02,2.69269815072,
    -1.899999999999));
#407 = CARTESIAN_POINT('',(0.130259128175,2.69269815072,-1.899999999999)
  );
#408 = ORIENTED_EDGE('',*,*,#409,.F.);
#409 = EDGE_CURVE('',#410,#398,#412,.T.);
#410 = VERTEX_POINT('',#411);
#411 = CARTESIAN_POINT('',(-0.223399408409,2.582942053159,
    -1.899999999999));
#412 = B_SPLINE_CURVE_WITH_KNOTS('',3,(#413,#414,#415,#416,#417),
  .UNSPECIFIED.,.F.,.F.,(4,1,4),(0.,0.499999999999,0.999995444444),
  .UNSPECIFIED.);
#413 = CARTESIAN_POINT('',(-0.223399408409,2.582942053159,
    -1.899999999999));
#414 = CARTESIAN_POINT('',(-0.223399408409,2.601234736086,
    -1.899999999999));
#415 = CARTESIAN_POINT('',(-0.223399408409,2.637819935273,
    -1.899999999999));
#416 = CARTESIAN_POINT('',(-0.223399408409,2.67440513446,-1.899999999999
    ));
#417 = CARTESIAN_POINT('',(-0.223399408409,2.69269815072,-1.899999999999
    ));
#418 = ORIENTED_EDGE('',*,*,#419,.F.);
#419 = EDGE_CURVE('',#420,#410,#422,.T.);
#420 = VERTEX_POINT('',#421);
#421 = CARTESIAN_POINT('',(0.130259128175,2.582942053159,-1.899999999999
    ));
#422 = B_SPLINE_CURVE_WITH_KNOTS('',3,(#423,#424,#425,#426,#427),
  .UNSPECIFIED.,.F.,.F.,(4,1,4),(0.,0.5,0.999998586206),.UNSPECIFIED.);
#423 = CARTESIAN_POINT('',(0.130259128175,2.582942053159,-1.899999999999
    ));
#424 = CARTESIAN_POINT('',(7.1316038744E-02,2.582942053159,
    -1.899999999999));
#425 = CARTESIAN_POINT('',(-4.6570140116E-02,2.582942053159,
    -1.899999999999));
#426 = CARTESIAN_POINT('',(-0.164456318978,2.582942053159,
    -1.899999999999));
#427 = CARTESIAN_POINT('',(-0.223399408409,2.582942053159,
    -1.899999999999));
#428 = ORIENTED_EDGE('',*,*,#429,.F.);
#429 = EDGE_CURVE('',#430,#420,#432,.T.);
#430 = VERTEX_POINT('',#431);
#431 = CARTESIAN_POINT('',(0.130259128175,2.241478638525,-1.899999999999
    ));
#432 = B_SPLINE_CURVE_WITH_KNOTS('',3,(#433,#434,#435,#436,#437),
  .UNSPECIFIED.,.F.,.F.,(4,1,4),(0.,0.5,1.),.QUASI_UNIFORM_KNOTS.);
#433 = CARTESIAN_POINT('',(0.130259128175,2.241478638525,-1.899999999999
    ));
#434 = CARTESIAN_POINT('',(0.130259128175,2.298389207631,-1.899999999999
    ));
#435 = CARTESIAN_POINT('',(0.130259128175,2.412210345842,-1.899999999999
    ));
#436 = CARTESIAN_POINT('',(0.130259128175,2.526031484053,-1.899999999999
    ));
#437 = CARTESIAN_POINT('',(0.130259128175,2.582942053159,-1.899999999999
    ));
#438 = ORIENTED_EDGE('',*,*,#439,.F.);
#439 = EDGE_CURVE('',#440,#430,#442,.T.);
#440 = VERTEX_POINT('',#441);
#441 = CARTESIAN_POINT('',(-0.272179896214,2.241478638525,
    -1.899999999999));
#442 = B_SPLINE_CURVE_WITH_KNOTS('',3,(#443,#444,#445,#446,#447),
  .UNSPECIFIED.,.F.,.F.,(4,1,4),(0.,0.499999999999,0.999998757575),
  .UNSPECIFIED.);
#443 = CARTESIAN_POINT('',(-0.272179896214,2.241478638525,
    -1.899999999999));
#444 = CARTESIAN_POINT('',(-0.205106725482,2.241478638525,
    -1.899999999999));
#445 = CARTESIAN_POINT('',(-7.0960384019E-02,2.241478638525,
    -1.899999999999));
#446 = CARTESIAN_POINT('',(6.3185957444E-02,2.241478638525,
    -1.899999999999));
#447 = CARTESIAN_POINT('',(0.130259128175,2.241478638525,-1.899999999999
    ));
#448 = ORIENTED_EDGE('',*,*,#449,.F.);
#449 = EDGE_CURVE('',#450,#440,#452,.T.);
#450 = VERTEX_POINT('',#451);
#451 = CARTESIAN_POINT('',(-0.272179896214,2.131722540964,
    -1.899999999999));
#452 = B_SPLINE_CURVE_WITH_KNOTS('',3,(#453,#454,#455,#456,#457),
  .UNSPECIFIED.,.F.,.F.,(4,1,4),(0.,0.5,0.999995444444),.UNSPECIFIED.);
#453 = CARTESIAN_POINT('',(-0.272179896214,2.131722540964,
    -1.899999999999));
#454 = CARTESIAN_POINT('',(-0.272179896214,2.150015223891,
    -1.899999999999));
#455 = CARTESIAN_POINT('',(-0.272179896214,2.186600423078,
    -1.899999999999));
#456 = CARTESIAN_POINT('',(-0.272179896214,2.223185622265,
    -1.899999999999));
#457 = CARTESIAN_POINT('',(-0.272179896214,2.241478638525,
    -1.899999999999));
#458 = ORIENTED_EDGE('',*,*,#459,.F.);
#459 = EDGE_CURVE('',#460,#450,#462,.T.);
#460 = VERTEX_POINT('',#461);
#461 = CARTESIAN_POINT('',(0.264405469639,2.131722540964,-1.899999999999
    ));
#462 = B_SPLINE_CURVE_WITH_KNOTS('',3,(#463,#464,#465,#466,#467),
  .UNSPECIFIED.,.F.,.F.,(4,1,4),(0.,0.5,0.999999068181),.UNSPECIFIED.);
#463 = CARTESIAN_POINT('',(0.264405469639,2.131722540964,-1.899999999999
    ));
#464 = CARTESIAN_POINT('',(0.17497457533,2.131722540964,-1.899999999999)
  );
#465 = CARTESIAN_POINT('',(-3.887213287E-03,2.131722540964,
    -1.899999999999));
#466 = CARTESIAN_POINT('',(-0.182749001905,2.131722540964,
    -1.899999999999));
#467 = CARTESIAN_POINT('',(-0.272179896214,2.131722540964,
    -1.899999999999));
#468 = ORIENTED_EDGE('',*,*,#469,.F.);
#469 = EDGE_CURVE('',#470,#460,#472,.T.);
#470 = VERTEX_POINT('',#471);
#471 = CARTESIAN_POINT('',(0.264405469639,3.131722540964,-1.899999999999
    ));
#472 = B_SPLINE_CURVE_WITH_KNOTS('',3,(#473,#474,#475,#476,#477,#478,
    #479),.UNSPECIFIED.,.F.,.F.,(4,1,1,1,4),(0.,0.25,0.5,0.749999999999,
    0.999999499999),.UNSPECIFIED.);
#473 = CARTESIAN_POINT('',(0.264405469639,3.131722540964,-1.899999999999
    ));
#474 = CARTESIAN_POINT('',(0.264405469639,3.048389207631,-1.899999999999
    ));
#475 = CARTESIAN_POINT('',(0.264405469639,2.881722540964,-1.899999999999
    ));
#476 = CARTESIAN_POINT('',(0.264405469639,2.631722540964,-1.899999999999
    ));
#477 = CARTESIAN_POINT('',(0.264405469639,2.381722540964,-1.899999999999
    ));
#478 = CARTESIAN_POINT('',(0.264405469639,2.215055874297,-1.899999999999
    ));
#479 = CARTESIAN_POINT('',(0.264405469639,2.131722540964,-1.899999999999
    ));
#480 = ORIENTED_EDGE('',*,*,#481,.F.);
#481 = EDGE_CURVE('',#482,#470,#484,.T.);
#482 = VERTEX_POINT('',#483);
#483 = CARTESIAN_POINT('',(-0.247789652312,3.131722540964,
    -1.899999999999));
#484 = B_SPLINE_CURVE_WITH_KNOTS('',3,(#485,#486,#487,#488,#489),
  .UNSPECIFIED.,.F.,.F.,(4,1,4),(0.,0.5,0.999999023809),.UNSPECIFIED.);
#485 = CARTESIAN_POINT('',(-0.247789652312,3.131722540964,
    -1.899999999999));
#486 = CARTESIAN_POINT('',(-0.162423798653,3.131722540964,
    -1.899999999999));
#487 = CARTESIAN_POINT('',(8.307908663E-03,3.131722540964,
    -1.899999999999));
#488 = CARTESIAN_POINT('',(0.17903961598,3.131722540964,-1.899999999999)
  );
#489 = CARTESIAN_POINT('',(0.264405469639,3.131722540964,-1.899999999999
    ));
#490 = ORIENTED_EDGE('',*,*,#491,.F.);
#491 = EDGE_CURVE('',#492,#482,#494,.T.);
#492 = VERTEX_POINT('',#493);
#493 = CARTESIAN_POINT('',(-0.247789652312,3.021966443403,
    -1.899999999999));
#494 = B_SPLINE_CURVE_WITH_KNOTS('',3,(#495,#496,#497,#498,#499),
  .UNSPECIFIED.,.F.,.F.,(4,1,4),(0.,0.499999999999,0.999995444444),
  .UNSPECIFIED.);
#495 = CARTESIAN_POINT('',(-0.247789652312,3.021966443403,
    -1.899999999999));
#496 = CARTESIAN_POINT('',(-0.247789652312,3.04025912633,-1.899999999999
    ));
#497 = CARTESIAN_POINT('',(-0.247789652312,3.076844325517,
    -1.899999999999));
#498 = CARTESIAN_POINT('',(-0.247789652312,3.113429524704,
    -1.899999999999));
#499 = CARTESIAN_POINT('',(-0.247789652312,3.131722540964,
    -1.899999999999));
#500 = ORIENTED_EDGE('',*,*,#501,.F.);
#501 = EDGE_CURVE('',#502,#492,#504,.T.);
#502 = VERTEX_POINT('',#503);
#503 = CARTESIAN_POINT('',(0.130259128175,3.021966443403,-1.899999999999
    ));
#504 = B_SPLINE_CURVE_WITH_KNOTS('',3,(#505,#506,#507,#508,#509),
  .UNSPECIFIED.,.F.,.F.,(4,1,4),(0.,0.499999999999,0.999998677419),
  .UNSPECIFIED.);
#505 = CARTESIAN_POINT('',(0.130259128175,3.021966443403,-1.899999999999
    ));
#506 = CARTESIAN_POINT('',(6.7250998094E-02,3.021966443403,
    -1.899999999999));
#507 = CARTESIAN_POINT('',(-5.8765262068E-02,3.021966443403,
    -1.899999999999));
#508 = CARTESIAN_POINT('',(-0.18478152223,3.021966443403,-1.899999999999
    ));
#509 = CARTESIAN_POINT('',(-0.247789652312,3.021966443403,
    -1.899999999999));
#510 = ORIENTED_EDGE('',*,*,#511,.F.);
#511 = EDGE_CURVE('',#400,#502,#512,.T.);
#512 = B_SPLINE_CURVE_WITH_KNOTS('',3,(#513,#514,#515,#516,#517),
  .UNSPECIFIED.,.F.,.F.,(4,1,4),(0.,0.499999999999,0.999998481481),
  .UNSPECIFIED.);
#513 = CARTESIAN_POINT('',(0.130259128175,2.69269815072,-1.899999999999)
  );
#514 = CARTESIAN_POINT('',(0.130259128175,2.747576199501,-1.899999999999
    ));
#515 = CARTESIAN_POINT('',(0.130259128175,2.857332297062,-1.899999999999
    ));
#516 = CARTESIAN_POINT('',(0.130259128175,2.967088394623,-1.899999999999
    ));
#517 = CARTESIAN_POINT('',(0.130259128175,3.021966443403,-1.899999999999
    ));
#518 = FACE_BOUND('',#519,.T.);
#519 = EDGE_LOOP('',(#520,#532,#542,#552,#562,#572,#582,#593,#604,#614)
  );
#520 = ORIENTED_EDGE('',*,*,#521,.F.);
#521 = EDGE_CURVE('',#522,#524,#526,.T.);
#522 = VERTEX_POINT('',#523);
#523 = CARTESIAN_POINT('',(0.693711872078,3.034161565354,-1.899999999999
    ));
#524 = VERTEX_POINT('',#525);
#525 = CARTESIAN_POINT('',(0.459527420858,2.97013717511,-1.899999999999)
  );
#526 = B_SPLINE_CURVE_WITH_KNOTS('',3,(#527,#528,#529,#530,#531),
  .UNSPECIFIED.,.F.,.F.,(4,1,4),(0.,0.440436656023,0.999997749566),
  .UNSPECIFIED.);
#527 = CARTESIAN_POINT('',(0.693711872078,3.034161565354,-1.899999999999
    ));
#528 = CARTESIAN_POINT('',(0.657422491832,3.032223921164,-1.899999999999
    ));
#529 = CARTESIAN_POINT('',(0.575028395542,3.027824550303,-1.899999999999
    ));
#530 = CARTESIAN_POINT('',(0.500968579293,2.990835110012,-1.899999999999
    ));
#531 = CARTESIAN_POINT('',(0.459527420858,2.97013717511,-1.899999999999)
  );
#532 = ORIENTED_EDGE('',*,*,#533,.F.);
#533 = EDGE_CURVE('',#534,#522,#536,.T.);
#534 = VERTEX_POINT('',#535);
#535 = CARTESIAN_POINT('',(1.069283518419,2.621051809257,-1.899999999999
    ));
#536 = B_SPLINE_CURVE_WITH_KNOTS('',3,(#537,#538,#539,#540,#541),
  .UNSPECIFIED.,.F.,.F.,(4,1,4),(0.,0.44618891039,0.999998571726),
  .UNSPECIFIED.);
#537 = CARTESIAN_POINT('',(1.069283518419,2.621051809257,-1.899999999999
    ));
#538 = CARTESIAN_POINT('',(1.057690042455,2.719023240813,-1.899999999999
    ));
#539 = CARTESIAN_POINT('',(1.031706707383,2.938597123701,-1.899999999999
    ));
#540 = CARTESIAN_POINT('',(0.814180370002,3.00010037998,-1.899999999999)
  );
#541 = CARTESIAN_POINT('',(0.693711872078,3.034161565354,-1.899999999999
    ));
#542 = ORIENTED_EDGE('',*,*,#543,.F.);
#543 = EDGE_CURVE('',#544,#534,#546,.T.);
#544 = VERTEX_POINT('',#545);
#545 = CARTESIAN_POINT('',(0.716196628175,2.229283516574,-1.899999999999
    ));
#546 = B_SPLINE_CURVE_WITH_KNOTS('',3,(#547,#548,#549,#550,#551),
  .UNSPECIFIED.,.F.,.F.,(4,1,4),(0.,0.440948198198,1.),.UNSPECIFIED.);
#547 = CARTESIAN_POINT('',(0.716196628175,2.229283516574,-1.899999999999
    ));
#548 = CARTESIAN_POINT('',(0.806842787356,2.247979432858,-1.899999999999
    ));
#549 = CARTESIAN_POINT('',(1.012413780846,2.290378781263,-1.899999999999
    ));
#550 = CARTESIAN_POINT('',(1.048890912335,2.502477588763,-1.899999999999
    ));
#551 = CARTESIAN_POINT('',(1.069283518419,2.621051809257,-1.899999999999
    ));
#552 = ORIENTED_EDGE('',*,*,#553,.F.);
#553 = EDGE_CURVE('',#554,#544,#556,.T.);
#554 = VERTEX_POINT('',#555);
#555 = CARTESIAN_POINT('',(0.459527420858,2.293307906818,-1.899999999999
    ));
#556 = B_SPLINE_CURVE_WITH_KNOTS('',3,(#557,#558,#559,#560,#561),
  .UNSPECIFIED.,.F.,.F.,(4,1,4),(0.,0.440010228626,0.99999761794),
  .UNSPECIFIED.);
#557 = CARTESIAN_POINT('',(0.459527420858,2.293307906818,-1.899999999999
    ));
#558 = CARTESIAN_POINT('',(0.495047566471,2.275952833736,-1.899999999999
    ));
#559 = CARTESIAN_POINT('',(0.575773293515,2.236510402738,-1.899999999999
    ));
#560 = CARTESIAN_POINT('',(0.665788841845,2.231877753026,-1.899999999999
    ));
#561 = CARTESIAN_POINT('',(0.716196628175,2.229283516574,-1.899999999999
    ));
#562 = ORIENTED_EDGE('',*,*,#563,.F.);
#563 = EDGE_CURVE('',#564,#554,#566,.T.);
#564 = VERTEX_POINT('',#565);
#565 = CARTESIAN_POINT('',(0.459527420858,2.183551809257,-1.899999999999
    ));
#566 = B_SPLINE_CURVE_WITH_KNOTS('',3,(#567,#568,#569,#570,#571),
  .UNSPECIFIED.,.F.,.F.,(4,1,4),(0.,0.499999999999,0.99999492975),
  .UNSPECIFIED.);
#567 = CARTESIAN_POINT('',(0.459527420858,2.183551809257,-1.899999999999
    ));
#568 = CARTESIAN_POINT('',(0.459527420858,2.201844492183,-1.899999999999
    ));
#569 = CARTESIAN_POINT('',(0.459527420858,2.23842967254,-1.899999999999)
  );
#570 = CARTESIAN_POINT('',(0.459527420858,2.275014852897,-1.899999999999
    ));
#571 = CARTESIAN_POINT('',(0.459527420858,2.293307906818,-1.899999999999
    ));
#572 = ORIENTED_EDGE('',*,*,#573,.F.);
#573 = EDGE_CURVE('',#574,#564,#576,.T.);
#574 = VERTEX_POINT('',#575);
#575 = CARTESIAN_POINT('',(0.734679859883,2.119527419013,-1.899999999999
    ));
#576 = B_SPLINE_CURVE_WITH_KNOTS('',3,(#577,#578,#579,#580,#581),
  .UNSPECIFIED.,.F.,.F.,(4,1,4),(0.,0.440890142866,0.999998105654),
  .UNSPECIFIED.);
#577 = CARTESIAN_POINT('',(0.734679859883,2.119527419013,-1.899999999999
    ));
#578 = CARTESIAN_POINT('',(0.692460049218,2.120704531264,-1.899999999999
    ));
#579 = CARTESIAN_POINT('',(0.596699662312,2.123374385127,-1.899999999999
    ));
#580 = CARTESIAN_POINT('',(0.508718535885,2.161971680792,-1.899999999999
    ));
#581 = CARTESIAN_POINT('',(0.459527420858,2.183551809257,-1.899999999999
    ));
#582 = ORIENTED_EDGE('',*,*,#583,.F.);
#583 = EDGE_CURVE('',#584,#574,#586,.T.);
#584 = VERTEX_POINT('',#585);
#585 = CARTESIAN_POINT('',(1.203429859883,2.612858211696,-1.899999999999
    ));
#586 = B_SPLINE_CURVE_WITH_KNOTS('',3,(#587,#588,#589,#590,#591,#592),
  .UNSPECIFIED.,.F.,.F.,(4,1,1,4),(0.,0.334284794557,0.666627845532,
    0.999998098221),.UNSPECIFIED.);
#587 = CARTESIAN_POINT('',(1.203429859883,2.612858211696,-1.899999999999
    ));
#588 = CARTESIAN_POINT('',(1.195269929326,2.527350525106,-1.899999999999
    ));
#589 = CARTESIAN_POINT('',(1.178997466398,2.356831836205,-1.899999999999
    ));
#590 = CARTESIAN_POINT('',(0.992149935909,2.149513943407,-1.899999999999
    ));
#591 = CARTESIAN_POINT('',(0.820591620355,2.129533222953,-1.899999999999
    ));
#592 = CARTESIAN_POINT('',(0.734679859883,2.119527419013,-1.899999999999
    ));
#593 = ORIENTED_EDGE('',*,*,#594,.F.);
#594 = EDGE_CURVE('',#595,#584,#597,.T.);
#595 = VERTEX_POINT('',#596);
#596 = CARTESIAN_POINT('',(0.694855164761,3.143917662915,-1.899999999999
    ));
#597 = B_SPLINE_CURVE_WITH_KNOTS('',3,(#598,#599,#600,#601,#602,#603),
  .UNSPECIFIED.,.F.,.F.,(4,1,1,4),(0.,0.333207070446,0.665931131782,
    0.999999208626),.UNSPECIFIED.);
#598 = CARTESIAN_POINT('',(0.694855164761,3.143917662915,-1.899999999999
    ));
#599 = CARTESIAN_POINT('',(0.786799905757,3.131807629728,-1.899999999999
    ));
#600 = CARTESIAN_POINT('',(0.970556106822,3.107605117772,-1.899999999999
    ));
#601 = CARTESIAN_POINT('',(1.174573035631,2.888500549198,-1.899999999999
    ));
#602 = CARTESIAN_POINT('',(1.193797993985,2.704862446373,-1.899999999999
    ));
#603 = CARTESIAN_POINT('',(1.203429859883,2.612858211696,-1.899999999999
    ));
#604 = ORIENTED_EDGE('',*,*,#605,.F.);
#605 = EDGE_CURVE('',#606,#595,#608,.T.);
#606 = VERTEX_POINT('',#607);
#607 = CARTESIAN_POINT('',(0.459527420858,3.104283516574,-1.899999999999
    ));
#608 = B_SPLINE_CURVE_WITH_KNOTS('',3,(#609,#610,#611,#612,#613),
  .UNSPECIFIED.,.F.,.F.,(4,1,4),(0.,0.43977387616,0.999997196233),
  .UNSPECIFIED.);
#609 = CARTESIAN_POINT('',(0.459527420858,3.104283516574,-1.899999999999
    ));
#610 = CARTESIAN_POINT('',(0.493049098023,3.115485542304,-1.899999999999
    ));
#611 = CARTESIAN_POINT('',(0.569273901227,3.14095778233,-1.899999999999)
  );
#612 = CARTESIAN_POINT('',(0.649763044188,3.142854866695,-1.899999999999
    ));
#613 = CARTESIAN_POINT('',(0.694855164761,3.143917662915,-1.899999999999
    ));
#614 = ORIENTED_EDGE('',*,*,#615,.F.);
#615 = EDGE_CURVE('',#524,#606,#616,.T.);
#616 = B_SPLINE_CURVE_WITH_KNOTS('',3,(#617,#618,#619,#620,#621),
  .UNSPECIFIED.,.F.,.F.,(4,1,4),(0.,0.499999999999,0.999996220233),
  .UNSPECIFIED.);
#617 = CARTESIAN_POINT('',(0.459527420858,2.97013717511,-1.899999999999)
  );
#618 = CARTESIAN_POINT('',(0.459527420858,2.992494898688,-1.899999999999
    ));
#619 = CARTESIAN_POINT('',(0.459527420858,3.037210345842,-1.899999999999
    ));
#620 = CARTESIAN_POINT('',(0.459527420858,3.081925792997,-1.899999999999
    ));
#621 = CARTESIAN_POINT('',(0.459527420858,3.104283516574,-1.899999999999
    ));
#622 = PLANE('',#623);
#623 = AXIS2_PLACEMENT_3D('',#624,#625,#626);
#624 = CARTESIAN_POINT('',(0.,0.,-1.899999999999));
#625 = DIRECTION('',(0.,0.,1.));
#626 = DIRECTION('',(1.,0.,-0.));
#627 = ADVANCED_FACE('',(#628),#790,.F.);
#628 = FACE_BOUND('',#629,.F.);
#629 = EDGE_LOOP('',(#630,#686,#687,#741));
#630 = ORIENTED_EDGE('',*,*,#631,.T.);
#631 = EDGE_CURVE('',#632,#175,#634,.T.);
#632 = VERTEX_POINT('',#633);
#633 = CARTESIAN_POINT('',(9.40028284E-03,2.000027069826,0.999999999999)
  );
#634 = ( BOUNDED_CURVE() B_SPLINE_CURVE(2,(#635,#636,#637,#638,#639,#640
    ,#641,#642,#643,#644,#645,#646,#647,#648,#649,#650,#651,#652,#653,
    #654,#655,#656,#657,#658,#659,#660,#661,#662,#663,#664,#665,#666,
    #667,#668,#669,#670,#671,#672,#673,#674,#675,#676,#677,#678,#679,
    #680,#681,#682,#683,#684,#685),.UNSPECIFIED.,.F.,.F.) 
B_SPLINE_CURVE_WITH_KNOTS((3,2,2,2,2,2,2,2,2,2,2,2,2,2,2,2,2,2,2,2,2,2,2
    ,2,2,3),(0.249829722564,0.25,0.275,0.299999999999,0.325,
    0.349999999999,0.375,0.4,0.424999999999,0.45,0.474999999999,0.5,
    0.525,0.55,0.574999999999,0.599999999999,0.625,0.65,0.675,
    0.699999999999,0.724999999999,0.75,0.774999999999,0.8,0.824999999999
,0.830029792736),.UNSPECIFIED.) CURVE() GEOMETRIC_REPRESENTATION_ITEM() 
RATIONAL_B_SPLINE_CURVE((0.998970134776,0.999481536079,1.,0.923879532511
    ,1.,0.923879532511,1.,0.923879532511,1.,0.923879532511,1.,
    0.923879532511,1.,0.923879532511,1.,0.923879532511,1.,0.923879532511
    ,1.,0.923879532511,1.,0.923879532511,1.,0.923879532511,1.,
    0.923879532511,1.,0.923879532511,1.,0.923879532511,1.,0.923879532511
    ,1.,0.923879532511,1.,0.923879532511,1.,0.923879532511,1.,
    0.923879532511,1.,0.923879532511,1.,0.923879532511,1.,0.923879532511
    ,1.,0.923879532511,1.,0.984685193021,0.975532810435)) 
REPRESENTATION_ITEM('') );
#635 = CARTESIAN_POINT('',(9.40028284E-03,2.000027069826,0.999999999999)
  );
#636 = CARTESIAN_POINT('',(1.461598178E-02,2.000051717956,0.999605661643
    ));
#637 = CARTESIAN_POINT('',(1.983167421E-02,2.,0.999212168037));
#638 = CARTESIAN_POINT('',(0.848258798957,1.991785451577,0.936712168037)
  );
#639 = CARTESIAN_POINT('',(1.428236673689,1.400190451056,0.874212168037)
  );
#640 = CARTESIAN_POINT('',(2.008214548422,0.808595450535,0.811712168037)
  );
#641 = CARTESIAN_POINT('',(2.,-1.983167421E-02,0.749212168037));
#642 = CARTESIAN_POINT('',(1.991785451577,-0.848258798957,0.686712168037
    ));
#643 = CARTESIAN_POINT('',(1.400190451056,-1.428236673689,0.624212168037
    ));
#644 = CARTESIAN_POINT('',(0.808595450535,-2.008214548422,0.561712168037
    ));
#645 = CARTESIAN_POINT('',(-1.983167421E-02,-2.,0.499212168037));
#646 = CARTESIAN_POINT('',(-0.848258798957,-1.991785451577,
    0.436712168037));
#647 = CARTESIAN_POINT('',(-1.428236673689,-1.400190451056,
    0.374212168037));
#648 = CARTESIAN_POINT('',(-2.008214548422,-0.808595450535,
    0.311712168037));
#649 = CARTESIAN_POINT('',(-2.,1.983167421E-02,0.249212168037));
#650 = CARTESIAN_POINT('',(-1.991785451577,0.848258798957,0.186712168037
    ));
#651 = CARTESIAN_POINT('',(-1.400190451056,1.428236673689,0.124212168037
    ));
#652 = CARTESIAN_POINT('',(-0.808595450535,2.008214548422,
    6.1712168037E-02));
#653 = CARTESIAN_POINT('',(1.983167421E-02,2.,-7.87831962E-04));
#654 = CARTESIAN_POINT('',(0.848258798957,1.991785451577,
    -6.3287831962E-02));
#655 = CARTESIAN_POINT('',(1.428236673689,1.400190451056,-0.125787831962
    ));
#656 = CARTESIAN_POINT('',(2.008214548422,0.808595450535,-0.188287831962
    ));
#657 = CARTESIAN_POINT('',(2.,-1.983167421E-02,-0.250787831962));
#658 = CARTESIAN_POINT('',(1.991785451577,-0.848258798957,
    -0.313287831962));
#659 = CARTESIAN_POINT('',(1.400190451056,-1.428236673689,
    -0.375787831962));
#660 = CARTESIAN_POINT('',(0.808595450535,-2.008214548422,
    -0.438287831962));
#661 = CARTESIAN_POINT('',(-1.983167421E-02,-2.,-0.500787831962));
#662 = CARTESIAN_POINT('',(-0.848258798957,-1.991785451577,
    -0.563287831962));
#663 = CARTESIAN_POINT('',(-1.428236673689,-1.400190451056,
    -0.625787831962));
#664 = CARTESIAN_POINT('',(-2.008214548422,-0.808595450535,
    -0.688287831962));
#665 = CARTESIAN_POINT('',(-2.,1.983167421E-02,-0.750787831962));
#666 = CARTESIAN_POINT('',(-1.991785451577,0.848258798957,
    -0.813287831962));
#667 = CARTESIAN_POINT('',(-1.400190451056,1.428236673689,
    -0.875787831962));
#668 = CARTESIAN_POINT('',(-0.808595450535,2.008214548422,
    -0.938287831962));
#669 = CARTESIAN_POINT('',(1.983167421E-02,2.,-1.000787831962));
#670 = CARTESIAN_POINT('',(0.848258798957,1.991785451577,-1.063287831962
    ));
#671 = CARTESIAN_POINT('',(1.428236673689,1.400190451056,-1.125787831962
    ));
#672 = CARTESIAN_POINT('',(2.008214548422,0.808595450535,-1.188287831962
    ));
#673 = CARTESIAN_POINT('',(2.,-1.983167421E-02,-1.250787831962));
#674 = CARTESIAN_POINT('',(1.991785451577,-0.848258798957,
    -1.313287831962));
#675 = CARTESIAN_POINT('',(1.400190451056,-1.428236673689,
    -1.375787831962));
#676 = CARTESIAN_POINT('',(0.808595450535,-2.008214548422,
    -1.438287831962));
#677 = CARTESIAN_POINT('',(-1.983167421E-02,-2.,-1.500787831962));
#678 = CARTESIAN_POINT('',(-0.848258798957,-1.991785451577,
    -1.563287831962));
#679 = CARTESIAN_POINT('',(-1.428236673689,-1.400190451056,
    -1.625787831962));
#680 = CARTESIAN_POINT('',(-2.008214548422,-0.808595450535,
    -1.688287831962));
#681 = CARTESIAN_POINT('',(-2.,1.983167421E-02,-1.750787831962));
#682 = CARTESIAN_POINT('',(-1.991785451577,0.848258798957,
    -1.813287831962));
#683 = CARTESIAN_POINT('',(-1.400190451056,1.428236673689,
    -1.875787831962));
#684 = CARTESIAN_POINT('',(-1.288516337345,1.537717847594,
    -1.887585822311));
#685 = CARTESIAN_POINT('',(-1.161154190875,1.628470936261,
    -1.899999999999));
#686 = ORIENTED_EDGE('',*,*,#183,.T.);
#687 = ORIENTED_EDGE('',*,*,#688,.F.);
#688 = EDGE_CURVE('',#689,#184,#691,.T.);
#689 = VERTEX_POINT('',#690);
#690 = CARTESIAN_POINT('',(9.400090549E-03,-2.000076231947,1.));
#691 = ( BOUNDED_CURVE() B_SPLINE_CURVE(2,(#692,#693,#694,#695,#696,#697
    ,#698,#699,#700,#701,#702,#703,#704,#705,#706,#707,#708,#709,#710,
    #711,#712,#713,#714,#715,#716,#717,#718,#719,#720,#721,#722,#723,
    #724,#725,#726,#727,#728,#729,#730,#731,#732,#733,#734,#735,#736,
    #737,#738,#739,#740),.UNSPECIFIED.,.F.,.F.) 
B_SPLINE_CURVE_WITH_KNOTS((3,2,2,2,2,2,2,2,2,2,2,2,2,2,2,2,2,2,2,2,2,2,2
    ,2,3),(0.150170277435,0.174999999999,0.2,0.225,0.25,0.275,
    0.299999999999,0.325,0.349999999999,0.375,0.4,0.424999999999,0.45,
    0.474999999999,0.5,0.525,0.55,0.574999999999,0.599999999999,0.625,
0.65,0.675,0.699999999999,0.725,0.730345472173),.UNSPECIFIED.) CURVE() 
GEOMETRIC_REPRESENTATION_ITEM() RATIONAL_B_SPLINE_CURVE((0.998970134776,
    0.924397996431,1.,0.923879532511,1.,0.923879532511,1.,0.923879532511
    ,1.,0.923879532511,1.,0.923879532511,1.,0.923879532511,1.,
    0.923879532511,1.,0.923879532511,1.,0.923879532511,1.,0.923879532511
    ,1.,0.923879532511,1.,0.923879532511,1.,0.923879532511,1.,
    0.923879532511,1.,0.923879532511,1.,0.923879532511,1.,0.923879532511
    ,1.,0.923879532511,1.,0.923879532511,1.,0.923879532511,1.,
    0.923879532511,1.,0.923879532511,1.,0.983724006367,0.97440824242)) 
REPRESENTATION_ITEM('') );
#692 = CARTESIAN_POINT('',(9.400090549E-03,-2.000076231947,1.));
#693 = CARTESIAN_POINT('',(-0.812954407608,-2.003941188003,0.93782732297
    ));
#694 = CARTESIAN_POINT('',(-1.400190451056,-1.428236673689,
    0.875787831962));
#695 = CARTESIAN_POINT('',(-1.991785451577,-0.848258798957,
    0.813287831962));
#696 = CARTESIAN_POINT('',(-2.,-1.983167421E-02,0.750787831962));
#697 = CARTESIAN_POINT('',(-2.008214548422,0.808595450535,0.688287831962
    ));
#698 = CARTESIAN_POINT('',(-1.428236673689,1.400190451056,0.625787831962
    ));
#699 = CARTESIAN_POINT('',(-0.848258798957,1.991785451577,0.563287831962
    ));
#700 = CARTESIAN_POINT('',(-1.983167421E-02,2.,0.500787831962));
#701 = CARTESIAN_POINT('',(0.808595450535,2.008214548422,0.438287831962)
  );
#702 = CARTESIAN_POINT('',(1.400190451056,1.428236673689,0.375787831962)
  );
#703 = CARTESIAN_POINT('',(1.991785451577,0.848258798957,0.313287831962)
  );
#704 = CARTESIAN_POINT('',(2.,1.983167421E-02,0.250787831962));
#705 = CARTESIAN_POINT('',(2.008214548422,-0.808595450535,0.188287831962
    ));
#706 = CARTESIAN_POINT('',(1.428236673689,-1.400190451056,0.125787831962
    ));
#707 = CARTESIAN_POINT('',(0.848258798957,-1.991785451577,
    6.3287831962E-02));
#708 = CARTESIAN_POINT('',(1.983167421E-02,-2.,7.87831962E-04));
#709 = CARTESIAN_POINT('',(-0.808595450535,-2.008214548422,
    -6.1712168037E-02));
#710 = CARTESIAN_POINT('',(-1.400190451056,-1.428236673689,
    -0.124212168037));
#711 = CARTESIAN_POINT('',(-1.991785451577,-0.848258798957,
    -0.186712168037));
#712 = CARTESIAN_POINT('',(-2.,-1.983167421E-02,-0.249212168037));
#713 = CARTESIAN_POINT('',(-2.008214548422,0.808595450535,
    -0.311712168037));
#714 = CARTESIAN_POINT('',(-1.428236673689,1.400190451056,
    -0.374212168037));
#715 = CARTESIAN_POINT('',(-0.848258798957,1.991785451577,
    -0.436712168037));
#716 = CARTESIAN_POINT('',(-1.983167421E-02,2.,-0.499212168037));
#717 = CARTESIAN_POINT('',(0.808595450535,2.008214548422,-0.561712168037
    ));
#718 = CARTESIAN_POINT('',(1.400190451056,1.428236673689,-0.624212168037
    ));
#719 = CARTESIAN_POINT('',(1.991785451577,0.848258798957,-0.686712168037
    ));
#720 = CARTESIAN_POINT('',(2.,1.983167421E-02,-0.749212168037));
#721 = CARTESIAN_POINT('',(2.008214548422,-0.808595450535,
    -0.811712168037));
#722 = CARTESIAN_POINT('',(1.428236673689,-1.400190451056,
    -0.874212168037));
#723 = CARTESIAN_POINT('',(0.848258798957,-1.991785451577,
    -0.936712168037));
#724 = CARTESIAN_POINT('',(1.983167421E-02,-2.,-0.999212168037));
#725 = CARTESIAN_POINT('',(-0.808595450535,-2.008214548422,
    -1.061712168037));
#726 = CARTESIAN_POINT('',(-1.400190451056,-1.428236673689,
    -1.124212168037));
#727 = CARTESIAN_POINT('',(-1.991785451577,-0.848258798957,
    -1.186712168037));
#728 = CARTESIAN_POINT('',(-2.,-1.983167421E-02,-1.249212168037));
#729 = CARTESIAN_POINT('',(-2.008214548422,0.808595450535,
    -1.311712168037));
#730 = CARTESIAN_POINT('',(-1.428236673689,1.400190451056,
    -1.374212168037));
#731 = CARTESIAN_POINT('',(-0.848258798957,1.991785451577,
    -1.436712168037));
#732 = CARTESIAN_POINT('',(-1.983167421E-02,2.,-1.499212168037));
#733 = CARTESIAN_POINT('',(0.808595450535,2.008214548422,-1.561712168037
    ));
#734 = CARTESIAN_POINT('',(1.400190451056,1.428236673689,-1.624212168037
    ));
#735 = CARTESIAN_POINT('',(1.991785451577,0.848258798957,-1.686712168037
    ));
#736 = CARTESIAN_POINT('',(2.,1.983167421E-02,-1.749212168037));
#737 = CARTESIAN_POINT('',(2.008214548422,-0.808595450535,
    -1.811712168037));
#738 = CARTESIAN_POINT('',(1.428236673689,-1.400190451056,
    -1.874212168037));
#739 = CARTESIAN_POINT('',(1.311770564608,-1.518989410231,
    -1.886762874081));
#740 = CARTESIAN_POINT('',(1.177277666425,-1.616913909717,-1.9));
#741 = ORIENTED_EDGE('',*,*,#742,.F.);
#742 = EDGE_CURVE('',#632,#689,#743,.T.);
#743 = B_SPLINE_CURVE_WITH_KNOTS('',3,(#744,#745,#746,#747,#748,#749,
    #750,#751,#752,#753,#754,#755,#756,#757,#758,#759,#760,#761,#762,
    #763,#764,#765,#766,#767,#768,#769,#770,#771,#772,#773,#774,#775,
    #776,#777,#778,#779,#780,#781,#782,#783,#784,#785,#786,#787,#788,
    #789),.UNSPECIFIED.,.F.,.F.,(4,2,2,2,2,2,2,2,2,2,2,2,2,2,2,2,2,2,2,2
    ,2,2,4),(1.304266752E-02,1.3070632343E-02,1.3098597166E-02,
    1.3154526813E-02,1.3266386106E-02,1.3490104693E-02,1.3937541866E-02,
    1.4832416212E-02,1.5279853385E-02,1.5727290558E-02,1.6622164904E-02,
    1.7069602077E-02,1.751703925E-02,1.7964476423E-02,1.8411913596E-02,
    1.8859350769E-02,1.9306787942E-02,1.9754225115E-02,1.9977943702E-02,
    2.0089802995E-02,2.0145732642E-02,2.0173697465E-02,2.0201662288E-02)
  ,.UNSPECIFIED.);
#744 = CARTESIAN_POINT('',(9.40028284E-03,2.000027069826,0.999999999999)
  );
#745 = CARTESIAN_POINT('',(9.376050149E-03,2.009321136317,0.999999999999
    ));
#746 = CARTESIAN_POINT('',(2.375135734E-03,2.017254757615,0.999999999999
    ));
#747 = CARTESIAN_POINT('',(-1.2163871461E-02,2.028877878136,
    0.999999999999));
#748 = CARTESIAN_POINT('',(-2.0381151037E-02,2.033376479052,
    0.999999999999));
#749 = CARTESIAN_POINT('',(-4.5372933105E-02,2.045189874304,
    0.999999999999));
#750 = CARTESIAN_POINT('',(-6.3115823451E-02,2.050946146027,
    0.999999999994));
#751 = CARTESIAN_POINT('',(-0.116388609579,2.065480064275,0.999999999994
    ));
#752 = CARTESIAN_POINT('',(-0.152477339964,2.071447373204,1.));
#753 = CARTESIAN_POINT('',(-0.261557710528,2.084065704786,0.999999999999
    ));
#754 = CARTESIAN_POINT('',(-0.335509374512,2.084866355564,0.999999999999
    ));
#755 = CARTESIAN_POINT('',(-0.553263503589,2.072372324257,1.));
#756 = CARTESIAN_POINT('',(-0.696647899676,2.04383251605,1.));
#757 = CARTESIAN_POINT('',(-1.11423948289,1.909042862272,1.));
#758 = CARTESIAN_POINT('',(-1.368822674864,1.754193197511,0.999999999999
    ));
#759 = CARTESIAN_POINT('',(-1.685544999939,1.456531937964,0.999999999999
    ));
#760 = CARTESIAN_POINT('',(-1.782147982812,1.344890404241,1.));
#761 = CARTESIAN_POINT('',(-1.948442385365,1.107029017525,1.));
#762 = CARTESIAN_POINT('',(-2.018803598742,0.980662680646,0.999999999999
    ));
#763 = CARTESIAN_POINT('',(-2.191264831142,0.579102953004,0.999999999999
    ));
#764 = CARTESIAN_POINT('',(-2.250236358429,0.289982913391,1.));
#765 = CARTESIAN_POINT('',(-2.249880749623,-0.147627807433,1.));
#766 = CARTESIAN_POINT('',(-2.235154249554,-0.29145880431,1.));
#767 = CARTESIAN_POINT('',(-2.176898549274,-0.575099997017,1.));
#768 = CARTESIAN_POINT('',(-2.132605736102,-0.716110651766,1.));
#769 = CARTESIAN_POINT('',(-2.018005618409,-0.982087790582,1.));
#770 = CARTESIAN_POINT('',(-1.947700377491,-1.10834380401,1.));
#771 = CARTESIAN_POINT('',(-1.780448531635,-1.347064061276,1.));
#772 = CARTESIAN_POINT('',(-1.684357550167,-1.457766108028,1.));
#773 = CARTESIAN_POINT('',(-1.473737216946,-1.655473424785,
    0.999999999999));
#774 = CARTESIAN_POINT('',(-1.35696374157,-1.744163088985,1.));
#775 = CARTESIAN_POINT('',(-1.10665447167,-1.893698821637,1.));
#776 = CARTESIAN_POINT('',(-0.975352406392,-1.953718166412,1.));
#777 = CARTESIAN_POINT('',(-0.699901178754,-2.042934922551,1.));
#778 = CARTESIAN_POINT('',(-0.554669538868,-2.072292578078,1.));
#779 = CARTESIAN_POINT('',(-0.334792082655,-2.084907047617,1.));
#780 = CARTESIAN_POINT('',(-0.261421062851,-2.084082897672,1.));
#781 = CARTESIAN_POINT('',(-0.151885504321,-2.071362260459,1.));
#782 = CARTESIAN_POINT('',(-0.115639090691,-2.065334132605,1.));
#783 = CARTESIAN_POINT('',(-6.2397963805E-02,-2.050720113659,1.));
#784 = CARTESIAN_POINT('',(-4.4880356045E-02,-2.045010609278,1.));
#785 = CARTESIAN_POINT('',(-1.9935714813E-02,-2.03313801277,1.));
#786 = CARTESIAN_POINT('',(-1.1790953244E-02,-2.028625421363,1.));
#787 = CARTESIAN_POINT('',(2.447745604E-03,-2.017149593623,1.));
#788 = CARTESIAN_POINT('',(9.35141838E-03,-2.009408039489,1.));
#789 = CARTESIAN_POINT('',(9.400090549E-03,-2.000076231947,1.));
#790 = ( BOUNDED_SURFACE() B_SPLINE_SURFACE(3,2,(
    (#791,#792,#793,#794,#795,#796,#797,#798,#799,#800,#801,#802,#803
      ,#804,#805,#806,#807,#808,#809,#810,#811,#812,#813,#814,#815,#816
      ,#817,#818,#819,#820,#821,#822,#823,#824,#825,#826,#827,#828,#829
      ,#830,#831,#832,#833,#834,#835,#836,#837,#838,#839,#840,#841,#842
      ,#843,#844,#845,#846,#847,#848,#849,#850,#851,#852,#853,#854,#855
      ,#856,#857,#858,#859,#860,#861,#862,#863,#864,#865,#866,#867,#868
      ,#869,#870,#871)
    ,(#872,#873,#874,#875,#876,#877,#878,#879,#880,#881,#882,#883,#884
      ,#885,#886,#887,#888,#889,#890,#891,#892,#893,#894,#895,#896,#897
      ,#898,#899,#900,#901,#902,#903,#904,#905,#906,#907,#908,#909,#910
      ,#911,#912,#913,#914,#915,#916,#917,#918,#919,#920,#921,#922,#923
      ,#924,#925,#926,#927,#928,#929,#930,#931,#932,#933,#934,#935,#936
      ,#937,#938,#939,#940,#941,#942,#943,#944,#945,#946,#947,#948,#949
      ,#950,#951,#952)
    ,(#953,#954,#955,#956,#957,#958,#959,#960,#961,#962,#963,#964,#965
      ,#966,#967,#968,#969,#970,#971,#972,#973,#974,#975,#976,#977,#978
      ,#979,#980,#981,#982,#983,#984,#985,#986,#987,#988,#989,#990,#991
      ,#992,#993,#994,#995,#996,#997,#998,#999,#1000,#1001,#1002,#1003
      ,#1004,#1005,#1006,#1007,#1008,#1009,#1010,#1011,#1012,#1013,#1014
      ,#1015,#1016,#1017,#1018,#1019,#1020,#1021,#1022,#1023,#1024,#1025
      ,#1026,#1027,#1028,#1029,#1030,#1031,#1032,#1033)
    ,(#1034,#1035,#1036,#1037,#1038,#1039,#1040,#1041,#1042,#1043,#1044
      ,#1045,#1046,#1047,#1048,#1049,#1050,#1051,#1052,#1053,#1054,#1055
      ,#1056,#1057,#1058,#1059,#1060,#1061,#1062,#1063,#1064,#1065,#1066
      ,#1067,#1068,#1069,#1070,#1071,#1072,#1073,#1074,#1075,#1076,#1077
      ,#1078,#1079,#1080,#1081,#1082,#1083,#1084,#1085,#1086,#1087,#1088
      ,#1089,#1090,#1091,#1092,#1093,#1094,#1095,#1096,#1097,#1098,#1099
      ,#1100,#1101,#1102,#1103,#1104,#1105,#1106,#1107,#1108,#1109,#1110
      ,#1111,#1112,#1113,#1114)
    ,(#1115,#1116,#1117,#1118,#1119,#1120,#1121,#1122,#1123,#1124,#1125
      ,#1126,#1127,#1128,#1129,#1130,#1131,#1132,#1133,#1134,#1135,#1136
      ,#1137,#1138,#1139,#1140,#1141,#1142,#1143,#1144,#1145,#1146,#1147
      ,#1148,#1149,#1150,#1151,#1152,#1153,#1154,#1155,#1156,#1157,#1158
      ,#1159,#1160,#1161,#1162,#1163,#1164,#1165,#1166,#1167,#1168,#1169
      ,#1170,#1171,#1172,#1173,#1174,#1175,#1176,#1177,#1178,#1179,#1180
      ,#1181,#1182,#1183,#1184,#1185,#1186,#1187,#1188,#1189,#1190,#1191
      ,#1192,#1193,#1194,#1195)
    ,(#1196,#1197,#1198,#1199,#1200,#1201,#1202,#1203,#1204,#1205,#1206
      ,#1207,#1208,#1209,#1210,#1211,#1212,#1213,#1214,#1215,#1216,#1217
      ,#1218,#1219,#1220,#1221,#1222,#1223,#1224,#1225,#1226,#1227,#1228
      ,#1229,#1230,#1231,#1232,#1233,#1234,#1235,#1236,#1237,#1238,#1239
      ,#1240,#1241,#1242,#1243,#1244,#1245,#1246,#1247,#1248,#1249,#1250
      ,#1251,#1252,#1253,#1254,#1255,#1256,#1257,#1258,#1259,#1260,#1261
      ,#1262,#1263,#1264,#1265,#1266,#1267,#1268,#1269,#1270,#1271,#1272
      ,#1273,#1274,#1275,#1276)
    ,(#1277,#1278,#1279,#1280,#1281,#1282,#1283,#1284,#1285,#1286,#1287
      ,#1288,#1289,#1290,#1291,#1292,#1293,#1294,#1295,#1296,#1297,#1298
      ,#1299,#1300,#1301,#1302,#1303,#1304,#1305,#1306,#1307,#1308,#1309
      ,#1310,#1311,#1312,#1313,#1314,#1315,#1316,#1317,#1318,#1319,#1320
      ,#1321,#1322,#1323,#1324,#1325,#1326,#1327,#1328,#1329,#1330,#1331
      ,#1332,#1333,#1334,#1335,#1336,#1337,#1338,#1339,#1340,#1341,#1342
      ,#1343,#1344,#1345,#1346,#1347,#1348,#1349,#1350,#1351,#1352,#1353
      ,#1354,#1355,#1356,#1357
)),.UNSPECIFIED.,.T.,.F.,.F.) B_SPLINE_SURFACE_WITH_KNOTS((1,3,3,3,1),(3
    ,2,2,2,2,2,2,2,2,2,2,2,2,2,2,2,2,2,2,2,2,2,2,2,2,2,2,2,2,2,2,2,2,2,2
    ,2,2,2,2,2,3),(-0.5,0.,0.5,1.,1.5),(0.,2.5E-02,5.E-02,
    7.4999999999E-02,0.1,0.125,0.149999999999,0.174999999999,0.2,0.225,
    0.25,0.275,0.299999999999,0.325,0.349999999999,0.375,0.4,
    0.424999999999,0.45,0.474999999999,0.5,0.525,0.55,0.574999999999,
    0.599999999999,0.625,0.65,0.675,0.699999999999,0.724999999999,0.75,
    0.775,0.8,0.824999999999,0.849999999999,0.875,0.9,0.925,
    0.949999999999,0.974999999999,1.),.UNSPECIFIED.) 
GEOMETRIC_REPRESENTATION_ITEM() RATIONAL_B_SPLINE_SURFACE((
    (1.,0.923879532511,1.,0.923879532511,1.,0.923879532511,1.
      ,0.923879532511,1.,0.923879532511,1.,0.923879532511,1.
      ,0.923879532511,1.,0.923879532511,1.,0.923879532511,1.
      ,0.923879532511,1.,0.923879532511,1.,0.923879532511,1.
      ,0.923879532511,1.,0.923879532511,1.,0.923879532511,1.
      ,0.923879532511,1.,0.923879532511,1.,0.923879532511,1.
      ,0.923879532511,1.,0.923879532511,1.,0.923879532511,1.
      ,0.923879532511,1.,0.923879532511,1.,0.923879532511,1.
      ,0.923879532511,1.,0.923879532511,1.,0.923879532511,1.
      ,0.923879532511,1.,0.923879532511,1.,0.923879532511,1.
      ,0.923879532511,1.,0.923879532511,1.,0.923879532511,1.
      ,0.923879532511,1.,0.923879532511,1.,0.923879532511,1.
      ,0.923879532511,1.,0.923879532511,1.,0.923879532511,1.
      ,0.923879532511,1.)
    ,(0.333333333333,0.30795984417,0.333333333333,0.30795984417
      ,0.333333333333,0.30795984417,0.333333333333,0.30795984417
      ,0.333333333333,0.30795984417,0.333333333333,0.30795984417
      ,0.333333333333,0.30795984417,0.333333333333,0.30795984417
      ,0.333333333333,0.30795984417,0.333333333333,0.30795984417
      ,0.333333333333,0.30795984417,0.333333333333,0.30795984417
      ,0.333333333333,0.30795984417,0.333333333333,0.30795984417
      ,0.333333333333,0.30795984417,0.333333333333,0.30795984417
      ,0.333333333333,0.30795984417,0.333333333333,0.30795984417
      ,0.333333333333,0.30795984417,0.333333333333,0.30795984417
      ,0.333333333333,0.30795984417,0.333333333333,0.30795984417
      ,0.333333333333,0.30795984417,0.333333333333,0.30795984417
      ,0.333333333333,0.30795984417,0.333333333333,0.30795984417
      ,0.333333333333,0.30795984417,0.333333333333,0.30795984417
      ,0.333333333333,0.30795984417,0.333333333333,0.30795984417
      ,0.333333333333,0.30795984417,0.333333333333,0.30795984417
      ,0.333333333333,0.30795984417,0.333333333333,0.30795984417
      ,0.333333333333,0.30795984417,0.333333333333,0.30795984417
      ,0.333333333333,0.30795984417,0.333333333333,0.30795984417
      ,0.333333333333,0.30795984417,0.333333333333,0.30795984417
      ,0.333333333333)
    ,(0.333333333333,0.30795984417,0.333333333333,0.30795984417
      ,0.333333333333,0.30795984417,0.333333333333,0.30795984417
      ,0.333333333333,0.30795984417,0.333333333333,0.30795984417
      ,0.333333333333,0.30795984417,0.333333333333,0.30795984417
      ,0.333333333333,0.30795984417,0.333333333333,0.30795984417
      ,0.333333333333,0.30795984417,0.333333333333,0.30795984417
      ,0.333333333333,0.30795984417,0.333333333333,0.30795984417
      ,0.333333333333,0.30795984417,0.333333333333,0.30795984417
      ,0.333333333333,0.30795984417,0.333333333333,0.30795984417
      ,0.333333333333,0.30795984417,0.333333333333,0.30795984417
      ,0.333333333333,0.30795984417,0.333333333333,0.30795984417
      ,0.333333333333,0.30795984417,0.333333333333,0.30795984417
      ,0.333333333333,0.30795984417,0.333333333333,0.30795984417
      ,0.333333333333,0.30795984417,0.333333333333,0.30795984417
      ,0.333333333333,0.30795984417,0.333333333333,0.30795984417
      ,0.333333333333,0.30795984417,0.333333333333,0.30795984417
      ,0.333333333333,0.30795984417,0.333333333333,0.30795984417
      ,0.333333333333,0.30795984417,0.333333333333,0.30795984417
      ,0.333333333333,0.30795984417,0.333333333333,0.30795984417
      ,0.333333333333,0.30795984417,0.333333333333,0.30795984417
      ,0.333333333333)
    ,(1.,0.923879532511,1.,0.923879532511,1.,0.923879532511,1.
      ,0.923879532511,1.,0.923879532511,1.,0.923879532511,1.
      ,0.923879532511,1.,0.923879532511,1.,0.923879532511,1.
      ,0.923879532511,1.,0.923879532511,1.,0.923879532511,1.
      ,0.923879532511,1.,0.923879532511,1.,0.923879532511,1.
      ,0.923879532511,1.,0.923879532511,1.,0.923879532511,1.
      ,0.923879532511,1.,0.923879532511,1.,0.923879532511,1.
      ,0.923879532511,1.,0.923879532511,1.,0.923879532511,1.
      ,0.923879532511,1.,0.923879532511,1.,0.923879532511,1.
      ,0.923879532511,1.,0.923879532511,1.,0.923879532511,1.
      ,0.923879532511,1.,0.923879532511,1.,0.923879532511,1.
      ,0.923879532511,1.,0.923879532511,1.,0.923879532511,1.
      ,0.923879532511,1.,0.923879532511,1.,0.923879532511,1.
      ,0.923879532511,1.)
    ,(0.333333333333,0.30795984417,0.333333333333,0.30795984417
      ,0.333333333333,0.30795984417,0.333333333333,0.30795984417
      ,0.333333333333,0.30795984417,0.333333333333,0.30795984417
      ,0.333333333333,0.30795984417,0.333333333333,0.30795984417
      ,0.333333333333,0.30795984417,0.333333333333,0.30795984417
      ,0.333333333333,0.30795984417,0.333333333333,0.30795984417
      ,0.333333333333,0.30795984417,0.333333333333,0.30795984417
      ,0.333333333333,0.30795984417,0.333333333333,0.30795984417
      ,0.333333333333,0.30795984417,0.333333333333,0.30795984417
      ,0.333333333333,0.30795984417,0.333333333333,0.30795984417
      ,0.333333333333,0.30795984417,0.333333333333,0.30795984417
      ,0.333333333333,0.30795984417,0.333333333333,0.30795984417
      ,0.333333333333,0.30795984417,0.333333333333,0.30795984417
      ,0.333333333333,0.30795984417,0.333333333333,0.30795984417
      ,0.333333333333,0.30795984417,0.333333333333,0.30795984417
      ,0.333333333333,0.30795984417,0.333333333333,0.30795984417
      ,0.333333333333,0.30795984417,0.333333333333,0.30795984417
      ,0.333333333333,0.30795984417,0.333333333333,0.30795984417
      ,0.333333333333,0.30795984417,0.333333333333,0.30795984417
      ,0.333333333333,0.30795984417,0.333333333333,0.30795984417
      ,0.333333333333)
    ,(0.333333333333,0.30795984417,0.333333333333,0.30795984417
      ,0.333333333333,0.30795984417,0.333333333333,0.30795984417
      ,0.333333333333,0.30795984417,0.333333333333,0.30795984417
      ,0.333333333333,0.30795984417,0.333333333333,0.30795984417
      ,0.333333333333,0.30795984417,0.333333333333,0.30795984417
      ,0.333333333333,0.30795984417,0.333333333333,0.30795984417
      ,0.333333333333,0.30795984417,0.333333333333,0.30795984417
      ,0.333333333333,0.30795984417,0.333333333333,0.30795984417
      ,0.333333333333,0.30795984417,0.333333333333,0.30795984417
      ,0.333333333333,0.30795984417,0.333333333333,0.30795984417
      ,0.333333333333,0.30795984417,0.333333333333,0.30795984417
      ,0.333333333333,0.30795984417,0.333333333333,0.30795984417
      ,0.333333333333,0.30795984417,0.333333333333,0.30795984417
      ,0.333333333333,0.30795984417,0.333333333333,0.30795984417
      ,0.333333333333,0.30795984417,0.333333333333,0.30795984417
      ,0.333333333333,0.30795984417,0.333333333333,0.30795984417
      ,0.333333333333,0.30795984417,0.333333333333,0.30795984417
      ,0.333333333333,0.30795984417,0.333333333333,0.30795984417
      ,0.333333333333,0.30795984417,0.333333333333,0.30795984417
      ,0.333333333333,0.30795984417,0.333333333333,0.30795984417
      ,0.333333333333)
    ,(1.,0.923879532511,1.,0.923879532511,1.,0.923879532511,1.
      ,0.923879532511,1.,0.923879532511,1.,0.923879532511,1.
      ,0.923879532511,1.,0.923879532511,1.,0.923879532511,1.
      ,0.923879532511,1.,0.923879532511,1.,0.923879532511,1.
      ,0.923879532511,1.,0.923879532511,1.,0.923879532511,1.
      ,0.923879532511,1.,0.923879532511,1.,0.923879532511,1.
      ,0.923879532511,1.,0.923879532511,1.,0.923879532511,1.
      ,0.923879532511,1.,0.923879532511,1.,0.923879532511,1.
      ,0.923879532511,1.,0.923879532511,1.,0.923879532511,1.
      ,0.923879532511,1.,0.923879532511,1.,0.923879532511,1.
      ,0.923879532511,1.,0.923879532511,1.,0.923879532511,1.
      ,0.923879532511,1.,0.923879532511,1.,0.923879532511,1.
      ,0.923879532511,1.,0.923879532511,1.,0.923879532511,1.
,0.923879532511,1.))) REPRESENTATION_ITEM('') SURFACE() );
#791 = CARTESIAN_POINT('',(-2.,1.983167421E-02,2.249212168037));
#792 = CARTESIAN_POINT('',(-1.991785451577,0.848258798957,2.186712168037
    ));
#793 = CARTESIAN_POINT('',(-1.400190451056,1.428236673689,2.124212168037
    ));
#794 = CARTESIAN_POINT('',(-0.808595450535,2.008214548422,2.061712168037
    ));
#795 = CARTESIAN_POINT('',(1.983167421E-02,2.,1.999212168037));
#796 = CARTESIAN_POINT('',(0.848258798957,1.991785451577,1.936712168037)
  );
#797 = CARTESIAN_POINT('',(1.428236673689,1.400190451056,1.874212168037)
  );
#798 = CARTESIAN_POINT('',(2.008214548422,0.808595450535,1.811712168037)
  );
#799 = CARTESIAN_POINT('',(2.,-1.983167421E-02,1.749212168037));
#800 = CARTESIAN_POINT('',(1.991785451577,-0.848258798957,1.686712168037
    ));
#801 = CARTESIAN_POINT('',(1.400190451056,-1.428236673689,1.624212168037
    ));
#802 = CARTESIAN_POINT('',(0.808595450535,-2.008214548422,1.561712168037
    ));
#803 = CARTESIAN_POINT('',(-1.983167421E-02,-2.,1.499212168037));
#804 = CARTESIAN_POINT('',(-0.848258798957,-1.991785451577,
    1.436712168037));
#805 = CARTESIAN_POINT('',(-1.428236673689,-1.400190451056,
    1.374212168037));
#806 = CARTESIAN_POINT('',(-2.008214548422,-0.808595450535,
    1.311712168037));
#807 = CARTESIAN_POINT('',(-2.,1.983167421E-02,1.249212168037));
#808 = CARTESIAN_POINT('',(-1.991785451577,0.848258798957,1.186712168037
    ));
#809 = CARTESIAN_POINT('',(-1.400190451056,1.428236673689,1.124212168037
    ));
#810 = CARTESIAN_POINT('',(-0.808595450535,2.008214548422,1.061712168037
    ));
#811 = CARTESIAN_POINT('',(1.983167421E-02,2.,0.999212168037));
#812 = CARTESIAN_POINT('',(0.848258798957,1.991785451577,0.936712168037)
  );
#813 = CARTESIAN_POINT('',(1.428236673689,1.400190451056,0.874212168037)
  );
#814 = CARTESIAN_POINT('',(2.008214548422,0.808595450535,0.811712168037)
  );
#815 = CARTESIAN_POINT('',(2.,-1.983167421E-02,0.749212168037));
#816 = CARTESIAN_POINT('',(1.991785451577,-0.848258798957,0.686712168037
    ));
#817 = CARTESIAN_POINT('',(1.400190451056,-1.428236673689,0.624212168037
    ));
#818 = CARTESIAN_POINT('',(0.808595450535,-2.008214548422,0.561712168037
    ));
#819 = CARTESIAN_POINT('',(-1.983167421E-02,-2.,0.499212168037));
#820 = CARTESIAN_POINT('',(-0.848258798957,-1.991785451577,
    0.436712168037));
#821 = CARTESIAN_POINT('',(-1.428236673689,-1.400190451056,
    0.374212168037));
#822 = CARTESIAN_POINT('',(-2.008214548422,-0.808595450535,
    0.311712168037));
#823 = CARTESIAN_POINT('',(-2.,1.983167421E-02,0.249212168037));
#824 = CARTESIAN_POINT('',(-1.991785451577,0.848258798957,0.186712168037
    ));
#825 = CARTESIAN_POINT('',(-1.400190451056,1.428236673689,0.124212168037
    ));
#826 = CARTESIAN_POINT('',(-0.808595450535,2.008214548422,
    6.1712168037E-02));
#827 = CARTESIAN_POINT('',(1.983167421E-02,2.,-7.87831962E-04));
#828 = CARTESIAN_POINT('',(0.848258798957,1.991785451577,
    -6.3287831962E-02));
#829 = CARTESIAN_POINT('',(1.428236673689,1.400190451056,-0.125787831962
    ));
#830 = CARTESIAN_POINT('',(2.008214548422,0.808595450535,-0.188287831962
    ));
#831 = CARTESIAN_POINT('',(2.,-1.983167421E-02,-0.250787831962));
#832 = CARTESIAN_POINT('',(1.991785451577,-0.848258798957,
    -0.313287831962));
#833 = CARTESIAN_POINT('',(1.400190451056,-1.428236673689,
    -0.375787831962));
#834 = CARTESIAN_POINT('',(0.808595450535,-2.008214548422,
    -0.438287831962));
#835 = CARTESIAN_POINT('',(-1.983167421E-02,-2.,-0.500787831962));
#836 = CARTESIAN_POINT('',(-0.848258798957,-1.991785451577,
    -0.563287831962));
#837 = CARTESIAN_POINT('',(-1.428236673689,-1.400190451056,
    -0.625787831962));
#838 = CARTESIAN_POINT('',(-2.008214548422,-0.808595450535,
    -0.688287831962));
#839 = CARTESIAN_POINT('',(-2.,1.983167421E-02,-0.750787831962));
#840 = CARTESIAN_POINT('',(-1.991785451577,0.848258798957,
    -0.813287831962));
#841 = CARTESIAN_POINT('',(-1.400190451056,1.428236673689,
    -0.875787831962));
#842 = CARTESIAN_POINT('',(-0.808595450535,2.008214548422,
    -0.938287831962));
#843 = CARTESIAN_POINT('',(1.983167421E-02,2.,-1.000787831962));
#844 = CARTESIAN_POINT('',(0.848258798957,1.991785451577,-1.063287831962
    ));
#845 = CARTESIAN_POINT('',(1.428236673689,1.400190451056,-1.125787831962
    ));
#846 = CARTESIAN_POINT('',(2.008214548422,0.808595450535,-1.188287831962
    ));
#847 = CARTESIAN_POINT('',(2.,-1.983167421E-02,-1.250787831962));
#848 = CARTESIAN_POINT('',(1.991785451577,-0.848258798957,
    -1.313287831962));
#849 = CARTESIAN_POINT('',(1.400190451056,-1.428236673689,
    -1.375787831962));
#850 = CARTESIAN_POINT('',(0.808595450535,-2.008214548422,
    -1.438287831962));
#851 = CARTESIAN_POINT('',(-1.983167421E-02,-2.,-1.500787831962));
#852 = CARTESIAN_POINT('',(-0.848258798957,-1.991785451577,
    -1.563287831962));
#853 = CARTESIAN_POINT('',(-1.428236673689,-1.400190451056,
    -1.625787831962));
#854 = CARTESIAN_POINT('',(-2.008214548422,-0.808595450535,
    -1.688287831962));
#855 = CARTESIAN_POINT('',(-2.,1.983167421E-02,-1.750787831962));
#856 = CARTESIAN_POINT('',(-1.991785451577,0.848258798957,
    -1.813287831962));
#857 = CARTESIAN_POINT('',(-1.400190451056,1.428236673689,
    -1.875787831962));
#858 = CARTESIAN_POINT('',(-0.808595450535,2.008214548422,
    -1.938287831962));
#859 = CARTESIAN_POINT('',(1.983167421E-02,2.,-2.000787831962));
#860 = CARTESIAN_POINT('',(0.848258798957,1.991785451577,-2.063287831962
    ));
#861 = CARTESIAN_POINT('',(1.428236673689,1.400190451056,-2.125787831962
    ));
#862 = CARTESIAN_POINT('',(2.008214548422,0.808595450535,-2.188287831962
    ));
#863 = CARTESIAN_POINT('',(2.,-1.983167421E-02,-2.250787831962));
#864 = CARTESIAN_POINT('',(1.991785451577,-0.848258798957,
    -2.313287831962));
#865 = CARTESIAN_POINT('',(1.400190451056,-1.428236673689,
    -2.375787831962));
#866 = CARTESIAN_POINT('',(0.808595450535,-2.008214548422,
    -2.438287831962));
#867 = CARTESIAN_POINT('',(-1.983167421E-02,-2.,-2.500787831962));
#868 = CARTESIAN_POINT('',(-0.848258798957,-1.991785451577,
    -2.563287831962));
#869 = CARTESIAN_POINT('',(-1.428236673689,-1.400190451056,
    -2.625787831962));
#870 = CARTESIAN_POINT('',(-2.008214548422,-0.808595450535,
    -2.688287831962));
#871 = CARTESIAN_POINT('',(-2.,1.983167421E-02,-2.750787831962));
#872 = CARTESIAN_POINT('',(-1.5,1.983167421E-02,2.249212168037));
#873 = CARTESIAN_POINT('',(-1.491785451577,0.64115201777,2.186712168037)
  );
#874 = CARTESIAN_POINT('',(-1.046637060463,1.074683283096,2.124212168037
    ));
#875 = CARTESIAN_POINT('',(-0.601488669348,1.508214548422,2.061712168037
    ));
#876 = CARTESIAN_POINT('',(1.983167421E-02,1.5,1.999212168037));
#877 = CARTESIAN_POINT('',(0.64115201777,1.491785451577,1.936712168037)
  );
#878 = CARTESIAN_POINT('',(1.074683283096,1.046637060463,1.874212168037)
  );
#879 = CARTESIAN_POINT('',(1.508214548422,0.601488669348,1.811712168037)
  );
#880 = CARTESIAN_POINT('',(1.5,-1.983167421E-02,1.749212168037));
#881 = CARTESIAN_POINT('',(1.491785451577,-0.64115201777,1.686712168037)
  );
#882 = CARTESIAN_POINT('',(1.046637060463,-1.074683283096,1.624212168037
    ));
#883 = CARTESIAN_POINT('',(0.601488669348,-1.508214548422,1.561712168037
    ));
#884 = CARTESIAN_POINT('',(-1.983167421E-02,-1.5,1.499212168037));
#885 = CARTESIAN_POINT('',(-0.64115201777,-1.491785451577,1.436712168037
    ));
#886 = CARTESIAN_POINT('',(-1.074683283096,-1.046637060463,
    1.374212168037));
#887 = CARTESIAN_POINT('',(-1.508214548422,-0.601488669348,
    1.311712168037));
#888 = CARTESIAN_POINT('',(-1.5,1.983167421E-02,1.249212168037));
#889 = CARTESIAN_POINT('',(-1.491785451577,0.64115201777,1.186712168037)
  );
#890 = CARTESIAN_POINT('',(-1.046637060463,1.074683283096,1.124212168037
    ));
#891 = CARTESIAN_POINT('',(-0.601488669348,1.508214548422,1.061712168037
    ));
#892 = CARTESIAN_POINT('',(1.983167421E-02,1.5,0.999212168037));
#893 = CARTESIAN_POINT('',(0.64115201777,1.491785451577,0.936712168037)
  );
#894 = CARTESIAN_POINT('',(1.074683283096,1.046637060463,0.874212168037)
  );
#895 = CARTESIAN_POINT('',(1.508214548422,0.601488669348,0.811712168037)
  );
#896 = CARTESIAN_POINT('',(1.5,-1.983167421E-02,0.749212168037));
#897 = CARTESIAN_POINT('',(1.491785451577,-0.64115201777,0.686712168037)
  );
#898 = CARTESIAN_POINT('',(1.046637060463,-1.074683283096,0.624212168037
    ));
#899 = CARTESIAN_POINT('',(0.601488669348,-1.508214548422,0.561712168037
    ));
#900 = CARTESIAN_POINT('',(-1.983167421E-02,-1.5,0.499212168037));
#901 = CARTESIAN_POINT('',(-0.64115201777,-1.491785451577,0.436712168037
    ));
#902 = CARTESIAN_POINT('',(-1.074683283096,-1.046637060463,
    0.374212168037));
#903 = CARTESIAN_POINT('',(-1.508214548422,-0.601488669348,
    0.311712168037));
#904 = CARTESIAN_POINT('',(-1.5,1.983167421E-02,0.249212168037));
#905 = CARTESIAN_POINT('',(-1.491785451577,0.64115201777,0.186712168037)
  );
#906 = CARTESIAN_POINT('',(-1.046637060463,1.074683283096,0.124212168037
    ));
#907 = CARTESIAN_POINT('',(-0.601488669348,1.508214548422,
    6.1712168037E-02));
#908 = CARTESIAN_POINT('',(1.983167421E-02,1.5,-7.87831962E-04));
#909 = CARTESIAN_POINT('',(0.64115201777,1.491785451577,
    -6.3287831962E-02));
#910 = CARTESIAN_POINT('',(1.074683283096,1.046637060463,-0.125787831962
    ));
#911 = CARTESIAN_POINT('',(1.508214548422,0.601488669348,-0.188287831962
    ));
#912 = CARTESIAN_POINT('',(1.5,-1.983167421E-02,-0.250787831962));
#913 = CARTESIAN_POINT('',(1.491785451577,-0.64115201777,-0.313287831962
    ));
#914 = CARTESIAN_POINT('',(1.046637060463,-1.074683283096,
    -0.375787831962));
#915 = CARTESIAN_POINT('',(0.601488669348,-1.508214548422,
    -0.438287831962));
#916 = CARTESIAN_POINT('',(-1.983167421E-02,-1.5,-0.500787831962));
#917 = CARTESIAN_POINT('',(-0.64115201777,-1.491785451577,
    -0.563287831962));
#918 = CARTESIAN_POINT('',(-1.074683283096,-1.046637060463,
    -0.625787831962));
#919 = CARTESIAN_POINT('',(-1.508214548422,-0.601488669348,
    -0.688287831962));
#920 = CARTESIAN_POINT('',(-1.5,1.983167421E-02,-0.750787831962));
#921 = CARTESIAN_POINT('',(-1.491785451577,0.64115201777,-0.813287831962
    ));
#922 = CARTESIAN_POINT('',(-1.046637060463,1.074683283096,
    -0.875787831962));
#923 = CARTESIAN_POINT('',(-0.601488669348,1.508214548422,
    -0.938287831962));
#924 = CARTESIAN_POINT('',(1.983167421E-02,1.5,-1.000787831962));
#925 = CARTESIAN_POINT('',(0.64115201777,1.491785451577,-1.063287831962)
  );
#926 = CARTESIAN_POINT('',(1.074683283096,1.046637060463,-1.125787831962
    ));
#927 = CARTESIAN_POINT('',(1.508214548422,0.601488669348,-1.188287831962
    ));
#928 = CARTESIAN_POINT('',(1.5,-1.983167421E-02,-1.250787831962));
#929 = CARTESIAN_POINT('',(1.491785451577,-0.64115201777,-1.313287831962
    ));
#930 = CARTESIAN_POINT('',(1.046637060463,-1.074683283096,
    -1.375787831962));
#931 = CARTESIAN_POINT('',(0.601488669348,-1.508214548422,
    -1.438287831962));
#932 = CARTESIAN_POINT('',(-1.983167421E-02,-1.5,-1.500787831962));
#933 = CARTESIAN_POINT('',(-0.64115201777,-1.491785451577,
    -1.563287831962));
#934 = CARTESIAN_POINT('',(-1.074683283096,-1.046637060463,
    -1.625787831962));
#935 = CARTESIAN_POINT('',(-1.508214548422,-0.601488669348,
    -1.688287831962));
#936 = CARTESIAN_POINT('',(-1.5,1.983167421E-02,-1.750787831962));
#937 = CARTESIAN_POINT('',(-1.491785451577,0.64115201777,-1.813287831962
    ));
#938 = CARTESIAN_POINT('',(-1.046637060463,1.074683283096,
    -1.875787831962));
#939 = CARTESIAN_POINT('',(-0.601488669348,1.508214548422,
    -1.938287831962));
#940 = CARTESIAN_POINT('',(1.983167421E-02,1.5,-2.000787831962));
#941 = CARTESIAN_POINT('',(0.64115201777,1.491785451577,-2.063287831962)
  );
#942 = CARTESIAN_POINT('',(1.074683283096,1.046637060463,-2.125787831962
    ));
#943 = CARTESIAN_POINT('',(1.508214548422,0.601488669348,-2.188287831962
    ));
#944 = CARTESIAN_POINT('',(1.5,-1.983167421E-02,-2.250787831962));
#945 = CARTESIAN_POINT('',(1.491785451577,-0.64115201777,-2.313287831962
    ));
#946 = CARTESIAN_POINT('',(1.046637060463,-1.074683283096,
    -2.375787831962));
#947 = CARTESIAN_POINT('',(0.601488669348,-1.508214548422,
    -2.438287831962));
#948 = CARTESIAN_POINT('',(-1.983167421E-02,-1.5,-2.500787831962));
#949 = CARTESIAN_POINT('',(-0.64115201777,-1.491785451577,
    -2.563287831962));
#950 = CARTESIAN_POINT('',(-1.074683283096,-1.046637060463,
    -2.625787831962));
#951 = CARTESIAN_POINT('',(-1.508214548422,-0.601488669348,
    -2.688287831962));
#952 = CARTESIAN_POINT('',(-1.5,1.983167421E-02,-2.750787831962));
#953 = CARTESIAN_POINT('',(-1.5,-1.983167421E-02,1.750787831962));
#954 = CARTESIAN_POINT('',(-1.508214548422,0.601488669348,1.688287831962
    ));
#955 = CARTESIAN_POINT('',(-1.074683283096,1.046637060462,1.625787831962
    ));
#956 = CARTESIAN_POINT('',(-0.64115201777,1.491785451577,1.563287831962)
  );
#957 = CARTESIAN_POINT('',(-1.983167421E-02,1.5,1.500787831962));
#958 = CARTESIAN_POINT('',(0.601488669348,1.508214548422,1.438287831962)
  );
#959 = CARTESIAN_POINT('',(1.046637060462,1.074683283096,1.375787831962)
  );
#960 = CARTESIAN_POINT('',(1.491785451577,0.64115201777,1.313287831962)
  );
#961 = CARTESIAN_POINT('',(1.5,1.983167421E-02,1.250787831962));
#962 = CARTESIAN_POINT('',(1.508214548422,-0.601488669348,1.188287831962
    ));
#963 = CARTESIAN_POINT('',(1.074683283096,-1.046637060462,1.125787831962
    ));
#964 = CARTESIAN_POINT('',(0.64115201777,-1.491785451577,1.063287831962)
  );
#965 = CARTESIAN_POINT('',(1.983167421E-02,-1.5,1.000787831962));
#966 = CARTESIAN_POINT('',(-0.601488669348,-1.508214548422,
    0.938287831962));
#967 = CARTESIAN_POINT('',(-1.046637060462,-1.074683283096,
    0.875787831962));
#968 = CARTESIAN_POINT('',(-1.491785451577,-0.64115201777,0.813287831962
    ));
#969 = CARTESIAN_POINT('',(-1.5,-1.983167421E-02,0.750787831962));
#970 = CARTESIAN_POINT('',(-1.508214548422,0.601488669348,0.688287831962
    ));
#971 = CARTESIAN_POINT('',(-1.074683283096,1.046637060462,0.625787831962
    ));
#972 = CARTESIAN_POINT('',(-0.64115201777,1.491785451577,0.563287831962)
  );
#973 = CARTESIAN_POINT('',(-1.983167421E-02,1.5,0.500787831962));
#974 = CARTESIAN_POINT('',(0.601488669348,1.508214548422,0.438287831962)
  );
#975 = CARTESIAN_POINT('',(1.046637060462,1.074683283096,0.375787831962)
  );
#976 = CARTESIAN_POINT('',(1.491785451577,0.64115201777,0.313287831962)
  );
#977 = CARTESIAN_POINT('',(1.5,1.983167421E-02,0.250787831962));
#978 = CARTESIAN_POINT('',(1.508214548422,-0.601488669348,0.188287831962
    ));
#979 = CARTESIAN_POINT('',(1.074683283096,-1.046637060462,0.125787831962
    ));
#980 = CARTESIAN_POINT('',(0.64115201777,-1.491785451577,
    6.3287831962E-02));
#981 = CARTESIAN_POINT('',(1.983167421E-02,-1.5,7.87831962E-04));
#982 = CARTESIAN_POINT('',(-0.601488669348,-1.508214548422,
    -6.1712168037E-02));
#983 = CARTESIAN_POINT('',(-1.046637060462,-1.074683283096,
    -0.124212168037));
#984 = CARTESIAN_POINT('',(-1.491785451577,-0.64115201777,
    -0.186712168037));
#985 = CARTESIAN_POINT('',(-1.5,-1.983167421E-02,-0.249212168037));
#986 = CARTESIAN_POINT('',(-1.508214548422,0.601488669348,
    -0.311712168037));
#987 = CARTESIAN_POINT('',(-1.074683283096,1.046637060462,
    -0.374212168037));
#988 = CARTESIAN_POINT('',(-0.64115201777,1.491785451577,-0.436712168037
    ));
#989 = CARTESIAN_POINT('',(-1.983167421E-02,1.5,-0.499212168037));
#990 = CARTESIAN_POINT('',(0.601488669348,1.508214548422,-0.561712168037
    ));
#991 = CARTESIAN_POINT('',(1.046637060462,1.074683283096,-0.624212168037
    ));
#992 = CARTESIAN_POINT('',(1.491785451577,0.64115201777,-0.686712168037)
  );
#993 = CARTESIAN_POINT('',(1.5,1.983167421E-02,-0.749212168037));
#994 = CARTESIAN_POINT('',(1.508214548422,-0.601488669348,
    -0.811712168037));
#995 = CARTESIAN_POINT('',(1.074683283096,-1.046637060462,
    -0.874212168037));
#996 = CARTESIAN_POINT('',(0.64115201777,-1.491785451577,-0.936712168037
    ));
#997 = CARTESIAN_POINT('',(1.983167421E-02,-1.5,-0.999212168037));
#998 = CARTESIAN_POINT('',(-0.601488669348,-1.508214548422,
    -1.061712168037));
#999 = CARTESIAN_POINT('',(-1.046637060462,-1.074683283096,
    -1.124212168037));
#1000 = CARTESIAN_POINT('',(-1.491785451577,-0.64115201777,
    -1.186712168037));
#1001 = CARTESIAN_POINT('',(-1.5,-1.983167421E-02,-1.249212168037));
#1002 = CARTESIAN_POINT('',(-1.508214548422,0.601488669348,
    -1.311712168037));
#1003 = CARTESIAN_POINT('',(-1.074683283096,1.046637060462,
    -1.374212168037));
#1004 = CARTESIAN_POINT('',(-0.64115201777,1.491785451577,
    -1.436712168037));
#1005 = CARTESIAN_POINT('',(-1.983167421E-02,1.5,-1.499212168037));
#1006 = CARTESIAN_POINT('',(0.601488669348,1.508214548422,
    -1.561712168037));
#1007 = CARTESIAN_POINT('',(1.046637060462,1.074683283096,
    -1.624212168037));
#1008 = CARTESIAN_POINT('',(1.491785451577,0.64115201777,-1.686712168037
    ));
#1009 = CARTESIAN_POINT('',(1.5,1.983167421E-02,-1.749212168037));
#1010 = CARTESIAN_POINT('',(1.508214548422,-0.601488669348,
    -1.811712168037));
#1011 = CARTESIAN_POINT('',(1.074683283096,-1.046637060462,
    -1.874212168037));
#1012 = CARTESIAN_POINT('',(0.64115201777,-1.491785451577,
    -1.936712168037));
#1013 = CARTESIAN_POINT('',(1.983167421E-02,-1.5,-1.999212168037));
#1014 = CARTESIAN_POINT('',(-0.601488669348,-1.508214548422,
    -2.061712168037));
#1015 = CARTESIAN_POINT('',(-1.046637060462,-1.074683283096,
    -2.124212168037));
#1016 = CARTESIAN_POINT('',(-1.491785451577,-0.64115201777,
    -2.186712168037));
#1017 = CARTESIAN_POINT('',(-1.5,-1.983167421E-02,-2.249212168037));
#1018 = CARTESIAN_POINT('',(-1.508214548422,0.601488669348,
    -2.311712168037));
#1019 = CARTESIAN_POINT('',(-1.074683283096,1.046637060462,
    -2.374212168037));
#1020 = CARTESIAN_POINT('',(-0.64115201777,1.491785451577,
    -2.436712168037));
#1021 = CARTESIAN_POINT('',(-1.983167421E-02,1.5,-2.499212168037));
#1022 = CARTESIAN_POINT('',(0.601488669348,1.508214548422,
    -2.561712168037));
#1023 = CARTESIAN_POINT('',(1.046637060462,1.074683283096,
    -2.624212168037));
#1024 = CARTESIAN_POINT('',(1.491785451577,0.64115201777,-2.686712168037
    ));
#1025 = CARTESIAN_POINT('',(1.5,1.983167421E-02,-2.749212168037));
#1026 = CARTESIAN_POINT('',(1.508214548422,-0.601488669348,
    -2.811712168037));
#1027 = CARTESIAN_POINT('',(1.074683283096,-1.046637060462,
    -2.874212168037));
#1028 = CARTESIAN_POINT('',(0.64115201777,-1.491785451577,
    -2.936712168037));
#1029 = CARTESIAN_POINT('',(1.983167421E-02,-1.5,-2.999212168037));
#1030 = CARTESIAN_POINT('',(-0.601488669348,-1.508214548422,
    -3.061712168037));
#1031 = CARTESIAN_POINT('',(-1.046637060462,-1.074683283096,
    -3.124212168037));
#1032 = CARTESIAN_POINT('',(-1.491785451577,-0.64115201777,
    -3.186712168037));
#1033 = CARTESIAN_POINT('',(-1.5,-1.983167421E-02,-3.249212168037));
#1034 = CARTESIAN_POINT('',(-2.,-1.983167421E-02,1.750787831962));
#1035 = CARTESIAN_POINT('',(-2.008214548422,0.808595450535,
    1.688287831962));
#1036 = CARTESIAN_POINT('',(-1.428236673689,1.400190451056,
    1.625787831962));
#1037 = CARTESIAN_POINT('',(-0.848258798957,1.991785451577,
    1.563287831962));
#1038 = CARTESIAN_POINT('',(-1.983167421E-02,2.,1.500787831962));
#1039 = CARTESIAN_POINT('',(0.808595450535,2.008214548422,1.438287831962
    ));
#1040 = CARTESIAN_POINT('',(1.400190451056,1.428236673689,1.375787831962
    ));
#1041 = CARTESIAN_POINT('',(1.991785451577,0.848258798957,1.313287831962
    ));
#1042 = CARTESIAN_POINT('',(2.,1.983167421E-02,1.250787831962));
#1043 = CARTESIAN_POINT('',(2.008214548422,-0.808595450535,
    1.188287831962));
#1044 = CARTESIAN_POINT('',(1.428236673689,-1.400190451056,
    1.125787831962));
#1045 = CARTESIAN_POINT('',(0.848258798957,-1.991785451577,
    1.063287831962));
#1046 = CARTESIAN_POINT('',(1.983167421E-02,-2.,1.000787831962));
#1047 = CARTESIAN_POINT('',(-0.808595450535,-2.008214548422,
    0.938287831962));
#1048 = CARTESIAN_POINT('',(-1.400190451056,-1.428236673689,
    0.875787831962));
#1049 = CARTESIAN_POINT('',(-1.991785451577,-0.848258798957,
    0.813287831962));
#1050 = CARTESIAN_POINT('',(-2.,-1.983167421E-02,0.750787831962));
#1051 = CARTESIAN_POINT('',(-2.008214548422,0.808595450535,
    0.688287831962));
#1052 = CARTESIAN_POINT('',(-1.428236673689,1.400190451056,
    0.625787831962));
#1053 = CARTESIAN_POINT('',(-0.848258798957,1.991785451577,
    0.563287831962));
#1054 = CARTESIAN_POINT('',(-1.983167421E-02,2.,0.500787831962));
#1055 = CARTESIAN_POINT('',(0.808595450535,2.008214548422,0.438287831962
    ));
#1056 = CARTESIAN_POINT('',(1.400190451056,1.428236673689,0.375787831962
    ));
#1057 = CARTESIAN_POINT('',(1.991785451577,0.848258798957,0.313287831962
    ));
#1058 = CARTESIAN_POINT('',(2.,1.983167421E-02,0.250787831962));
#1059 = CARTESIAN_POINT('',(2.008214548422,-0.808595450535,
    0.188287831962));
#1060 = CARTESIAN_POINT('',(1.428236673689,-1.400190451056,
    0.125787831962));
#1061 = CARTESIAN_POINT('',(0.848258798957,-1.991785451577,
    6.3287831962E-02));
#1062 = CARTESIAN_POINT('',(1.983167421E-02,-2.,7.87831962E-04));
#1063 = CARTESIAN_POINT('',(-0.808595450535,-2.008214548422,
    -6.1712168037E-02));
#1064 = CARTESIAN_POINT('',(-1.400190451056,-1.428236673689,
    -0.124212168037));
#1065 = CARTESIAN_POINT('',(-1.991785451577,-0.848258798957,
    -0.186712168037));
#1066 = CARTESIAN_POINT('',(-2.,-1.983167421E-02,-0.249212168037));
#1067 = CARTESIAN_POINT('',(-2.008214548422,0.808595450535,
    -0.311712168037));
#1068 = CARTESIAN_POINT('',(-1.428236673689,1.400190451056,
    -0.374212168037));
#1069 = CARTESIAN_POINT('',(-0.848258798957,1.991785451577,
    -0.436712168037));
#1070 = CARTESIAN_POINT('',(-1.983167421E-02,2.,-0.499212168037));
#1071 = CARTESIAN_POINT('',(0.808595450535,2.008214548422,
    -0.561712168037));
#1072 = CARTESIAN_POINT('',(1.400190451056,1.428236673689,
    -0.624212168037));
#1073 = CARTESIAN_POINT('',(1.991785451577,0.848258798957,
    -0.686712168037));
#1074 = CARTESIAN_POINT('',(2.,1.983167421E-02,-0.749212168037));
#1075 = CARTESIAN_POINT('',(2.008214548422,-0.808595450535,
    -0.811712168037));
#1076 = CARTESIAN_POINT('',(1.428236673689,-1.400190451056,
    -0.874212168037));
#1077 = CARTESIAN_POINT('',(0.848258798957,-1.991785451577,
    -0.936712168037));
#1078 = CARTESIAN_POINT('',(1.983167421E-02,-2.,-0.999212168037));
#1079 = CARTESIAN_POINT('',(-0.808595450535,-2.008214548422,
    -1.061712168037));
#1080 = CARTESIAN_POINT('',(-1.400190451056,-1.428236673689,
    -1.124212168037));
#1081 = CARTESIAN_POINT('',(-1.991785451577,-0.848258798957,
    -1.186712168037));
#1082 = CARTESIAN_POINT('',(-2.,-1.983167421E-02,-1.249212168037));
#1083 = CARTESIAN_POINT('',(-2.008214548422,0.808595450535,
    -1.311712168037));
#1084 = CARTESIAN_POINT('',(-1.428236673689,1.400190451056,
    -1.374212168037));
#1085 = CARTESIAN_POINT('',(-0.848258798957,1.991785451577,
    -1.436712168037));
#1086 = CARTESIAN_POINT('',(-1.983167421E-02,2.,-1.499212168037));
#1087 = CARTESIAN_POINT('',(0.808595450535,2.008214548422,
    -1.561712168037));
#1088 = CARTESIAN_POINT('',(1.400190451056,1.428236673689,
    -1.624212168037));
#1089 = CARTESIAN_POINT('',(1.991785451577,0.848258798957,
    -1.686712168037));
#1090 = CARTESIAN_POINT('',(2.,1.983167421E-02,-1.749212168037));
#1091 = CARTESIAN_POINT('',(2.008214548422,-0.808595450535,
    -1.811712168037));
#1092 = CARTESIAN_POINT('',(1.428236673689,-1.400190451056,
    -1.874212168037));
#1093 = CARTESIAN_POINT('',(0.848258798957,-1.991785451577,
    -1.936712168037));
#1094 = CARTESIAN_POINT('',(1.983167421E-02,-2.,-1.999212168037));
#1095 = CARTESIAN_POINT('',(-0.808595450535,-2.008214548422,
    -2.061712168037));
#1096 = CARTESIAN_POINT('',(-1.400190451056,-1.428236673689,
    -2.124212168037));
#1097 = CARTESIAN_POINT('',(-1.991785451577,-0.848258798957,
    -2.186712168037));
#1098 = CARTESIAN_POINT('',(-2.,-1.983167421E-02,-2.249212168037));
#1099 = CARTESIAN_POINT('',(-2.008214548422,0.808595450535,
    -2.311712168037));
#1100 = CARTESIAN_POINT('',(-1.428236673689,1.400190451056,
    -2.374212168037));
#1101 = CARTESIAN_POINT('',(-0.848258798957,1.991785451577,
    -2.436712168037));
#1102 = CARTESIAN_POINT('',(-1.983167421E-02,2.,-2.499212168037));
#1103 = CARTESIAN_POINT('',(0.808595450535,2.008214548422,
    -2.561712168037));
#1104 = CARTESIAN_POINT('',(1.400190451056,1.428236673689,
    -2.624212168037));
#1105 = CARTESIAN_POINT('',(1.991785451577,0.848258798957,
    -2.686712168037));
#1106 = CARTESIAN_POINT('',(2.,1.983167421E-02,-2.749212168037));
#1107 = CARTESIAN_POINT('',(2.008214548422,-0.808595450535,
    -2.811712168037));
#1108 = CARTESIAN_POINT('',(1.428236673689,-1.400190451056,
    -2.874212168037));
#1109 = CARTESIAN_POINT('',(0.848258798957,-1.991785451577,
    -2.936712168037));
#1110 = CARTESIAN_POINT('',(1.983167421E-02,-2.,-2.999212168037));
#1111 = CARTESIAN_POINT('',(-0.808595450535,-2.008214548422,
    -3.061712168037));
#1112 = CARTESIAN_POINT('',(-1.400190451056,-1.428236673689,
    -3.124212168037));
#1113 = CARTESIAN_POINT('',(-1.991785451577,-0.848258798957,
    -3.186712168037));
#1114 = CARTESIAN_POINT('',(-2.,-1.983167421E-02,-3.249212168037));
#1115 = CARTESIAN_POINT('',(-2.5,-1.983167421E-02,1.750787831962));
#1116 = CARTESIAN_POINT('',(-2.508214548422,1.015702231721,
    1.688287831962));
#1117 = CARTESIAN_POINT('',(-1.781790064283,1.753743841649,
    1.625787831962));
#1118 = CARTESIAN_POINT('',(-1.055365580143,2.491785451577,
    1.563287831962));
#1119 = CARTESIAN_POINT('',(-1.983167421E-02,2.5,1.500787831962));
#1120 = CARTESIAN_POINT('',(1.015702231721,2.508214548422,1.438287831962
    ));
#1121 = CARTESIAN_POINT('',(1.753743841649,1.781790064283,1.375787831962
    ));
#1122 = CARTESIAN_POINT('',(2.491785451577,1.055365580143,1.313287831962
    ));
#1123 = CARTESIAN_POINT('',(2.5,1.983167421E-02,1.250787831962));
#1124 = CARTESIAN_POINT('',(2.508214548422,-1.015702231721,
    1.188287831962));
#1125 = CARTESIAN_POINT('',(1.781790064283,-1.753743841649,
    1.125787831962));
#1126 = CARTESIAN_POINT('',(1.055365580143,-2.491785451577,
    1.063287831962));
#1127 = CARTESIAN_POINT('',(1.983167421E-02,-2.5,1.000787831962));
#1128 = CARTESIAN_POINT('',(-1.015702231721,-2.508214548422,
    0.938287831962));
#1129 = CARTESIAN_POINT('',(-1.753743841649,-1.781790064283,
    0.875787831962));
#1130 = CARTESIAN_POINT('',(-2.491785451577,-1.055365580143,
    0.813287831962));
#1131 = CARTESIAN_POINT('',(-2.5,-1.983167421E-02,0.750787831962));
#1132 = CARTESIAN_POINT('',(-2.508214548422,1.015702231721,
    0.688287831962));
#1133 = CARTESIAN_POINT('',(-1.781790064283,1.753743841649,
    0.625787831962));
#1134 = CARTESIAN_POINT('',(-1.055365580143,2.491785451577,
    0.563287831962));
#1135 = CARTESIAN_POINT('',(-1.983167421E-02,2.5,0.500787831962));
#1136 = CARTESIAN_POINT('',(1.015702231721,2.508214548422,0.438287831962
    ));
#1137 = CARTESIAN_POINT('',(1.753743841649,1.781790064283,0.375787831962
    ));
#1138 = CARTESIAN_POINT('',(2.491785451577,1.055365580143,0.313287831962
    ));
#1139 = CARTESIAN_POINT('',(2.5,1.983167421E-02,0.250787831962));
#1140 = CARTESIAN_POINT('',(2.508214548422,-1.015702231721,
    0.188287831962));
#1141 = CARTESIAN_POINT('',(1.781790064283,-1.753743841649,
    0.125787831962));
#1142 = CARTESIAN_POINT('',(1.055365580143,-2.491785451577,
    6.3287831962E-02));
#1143 = CARTESIAN_POINT('',(1.983167421E-02,-2.5,7.87831962E-04));
#1144 = CARTESIAN_POINT('',(-1.015702231721,-2.508214548422,
    -6.1712168037E-02));
#1145 = CARTESIAN_POINT('',(-1.753743841649,-1.781790064283,
    -0.124212168037));
#1146 = CARTESIAN_POINT('',(-2.491785451577,-1.055365580143,
    -0.186712168037));
#1147 = CARTESIAN_POINT('',(-2.5,-1.983167421E-02,-0.249212168037));
#1148 = CARTESIAN_POINT('',(-2.508214548422,1.015702231721,
    -0.311712168037));
#1149 = CARTESIAN_POINT('',(-1.781790064283,1.753743841649,
    -0.374212168037));
#1150 = CARTESIAN_POINT('',(-1.055365580143,2.491785451577,
    -0.436712168037));
#1151 = CARTESIAN_POINT('',(-1.983167421E-02,2.5,-0.499212168037));
#1152 = CARTESIAN_POINT('',(1.015702231721,2.508214548422,
    -0.561712168037));
#1153 = CARTESIAN_POINT('',(1.753743841649,1.781790064283,
    -0.624212168037));
#1154 = CARTESIAN_POINT('',(2.491785451577,1.055365580143,
    -0.686712168037));
#1155 = CARTESIAN_POINT('',(2.5,1.983167421E-02,-0.749212168037));
#1156 = CARTESIAN_POINT('',(2.508214548422,-1.015702231721,
    -0.811712168037));
#1157 = CARTESIAN_POINT('',(1.781790064283,-1.753743841649,
    -0.874212168037));
#1158 = CARTESIAN_POINT('',(1.055365580143,-2.491785451577,
    -0.936712168037));
#1159 = CARTESIAN_POINT('',(1.983167421E-02,-2.5,-0.999212168037));
#1160 = CARTESIAN_POINT('',(-1.015702231721,-2.508214548422,
    -1.061712168037));
#1161 = CARTESIAN_POINT('',(-1.753743841649,-1.781790064283,
    -1.124212168037));
#1162 = CARTESIAN_POINT('',(-2.491785451577,-1.055365580143,
    -1.186712168037));
#1163 = CARTESIAN_POINT('',(-2.5,-1.983167421E-02,-1.249212168037));
#1164 = CARTESIAN_POINT('',(-2.508214548422,1.015702231721,
    -1.311712168037));
#1165 = CARTESIAN_POINT('',(-1.781790064283,1.753743841649,
    -1.374212168037));
#1166 = CARTESIAN_POINT('',(-1.055365580143,2.491785451577,
    -1.436712168037));
#1167 = CARTESIAN_POINT('',(-1.983167421E-02,2.5,-1.499212168037));
#1168 = CARTESIAN_POINT('',(1.015702231721,2.508214548422,
    -1.561712168037));
#1169 = CARTESIAN_POINT('',(1.753743841649,1.781790064283,
    -1.624212168037));
#1170 = CARTESIAN_POINT('',(2.491785451577,1.055365580143,
    -1.686712168037));
#1171 = CARTESIAN_POINT('',(2.5,1.983167421E-02,-1.749212168037));
#1172 = CARTESIAN_POINT('',(2.508214548422,-1.015702231721,
    -1.811712168037));
#1173 = CARTESIAN_POINT('',(1.781790064283,-1.753743841649,
    -1.874212168037));
#1174 = CARTESIAN_POINT('',(1.055365580143,-2.491785451577,
    -1.936712168037));
#1175 = CARTESIAN_POINT('',(1.983167421E-02,-2.5,-1.999212168037));
#1176 = CARTESIAN_POINT('',(-1.015702231721,-2.508214548422,
    -2.061712168037));
#1177 = CARTESIAN_POINT('',(-1.753743841649,-1.781790064283,
    -2.124212168037));
#1178 = CARTESIAN_POINT('',(-2.491785451577,-1.055365580143,
    -2.186712168037));
#1179 = CARTESIAN_POINT('',(-2.5,-1.983167421E-02,-2.249212168037));
#1180 = CARTESIAN_POINT('',(-2.508214548422,1.015702231721,
    -2.311712168037));
#1181 = CARTESIAN_POINT('',(-1.781790064283,1.753743841649,
    -2.374212168037));
#1182 = CARTESIAN_POINT('',(-1.055365580143,2.491785451577,
    -2.436712168037));
#1183 = CARTESIAN_POINT('',(-1.983167421E-02,2.5,-2.499212168037));
#1184 = CARTESIAN_POINT('',(1.015702231721,2.508214548422,
    -2.561712168037));
#1185 = CARTESIAN_POINT('',(1.753743841649,1.781790064283,
    -2.624212168037));
#1186 = CARTESIAN_POINT('',(2.491785451577,1.055365580143,
    -2.686712168037));
#1187 = CARTESIAN_POINT('',(2.5,1.983167421E-02,-2.749212168037));
#1188 = CARTESIAN_POINT('',(2.508214548422,-1.015702231721,
    -2.811712168037));
#1189 = CARTESIAN_POINT('',(1.781790064283,-1.753743841649,
    -2.874212168037));
#1190 = CARTESIAN_POINT('',(1.055365580143,-2.491785451577,
    -2.936712168037));
#1191 = CARTESIAN_POINT('',(1.983167421E-02,-2.5,-2.999212168037));
#1192 = CARTESIAN_POINT('',(-1.015702231721,-2.508214548422,
    -3.061712168037));
#1193 = CARTESIAN_POINT('',(-1.753743841649,-1.781790064283,
    -3.124212168037));
#1194 = CARTESIAN_POINT('',(-2.491785451577,-1.055365580143,
    -3.186712168037));
#1195 = CARTESIAN_POINT('',(-2.5,-1.983167421E-02,-3.249212168037));
#1196 = CARTESIAN_POINT('',(-2.5,1.983167421E-02,2.249212168037));
#1197 = CARTESIAN_POINT('',(-2.491785451577,1.055365580143,
    2.186712168037));
#1198 = CARTESIAN_POINT('',(-1.753743841649,1.781790064283,
    2.124212168037));
#1199 = CARTESIAN_POINT('',(-1.015702231721,2.508214548422,
    2.061712168037));
#1200 = CARTESIAN_POINT('',(1.983167421E-02,2.5,1.999212168037));
#1201 = CARTESIAN_POINT('',(1.055365580143,2.491785451577,1.936712168037
    ));
#1202 = CARTESIAN_POINT('',(1.781790064283,1.753743841649,1.874212168037
    ));
#1203 = CARTESIAN_POINT('',(2.508214548422,1.015702231721,1.811712168037
    ));
#1204 = CARTESIAN_POINT('',(2.5,-1.983167421E-02,1.749212168037));
#1205 = CARTESIAN_POINT('',(2.491785451577,-1.055365580143,
    1.686712168037));
#1206 = CARTESIAN_POINT('',(1.753743841649,-1.781790064283,
    1.624212168037));
#1207 = CARTESIAN_POINT('',(1.015702231721,-2.508214548422,
    1.561712168037));
#1208 = CARTESIAN_POINT('',(-1.983167421E-02,-2.5,1.499212168037));
#1209 = CARTESIAN_POINT('',(-1.055365580143,-2.491785451577,
    1.436712168037));
#1210 = CARTESIAN_POINT('',(-1.781790064283,-1.753743841649,
    1.374212168037));
#1211 = CARTESIAN_POINT('',(-2.508214548422,-1.015702231721,
    1.311712168037));
#1212 = CARTESIAN_POINT('',(-2.5,1.983167421E-02,1.249212168037));
#1213 = CARTESIAN_POINT('',(-2.491785451577,1.055365580143,
    1.186712168037));
#1214 = CARTESIAN_POINT('',(-1.753743841649,1.781790064283,
    1.124212168037));
#1215 = CARTESIAN_POINT('',(-1.015702231721,2.508214548422,
    1.061712168037));
#1216 = CARTESIAN_POINT('',(1.983167421E-02,2.5,0.999212168037));
#1217 = CARTESIAN_POINT('',(1.055365580143,2.491785451577,0.936712168037
    ));
#1218 = CARTESIAN_POINT('',(1.781790064283,1.753743841649,0.874212168037
    ));
#1219 = CARTESIAN_POINT('',(2.508214548422,1.015702231721,0.811712168037
    ));
#1220 = CARTESIAN_POINT('',(2.5,-1.983167421E-02,0.749212168037));
#1221 = CARTESIAN_POINT('',(2.491785451577,-1.055365580143,
    0.686712168037));
#1222 = CARTESIAN_POINT('',(1.753743841649,-1.781790064283,
    0.624212168037));
#1223 = CARTESIAN_POINT('',(1.015702231721,-2.508214548422,
    0.561712168037));
#1224 = CARTESIAN_POINT('',(-1.983167421E-02,-2.5,0.499212168037));
#1225 = CARTESIAN_POINT('',(-1.055365580143,-2.491785451577,
    0.436712168037));
#1226 = CARTESIAN_POINT('',(-1.781790064283,-1.753743841649,
    0.374212168037));
#1227 = CARTESIAN_POINT('',(-2.508214548422,-1.015702231721,
    0.311712168037));
#1228 = CARTESIAN_POINT('',(-2.5,1.983167421E-02,0.249212168037));
#1229 = CARTESIAN_POINT('',(-2.491785451577,1.055365580143,
    0.186712168037));
#1230 = CARTESIAN_POINT('',(-1.753743841649,1.781790064283,
    0.124212168037));
#1231 = CARTESIAN_POINT('',(-1.015702231721,2.508214548422,
    6.1712168037E-02));
#1232 = CARTESIAN_POINT('',(1.983167421E-02,2.5,-7.87831962E-04));
#1233 = CARTESIAN_POINT('',(1.055365580143,2.491785451577,
    -6.3287831962E-02));
#1234 = CARTESIAN_POINT('',(1.781790064283,1.753743841649,
    -0.125787831962));
#1235 = CARTESIAN_POINT('',(2.508214548422,1.015702231721,
    -0.188287831962));
#1236 = CARTESIAN_POINT('',(2.5,-1.983167421E-02,-0.250787831962));
#1237 = CARTESIAN_POINT('',(2.491785451577,-1.055365580143,
    -0.313287831962));
#1238 = CARTESIAN_POINT('',(1.753743841649,-1.781790064283,
    -0.375787831962));
#1239 = CARTESIAN_POINT('',(1.015702231721,-2.508214548422,
    -0.438287831962));
#1240 = CARTESIAN_POINT('',(-1.983167421E-02,-2.5,-0.500787831962));
#1241 = CARTESIAN_POINT('',(-1.055365580143,-2.491785451577,
    -0.563287831962));
#1242 = CARTESIAN_POINT('',(-1.781790064283,-1.753743841649,
    -0.625787831962));
#1243 = CARTESIAN_POINT('',(-2.508214548422,-1.015702231721,
    -0.688287831962));
#1244 = CARTESIAN_POINT('',(-2.5,1.983167421E-02,-0.750787831962));
#1245 = CARTESIAN_POINT('',(-2.491785451577,1.055365580143,
    -0.813287831962));
#1246 = CARTESIAN_POINT('',(-1.753743841649,1.781790064283,
    -0.875787831962));
#1247 = CARTESIAN_POINT('',(-1.015702231721,2.508214548422,
    -0.938287831962));
#1248 = CARTESIAN_POINT('',(1.983167421E-02,2.5,-1.000787831962));
#1249 = CARTESIAN_POINT('',(1.055365580143,2.491785451577,
    -1.063287831962));
#1250 = CARTESIAN_POINT('',(1.781790064283,1.753743841649,
    -1.125787831962));
#1251 = CARTESIAN_POINT('',(2.508214548422,1.015702231721,
    -1.188287831962));
#1252 = CARTESIAN_POINT('',(2.5,-1.983167421E-02,-1.250787831962));
#1253 = CARTESIAN_POINT('',(2.491785451577,-1.055365580143,
    -1.313287831962));
#1254 = CARTESIAN_POINT('',(1.753743841649,-1.781790064283,
    -1.375787831962));
#1255 = CARTESIAN_POINT('',(1.015702231721,-2.508214548422,
    -1.438287831962));
#1256 = CARTESIAN_POINT('',(-1.983167421E-02,-2.5,-1.500787831962));
#1257 = CARTESIAN_POINT('',(-1.055365580143,-2.491785451577,
    -1.563287831962));
#1258 = CARTESIAN_POINT('',(-1.781790064283,-1.753743841649,
    -1.625787831962));
#1259 = CARTESIAN_POINT('',(-2.508214548422,-1.015702231721,
    -1.688287831962));
#1260 = CARTESIAN_POINT('',(-2.5,1.983167421E-02,-1.750787831962));
#1261 = CARTESIAN_POINT('',(-2.491785451577,1.055365580143,
    -1.813287831962));
#1262 = CARTESIAN_POINT('',(-1.753743841649,1.781790064283,
    -1.875787831962));
#1263 = CARTESIAN_POINT('',(-1.015702231721,2.508214548422,
    -1.938287831962));
#1264 = CARTESIAN_POINT('',(1.983167421E-02,2.5,-2.000787831962));
#1265 = CARTESIAN_POINT('',(1.055365580143,2.491785451577,
    -2.063287831962));
#1266 = CARTESIAN_POINT('',(1.781790064283,1.753743841649,
    -2.125787831962));
#1267 = CARTESIAN_POINT('',(2.508214548422,1.015702231721,
    -2.188287831962));
#1268 = CARTESIAN_POINT('',(2.5,-1.983167421E-02,-2.250787831962));
#1269 = CARTESIAN_POINT('',(2.491785451577,-1.055365580143,
    -2.313287831962));
#1270 = CARTESIAN_POINT('',(1.753743841649,-1.781790064283,
    -2.375787831962));
#1271 = CARTESIAN_POINT('',(1.015702231721,-2.508214548422,
    -2.438287831962));
#1272 = CARTESIAN_POINT('',(-1.983167421E-02,-2.5,-2.500787831962));
#1273 = CARTESIAN_POINT('',(-1.055365580143,-2.491785451577,
    -2.563287831962));
#1274 = CARTESIAN_POINT('',(-1.781790064283,-1.753743841649,
    -2.625787831962));
#1275 = CARTESIAN_POINT('',(-2.508214548422,-1.015702231721,
    -2.688287831962));
#1276 = CARTESIAN_POINT('',(-2.5,1.983167421E-02,-2.750787831962));
#1277 = CARTESIAN_POINT('',(-2.,1.983167421E-02,2.249212168037));
#1278 = CARTESIAN_POINT('',(-1.991785451577,0.848258798957,
    2.186712168037));
#1279 = CARTESIAN_POINT('',(-1.400190451056,1.428236673689,
    2.124212168037));
#1280 = CARTESIAN_POINT('',(-0.808595450535,2.008214548422,
    2.061712168037));
#1281 = CARTESIAN_POINT('',(1.983167421E-02,2.,1.999212168037));
#1282 = CARTESIAN_POINT('',(0.848258798957,1.991785451577,1.936712168037
    ));
#1283 = CARTESIAN_POINT('',(1.428236673689,1.400190451056,1.874212168037
    ));
#1284 = CARTESIAN_POINT('',(2.008214548422,0.808595450535,1.811712168037
    ));
#1285 = CARTESIAN_POINT('',(2.,-1.983167421E-02,1.749212168037));
#1286 = CARTESIAN_POINT('',(1.991785451577,-0.848258798957,
    1.686712168037));
#1287 = CARTESIAN_POINT('',(1.400190451056,-1.428236673689,
    1.624212168037));
#1288 = CARTESIAN_POINT('',(0.808595450535,-2.008214548422,
    1.561712168037));
#1289 = CARTESIAN_POINT('',(-1.983167421E-02,-2.,1.499212168037));
#1290 = CARTESIAN_POINT('',(-0.848258798957,-1.991785451577,
    1.436712168037));
#1291 = CARTESIAN_POINT('',(-1.428236673689,-1.400190451056,
    1.374212168037));
#1292 = CARTESIAN_POINT('',(-2.008214548422,-0.808595450535,
    1.311712168037));
#1293 = CARTESIAN_POINT('',(-2.,1.983167421E-02,1.249212168037));
#1294 = CARTESIAN_POINT('',(-1.991785451577,0.848258798957,
    1.186712168037));
#1295 = CARTESIAN_POINT('',(-1.400190451056,1.428236673689,
    1.124212168037));
#1296 = CARTESIAN_POINT('',(-0.808595450535,2.008214548422,
    1.061712168037));
#1297 = CARTESIAN_POINT('',(1.983167421E-02,2.,0.999212168037));
#1298 = CARTESIAN_POINT('',(0.848258798957,1.991785451577,0.936712168037
    ));
#1299 = CARTESIAN_POINT('',(1.428236673689,1.400190451056,0.874212168037
    ));
#1300 = CARTESIAN_POINT('',(2.008214548422,0.808595450535,0.811712168037
    ));
#1301 = CARTESIAN_POINT('',(2.,-1.983167421E-02,0.749212168037));
#1302 = CARTESIAN_POINT('',(1.991785451577,-0.848258798957,
    0.686712168037));
#1303 = CARTESIAN_POINT('',(1.400190451056,-1.428236673689,
    0.624212168037));
#1304 = CARTESIAN_POINT('',(0.808595450535,-2.008214548422,
    0.561712168037));
#1305 = CARTESIAN_POINT('',(-1.983167421E-02,-2.,0.499212168037));
#1306 = CARTESIAN_POINT('',(-0.848258798957,-1.991785451577,
    0.436712168037));
#1307 = CARTESIAN_POINT('',(-1.428236673689,-1.400190451056,
    0.374212168037));
#1308 = CARTESIAN_POINT('',(-2.008214548422,-0.808595450535,
    0.311712168037));
#1309 = CARTESIAN_POINT('',(-2.,1.983167421E-02,0.249212168037));
#1310 = CARTESIAN_POINT('',(-1.991785451577,0.848258798957,
    0.186712168037));
#1311 = CARTESIAN_POINT('',(-1.400190451056,1.428236673689,
    0.124212168037));
#1312 = CARTESIAN_POINT('',(-0.808595450535,2.008214548422,
    6.1712168037E-02));
#1313 = CARTESIAN_POINT('',(1.983167421E-02,2.,-7.87831962E-04));
#1314 = CARTESIAN_POINT('',(0.848258798957,1.991785451577,
    -6.3287831962E-02));
#1315 = CARTESIAN_POINT('',(1.428236673689,1.400190451056,
    -0.125787831962));
#1316 = CARTESIAN_POINT('',(2.008214548422,0.808595450535,
    -0.188287831962));
#1317 = CARTESIAN_POINT('',(2.,-1.983167421E-02,-0.250787831962));
#1318 = CARTESIAN_POINT('',(1.991785451577,-0.848258798957,
    -0.313287831962));
#1319 = CARTESIAN_POINT('',(1.400190451056,-1.428236673689,
    -0.375787831962));
#1320 = CARTESIAN_POINT('',(0.808595450535,-2.008214548422,
    -0.438287831962));
#1321 = CARTESIAN_POINT('',(-1.983167421E-02,-2.,-0.500787831962));
#1322 = CARTESIAN_POINT('',(-0.848258798957,-1.991785451577,
    -0.563287831962));
#1323 = CARTESIAN_POINT('',(-1.428236673689,-1.400190451056,
    -0.625787831962));
#1324 = CARTESIAN_POINT('',(-2.008214548422,-0.808595450535,
    -0.688287831962));
#1325 = CARTESIAN_POINT('',(-2.,1.983167421E-02,-0.750787831962));
#1326 = CARTESIAN_POINT('',(-1.991785451577,0.848258798957,
    -0.813287831962));
#1327 = CARTESIAN_POINT('',(-1.400190451056,1.428236673689,
    -0.875787831962));
#1328 = CARTESIAN_POINT('',(-0.808595450535,2.008214548422,
    -0.938287831962));
#1329 = CARTESIAN_POINT('',(1.983167421E-02,2.,-1.000787831962));
#1330 = CARTESIAN_POINT('',(0.848258798957,1.991785451577,
    -1.063287831962));
#1331 = CARTESIAN_POINT('',(1.428236673689,1.400190451056,
    -1.125787831962));
#1332 = CARTESIAN_POINT('',(2.008214548422,0.808595450535,
    -1.188287831962));
#1333 = CARTESIAN_POINT('',(2.,-1.983167421E-02,-1.250787831962));
#1334 = CARTESIAN_POINT('',(1.991785451577,-0.848258798957,
    -1.313287831962));
#1335 = CARTESIAN_POINT('',(1.400190451056,-1.428236673689,
    -1.375787831962));
#1336 = CARTESIAN_POINT('',(0.808595450535,-2.008214548422,
    -1.438287831962));
#1337 = CARTESIAN_POINT('',(-1.983167421E-02,-2.,-1.500787831962));
#1338 = CARTESIAN_POINT('',(-0.848258798957,-1.991785451577,
    -1.563287831962));
#1339 = CARTESIAN_POINT('',(-1.428236673689,-1.400190451056,
    -1.625787831962));
#1340 = CARTESIAN_POINT('',(-2.008214548422,-0.808595450535,
    -1.688287831962));
#1341 = CARTESIAN_POINT('',(-2.,1.983167421E-02,-1.750787831962));
#1342 = CARTESIAN_POINT('',(-1.991785451577,0.848258798957,
    -1.813287831962));
#1343 = CARTESIAN_POINT('',(-1.400190451056,1.428236673689,
    -1.875787831962));
#1344 = CARTESIAN_POINT('',(-0.808595450535,2.008214548422,
    -1.938287831962));
#1345 = CARTESIAN_POINT('',(1.983167421E-02,2.,-2.000787831962));
#1346 = CARTESIAN_POINT('',(0.848258798957,1.991785451577,
    -2.063287831962));
#1347 = CARTESIAN_POINT('',(1.428236673689,1.400190451056,
    -2.125787831962));
#1348 = CARTESIAN_POINT('',(2.008214548422,0.808595450535,
    -2.188287831962));
#1349 = CARTESIAN_POINT('',(2.,-1.983167421E-02,-2.250787831962));
#1350 = CARTESIAN_POINT('',(1.991785451577,-0.848258798957,
    -2.313287831962));
#1351 = CARTESIAN_POINT('',(1.400190451056,-1.428236673689,
    -2.375787831962));
#1352 = CARTESIAN_POINT('',(0.808595450535,-2.008214548422,
    -2.438287831962));
#1353 = CARTESIAN_POINT('',(-1.983167421E-02,-2.,-2.500787831962));
#1354 = CARTESIAN_POINT('',(-0.848258798957,-1.991785451577,
    -2.563287831962));
#1355 = CARTESIAN_POINT('',(-1.428236673689,-1.400190451056,
    -2.625787831962));
#1356 = CARTESIAN_POINT('',(-2.008214548422,-0.808595450535,
    -2.688287831962));
#1357 = CARTESIAN_POINT('',(-2.,1.983167421E-02,-2.750787831962));
#1358 = ADVANCED_FACE('',(#1359),#1464,.F.);
#1359 = FACE_BOUND('',#1360,.F.);
#1360 = EDGE_LOOP('',(#1361,#1379,#1395,#1411,#1427,#1443,#1453,#1454));
#1361 = ORIENTED_EDGE('',*,*,#1362,.T.);
#1362 = EDGE_CURVE('',#1363,#1365,#1367,.T.);
#1363 = VERTEX_POINT('',#1364);
#1364 = CARTESIAN_POINT('',(2.,-0.,0.750711405617));
#1365 = VERTEX_POINT('',#1366);
#1366 = CARTESIAN_POINT('',(-2.,1.E-15,0.250711405617));
#1367 = ( BOUNDED_CURVE() B_SPLINE_CURVE(2,(#1368,#1369,#1370,#1371,
    #1372,#1373,#1374,#1375,#1376,#1377,#1378),.UNSPECIFIED.,.F.,.F.) 
B_SPLINE_CURVE_WITH_KNOTS((3,2,2,2,2,3),(0.299676419544,0.299999999999,
0.325,0.349999999999,0.375,0.399676419544),.UNSPECIFIED.) CURVE() 
GEOMETRIC_REPRESENTATION_ITEM() RATIONAL_B_SPLINE_CURVE((0.9976626312,
    0.998621993247,0.999606849718,0.923516309013,0.999606849718,
    0.923516309013,0.999606849718,0.923516309013,0.999606849718,
0.924501165484,0.9976626312)) REPRESENTATION_ITEM('') );
#1368 = CARTESIAN_POINT('',(2.,-3.7E-16,0.750711405617));
#1369 = CARTESIAN_POINT('',(2.,-9.916080091E-03,0.749960259232));
#1370 = CARTESIAN_POINT('',(1.999901673772,-1.9831672677E-02,
    0.749212148762));
#1371 = CARTESIAN_POINT('',(1.991687125985,-0.848218069366,
    0.686712148762));
#1372 = CARTESIAN_POINT('',(1.400120924998,-1.428167145463,
    0.624212148762));
#1373 = CARTESIAN_POINT('',(0.808554724012,-2.00811622156,0.561712148762
    ));
#1374 = CARTESIAN_POINT('',(-1.9831672677E-02,-1.999901673772,
    0.499212148762));
#1375 = CARTESIAN_POINT('',(-0.848218069366,-1.991687125985,
    0.436712148762));
#1376 = CARTESIAN_POINT('',(-1.428167145463,-1.400120924998,
    0.374212148762));
#1377 = CARTESIAN_POINT('',(-1.999999999999,-0.816833523914,
    0.312586818398));
#1378 = CARTESIAN_POINT('',(-2.,6.4E-16,0.250711405617));
#1379 = ORIENTED_EDGE('',*,*,#1380,.T.);
#1380 = EDGE_CURVE('',#1365,#1381,#1383,.T.);
#1381 = VERTEX_POINT('',#1382);
#1382 = CARTESIAN_POINT('',(2.,-0.,-0.249288594382));
#1383 = ( BOUNDED_CURVE() B_SPLINE_CURVE(2,(#1384,#1385,#1386,#1387,
    #1388,#1389,#1390,#1391,#1392,#1393,#1394),.UNSPECIFIED.,.F.,.F.) 
B_SPLINE_CURVE_WITH_KNOTS((3,2,2,2,2,3),(0.399676419544,0.4,
    0.424999999999,0.45,0.474999999999,0.499676419544),.UNSPECIFIED.) 
CURVE() GEOMETRIC_REPRESENTATION_ITEM() RATIONAL_B_SPLINE_CURVE((
    0.9976626312,0.998621993247,0.999606849718,0.923516309013,
    0.999606849718,0.923516309013,0.999606849718,0.923516309013,
0.999606849718,0.924501165484,0.9976626312)) REPRESENTATION_ITEM('') );
#1384 = CARTESIAN_POINT('',(-2.,6.4E-16,0.250711405617));
#1385 = CARTESIAN_POINT('',(-2.,9.916080091E-03,0.249960259232));
#1386 = CARTESIAN_POINT('',(-1.999901673772,1.9831672677E-02,
    0.249212148762));
#1387 = CARTESIAN_POINT('',(-1.991687125985,0.848218069366,
    0.186712148762));
#1388 = CARTESIAN_POINT('',(-1.400120924998,1.428167145463,
    0.124212148762));
#1389 = CARTESIAN_POINT('',(-0.808554724012,2.00811622156,
    6.1712148762E-02));
#1390 = CARTESIAN_POINT('',(1.9831672677E-02,1.999901673772,
    -7.87851237E-04));
#1391 = CARTESIAN_POINT('',(0.848218069366,1.991687125985,
    -6.3287851237E-02));
#1392 = CARTESIAN_POINT('',(1.428167145463,1.400120924998,
    -0.125787851237));
#1393 = CARTESIAN_POINT('',(1.999999999999,0.816833523914,
    -0.187413181601));
#1394 = CARTESIAN_POINT('',(2.,-4.1E-16,-0.249288594382));
#1395 = ORIENTED_EDGE('',*,*,#1396,.T.);
#1396 = EDGE_CURVE('',#1381,#1397,#1399,.T.);
#1397 = VERTEX_POINT('',#1398);
#1398 = CARTESIAN_POINT('',(-2.,-3.E-15,-0.749288594382));
#1399 = ( BOUNDED_CURVE() B_SPLINE_CURVE(2,(#1400,#1401,#1402,#1403,
    #1404,#1405,#1406,#1407,#1408,#1409,#1410),.UNSPECIFIED.,.F.,.F.) 
B_SPLINE_CURVE_WITH_KNOTS((3,2,2,2,2,3),(0.499676419544,0.5,0.525,0.55,
0.574999999999,0.599676419544),.UNSPECIFIED.) CURVE() 
GEOMETRIC_REPRESENTATION_ITEM() RATIONAL_B_SPLINE_CURVE((0.9976626312,
    0.998621993247,0.999606849718,0.923516309013,0.999606849718,
    0.923516309013,0.999606849718,0.923516309013,0.999606849718,
0.924501165484,0.9976626312)) REPRESENTATION_ITEM('') );
#1400 = CARTESIAN_POINT('',(2.,-4.1E-16,-0.249288594382));
#1401 = CARTESIAN_POINT('',(2.,-9.916080091E-03,-0.250039740767));
#1402 = CARTESIAN_POINT('',(1.999901673772,-1.9831672677E-02,
    -0.250787851237));
#1403 = CARTESIAN_POINT('',(1.991687125985,-0.848218069366,
    -0.313287851237));
#1404 = CARTESIAN_POINT('',(1.400120924998,-1.428167145463,
    -0.375787851237));
#1405 = CARTESIAN_POINT('',(0.808554724012,-2.00811622156,
    -0.438287851237));
#1406 = CARTESIAN_POINT('',(-1.9831672677E-02,-1.999901673772,
    -0.500787851237));
#1407 = CARTESIAN_POINT('',(-0.848218069366,-1.991687125985,
    -0.563287851237));
#1408 = CARTESIAN_POINT('',(-1.428167145463,-1.400120924998,
    -0.625787851237));
#1409 = CARTESIAN_POINT('',(-1.999999999999,-0.816833523914,
    -0.687413181601));
#1410 = CARTESIAN_POINT('',(-2.,-2.76E-15,-0.749288594382));
#1411 = ORIENTED_EDGE('',*,*,#1412,.T.);
#1412 = EDGE_CURVE('',#1397,#1413,#1415,.T.);
#1413 = VERTEX_POINT('',#1414);
#1414 = CARTESIAN_POINT('',(2.,3.E-15,-1.249288594382));
#1415 = ( BOUNDED_CURVE() B_SPLINE_CURVE(2,(#1416,#1417,#1418,#1419,
    #1420,#1421,#1422,#1423,#1424,#1425,#1426),.UNSPECIFIED.,.F.,.F.) 
B_SPLINE_CURVE_WITH_KNOTS((3,2,2,2,2,3),(0.599676419544,0.599999999999,
0.625,0.65,0.675,0.699676419544),.UNSPECIFIED.) CURVE() 
GEOMETRIC_REPRESENTATION_ITEM() RATIONAL_B_SPLINE_CURVE((0.9976626312,
    0.998621993247,0.999606849718,0.923516309013,0.999606849718,
    0.923516309013,0.999606849718,0.923516309013,0.999606849718,
0.924501165484,0.9976626312)) REPRESENTATION_ITEM('') );
#1416 = CARTESIAN_POINT('',(-2.,-2.76E-15,-0.749288594382));
#1417 = CARTESIAN_POINT('',(-2.,9.916080091E-03,-0.750039740767));
#1418 = CARTESIAN_POINT('',(-1.999901673772,1.9831672677E-02,
    -0.750787851237));
#1419 = CARTESIAN_POINT('',(-1.991687125985,0.848218069366,
    -0.813287851237));
#1420 = CARTESIAN_POINT('',(-1.400120924998,1.428167145463,
    -0.875787851237));
#1421 = CARTESIAN_POINT('',(-0.808554724012,2.00811622156,
    -0.938287851237));
#1422 = CARTESIAN_POINT('',(1.9831672677E-02,1.999901673772,
    -1.000787851237));
#1423 = CARTESIAN_POINT('',(0.848218069366,1.991687125985,
    -1.063287851237));
#1424 = CARTESIAN_POINT('',(1.428167145463,1.400120924998,
    -1.125787851237));
#1425 = CARTESIAN_POINT('',(1.999999999999,0.816833523914,
    -1.187413181601));
#1426 = CARTESIAN_POINT('',(2.,3.08E-15,-1.249288594382));
#1427 = ORIENTED_EDGE('',*,*,#1428,.T.);
#1428 = EDGE_CURVE('',#1413,#1429,#1431,.T.);
#1429 = VERTEX_POINT('',#1430);
#1430 = CARTESIAN_POINT('',(-2.,-3.E-15,-1.749288594382));
#1431 = ( BOUNDED_CURVE() B_SPLINE_CURVE(2,(#1432,#1433,#1434,#1435,
    #1436,#1437,#1438,#1439,#1440,#1441,#1442),.UNSPECIFIED.,.F.,.F.) 
B_SPLINE_CURVE_WITH_KNOTS((3,2,2,2,2,3),(0.699676419544,0.699999999999,
0.724999999999,0.75,0.775,0.799676419544),.UNSPECIFIED.) CURVE() 
GEOMETRIC_REPRESENTATION_ITEM() RATIONAL_B_SPLINE_CURVE((0.9976626312,
    0.998621993247,0.999606849718,0.923516309013,0.999606849718,
    0.923516309013,0.999606849718,0.923516309013,0.999606849718,
0.924501165484,0.9976626312)) REPRESENTATION_ITEM('') );
#1432 = CARTESIAN_POINT('',(2.,3.08E-15,-1.249288594382));
#1433 = CARTESIAN_POINT('',(2.,-9.916080091E-03,-1.250039740767));
#1434 = CARTESIAN_POINT('',(1.999901673772,-1.9831672677E-02,
    -1.250787851237));
#1435 = CARTESIAN_POINT('',(1.991687125985,-0.848218069366,
    -1.313287851237));
#1436 = CARTESIAN_POINT('',(1.400120924998,-1.428167145463,
    -1.375787851237));
#1437 = CARTESIAN_POINT('',(0.808554724012,-2.00811622156,
    -1.438287851237));
#1438 = CARTESIAN_POINT('',(-1.9831672677E-02,-1.999901673772,
    -1.500787851237));
#1439 = CARTESIAN_POINT('',(-0.848218069366,-1.991687125985,
    -1.563287851237));
#1440 = CARTESIAN_POINT('',(-1.428167145463,-1.400120924998,
    -1.625787851237));
#1441 = CARTESIAN_POINT('',(-1.999999999999,-0.816833523914,
    -1.687413181601));
#1442 = CARTESIAN_POINT('',(-2.,-2.76E-15,-1.749288594382));
#1443 = ORIENTED_EDGE('',*,*,#1444,.T.);
#1444 = EDGE_CURVE('',#1429,#175,#1445,.T.);
#1445 = ( BOUNDED_CURVE() B_SPLINE_CURVE(2,(#1446,#1447,#1448,#1449,
#1450,#1451,#1452),.UNSPECIFIED.,.F.,.F.) B_SPLINE_CURVE_WITH_KNOTS((3,2
    ,2,3),(0.799676419544,0.8,0.824999999999,0.830029788867),
.UNSPECIFIED.) CURVE() GEOMETRIC_REPRESENTATION_ITEM() 
RATIONAL_B_SPLINE_CURVE((0.9976626312,0.998621993247,0.999606849718,
    0.923516309013,0.999606849718,0.984298075535,0.975149293509)) 
REPRESENTATION_ITEM('') );
#1446 = CARTESIAN_POINT('',(-2.,-2.76E-15,-1.749288594382));
#1447 = CARTESIAN_POINT('',(-2.,9.916080091E-03,-1.750039740767));
#1448 = CARTESIAN_POINT('',(-1.999901673772,1.9831672677E-02,
    -1.750787851237));
#1449 = CARTESIAN_POINT('',(-1.991687125985,0.848218069366,
    -1.813287851237));
#1450 = CARTESIAN_POINT('',(-1.400120924998,1.428167145463,
    -1.875787851237));
#1451 = CARTESIAN_POINT('',(-1.288452334936,1.537642797601,
    -1.887585832371));
#1452 = CARTESIAN_POINT('',(-1.161154190875,1.628470936261,
    -1.899999999999));
#1453 = ORIENTED_EDGE('',*,*,#631,.F.);
#1454 = ORIENTED_EDGE('',*,*,#1455,.T.);
#1455 = EDGE_CURVE('',#632,#1363,#1456,.T.);
#1456 = ( BOUNDED_CURVE() B_SPLINE_CURVE(2,(#1457,#1458,#1459,#1460,
#1461,#1462,#1463),.UNSPECIFIED.,.F.,.F.) B_SPLINE_CURVE_WITH_KNOTS((3,2
    ,2,3),(0.249829718404,0.25,0.275,0.299676419544),.UNSPECIFIED.) 
CURVE() GEOMETRIC_REPRESENTATION_ITEM() RATIONAL_B_SPLINE_CURVE((
    0.998577364412,0.999088576973,0.999606849718,0.923516309013,
0.999606849718,0.924501165484,0.9976626312)) REPRESENTATION_ITEM('') );
#1457 = CARTESIAN_POINT('',(9.40028284E-03,2.000027069826,0.999999999999
    ));
#1458 = CARTESIAN_POINT('',(1.4616109201E-02,1.999953392989,
    0.999605651985));
#1459 = CARTESIAN_POINT('',(1.9831672677E-02,1.999901673772,
    0.999212148762));
#1460 = CARTESIAN_POINT('',(0.848218069366,1.991687125985,0.936712148762
    ));
#1461 = CARTESIAN_POINT('',(1.428167145463,1.400120924998,0.874212148762
    ));
#1462 = CARTESIAN_POINT('',(1.999999999999,0.816833523914,0.812586818398
    ));
#1463 = CARTESIAN_POINT('',(2.,-3.7E-16,0.750711405617));
#1464 = ( BOUNDED_SURFACE() B_SPLINE_SURFACE(3,2,(
    (#1465,#1466,#1467,#1468,#1469,#1470,#1471,#1472,#1473,#1474,#1475
      ,#1476,#1477,#1478,#1479,#1480,#1481,#1482,#1483,#1484,#1485,#1486
      ,#1487,#1488,#1489,#1490,#1491,#1492,#1493,#1494,#1495,#1496,#1497
      ,#1498,#1499,#1500,#1501,#1502,#1503,#1504,#1505,#1506,#1507,#1508
      ,#1509,#1510,#1511,#1512,#1513,#1514,#1515,#1516,#1517,#1518,#1519
      ,#1520,#1521,#1522,#1523,#1524,#1525,#1526,#1527,#1528,#1529,#1530
      ,#1531,#1532,#1533,#1534,#1535,#1536,#1537,#1538,#1539,#1540,#1541
      ,#1542,#1543,#1544,#1545)
    ,(#1546,#1547,#1548,#1549,#1550,#1551,#1552,#1553,#1554,#1555,#1556
      ,#1557,#1558,#1559,#1560,#1561,#1562,#1563,#1564,#1565,#1566,#1567
      ,#1568,#1569,#1570,#1571,#1572,#1573,#1574,#1575,#1576,#1577,#1578
      ,#1579,#1580,#1581,#1582,#1583,#1584,#1585,#1586,#1587,#1588,#1589
      ,#1590,#1591,#1592,#1593,#1594,#1595,#1596,#1597,#1598,#1599,#1600
      ,#1601,#1602,#1603,#1604,#1605,#1606,#1607,#1608,#1609,#1610,#1611
      ,#1612,#1613,#1614,#1615,#1616,#1617,#1618,#1619,#1620,#1621,#1622
      ,#1623,#1624,#1625,#1626)
    ,(#1627,#1628,#1629,#1630,#1631,#1632,#1633,#1634,#1635,#1636,#1637
      ,#1638,#1639,#1640,#1641,#1642,#1643,#1644,#1645,#1646,#1647,#1648
      ,#1649,#1650,#1651,#1652,#1653,#1654,#1655,#1656,#1657,#1658,#1659
      ,#1660,#1661,#1662,#1663,#1664,#1665,#1666,#1667,#1668,#1669,#1670
      ,#1671,#1672,#1673,#1674,#1675,#1676,#1677,#1678,#1679,#1680,#1681
      ,#1682,#1683,#1684,#1685,#1686,#1687,#1688,#1689,#1690,#1691,#1692
      ,#1693,#1694,#1695,#1696,#1697,#1698,#1699,#1700,#1701,#1702,#1703
      ,#1704,#1705,#1706,#1707)
    ,(#1708,#1709,#1710,#1711,#1712,#1713,#1714,#1715,#1716,#1717,#1718
      ,#1719,#1720,#1721,#1722,#1723,#1724,#1725,#1726,#1727,#1728,#1729
      ,#1730,#1731,#1732,#1733,#1734,#1735,#1736,#1737,#1738,#1739,#1740
      ,#1741,#1742,#1743,#1744,#1745,#1746,#1747,#1748,#1749,#1750,#1751
      ,#1752,#1753,#1754,#1755,#1756,#1757,#1758,#1759,#1760,#1761,#1762
      ,#1763,#1764,#1765,#1766,#1767,#1768,#1769,#1770,#1771,#1772,#1773
      ,#1774,#1775,#1776,#1777,#1778,#1779,#1780,#1781,#1782,#1783,#1784
      ,#1785,#1786,#1787,#1788)
    ,(#1789,#1790,#1791,#1792,#1793,#1794,#1795,#1796,#1797,#1798,#1799
      ,#1800,#1801,#1802,#1803,#1804,#1805,#1806,#1807,#1808,#1809,#1810
      ,#1811,#1812,#1813,#1814,#1815,#1816,#1817,#1818,#1819,#1820,#1821
      ,#1822,#1823,#1824,#1825,#1826,#1827,#1828,#1829,#1830,#1831,#1832
      ,#1833,#1834,#1835,#1836,#1837,#1838,#1839,#1840,#1841,#1842,#1843
      ,#1844,#1845,#1846,#1847,#1848,#1849,#1850,#1851,#1852,#1853,#1854
      ,#1855,#1856,#1857,#1858,#1859,#1860,#1861,#1862,#1863,#1864,#1865
      ,#1866,#1867,#1868,#1869)
    ,(#1870,#1871,#1872,#1873,#1874,#1875,#1876,#1877,#1878,#1879,#1880
      ,#1881,#1882,#1883,#1884,#1885,#1886,#1887,#1888,#1889,#1890,#1891
      ,#1892,#1893,#1894,#1895,#1896,#1897,#1898,#1899,#1900,#1901,#1902
      ,#1903,#1904,#1905,#1906,#1907,#1908,#1909,#1910,#1911,#1912,#1913
      ,#1914,#1915,#1916,#1917,#1918,#1919,#1920,#1921,#1922,#1923,#1924
      ,#1925,#1926,#1927,#1928,#1929,#1930,#1931,#1932,#1933,#1934,#1935
      ,#1936,#1937,#1938,#1939,#1940,#1941,#1942,#1943,#1944,#1945,#1946
      ,#1947,#1948,#1949,#1950)
    ,(#1951,#1952,#1953,#1954,#1955,#1956,#1957,#1958,#1959,#1960,#1961
      ,#1962,#1963,#1964,#1965,#1966,#1967,#1968,#1969,#1970,#1971,#1972
      ,#1973,#1974,#1975,#1976,#1977,#1978,#1979,#1980,#1981,#1982,#1983
      ,#1984,#1985,#1986,#1987,#1988,#1989,#1990,#1991,#1992,#1993,#1994
      ,#1995,#1996,#1997,#1998,#1999,#2000,#2001,#2002,#2003,#2004,#2005
      ,#2006,#2007,#2008,#2009,#2010,#2011,#2012,#2013,#2014,#2015,#2016
      ,#2017,#2018,#2019,#2020,#2021,#2022,#2023,#2024,#2025,#2026,#2027
      ,#2028,#2029,#2030,#2031
)),.UNSPECIFIED.,.T.,.F.,.F.) B_SPLINE_SURFACE_WITH_KNOTS((1,3,3,3,1),(3
    ,2,2,2,2,2,2,2,2,2,2,2,2,2,2,2,2,2,2,2,2,2,2,2,2,2,2,2,2,2,2,2,2,2,2
    ,2,2,2,2,2,3),(-0.5,0.,0.5,1.,1.5),(0.,2.5E-02,5.E-02,
    7.4999999999E-02,0.1,0.125,0.149999999999,0.174999999999,0.2,0.225,
    0.25,0.275,0.299999999999,0.325,0.349999999999,0.375,0.4,
    0.424999999999,0.45,0.474999999999,0.5,0.525,0.55,0.574999999999,
    0.599999999999,0.625,0.65,0.675,0.699999999999,0.724999999999,0.75,
    0.775,0.8,0.824999999999,0.849999999999,0.875,0.9,0.925,
    0.949999999999,0.974999999999,1.),.UNSPECIFIED.) 
GEOMETRIC_REPRESENTATION_ITEM() RATIONAL_B_SPLINE_SURFACE((
    (1.,0.923879532511,1.,0.923879532511,1.,0.923879532511,1.
      ,0.923879532511,1.,0.923879532511,1.,0.923879532511,1.
      ,0.923879532511,1.,0.923879532511,1.,0.923879532511,1.
      ,0.923879532511,1.,0.923879532511,1.,0.923879532511,1.
      ,0.923879532511,1.,0.923879532511,1.,0.923879532511,1.
      ,0.923879532511,1.,0.923879532511,1.,0.923879532511,1.
      ,0.923879532511,1.,0.923879532511,1.,0.923879532511,1.
      ,0.923879532511,1.,0.923879532511,1.,0.923879532511,1.
      ,0.923879532511,1.,0.923879532511,1.,0.923879532511,1.
      ,0.923879532511,1.,0.923879532511,1.,0.923879532511,1.
      ,0.923879532511,1.,0.923879532511,1.,0.923879532511,1.
      ,0.923879532511,1.,0.923879532511,1.,0.923879532511,1.
      ,0.923879532511,1.,0.923879532511,1.,0.923879532511,1.
      ,0.923879532511,1.)
    ,(0.333333333333,0.30795984417,0.333333333333,0.30795984417
      ,0.333333333333,0.30795984417,0.333333333333,0.30795984417
      ,0.333333333333,0.30795984417,0.333333333333,0.30795984417
      ,0.333333333333,0.30795984417,0.333333333333,0.30795984417
      ,0.333333333333,0.30795984417,0.333333333333,0.30795984417
      ,0.333333333333,0.30795984417,0.333333333333,0.30795984417
      ,0.333333333333,0.30795984417,0.333333333333,0.30795984417
      ,0.333333333333,0.30795984417,0.333333333333,0.30795984417
      ,0.333333333333,0.30795984417,0.333333333333,0.30795984417
      ,0.333333333333,0.30795984417,0.333333333333,0.30795984417
      ,0.333333333333,0.30795984417,0.333333333333,0.30795984417
      ,0.333333333333,0.30795984417,0.333333333333,0.30795984417
      ,0.333333333333,0.30795984417,0.333333333333,0.30795984417
      ,0.333333333333,0.30795984417,0.333333333333,0.30795984417
      ,0.333333333333,0.30795984417,0.333333333333,0.30795984417
      ,0.333333333333,0.30795984417,0.333333333333,0.30795984417
      ,0.333333333333,0.30795984417,0.333333333333,0.30795984417
      ,0.333333333333,0.30795984417,0.333333333333,0.30795984417
      ,0.333333333333,0.30795984417,0.333333333333,0.30795984417
      ,0.333333333333,0.30795984417,0.333333333333,0.30795984417
      ,0.333333333333)
    ,(0.333333333333,0.30795984417,0.333333333333,0.30795984417
      ,0.333333333333,0.30795984417,0.333333333333,0.30795984417
      ,0.333333333333,0.30795984417,0.333333333333,0.30795984417
      ,0.333333333333,0.30795984417,0.333333333333,0.30795984417
      ,0.333333333333,0.30795984417,0.333333333333,0.30795984417
      ,0.333333333333,0.30795984417,0.333333333333,0.30795984417
      ,0.333333333333,0.30795984417,0.333333333333,0.30795984417
      ,0.333333333333,0.30795984417,0.333333333333,0.30795984417
      ,0.333333333333,0.30795984417,0.333333333333,0.30795984417
      ,0.333333333333,0.30795984417,0.333333333333,0.30795984417
      ,0.333333333333,0.30795984417,0.333333333333,0.30795984417
      ,0.333333333333,0.30795984417,0.333333333333,0.30795984417
      ,0.333333333333,0.30795984417,0.333333333333,0.30795984417
      ,0.333333333333,0.30795984417,0.333333333333,0.30795984417
      ,0.333333333333,0.30795984417,0.333333333333,0.30795984417
      ,0.333333333333,0.30795984417,0.333333333333,0.30795984417
      ,0.333333333333,0.30795984417,0.333333333333,0.30795984417
      ,0.333333333333,0.30795984417,0.333333333333,0.30795984417
      ,0.333333333333,0.30795984417,0.333333333333,0.30795984417
      ,0.333333333333,0.30795984417,0.333333333333,0.30795984417
      ,0.333333333333)
    ,(1.,0.923879532511,1.,0.923879532511,1.,0.923879532511,1.
      ,0.923879532511,1.,0.923879532511,1.,0.923879532511,1.
      ,0.923879532511,1.,0.923879532511,1.,0.923879532511,1.
      ,0.923879532511,1.,0.923879532511,1.,0.923879532511,1.
      ,0.923879532511,1.,0.923879532511,1.,0.923879532511,1.
      ,0.923879532511,1.,0.923879532511,1.,0.923879532511,1.
      ,0.923879532511,1.,0.923879532511,1.,0.923879532511,1.
      ,0.923879532511,1.,0.923879532511,1.,0.923879532511,1.
      ,0.923879532511,1.,0.923879532511,1.,0.923879532511,1.
      ,0.923879532511,1.,0.923879532511,1.,0.923879532511,1.
      ,0.923879532511,1.,0.923879532511,1.,0.923879532511,1.
      ,0.923879532511,1.,0.923879532511,1.,0.923879532511,1.
      ,0.923879532511,1.,0.923879532511,1.,0.923879532511,1.
      ,0.923879532511,1.)
    ,(0.333333333333,0.30795984417,0.333333333333,0.30795984417
      ,0.333333333333,0.30795984417,0.333333333333,0.30795984417
      ,0.333333333333,0.30795984417,0.333333333333,0.30795984417
      ,0.333333333333,0.30795984417,0.333333333333,0.30795984417
      ,0.333333333333,0.30795984417,0.333333333333,0.30795984417
      ,0.333333333333,0.30795984417,0.333333333333,0.30795984417
      ,0.333333333333,0.30795984417,0.333333333333,0.30795984417
      ,0.333333333333,0.30795984417,0.333333333333,0.30795984417
      ,0.333333333333,0.30795984417,0.333333333333,0.30795984417
      ,0.333333333333,0.30795984417,0.333333333333,0.30795984417
      ,0.333333333333,0.30795984417,0.333333333333,0.30795984417
      ,0.333333333333,0.30795984417,0.333333333333,0.30795984417
      ,0.333333333333,0.30795984417,0.333333333333,0.30795984417
      ,0.333333333333,0.30795984417,0.333333333333,0.30795984417
      ,0.333333333333,0.30795984417,0.333333333333,0.30795984417
      ,0.333333333333,0.30795984417,0.333333333333,0.30795984417
      ,0.333333333333,0.30795984417,0.333333333333,0.30795984417
      ,0.333333333333,0.30795984417,0.333333333333,0.30795984417
      ,0.333333333333,0.30795984417,0.333333333333,0.30795984417
      ,0.333333333333,0.30795984417,0.333333333333,0.30795984417
      ,0.333333333333)
    ,(0.333333333333,0.30795984417,0.333333333333,0.30795984417
      ,0.333333333333,0.30795984417,0.333333333333,0.30795984417
      ,0.333333333333,0.30795984417,0.333333333333,0.30795984417
      ,0.333333333333,0.30795984417,0.333333333333,0.30795984417
      ,0.333333333333,0.30795984417,0.333333333333,0.30795984417
      ,0.333333333333,0.30795984417,0.333333333333,0.30795984417
      ,0.333333333333,0.30795984417,0.333333333333,0.30795984417
      ,0.333333333333,0.30795984417,0.333333333333,0.30795984417
      ,0.333333333333,0.30795984417,0.333333333333,0.30795984417
      ,0.333333333333,0.30795984417,0.333333333333,0.30795984417
      ,0.333333333333,0.30795984417,0.333333333333,0.30795984417
      ,0.333333333333,0.30795984417,0.333333333333,0.30795984417
      ,0.333333333333,0.30795984417,0.333333333333,0.30795984417
      ,0.333333333333,0.30795984417,0.333333333333,0.30795984417
      ,0.333333333333,0.30795984417,0.333333333333,0.30795984417
      ,0.333333333333,0.30795984417,0.333333333333,0.30795984417
      ,0.333333333333,0.30795984417,0.333333333333,0.30795984417
      ,0.333333333333,0.30795984417,0.333333333333,0.30795984417
      ,0.333333333333,0.30795984417,0.333333333333,0.30795984417
      ,0.333333333333,0.30795984417,0.333333333333,0.30795984417
      ,0.333333333333)
    ,(1.,0.923879532511,1.,0.923879532511,1.,0.923879532511,1.
      ,0.923879532511,1.,0.923879532511,1.,0.923879532511,1.
      ,0.923879532511,1.,0.923879532511,1.,0.923879532511,1.
      ,0.923879532511,1.,0.923879532511,1.,0.923879532511,1.
      ,0.923879532511,1.,0.923879532511,1.,0.923879532511,1.
      ,0.923879532511,1.,0.923879532511,1.,0.923879532511,1.
      ,0.923879532511,1.,0.923879532511,1.,0.923879532511,1.
      ,0.923879532511,1.,0.923879532511,1.,0.923879532511,1.
      ,0.923879532511,1.,0.923879532511,1.,0.923879532511,1.
      ,0.923879532511,1.,0.923879532511,1.,0.923879532511,1.
      ,0.923879532511,1.,0.923879532511,1.,0.923879532511,1.
      ,0.923879532511,1.,0.923879532511,1.,0.923879532511,1.
      ,0.923879532511,1.,0.923879532511,1.,0.923879532511,1.
,0.923879532511,1.))) REPRESENTATION_ITEM('') SURFACE() );
#1465 = CARTESIAN_POINT('',(-2.,1.983167421E-02,2.249212168037));
#1466 = CARTESIAN_POINT('',(-1.991785451577,0.848258798957,
    2.186712168037));
#1467 = CARTESIAN_POINT('',(-1.400190451056,1.428236673689,
    2.124212168037));
#1468 = CARTESIAN_POINT('',(-0.808595450535,2.008214548422,
    2.061712168037));
#1469 = CARTESIAN_POINT('',(1.983167421E-02,2.,1.999212168037));
#1470 = CARTESIAN_POINT('',(0.848258798957,1.991785451577,1.936712168037
    ));
#1471 = CARTESIAN_POINT('',(1.428236673689,1.400190451056,1.874212168037
    ));
#1472 = CARTESIAN_POINT('',(2.008214548422,0.808595450535,1.811712168037
    ));
#1473 = CARTESIAN_POINT('',(2.,-1.983167421E-02,1.749212168037));
#1474 = CARTESIAN_POINT('',(1.991785451577,-0.848258798957,
    1.686712168037));
#1475 = CARTESIAN_POINT('',(1.400190451056,-1.428236673689,
    1.624212168037));
#1476 = CARTESIAN_POINT('',(0.808595450535,-2.008214548422,
    1.561712168037));
#1477 = CARTESIAN_POINT('',(-1.983167421E-02,-2.,1.499212168037));
#1478 = CARTESIAN_POINT('',(-0.848258798957,-1.991785451577,
    1.436712168037));
#1479 = CARTESIAN_POINT('',(-1.428236673689,-1.400190451056,
    1.374212168037));
#1480 = CARTESIAN_POINT('',(-2.008214548422,-0.808595450535,
    1.311712168037));
#1481 = CARTESIAN_POINT('',(-2.,1.983167421E-02,1.249212168037));
#1482 = CARTESIAN_POINT('',(-1.991785451577,0.848258798957,
    1.186712168037));
#1483 = CARTESIAN_POINT('',(-1.400190451056,1.428236673689,
    1.124212168037));
#1484 = CARTESIAN_POINT('',(-0.808595450535,2.008214548422,
    1.061712168037));
#1485 = CARTESIAN_POINT('',(1.983167421E-02,2.,0.999212168037));
#1486 = CARTESIAN_POINT('',(0.848258798957,1.991785451577,0.936712168037
    ));
#1487 = CARTESIAN_POINT('',(1.428236673689,1.400190451056,0.874212168037
    ));
#1488 = CARTESIAN_POINT('',(2.008214548422,0.808595450535,0.811712168037
    ));
#1489 = CARTESIAN_POINT('',(2.,-1.983167421E-02,0.749212168037));
#1490 = CARTESIAN_POINT('',(1.991785451577,-0.848258798957,
    0.686712168037));
#1491 = CARTESIAN_POINT('',(1.400190451056,-1.428236673689,
    0.624212168037));
#1492 = CARTESIAN_POINT('',(0.808595450535,-2.008214548422,
    0.561712168037));
#1493 = CARTESIAN_POINT('',(-1.983167421E-02,-2.,0.499212168037));
#1494 = CARTESIAN_POINT('',(-0.848258798957,-1.991785451577,
    0.436712168037));
#1495 = CARTESIAN_POINT('',(-1.428236673689,-1.400190451056,
    0.374212168037));
#1496 = CARTESIAN_POINT('',(-2.008214548422,-0.808595450535,
    0.311712168037));
#1497 = CARTESIAN_POINT('',(-2.,1.983167421E-02,0.249212168037));
#1498 = CARTESIAN_POINT('',(-1.991785451577,0.848258798957,
    0.186712168037));
#1499 = CARTESIAN_POINT('',(-1.400190451056,1.428236673689,
    0.124212168037));
#1500 = CARTESIAN_POINT('',(-0.808595450535,2.008214548422,
    6.1712168037E-02));
#1501 = CARTESIAN_POINT('',(1.983167421E-02,2.,-7.87831962E-04));
#1502 = CARTESIAN_POINT('',(0.848258798957,1.991785451577,
    -6.3287831962E-02));
#1503 = CARTESIAN_POINT('',(1.428236673689,1.400190451056,
    -0.125787831962));
#1504 = CARTESIAN_POINT('',(2.008214548422,0.808595450535,
    -0.188287831962));
#1505 = CARTESIAN_POINT('',(2.,-1.983167421E-02,-0.250787831962));
#1506 = CARTESIAN_POINT('',(1.991785451577,-0.848258798957,
    -0.313287831962));
#1507 = CARTESIAN_POINT('',(1.400190451056,-1.428236673689,
    -0.375787831962));
#1508 = CARTESIAN_POINT('',(0.808595450535,-2.008214548422,
    -0.438287831962));
#1509 = CARTESIAN_POINT('',(-1.983167421E-02,-2.,-0.500787831962));
#1510 = CARTESIAN_POINT('',(-0.848258798957,-1.991785451577,
    -0.563287831962));
#1511 = CARTESIAN_POINT('',(-1.428236673689,-1.400190451056,
    -0.625787831962));
#1512 = CARTESIAN_POINT('',(-2.008214548422,-0.808595450535,
    -0.688287831962));
#1513 = CARTESIAN_POINT('',(-2.,1.983167421E-02,-0.750787831962));
#1514 = CARTESIAN_POINT('',(-1.991785451577,0.848258798957,
    -0.813287831962));
#1515 = CARTESIAN_POINT('',(-1.400190451056,1.428236673689,
    -0.875787831962));
#1516 = CARTESIAN_POINT('',(-0.808595450535,2.008214548422,
    -0.938287831962));
#1517 = CARTESIAN_POINT('',(1.983167421E-02,2.,-1.000787831962));
#1518 = CARTESIAN_POINT('',(0.848258798957,1.991785451577,
    -1.063287831962));
#1519 = CARTESIAN_POINT('',(1.428236673689,1.400190451056,
    -1.125787831962));
#1520 = CARTESIAN_POINT('',(2.008214548422,0.808595450535,
    -1.188287831962));
#1521 = CARTESIAN_POINT('',(2.,-1.983167421E-02,-1.250787831962));
#1522 = CARTESIAN_POINT('',(1.991785451577,-0.848258798957,
    -1.313287831962));
#1523 = CARTESIAN_POINT('',(1.400190451056,-1.428236673689,
    -1.375787831962));
#1524 = CARTESIAN_POINT('',(0.808595450535,-2.008214548422,
    -1.438287831962));
#1525 = CARTESIAN_POINT('',(-1.983167421E-02,-2.,-1.500787831962));
#1526 = CARTESIAN_POINT('',(-0.848258798957,-1.991785451577,
    -1.563287831962));
#1527 = CARTESIAN_POINT('',(-1.428236673689,-1.400190451056,
    -1.625787831962));
#1528 = CARTESIAN_POINT('',(-2.008214548422,-0.808595450535,
    -1.688287831962));
#1529 = CARTESIAN_POINT('',(-2.,1.983167421E-02,-1.750787831962));
#1530 = CARTESIAN_POINT('',(-1.991785451577,0.848258798957,
    -1.813287831962));
#1531 = CARTESIAN_POINT('',(-1.400190451056,1.428236673689,
    -1.875787831962));
#1532 = CARTESIAN_POINT('',(-0.808595450535,2.008214548422,
    -1.938287831962));
#1533 = CARTESIAN_POINT('',(1.983167421E-02,2.,-2.000787831962));
#1534 = CARTESIAN_POINT('',(0.848258798957,1.991785451577,
    -2.063287831962));
#1535 = CARTESIAN_POINT('',(1.428236673689,1.400190451056,
    -2.125787831962));
#1536 = CARTESIAN_POINT('',(2.008214548422,0.808595450535,
    -2.188287831962));
#1537 = CARTESIAN_POINT('',(2.,-1.983167421E-02,-2.250787831962));
#1538 = CARTESIAN_POINT('',(1.991785451577,-0.848258798957,
    -2.313287831962));
#1539 = CARTESIAN_POINT('',(1.400190451056,-1.428236673689,
    -2.375787831962));
#1540 = CARTESIAN_POINT('',(0.808595450535,-2.008214548422,
    -2.438287831962));
#1541 = CARTESIAN_POINT('',(-1.983167421E-02,-2.,-2.500787831962));
#1542 = CARTESIAN_POINT('',(-0.848258798957,-1.991785451577,
    -2.563287831962));
#1543 = CARTESIAN_POINT('',(-1.428236673689,-1.400190451056,
    -2.625787831962));
#1544 = CARTESIAN_POINT('',(-2.008214548422,-0.808595450535,
    -2.688287831962));
#1545 = CARTESIAN_POINT('',(-2.,1.983167421E-02,-2.750787831962));
#1546 = CARTESIAN_POINT('',(-1.5,1.983167421E-02,2.249212168037));
#1547 = CARTESIAN_POINT('',(-1.491785451577,0.64115201777,2.186712168037
    ));
#1548 = CARTESIAN_POINT('',(-1.046637060463,1.074683283096,
    2.124212168037));
#1549 = CARTESIAN_POINT('',(-0.601488669348,1.508214548422,
    2.061712168037));
#1550 = CARTESIAN_POINT('',(1.983167421E-02,1.5,1.999212168037));
#1551 = CARTESIAN_POINT('',(0.64115201777,1.491785451577,1.936712168037)
  );
#1552 = CARTESIAN_POINT('',(1.074683283096,1.046637060463,1.874212168037
    ));
#1553 = CARTESIAN_POINT('',(1.508214548422,0.601488669348,1.811712168037
    ));
#1554 = CARTESIAN_POINT('',(1.5,-1.983167421E-02,1.749212168037));
#1555 = CARTESIAN_POINT('',(1.491785451577,-0.64115201777,1.686712168037
    ));
#1556 = CARTESIAN_POINT('',(1.046637060463,-1.074683283096,
    1.624212168037));
#1557 = CARTESIAN_POINT('',(0.601488669348,-1.508214548422,
    1.561712168037));
#1558 = CARTESIAN_POINT('',(-1.983167421E-02,-1.5,1.499212168037));
#1559 = CARTESIAN_POINT('',(-0.64115201777,-1.491785451577,
    1.436712168037));
#1560 = CARTESIAN_POINT('',(-1.074683283096,-1.046637060463,
    1.374212168037));
#1561 = CARTESIAN_POINT('',(-1.508214548422,-0.601488669348,
    1.311712168037));
#1562 = CARTESIAN_POINT('',(-1.5,1.983167421E-02,1.249212168037));
#1563 = CARTESIAN_POINT('',(-1.491785451577,0.64115201777,1.186712168037
    ));
#1564 = CARTESIAN_POINT('',(-1.046637060463,1.074683283096,
    1.124212168037));
#1565 = CARTESIAN_POINT('',(-0.601488669348,1.508214548422,
    1.061712168037));
#1566 = CARTESIAN_POINT('',(1.983167421E-02,1.5,0.999212168037));
#1567 = CARTESIAN_POINT('',(0.64115201777,1.491785451577,0.936712168037)
  );
#1568 = CARTESIAN_POINT('',(1.074683283096,1.046637060463,0.874212168037
    ));
#1569 = CARTESIAN_POINT('',(1.508214548422,0.601488669348,0.811712168037
    ));
#1570 = CARTESIAN_POINT('',(1.5,-1.983167421E-02,0.749212168037));
#1571 = CARTESIAN_POINT('',(1.491785451577,-0.64115201777,0.686712168037
    ));
#1572 = CARTESIAN_POINT('',(1.046637060463,-1.074683283096,
    0.624212168037));
#1573 = CARTESIAN_POINT('',(0.601488669348,-1.508214548422,
    0.561712168037));
#1574 = CARTESIAN_POINT('',(-1.983167421E-02,-1.5,0.499212168037));
#1575 = CARTESIAN_POINT('',(-0.64115201777,-1.491785451577,
    0.436712168037));
#1576 = CARTESIAN_POINT('',(-1.074683283096,-1.046637060463,
    0.374212168037));
#1577 = CARTESIAN_POINT('',(-1.508214548422,-0.601488669348,
    0.311712168037));
#1578 = CARTESIAN_POINT('',(-1.5,1.983167421E-02,0.249212168037));
#1579 = CARTESIAN_POINT('',(-1.491785451577,0.64115201777,0.186712168037
    ));
#1580 = CARTESIAN_POINT('',(-1.046637060463,1.074683283096,
    0.124212168037));
#1581 = CARTESIAN_POINT('',(-0.601488669348,1.508214548422,
    6.1712168037E-02));
#1582 = CARTESIAN_POINT('',(1.983167421E-02,1.5,-7.87831962E-04));
#1583 = CARTESIAN_POINT('',(0.64115201777,1.491785451577,
    -6.3287831962E-02));
#1584 = CARTESIAN_POINT('',(1.074683283096,1.046637060463,
    -0.125787831962));
#1585 = CARTESIAN_POINT('',(1.508214548422,0.601488669348,
    -0.188287831962));
#1586 = CARTESIAN_POINT('',(1.5,-1.983167421E-02,-0.250787831962));
#1587 = CARTESIAN_POINT('',(1.491785451577,-0.64115201777,
    -0.313287831962));
#1588 = CARTESIAN_POINT('',(1.046637060463,-1.074683283096,
    -0.375787831962));
#1589 = CARTESIAN_POINT('',(0.601488669348,-1.508214548422,
    -0.438287831962));
#1590 = CARTESIAN_POINT('',(-1.983167421E-02,-1.5,-0.500787831962));
#1591 = CARTESIAN_POINT('',(-0.64115201777,-1.491785451577,
    -0.563287831962));
#1592 = CARTESIAN_POINT('',(-1.074683283096,-1.046637060463,
    -0.625787831962));
#1593 = CARTESIAN_POINT('',(-1.508214548422,-0.601488669348,
    -0.688287831962));
#1594 = CARTESIAN_POINT('',(-1.5,1.983167421E-02,-0.750787831962));
#1595 = CARTESIAN_POINT('',(-1.491785451577,0.64115201777,
    -0.813287831962));
#1596 = CARTESIAN_POINT('',(-1.046637060463,1.074683283096,
    -0.875787831962));
#1597 = CARTESIAN_POINT('',(-0.601488669348,1.508214548422,
    -0.938287831962));
#1598 = CARTESIAN_POINT('',(1.983167421E-02,1.5,-1.000787831962));
#1599 = CARTESIAN_POINT('',(0.64115201777,1.491785451577,-1.063287831962
    ));
#1600 = CARTESIAN_POINT('',(1.074683283096,1.046637060463,
    -1.125787831962));
#1601 = CARTESIAN_POINT('',(1.508214548422,0.601488669348,
    -1.188287831962));
#1602 = CARTESIAN_POINT('',(1.5,-1.983167421E-02,-1.250787831962));
#1603 = CARTESIAN_POINT('',(1.491785451577,-0.64115201777,
    -1.313287831962));
#1604 = CARTESIAN_POINT('',(1.046637060463,-1.074683283096,
    -1.375787831962));
#1605 = CARTESIAN_POINT('',(0.601488669348,-1.508214548422,
    -1.438287831962));
#1606 = CARTESIAN_POINT('',(-1.983167421E-02,-1.5,-1.500787831962));
#1607 = CARTESIAN_POINT('',(-0.64115201777,-1.491785451577,
    -1.563287831962));
#1608 = CARTESIAN_POINT('',(-1.074683283096,-1.046637060463,
    -1.625787831962));
#1609 = CARTESIAN_POINT('',(-1.508214548422,-0.601488669348,
    -1.688287831962));
#1610 = CARTESIAN_POINT('',(-1.5,1.983167421E-02,-1.750787831962));
#1611 = CARTESIAN_POINT('',(-1.491785451577,0.64115201777,
    -1.813287831962));
#1612 = CARTESIAN_POINT('',(-1.046637060463,1.074683283096,
    -1.875787831962));
#1613 = CARTESIAN_POINT('',(-0.601488669348,1.508214548422,
    -1.938287831962));
#1614 = CARTESIAN_POINT('',(1.983167421E-02,1.5,-2.000787831962));
#1615 = CARTESIAN_POINT('',(0.64115201777,1.491785451577,-2.063287831962
    ));
#1616 = CARTESIAN_POINT('',(1.074683283096,1.046637060463,
    -2.125787831962));
#1617 = CARTESIAN_POINT('',(1.508214548422,0.601488669348,
    -2.188287831962));
#1618 = CARTESIAN_POINT('',(1.5,-1.983167421E-02,-2.250787831962));
#1619 = CARTESIAN_POINT('',(1.491785451577,-0.64115201777,
    -2.313287831962));
#1620 = CARTESIAN_POINT('',(1.046637060463,-1.074683283096,
    -2.375787831962));
#1621 = CARTESIAN_POINT('',(0.601488669348,-1.508214548422,
    -2.438287831962));
#1622 = CARTESIAN_POINT('',(-1.983167421E-02,-1.5,-2.500787831962));
#1623 = CARTESIAN_POINT('',(-0.64115201777,-1.491785451577,
    -2.563287831962));
#1624 = CARTESIAN_POINT('',(-1.074683283096,-1.046637060463,
    -2.625787831962));
#1625 = CARTESIAN_POINT('',(-1.508214548422,-0.601488669348,
    -2.688287831962));
#1626 = CARTESIAN_POINT('',(-1.5,1.983167421E-02,-2.750787831962));
#1627 = CARTESIAN_POINT('',(-1.5,-1.983167421E-02,1.750787831962));
#1628 = CARTESIAN_POINT('',(-1.508214548422,0.601488669348,
    1.688287831962));
#1629 = CARTESIAN_POINT('',(-1.074683283096,1.046637060462,
    1.625787831962));
#1630 = CARTESIAN_POINT('',(-0.64115201777,1.491785451577,1.563287831962
    ));
#1631 = CARTESIAN_POINT('',(-1.983167421E-02,1.5,1.500787831962));
#1632 = CARTESIAN_POINT('',(0.601488669348,1.508214548422,1.438287831962
    ));
#1633 = CARTESIAN_POINT('',(1.046637060462,1.074683283096,1.375787831962
    ));
#1634 = CARTESIAN_POINT('',(1.491785451577,0.64115201777,1.313287831962)
  );
#1635 = CARTESIAN_POINT('',(1.5,1.983167421E-02,1.250787831962));
#1636 = CARTESIAN_POINT('',(1.508214548422,-0.601488669348,
    1.188287831962));
#1637 = CARTESIAN_POINT('',(1.074683283096,-1.046637060462,
    1.125787831962));
#1638 = CARTESIAN_POINT('',(0.64115201777,-1.491785451577,1.063287831962
    ));
#1639 = CARTESIAN_POINT('',(1.983167421E-02,-1.5,1.000787831962));
#1640 = CARTESIAN_POINT('',(-0.601488669348,-1.508214548422,
    0.938287831962));
#1641 = CARTESIAN_POINT('',(-1.046637060462,-1.074683283096,
    0.875787831962));
#1642 = CARTESIAN_POINT('',(-1.491785451577,-0.64115201777,
    0.813287831962));
#1643 = CARTESIAN_POINT('',(-1.5,-1.983167421E-02,0.750787831962));
#1644 = CARTESIAN_POINT('',(-1.508214548422,0.601488669348,
    0.688287831962));
#1645 = CARTESIAN_POINT('',(-1.074683283096,1.046637060462,
    0.625787831962));
#1646 = CARTESIAN_POINT('',(-0.64115201777,1.491785451577,0.563287831962
    ));
#1647 = CARTESIAN_POINT('',(-1.983167421E-02,1.5,0.500787831962));
#1648 = CARTESIAN_POINT('',(0.601488669348,1.508214548422,0.438287831962
    ));
#1649 = CARTESIAN_POINT('',(1.046637060462,1.074683283096,0.375787831962
    ));
#1650 = CARTESIAN_POINT('',(1.491785451577,0.64115201777,0.313287831962)
  );
#1651 = CARTESIAN_POINT('',(1.5,1.983167421E-02,0.250787831962));
#1652 = CARTESIAN_POINT('',(1.508214548422,-0.601488669348,
    0.188287831962));
#1653 = CARTESIAN_POINT('',(1.074683283096,-1.046637060462,
    0.125787831962));
#1654 = CARTESIAN_POINT('',(0.64115201777,-1.491785451577,
    6.3287831962E-02));
#1655 = CARTESIAN_POINT('',(1.983167421E-02,-1.5,7.87831962E-04));
#1656 = CARTESIAN_POINT('',(-0.601488669348,-1.508214548422,
    -6.1712168037E-02));
#1657 = CARTESIAN_POINT('',(-1.046637060462,-1.074683283096,
    -0.124212168037));
#1658 = CARTESIAN_POINT('',(-1.491785451577,-0.64115201777,
    -0.186712168037));
#1659 = CARTESIAN_POINT('',(-1.5,-1.983167421E-02,-0.249212168037));
#1660 = CARTESIAN_POINT('',(-1.508214548422,0.601488669348,
    -0.311712168037));
#1661 = CARTESIAN_POINT('',(-1.074683283096,1.046637060462,
    -0.374212168037));
#1662 = CARTESIAN_POINT('',(-0.64115201777,1.491785451577,
    -0.436712168037));
#1663 = CARTESIAN_POINT('',(-1.983167421E-02,1.5,-0.499212168037));
#1664 = CARTESIAN_POINT('',(0.601488669348,1.508214548422,
    -0.561712168037));
#1665 = CARTESIAN_POINT('',(1.046637060462,1.074683283096,
    -0.624212168037));
#1666 = CARTESIAN_POINT('',(1.491785451577,0.64115201777,-0.686712168037
    ));
#1667 = CARTESIAN_POINT('',(1.5,1.983167421E-02,-0.749212168037));
#1668 = CARTESIAN_POINT('',(1.508214548422,-0.601488669348,
    -0.811712168037));
#1669 = CARTESIAN_POINT('',(1.074683283096,-1.046637060462,
    -0.874212168037));
#1670 = CARTESIAN_POINT('',(0.64115201777,-1.491785451577,
    -0.936712168037));
#1671 = CARTESIAN_POINT('',(1.983167421E-02,-1.5,-0.999212168037));
#1672 = CARTESIAN_POINT('',(-0.601488669348,-1.508214548422,
    -1.061712168037));
#1673 = CARTESIAN_POINT('',(-1.046637060462,-1.074683283096,
    -1.124212168037));
#1674 = CARTESIAN_POINT('',(-1.491785451577,-0.64115201777,
    -1.186712168037));
#1675 = CARTESIAN_POINT('',(-1.5,-1.983167421E-02,-1.249212168037));
#1676 = CARTESIAN_POINT('',(-1.508214548422,0.601488669348,
    -1.311712168037));
#1677 = CARTESIAN_POINT('',(-1.074683283096,1.046637060462,
    -1.374212168037));
#1678 = CARTESIAN_POINT('',(-0.64115201777,1.491785451577,
    -1.436712168037));
#1679 = CARTESIAN_POINT('',(-1.983167421E-02,1.5,-1.499212168037));
#1680 = CARTESIAN_POINT('',(0.601488669348,1.508214548422,
    -1.561712168037));
#1681 = CARTESIAN_POINT('',(1.046637060462,1.074683283096,
    -1.624212168037));
#1682 = CARTESIAN_POINT('',(1.491785451577,0.64115201777,-1.686712168037
    ));
#1683 = CARTESIAN_POINT('',(1.5,1.983167421E-02,-1.749212168037));
#1684 = CARTESIAN_POINT('',(1.508214548422,-0.601488669348,
    -1.811712168037));
#1685 = CARTESIAN_POINT('',(1.074683283096,-1.046637060462,
    -1.874212168037));
#1686 = CARTESIAN_POINT('',(0.64115201777,-1.491785451577,
    -1.936712168037));
#1687 = CARTESIAN_POINT('',(1.983167421E-02,-1.5,-1.999212168037));
#1688 = CARTESIAN_POINT('',(-0.601488669348,-1.508214548422,
    -2.061712168037));
#1689 = CARTESIAN_POINT('',(-1.046637060462,-1.074683283096,
    -2.124212168037));
#1690 = CARTESIAN_POINT('',(-1.491785451577,-0.64115201777,
    -2.186712168037));
#1691 = CARTESIAN_POINT('',(-1.5,-1.983167421E-02,-2.249212168037));
#1692 = CARTESIAN_POINT('',(-1.508214548422,0.601488669348,
    -2.311712168037));
#1693 = CARTESIAN_POINT('',(-1.074683283096,1.046637060462,
    -2.374212168037));
#1694 = CARTESIAN_POINT('',(-0.64115201777,1.491785451577,
    -2.436712168037));
#1695 = CARTESIAN_POINT('',(-1.983167421E-02,1.5,-2.499212168037));
#1696 = CARTESIAN_POINT('',(0.601488669348,1.508214548422,
    -2.561712168037));
#1697 = CARTESIAN_POINT('',(1.046637060462,1.074683283096,
    -2.624212168037));
#1698 = CARTESIAN_POINT('',(1.491785451577,0.64115201777,-2.686712168037
    ));
#1699 = CARTESIAN_POINT('',(1.5,1.983167421E-02,-2.749212168037));
#1700 = CARTESIAN_POINT('',(1.508214548422,-0.601488669348,
    -2.811712168037));
#1701 = CARTESIAN_POINT('',(1.074683283096,-1.046637060462,
    -2.874212168037));
#1702 = CARTESIAN_POINT('',(0.64115201777,-1.491785451577,
    -2.936712168037));
#1703 = CARTESIAN_POINT('',(1.983167421E-02,-1.5,-2.999212168037));
#1704 = CARTESIAN_POINT('',(-0.601488669348,-1.508214548422,
    -3.061712168037));
#1705 = CARTESIAN_POINT('',(-1.046637060462,-1.074683283096,
    -3.124212168037));
#1706 = CARTESIAN_POINT('',(-1.491785451577,-0.64115201777,
    -3.186712168037));
#1707 = CARTESIAN_POINT('',(-1.5,-1.983167421E-02,-3.249212168037));
#1708 = CARTESIAN_POINT('',(-2.,-1.983167421E-02,1.750787831962));
#1709 = CARTESIAN_POINT('',(-2.008214548422,0.808595450535,
    1.688287831962));
#1710 = CARTESIAN_POINT('',(-1.428236673689,1.400190451056,
    1.625787831962));
#1711 = CARTESIAN_POINT('',(-0.848258798957,1.991785451577,
    1.563287831962));
#1712 = CARTESIAN_POINT('',(-1.983167421E-02,2.,1.500787831962));
#1713 = CARTESIAN_POINT('',(0.808595450535,2.008214548422,1.438287831962
    ));
#1714 = CARTESIAN_POINT('',(1.400190451056,1.428236673689,1.375787831962
    ));
#1715 = CARTESIAN_POINT('',(1.991785451577,0.848258798957,1.313287831962
    ));
#1716 = CARTESIAN_POINT('',(2.,1.983167421E-02,1.250787831962));
#1717 = CARTESIAN_POINT('',(2.008214548422,-0.808595450535,
    1.188287831962));
#1718 = CARTESIAN_POINT('',(1.428236673689,-1.400190451056,
    1.125787831962));
#1719 = CARTESIAN_POINT('',(0.848258798957,-1.991785451577,
    1.063287831962));
#1720 = CARTESIAN_POINT('',(1.983167421E-02,-2.,1.000787831962));
#1721 = CARTESIAN_POINT('',(-0.808595450535,-2.008214548422,
    0.938287831962));
#1722 = CARTESIAN_POINT('',(-1.400190451056,-1.428236673689,
    0.875787831962));
#1723 = CARTESIAN_POINT('',(-1.991785451577,-0.848258798957,
    0.813287831962));
#1724 = CARTESIAN_POINT('',(-2.,-1.983167421E-02,0.750787831962));
#1725 = CARTESIAN_POINT('',(-2.008214548422,0.808595450535,
    0.688287831962));
#1726 = CARTESIAN_POINT('',(-1.428236673689,1.400190451056,
    0.625787831962));
#1727 = CARTESIAN_POINT('',(-0.848258798957,1.991785451577,
    0.563287831962));
#1728 = CARTESIAN_POINT('',(-1.983167421E-02,2.,0.500787831962));
#1729 = CARTESIAN_POINT('',(0.808595450535,2.008214548422,0.438287831962
    ));
#1730 = CARTESIAN_POINT('',(1.400190451056,1.428236673689,0.375787831962
    ));
#1731 = CARTESIAN_POINT('',(1.991785451577,0.848258798957,0.313287831962
    ));
#1732 = CARTESIAN_POINT('',(2.,1.983167421E-02,0.250787831962));
#1733 = CARTESIAN_POINT('',(2.008214548422,-0.808595450535,
    0.188287831962));
#1734 = CARTESIAN_POINT('',(1.428236673689,-1.400190451056,
    0.125787831962));
#1735 = CARTESIAN_POINT('',(0.848258798957,-1.991785451577,
    6.3287831962E-02));
#1736 = CARTESIAN_POINT('',(1.983167421E-02,-2.,7.87831962E-04));
#1737 = CARTESIAN_POINT('',(-0.808595450535,-2.008214548422,
    -6.1712168037E-02));
#1738 = CARTESIAN_POINT('',(-1.400190451056,-1.428236673689,
    -0.124212168037));
#1739 = CARTESIAN_POINT('',(-1.991785451577,-0.848258798957,
    -0.186712168037));
#1740 = CARTESIAN_POINT('',(-2.,-1.983167421E-02,-0.249212168037));
#1741 = CARTESIAN_POINT('',(-2.008214548422,0.808595450535,
    -0.311712168037));
#1742 = CARTESIAN_POINT('',(-1.428236673689,1.400190451056,
    -0.374212168037));
#1743 = CARTESIAN_POINT('',(-0.848258798957,1.991785451577,
    -0.436712168037));
#1744 = CARTESIAN_POINT('',(-1.983167421E-02,2.,-0.499212168037));
#1745 = CARTESIAN_POINT('',(0.808595450535,2.008214548422,
    -0.561712168037));
#1746 = CARTESIAN_POINT('',(1.400190451056,1.428236673689,
    -0.624212168037));
#1747 = CARTESIAN_POINT('',(1.991785451577,0.848258798957,
    -0.686712168037));
#1748 = CARTESIAN_POINT('',(2.,1.983167421E-02,-0.749212168037));
#1749 = CARTESIAN_POINT('',(2.008214548422,-0.808595450535,
    -0.811712168037));
#1750 = CARTESIAN_POINT('',(1.428236673689,-1.400190451056,
    -0.874212168037));
#1751 = CARTESIAN_POINT('',(0.848258798957,-1.991785451577,
    -0.936712168037));
#1752 = CARTESIAN_POINT('',(1.983167421E-02,-2.,-0.999212168037));
#1753 = CARTESIAN_POINT('',(-0.808595450535,-2.008214548422,
    -1.061712168037));
#1754 = CARTESIAN_POINT('',(-1.400190451056,-1.428236673689,
    -1.124212168037));
#1755 = CARTESIAN_POINT('',(-1.991785451577,-0.848258798957,
    -1.186712168037));
#1756 = CARTESIAN_POINT('',(-2.,-1.983167421E-02,-1.249212168037));
#1757 = CARTESIAN_POINT('',(-2.008214548422,0.808595450535,
    -1.311712168037));
#1758 = CARTESIAN_POINT('',(-1.428236673689,1.400190451056,
    -1.374212168037));
#1759 = CARTESIAN_POINT('',(-0.848258798957,1.991785451577,
    -1.436712168037));
#1760 = CARTESIAN_POINT('',(-1.983167421E-02,2.,-1.499212168037));
#1761 = CARTESIAN_POINT('',(0.808595450535,2.008214548422,
    -1.561712168037));
#1762 = CARTESIAN_POINT('',(1.400190451056,1.428236673689,
    -1.624212168037));
#1763 = CARTESIAN_POINT('',(1.991785451577,0.848258798957,
    -1.686712168037));
#1764 = CARTESIAN_POINT('',(2.,1.983167421E-02,-1.749212168037));
#1765 = CARTESIAN_POINT('',(2.008214548422,-0.808595450535,
    -1.811712168037));
#1766 = CARTESIAN_POINT('',(1.428236673689,-1.400190451056,
    -1.874212168037));
#1767 = CARTESIAN_POINT('',(0.848258798957,-1.991785451577,
    -1.936712168037));
#1768 = CARTESIAN_POINT('',(1.983167421E-02,-2.,-1.999212168037));
#1769 = CARTESIAN_POINT('',(-0.808595450535,-2.008214548422,
    -2.061712168037));
#1770 = CARTESIAN_POINT('',(-1.400190451056,-1.428236673689,
    -2.124212168037));
#1771 = CARTESIAN_POINT('',(-1.991785451577,-0.848258798957,
    -2.186712168037));
#1772 = CARTESIAN_POINT('',(-2.,-1.983167421E-02,-2.249212168037));
#1773 = CARTESIAN_POINT('',(-2.008214548422,0.808595450535,
    -2.311712168037));
#1774 = CARTESIAN_POINT('',(-1.428236673689,1.400190451056,
    -2.374212168037));
#1775 = CARTESIAN_POINT('',(-0.848258798957,1.991785451577,
    -2.436712168037));
#1776 = CARTESIAN_POINT('',(-1.983167421E-02,2.,-2.499212168037));
#1777 = CARTESIAN_POINT('',(0.808595450535,2.008214548422,
    -2.561712168037));
#1778 = CARTESIAN_POINT('',(1.400190451056,1.428236673689,
    -2.624212168037));
#1779 = CARTESIAN_POINT('',(1.991785451577,0.848258798957,
    -2.686712168037));
#1780 = CARTESIAN_POINT('',(2.,1.983167421E-02,-2.749212168037));
#1781 = CARTESIAN_POINT('',(2.008214548422,-0.808595450535,
    -2.811712168037));
#1782 = CARTESIAN_POINT('',(1.428236673689,-1.400190451056,
    -2.874212168037));
#1783 = CARTESIAN_POINT('',(0.848258798957,-1.991785451577,
    -2.936712168037));
#1784 = CARTESIAN_POINT('',(1.983167421E-02,-2.,-2.999212168037));
#1785 = CARTESIAN_POINT('',(-0.808595450535,-2.008214548422,
    -3.061712168037));
#1786 = CARTESIAN_POINT('',(-1.400190451056,-1.428236673689,
    -3.124212168037));
#1787 = CARTESIAN_POINT('',(-1.991785451577,-0.848258798957,
    -3.186712168037));
#1788 = CARTESIAN_POINT('',(-2.,-1.983167421E-02,-3.249212168037));
#1789 = CARTESIAN_POINT('',(-2.5,-1.983167421E-02,1.750787831962));
#1790 = CARTESIAN_POINT('',(-2.508214548422,1.015702231721,
    1.688287831962));
#1791 = CARTESIAN_POINT('',(-1.781790064283,1.753743841649,
    1.625787831962));
#1792 = CARTESIAN_POINT('',(-1.055365580143,2.491785451577,
    1.563287831962));
#1793 = CARTESIAN_POINT('',(-1.983167421E-02,2.5,1.500787831962));
#1794 = CARTESIAN_POINT('',(1.015702231721,2.508214548422,1.438287831962
    ));
#1795 = CARTESIAN_POINT('',(1.753743841649,1.781790064283,1.375787831962
    ));
#1796 = CARTESIAN_POINT('',(2.491785451577,1.055365580143,1.313287831962
    ));
#1797 = CARTESIAN_POINT('',(2.5,1.983167421E-02,1.250787831962));
#1798 = CARTESIAN_POINT('',(2.508214548422,-1.015702231721,
    1.188287831962));
#1799 = CARTESIAN_POINT('',(1.781790064283,-1.753743841649,
    1.125787831962));
#1800 = CARTESIAN_POINT('',(1.055365580143,-2.491785451577,
    1.063287831962));
#1801 = CARTESIAN_POINT('',(1.983167421E-02,-2.5,1.000787831962));
#1802 = CARTESIAN_POINT('',(-1.015702231721,-2.508214548422,
    0.938287831962));
#1803 = CARTESIAN_POINT('',(-1.753743841649,-1.781790064283,
    0.875787831962));
#1804 = CARTESIAN_POINT('',(-2.491785451577,-1.055365580143,
    0.813287831962));
#1805 = CARTESIAN_POINT('',(-2.5,-1.983167421E-02,0.750787831962));
#1806 = CARTESIAN_POINT('',(-2.508214548422,1.015702231721,
    0.688287831962));
#1807 = CARTESIAN_POINT('',(-1.781790064283,1.753743841649,
    0.625787831962));
#1808 = CARTESIAN_POINT('',(-1.055365580143,2.491785451577,
    0.563287831962));
#1809 = CARTESIAN_POINT('',(-1.983167421E-02,2.5,0.500787831962));
#1810 = CARTESIAN_POINT('',(1.015702231721,2.508214548422,0.438287831962
    ));
#1811 = CARTESIAN_POINT('',(1.753743841649,1.781790064283,0.375787831962
    ));
#1812 = CARTESIAN_POINT('',(2.491785451577,1.055365580143,0.313287831962
    ));
#1813 = CARTESIAN_POINT('',(2.5,1.983167421E-02,0.250787831962));
#1814 = CARTESIAN_POINT('',(2.508214548422,-1.015702231721,
    0.188287831962));
#1815 = CARTESIAN_POINT('',(1.781790064283,-1.753743841649,
    0.125787831962));
#1816 = CARTESIAN_POINT('',(1.055365580143,-2.491785451577,
    6.3287831962E-02));
#1817 = CARTESIAN_POINT('',(1.983167421E-02,-2.5,7.87831962E-04));
#1818 = CARTESIAN_POINT('',(-1.015702231721,-2.508214548422,
    -6.1712168037E-02));
#1819 = CARTESIAN_POINT('',(-1.753743841649,-1.781790064283,
    -0.124212168037));
#1820 = CARTESIAN_POINT('',(-2.491785451577,-1.055365580143,
    -0.186712168037));
#1821 = CARTESIAN_POINT('',(-2.5,-1.983167421E-02,-0.249212168037));
#1822 = CARTESIAN_POINT('',(-2.508214548422,1.015702231721,
    -0.311712168037));
#1823 = CARTESIAN_POINT('',(-1.781790064283,1.753743841649,
    -0.374212168037));
#1824 = CARTESIAN_POINT('',(-1.055365580143,2.491785451577,
    -0.436712168037));
#1825 = CARTESIAN_POINT('',(-1.983167421E-02,2.5,-0.499212168037));
#1826 = CARTESIAN_POINT('',(1.015702231721,2.508214548422,
    -0.561712168037));
#1827 = CARTESIAN_POINT('',(1.753743841649,1.781790064283,
    -0.624212168037));
#1828 = CARTESIAN_POINT('',(2.491785451577,1.055365580143,
    -0.686712168037));
#1829 = CARTESIAN_POINT('',(2.5,1.983167421E-02,-0.749212168037));
#1830 = CARTESIAN_POINT('',(2.508214548422,-1.015702231721,
    -0.811712168037));
#1831 = CARTESIAN_POINT('',(1.781790064283,-1.753743841649,
    -0.874212168037));
#1832 = CARTESIAN_POINT('',(1.055365580143,-2.491785451577,
    -0.936712168037));
#1833 = CARTESIAN_POINT('',(1.983167421E-02,-2.5,-0.999212168037));
#1834 = CARTESIAN_POINT('',(-1.015702231721,-2.508214548422,
    -1.061712168037));
#1835 = CARTESIAN_POINT('',(-1.753743841649,-1.781790064283,
    -1.124212168037));
#1836 = CARTESIAN_POINT('',(-2.491785451577,-1.055365580143,
    -1.186712168037));
#1837 = CARTESIAN_POINT('',(-2.5,-1.983167421E-02,-1.249212168037));
#1838 = CARTESIAN_POINT('',(-2.508214548422,1.015702231721,
    -1.311712168037));
#1839 = CARTESIAN_POINT('',(-1.781790064283,1.753743841649,
    -1.374212168037));
#1840 = CARTESIAN_POINT('',(-1.055365580143,2.491785451577,
    -1.436712168037));
#1841 = CARTESIAN_POINT('',(-1.983167421E-02,2.5,-1.499212168037));
#1842 = CARTESIAN_POINT('',(1.015702231721,2.508214548422,
    -1.561712168037));
#1843 = CARTESIAN_POINT('',(1.753743841649,1.781790064283,
    -1.624212168037));
#1844 = CARTESIAN_POINT('',(2.491785451577,1.055365580143,
    -1.686712168037));
#1845 = CARTESIAN_POINT('',(2.5,1.983167421E-02,-1.749212168037));
#1846 = CARTESIAN_POINT('',(2.508214548422,-1.015702231721,
    -1.811712168037));
#1847 = CARTESIAN_POINT('',(1.781790064283,-1.753743841649,
    -1.874212168037));
#1848 = CARTESIAN_POINT('',(1.055365580143,-2.491785451577,
    -1.936712168037));
#1849 = CARTESIAN_POINT('',(1.983167421E-02,-2.5,-1.999212168037));
#1850 = CARTESIAN_POINT('',(-1.015702231721,-2.508214548422,
    -2.061712168037));
#1851 = CARTESIAN_POINT('',(-1.753743841649,-1.781790064283,
    -2.124212168037));
#1852 = CARTESIAN_POINT('',(-2.491785451577,-1.055365580143,
    -2.186712168037));
#1853 = CARTESIAN_POINT('',(-2.5,-1.983167421E-02,-2.249212168037));
#1854 = CARTESIAN_POINT('',(-2.508214548422,1.015702231721,
    -2.311712168037));
#1855 = CARTESIAN_POINT('',(-1.781790064283,1.753743841649,
    -2.374212168037));
#1856 = CARTESIAN_POINT('',(-1.055365580143,2.491785451577,
    -2.436712168037));
#1857 = CARTESIAN_POINT('',(-1.983167421E-02,2.5,-2.499212168037));
#1858 = CARTESIAN_POINT('',(1.015702231721,2.508214548422,
    -2.561712168037));
#1859 = CARTESIAN_POINT('',(1.753743841649,1.781790064283,
    -2.624212168037));
#1860 = CARTESIAN_POINT('',(2.491785451577,1.055365580143,
    -2.686712168037));
#1861 = CARTESIAN_POINT('',(2.5,1.983167421E-02,-2.749212168037));
#1862 = CARTESIAN_POINT('',(2.508214548422,-1.015702231721,
    -2.811712168037));
#1863 = CARTESIAN_POINT('',(1.781790064283,-1.753743841649,
    -2.874212168037));
#1864 = CARTESIAN_POINT('',(1.055365580143,-2.491785451577,
    -2.936712168037));
#1865 = CARTESIAN_POINT('',(1.983167421E-02,-2.5,-2.999212168037));
#1866 = CARTESIAN_POINT('',(-1.015702231721,-2.508214548422,
    -3.061712168037));
#1867 = CARTESIAN_POINT('',(-1.753743841649,-1.781790064283,
    -3.124212168037));
#1868 = CARTESIAN_POINT('',(-2.491785451577,-1.055365580143,
    -3.186712168037));
#1869 = CARTESIAN_POINT('',(-2.5,-1.983167421E-02,-3.249212168037));
#1870 = CARTESIAN_POINT('',(-2.5,1.983167421E-02,2.249212168037));
#1871 = CARTESIAN_POINT('',(-2.491785451577,1.055365580143,
    2.186712168037));
#1872 = CARTESIAN_POINT('',(-1.753743841649,1.781790064283,
    2.124212168037));
#1873 = CARTESIAN_POINT('',(-1.015702231721,2.508214548422,
    2.061712168037));
#1874 = CARTESIAN_POINT('',(1.983167421E-02,2.5,1.999212168037));
#1875 = CARTESIAN_POINT('',(1.055365580143,2.491785451577,1.936712168037
    ));
#1876 = CARTESIAN_POINT('',(1.781790064283,1.753743841649,1.874212168037
    ));
#1877 = CARTESIAN_POINT('',(2.508214548422,1.015702231721,1.811712168037
    ));
#1878 = CARTESIAN_POINT('',(2.5,-1.983167421E-02,1.749212168037));
#1879 = CARTESIAN_POINT('',(2.491785451577,-1.055365580143,
    1.686712168037));
#1880 = CARTESIAN_POINT('',(1.753743841649,-1.781790064283,
    1.624212168037));
#1881 = CARTESIAN_POINT('',(1.015702231721,-2.508214548422,
    1.561712168037));
#1882 = CARTESIAN_POINT('',(-1.983167421E-02,-2.5,1.499212168037));
#1883 = CARTESIAN_POINT('',(-1.055365580143,-2.491785451577,
    1.436712168037));
#1884 = CARTESIAN_POINT('',(-1.781790064283,-1.753743841649,
    1.374212168037));
#1885 = CARTESIAN_POINT('',(-2.508214548422,-1.015702231721,
    1.311712168037));
#1886 = CARTESIAN_POINT('',(-2.5,1.983167421E-02,1.249212168037));
#1887 = CARTESIAN_POINT('',(-2.491785451577,1.055365580143,
    1.186712168037));
#1888 = CARTESIAN_POINT('',(-1.753743841649,1.781790064283,
    1.124212168037));
#1889 = CARTESIAN_POINT('',(-1.015702231721,2.508214548422,
    1.061712168037));
#1890 = CARTESIAN_POINT('',(1.983167421E-02,2.5,0.999212168037));
#1891 = CARTESIAN_POINT('',(1.055365580143,2.491785451577,0.936712168037
    ));
#1892 = CARTESIAN_POINT('',(1.781790064283,1.753743841649,0.874212168037
    ));
#1893 = CARTESIAN_POINT('',(2.508214548422,1.015702231721,0.811712168037
    ));
#1894 = CARTESIAN_POINT('',(2.5,-1.983167421E-02,0.749212168037));
#1895 = CARTESIAN_POINT('',(2.491785451577,-1.055365580143,
    0.686712168037));
#1896 = CARTESIAN_POINT('',(1.753743841649,-1.781790064283,
    0.624212168037));
#1897 = CARTESIAN_POINT('',(1.015702231721,-2.508214548422,
    0.561712168037));
#1898 = CARTESIAN_POINT('',(-1.983167421E-02,-2.5,0.499212168037));
#1899 = CARTESIAN_POINT('',(-1.055365580143,-2.491785451577,
    0.436712168037));
#1900 = CARTESIAN_POINT('',(-1.781790064283,-1.753743841649,
    0.374212168037));
#1901 = CARTESIAN_POINT('',(-2.508214548422,-1.015702231721,
    0.311712168037));
#1902 = CARTESIAN_POINT('',(-2.5,1.983167421E-02,0.249212168037));
#1903 = CARTESIAN_POINT('',(-2.491785451577,1.055365580143,
    0.186712168037));
#1904 = CARTESIAN_POINT('',(-1.753743841649,1.781790064283,
    0.124212168037));
#1905 = CARTESIAN_POINT('',(-1.015702231721,2.508214548422,
    6.1712168037E-02));
#1906 = CARTESIAN_POINT('',(1.983167421E-02,2.5,-7.87831962E-04));
#1907 = CARTESIAN_POINT('',(1.055365580143,2.491785451577,
    -6.3287831962E-02));
#1908 = CARTESIAN_POINT('',(1.781790064283,1.753743841649,
    -0.125787831962));
#1909 = CARTESIAN_POINT('',(2.508214548422,1.015702231721,
    -0.188287831962));
#1910 = CARTESIAN_POINT('',(2.5,-1.983167421E-02,-0.250787831962));
#1911 = CARTESIAN_POINT('',(2.491785451577,-1.055365580143,
    -0.313287831962));
#1912 = CARTESIAN_POINT('',(1.753743841649,-1.781790064283,
    -0.375787831962));
#1913 = CARTESIAN_POINT('',(1.015702231721,-2.508214548422,
    -0.438287831962));
#1914 = CARTESIAN_POINT('',(-1.983167421E-02,-2.5,-0.500787831962));
#1915 = CARTESIAN_POINT('',(-1.055365580143,-2.491785451577,
    -0.563287831962));
#1916 = CARTESIAN_POINT('',(-1.781790064283,-1.753743841649,
    -0.625787831962));
#1917 = CARTESIAN_POINT('',(-2.508214548422,-1.015702231721,
    -0.688287831962));
#1918 = CARTESIAN_POINT('',(-2.5,1.983167421E-02,-0.750787831962));
#1919 = CARTESIAN_POINT('',(-2.491785451577,1.055365580143,
    -0.813287831962));
#1920 = CARTESIAN_POINT('',(-1.753743841649,1.781790064283,
    -0.875787831962));
#1921 = CARTESIAN_POINT('',(-1.015702231721,2.508214548422,
    -0.938287831962));
#1922 = CARTESIAN_POINT('',(1.983167421E-02,2.5,-1.000787831962));
#1923 = CARTESIAN_POINT('',(1.055365580143,2.491785451577,
    -1.063287831962));
#1924 = CARTESIAN_POINT('',(1.781790064283,1.753743841649,
    -1.125787831962));
#1925 = CARTESIAN_POINT('',(2.508214548422,1.015702231721,
    -1.188287831962));
#1926 = CARTESIAN_POINT('',(2.5,-1.983167421E-02,-1.250787831962));
#1927 = CARTESIAN_POINT('',(2.491785451577,-1.055365580143,
    -1.313287831962));
#1928 = CARTESIAN_POINT('',(1.753743841649,-1.781790064283,
    -1.375787831962));
#1929 = CARTESIAN_POINT('',(1.015702231721,-2.508214548422,
    -1.438287831962));
#1930 = CARTESIAN_POINT('',(-1.983167421E-02,-2.5,-1.500787831962));
#1931 = CARTESIAN_POINT('',(-1.055365580143,-2.491785451577,
    -1.563287831962));
#1932 = CARTESIAN_POINT('',(-1.781790064283,-1.753743841649,
    -1.625787831962));
#1933 = CARTESIAN_POINT('',(-2.508214548422,-1.015702231721,
    -1.688287831962));
#1934 = CARTESIAN_POINT('',(-2.5,1.983167421E-02,-1.750787831962));
#1935 = CARTESIAN_POINT('',(-2.491785451577,1.055365580143,
    -1.813287831962));
#1936 = CARTESIAN_POINT('',(-1.753743841649,1.781790064283,
    -1.875787831962));
#1937 = CARTESIAN_POINT('',(-1.015702231721,2.508214548422,
    -1.938287831962));
#1938 = CARTESIAN_POINT('',(1.983167421E-02,2.5,-2.000787831962));
#1939 = CARTESIAN_POINT('',(1.055365580143,2.491785451577,
    -2.063287831962));
#1940 = CARTESIAN_POINT('',(1.781790064283,1.753743841649,
    -2.125787831962));
#1941 = CARTESIAN_POINT('',(2.508214548422,1.015702231721,
    -2.188287831962));
#1942 = CARTESIAN_POINT('',(2.5,-1.983167421E-02,-2.250787831962));
#1943 = CARTESIAN_POINT('',(2.491785451577,-1.055365580143,
    -2.313287831962));
#1944 = CARTESIAN_POINT('',(1.753743841649,-1.781790064283,
    -2.375787831962));
#1945 = CARTESIAN_POINT('',(1.015702231721,-2.508214548422,
    -2.438287831962));
#1946 = CARTESIAN_POINT('',(-1.983167421E-02,-2.5,-2.500787831962));
#1947 = CARTESIAN_POINT('',(-1.055365580143,-2.491785451577,
    -2.563287831962));
#1948 = CARTESIAN_POINT('',(-1.781790064283,-1.753743841649,
    -2.625787831962));
#1949 = CARTESIAN_POINT('',(-2.508214548422,-1.015702231721,
    -2.688287831962));
#1950 = CARTESIAN_POINT('',(-2.5,1.983167421E-02,-2.750787831962));
#1951 = CARTESIAN_POINT('',(-2.,1.983167421E-02,2.249212168037));
#1952 = CARTESIAN_POINT('',(-1.991785451577,0.848258798957,
    2.186712168037));
#1953 = CARTESIAN_POINT('',(-1.400190451056,1.428236673689,
    2.124212168037));
#1954 = CARTESIAN_POINT('',(-0.808595450535,2.008214548422,
    2.061712168037));
#1955 = CARTESIAN_POINT('',(1.983167421E-02,2.,1.999212168037));
#1956 = CARTESIAN_POINT('',(0.848258798957,1.991785451577,1.936712168037
    ));
#1957 = CARTESIAN_POINT('',(1.428236673689,1.400190451056,1.874212168037
    ));
#1958 = CARTESIAN_POINT('',(2.008214548422,0.808595450535,1.811712168037
    ));
#1959 = CARTESIAN_POINT('',(2.,-1.983167421E-02,1.749212168037));
#1960 = CARTESIAN_POINT('',(1.991785451577,-0.848258798957,
    1.686712168037));
#1961 = CARTESIAN_POINT('',(1.400190451056,-1.428236673689,
    1.624212168037));
#1962 = CARTESIAN_POINT('',(0.808595450535,-2.008214548422,
    1.561712168037));
#1963 = CARTESIAN_POINT('',(-1.983167421E-02,-2.,1.499212168037));
#1964 = CARTESIAN_POINT('',(-0.848258798957,-1.991785451577,
    1.436712168037));
#1965 = CARTESIAN_POINT('',(-1.428236673689,-1.400190451056,
    1.374212168037));
#1966 = CARTESIAN_POINT('',(-2.008214548422,-0.808595450535,
    1.311712168037));
#1967 = CARTESIAN_POINT('',(-2.,1.983167421E-02,1.249212168037));
#1968 = CARTESIAN_POINT('',(-1.991785451577,0.848258798957,
    1.186712168037));
#1969 = CARTESIAN_POINT('',(-1.400190451056,1.428236673689,
    1.124212168037));
#1970 = CARTESIAN_POINT('',(-0.808595450535,2.008214548422,
    1.061712168037));
#1971 = CARTESIAN_POINT('',(1.983167421E-02,2.,0.999212168037));
#1972 = CARTESIAN_POINT('',(0.848258798957,1.991785451577,0.936712168037
    ));
#1973 = CARTESIAN_POINT('',(1.428236673689,1.400190451056,0.874212168037
    ));
#1974 = CARTESIAN_POINT('',(2.008214548422,0.808595450535,0.811712168037
    ));
#1975 = CARTESIAN_POINT('',(2.,-1.983167421E-02,0.749212168037));
#1976 = CARTESIAN_POINT('',(1.991785451577,-0.848258798957,
    0.686712168037));
#1977 = CARTESIAN_POINT('',(1.400190451056,-1.428236673689,
    0.624212168037));
#1978 = CARTESIAN_POINT('',(0.808595450535,-2.008214548422,
    0.561712168037));
#1979 = CARTESIAN_POINT('',(-1.983167421E-02,-2.,0.499212168037));
#1980 = CARTESIAN_POINT('',(-0.848258798957,-1.991785451577,
    0.436712168037));
#1981 = CARTESIAN_POINT('',(-1.428236673689,-1.400190451056,
    0.374212168037));
#1982 = CARTESIAN_POINT('',(-2.008214548422,-0.808595450535,
    0.311712168037));
#1983 = CARTESIAN_POINT('',(-2.,1.983167421E-02,0.249212168037));
#1984 = CARTESIAN_POINT('',(-1.991785451577,0.848258798957,
    0.186712168037));
#1985 = CARTESIAN_POINT('',(-1.400190451056,1.428236673689,
    0.124212168037));
#1986 = CARTESIAN_POINT('',(-0.808595450535,2.008214548422,
    6.1712168037E-02));
#1987 = CARTESIAN_POINT('',(1.983167421E-02,2.,-7.87831962E-04));
#1988 = CARTESIAN_POINT('',(0.848258798957,1.991785451577,
    -6.3287831962E-02));
#1989 = CARTESIAN_POINT('',(1.428236673689,1.400190451056,
    -0.125787831962));
#1990 = CARTESIAN_POINT('',(2.008214548422,0.808595450535,
    -0.188287831962));
#1991 = CARTESIAN_POINT('',(2.,-1.983167421E-02,-0.250787831962));
#1992 = CARTESIAN_POINT('',(1.991785451577,-0.848258798957,
    -0.313287831962));
#1993 = CARTESIAN_POINT('',(1.400190451056,-1.428236673689,
    -0.375787831962));
#1994 = CARTESIAN_POINT('',(0.808595450535,-2.008214548422,
    -0.438287831962));
#1995 = CARTESIAN_POINT('',(-1.983167421E-02,-2.,-0.500787831962));
#1996 = CARTESIAN_POINT('',(-0.848258798957,-1.991785451577,
    -0.563287831962));
#1997 = CARTESIAN_POINT('',(-1.428236673689,-1.400190451056,
    -0.625787831962));
#1998 = CARTESIAN_POINT('',(-2.008214548422,-0.808595450535,
    -0.688287831962));
#1999 = CARTESIAN_POINT('',(-2.,1.983167421E-02,-0.750787831962));
#2000 = CARTESIAN_POINT('',(-1.991785451577,0.848258798957,
    -0.813287831962));
#2001 = CARTESIAN_POINT('',(-1.400190451056,1.428236673689,
    -0.875787831962));
#2002 = CARTESIAN_POINT('',(-0.808595450535,2.008214548422,
    -0.938287831962));
#2003 = CARTESIAN_POINT('',(1.983167421E-02,2.,-1.000787831962));
#2004 = CARTESIAN_POINT('',(0.848258798957,1.991785451577,
    -1.063287831962));
#2005 = CARTESIAN_POINT('',(1.428236673689,1.400190451056,
    -1.125787831962));
#2006 = CARTESIAN_POINT('',(2.008214548422,0.808595450535,
    -1.188287831962));
#2007 = CARTESIAN_POINT('',(2.,-1.983167421E-02,-1.250787831962));
#2008 = CARTESIAN_POINT('',(1.991785451577,-0.848258798957,
    -1.313287831962));
#2009 = CARTESIAN_POINT('',(1.400190451056,-1.428236673689,
    -1.375787831962));
#2010 = CARTESIAN_POINT('',(0.808595450535,-2.008214548422,
    -1.438287831962));
#2011 = CARTESIAN_POINT('',(-1.983167421E-02,-2.,-1.500787831962));
#2012 = CARTESIAN_POINT('',(-0.848258798957,-1.991785451577,
    -1.563287831962));
#2013 = CARTESIAN_POINT('',(-1.428236673689,-1.400190451056,
    -1.625787831962));
#2014 = CARTESIAN_POINT('',(-2.008214548422,-0.808595450535,
    -1.688287831962));
#2015 = CARTESIAN_POINT('',(-2.,1.983167421E-02,-1.750787831962));
#2016 = CARTESIAN_POINT('',(-1.991785451577,0.848258798957,
    -1.813287831962));
#2017 = CARTESIAN_POINT('',(-1.400190451056,1.428236673689,
    -1.875787831962));
#2018 = CARTESIAN_POINT('',(-0.808595450535,2.008214548422,
    -1.938287831962));
#2019 = CARTESIAN_POINT('',(1.983167421E-02,2.,-2.000787831962));
#2020 = CARTESIAN_POINT('',(0.848258798957,1.991785451577,
    -2.063287831962));
#2021 = CARTESIAN_POINT('',(1.428236673689,1.400190451056,
    -2.125787831962));
#2022 = CARTESIAN_POINT('',(2.008214548422,0.808595450535,
    -2.188287831962));
#2023 = CARTESIAN_POINT('',(2.,-1.983167421E-02,-2.250787831962));
#2024 = CARTESIAN_POINT('',(1.991785451577,-0.848258798957,
    -2.313287831962));
#2025 = CARTESIAN_POINT('',(1.400190451056,-1.428236673689,
    -2.375787831962));
#2026 = CARTESIAN_POINT('',(0.808595450535,-2.008214548422,
    -2.438287831962));
#2027 = CARTESIAN_POINT('',(-1.983167421E-02,-2.,-2.500787831962));
#2028 = CARTESIAN_POINT('',(-0.848258798957,-1.991785451577,
    -2.563287831962));
#2029 = CARTESIAN_POINT('',(-1.428236673689,-1.400190451056,
    -2.625787831962));
#2030 = CARTESIAN_POINT('',(-2.008214548422,-0.808595450535,
    -2.688287831962));
#2031 = CARTESIAN_POINT('',(-2.,1.983167421E-02,-2.750787831962));
#2032 = ADVANCED_FACE('',(#2033),#2066,.F.);
#2033 = FACE_BOUND('',#2034,.F.);
#2034 = EDGE_LOOP('',(#2035,#2043,#2059,#2065));
#2035 = ORIENTED_EDGE('',*,*,#2036,.T.);
#2036 = EDGE_CURVE('',#1413,#2037,#2039,.T.);
#2037 = VERTEX_POINT('',#2038);
#2038 = CARTESIAN_POINT('',(2.,-3.E-15,-0.750711405617));
#2039 = LINE('',#2040,#2041);
#2040 = CARTESIAN_POINT('',(2.,0.,-9.5));
#2041 = VECTOR('',#2042,1.);
#2042 = DIRECTION('',(0.,0.,1.));
#2043 = ORIENTED_EDGE('',*,*,#2044,.T.);
#2044 = EDGE_CURVE('',#2037,#2045,#2047,.T.);
#2045 = VERTEX_POINT('',#2046);
#2046 = CARTESIAN_POINT('',(-2.,3.E-15,-1.250711405617));
#2047 = ( BOUNDED_CURVE() B_SPLINE_CURVE(2,(#2048,#2049,#2050,#2051,
    #2052,#2053,#2054,#2055,#2056,#2057,#2058),.UNSPECIFIED.,.F.,.F.) 
B_SPLINE_CURVE_WITH_KNOTS((3,2,2,2,2,3),(0.500323580455,0.525,0.55,
0.574999999999,0.599999999999,0.600323580455),.UNSPECIFIED.) CURVE() 
GEOMETRIC_REPRESENTATION_ITEM() RATIONAL_B_SPLINE_CURVE((0.9976626312,
    0.924501165484,0.999606849718,0.923516309013,0.999606849718,
    0.923516309013,0.999606849718,0.923516309013,0.999606849718,
0.998621993247,0.9976626312)) REPRESENTATION_ITEM('') );
#2048 = CARTESIAN_POINT('',(2.,-2.81E-15,-0.750711405617));
#2049 = CARTESIAN_POINT('',(1.999999999999,-0.816833523914,
    -0.812586818398));
#2050 = CARTESIAN_POINT('',(1.428167145463,-1.400120924998,
    -0.874212148762));
#2051 = CARTESIAN_POINT('',(0.848218069366,-1.991687125985,
    -0.936712148762));
#2052 = CARTESIAN_POINT('',(1.9831672677E-02,-1.999901673772,
    -0.999212148762));
#2053 = CARTESIAN_POINT('',(-0.808554724012,-2.00811622156,
    -1.061712148762));
#2054 = CARTESIAN_POINT('',(-1.400120924998,-1.428167145463,
    -1.124212148762));
#2055 = CARTESIAN_POINT('',(-1.991687125985,-0.848218069366,
    -1.186712148762));
#2056 = CARTESIAN_POINT('',(-1.999901673772,-1.9831672677E-02,
    -1.249212148762));
#2057 = CARTESIAN_POINT('',(-2.,-9.916080091E-03,-1.249960259232));
#2058 = CARTESIAN_POINT('',(-2.,3.08E-15,-1.250711405617));
#2059 = ORIENTED_EDGE('',*,*,#2060,.F.);
#2060 = EDGE_CURVE('',#1429,#2045,#2061,.T.);
#2061 = LINE('',#2062,#2063);
#2062 = CARTESIAN_POINT('',(-2.,2.4E-16,-9.5));
#2063 = VECTOR('',#2064,1.);
#2064 = DIRECTION('',(0.,0.,1.));
#2065 = ORIENTED_EDGE('',*,*,#1428,.F.);
#2066 = CYLINDRICAL_SURFACE('',#2067,2.);
#2067 = AXIS2_PLACEMENT_3D('',#2068,#2069,#2070);
#2068 = CARTESIAN_POINT('',(0.,0.,-9.5));
#2069 = DIRECTION('',(0.,0.,1.));
#2070 = DIRECTION('',(1.,0.,-0.));
#2071 = ADVANCED_FACE('',(#2072),#2105,.F.);
#2072 = FACE_BOUND('',#2073,.F.);
#2073 = EDGE_LOOP('',(#2074,#2082,#2098,#2104));
#2074 = ORIENTED_EDGE('',*,*,#2075,.T.);
#2075 = EDGE_CURVE('',#1381,#2076,#2078,.T.);
#2076 = VERTEX_POINT('',#2077);
#2077 = CARTESIAN_POINT('',(2.,1.E-15,0.249288594382));
#2078 = LINE('',#2079,#2080);
#2079 = CARTESIAN_POINT('',(2.,0.,-9.5));
#2080 = VECTOR('',#2081,1.);
#2081 = DIRECTION('',(0.,0.,1.));
#2082 = ORIENTED_EDGE('',*,*,#2083,.T.);
#2083 = EDGE_CURVE('',#2076,#2084,#2086,.T.);
#2084 = VERTEX_POINT('',#2085);
#2085 = CARTESIAN_POINT('',(-2.,-0.,-0.250711405617));
#2086 = ( BOUNDED_CURVE() B_SPLINE_CURVE(2,(#2087,#2088,#2089,#2090,
    #2091,#2092,#2093,#2094,#2095,#2096,#2097),.UNSPECIFIED.,.F.,.F.) 
B_SPLINE_CURVE_WITH_KNOTS((3,2,2,2,2,3),(0.300323580455,0.325,
0.349999999999,0.375,0.4,0.400323580455),.UNSPECIFIED.) CURVE() 
GEOMETRIC_REPRESENTATION_ITEM() RATIONAL_B_SPLINE_CURVE((0.9976626312,
    0.924501165484,0.999606849718,0.923516309013,0.999606849718,
    0.923516309013,0.999606849718,0.923516309013,0.999606849718,
0.998621993247,0.9976626312)) REPRESENTATION_ITEM('') );
#2087 = CARTESIAN_POINT('',(2.,5.9E-16,0.249288594382));
#2088 = CARTESIAN_POINT('',(1.999999999999,-0.816833523914,
    0.187413181601));
#2089 = CARTESIAN_POINT('',(1.428167145463,-1.400120924998,
    0.125787851237));
#2090 = CARTESIAN_POINT('',(0.848218069366,-1.991687125985,
    6.3287851237E-02));
#2091 = CARTESIAN_POINT('',(1.9831672677E-02,-1.999901673772,
    7.87851237E-04));
#2092 = CARTESIAN_POINT('',(-0.808554724012,-2.00811622156,
    -6.1712148762E-02));
#2093 = CARTESIAN_POINT('',(-1.400120924998,-1.428167145463,
    -0.124212148762));
#2094 = CARTESIAN_POINT('',(-1.991687125985,-0.848218069366,
    -0.186712148762));
#2095 = CARTESIAN_POINT('',(-1.999901673772,-1.9831672677E-02,
    -0.249212148762));
#2096 = CARTESIAN_POINT('',(-2.,-9.916080091E-03,-0.249960259232));
#2097 = CARTESIAN_POINT('',(-2.,-2.8E-16,-0.250711405617));
#2098 = ORIENTED_EDGE('',*,*,#2099,.F.);
#2099 = EDGE_CURVE('',#1397,#2084,#2100,.T.);
#2100 = LINE('',#2101,#2102);
#2101 = CARTESIAN_POINT('',(-2.,2.4E-16,-9.5));
#2102 = VECTOR('',#2103,1.);
#2103 = DIRECTION('',(0.,0.,1.));
#2104 = ORIENTED_EDGE('',*,*,#1396,.F.);
#2105 = CYLINDRICAL_SURFACE('',#2106,2.);
#2106 = AXIS2_PLACEMENT_3D('',#2107,#2108,#2109);
#2107 = CARTESIAN_POINT('',(0.,0.,-9.5));
#2108 = DIRECTION('',(0.,0.,1.));
#2109 = DIRECTION('',(1.,0.,-0.));
#2110 = ADVANCED_FACE('',(#2111),#2149,.F.);
#2111 = FACE_BOUND('',#2112,.F.);
#2112 = EDGE_LOOP('',(#2113,#2121,#2130,#2142,#2148));
#2113 = ORIENTED_EDGE('',*,*,#2114,.T.);
#2114 = EDGE_CURVE('',#1363,#2115,#2117,.T.);
#2115 = VERTEX_POINT('',#2116);
#2116 = CARTESIAN_POINT('',(2.,0.,1.));
#2117 = LINE('',#2118,#2119);
#2118 = CARTESIAN_POINT('',(2.,0.,-9.5));
#2119 = VECTOR('',#2120,1.);
#2120 = DIRECTION('',(0.,0.,1.));
#2121 = ORIENTED_EDGE('',*,*,#2122,.F.);
#2122 = EDGE_CURVE('',#2123,#2115,#2125,.T.);
#2123 = VERTEX_POINT('',#2124);
#2124 = CARTESIAN_POINT('',(9.400346912E-03,-1.999977908247,1.));
#2125 = CIRCLE('',#2126,2.);
#2126 = AXIS2_PLACEMENT_3D('',#2127,#2128,#2129);
#2127 = CARTESIAN_POINT('',(0.,0.,1.));
#2128 = DIRECTION('',(0.,0.,1.));
#2129 = DIRECTION('',(1.,0.,-0.));
#2130 = ORIENTED_EDGE('',*,*,#2131,.T.);
#2131 = EDGE_CURVE('',#2123,#2132,#2134,.T.);
#2132 = VERTEX_POINT('',#2133);
#2133 = CARTESIAN_POINT('',(-2.,-0.,0.749288594382));
#2134 = ( BOUNDED_CURVE() B_SPLINE_CURVE(2,(#2135,#2136,#2137,#2138,
#2139,#2140,#2141),.UNSPECIFIED.,.F.,.F.) B_SPLINE_CURVE_WITH_KNOTS((3,2
    ,2,3),(0.150170281595,0.174999999999,0.2,0.200323580455),
.UNSPECIFIED.) CURVE() GEOMETRIC_REPRESENTATION_ITEM() 
RATIONAL_B_SPLINE_CURVE((0.998577364412,0.924034581758,0.999606849718,
    0.923516309013,0.999606849718,0.998621993247,0.9976626312)) 
REPRESENTATION_ITEM('') );
#2135 = CARTESIAN_POINT('',(9.400346912E-03,-1.999977908247,1.));
#2136 = CARTESIAN_POINT('',(-0.812913575299,-2.00384296901,
    0.937827331003));
#2137 = CARTESIAN_POINT('',(-1.400120924998,-1.428167145463,
    0.875787851237));
#2138 = CARTESIAN_POINT('',(-1.991687125985,-0.848218069366,
    0.813287851237));
#2139 = CARTESIAN_POINT('',(-1.999901673772,-1.9831672677E-02,
    0.750787851237));
#2140 = CARTESIAN_POINT('',(-2.,-9.916080091E-03,0.750039740767));
#2141 = CARTESIAN_POINT('',(-2.,-3.E-16,0.749288594382));
#2142 = ORIENTED_EDGE('',*,*,#2143,.F.);
#2143 = EDGE_CURVE('',#1365,#2132,#2144,.T.);
#2144 = LINE('',#2145,#2146);
#2145 = CARTESIAN_POINT('',(-2.,2.4E-16,-9.5));
#2146 = VECTOR('',#2147,1.);
#2147 = DIRECTION('',(0.,0.,1.));
#2148 = ORIENTED_EDGE('',*,*,#1362,.F.);
#2149 = CYLINDRICAL_SURFACE('',#2150,2.);
#2150 = AXIS2_PLACEMENT_3D('',#2151,#2152,#2153);
#2151 = CARTESIAN_POINT('',(0.,0.,-9.5));
#2152 = DIRECTION('',(0.,0.,1.));
#2153 = DIRECTION('',(1.,0.,-0.));
#2154 = ADVANCED_FACE('',(#2155),#2182,.F.);
#2155 = FACE_BOUND('',#2156,.F.);
#2156 = EDGE_LOOP('',(#2157,#2173,#2179,#2180,#2181));
#2157 = ORIENTED_EDGE('',*,*,#2158,.T.);
#2158 = EDGE_CURVE('',#2045,#2159,#2161,.T.);
#2159 = VERTEX_POINT('',#2160);
#2160 = CARTESIAN_POINT('',(2.,-3.E-15,-1.750711405617));
#2161 = ( BOUNDED_CURVE() B_SPLINE_CURVE(2,(#2162,#2163,#2164,#2165,
    #2166,#2167,#2168,#2169,#2170,#2171,#2172),.UNSPECIFIED.,.F.,.F.) 
B_SPLINE_CURVE_WITH_KNOTS((3,2,2,2,2,3),(0.600323580455,0.625,0.65,0.675
,0.699999999999,0.700323580455),.UNSPECIFIED.) CURVE() 
GEOMETRIC_REPRESENTATION_ITEM() RATIONAL_B_SPLINE_CURVE((0.9976626312,
    0.924501165484,0.999606849718,0.923516309013,0.999606849718,
    0.923516309013,0.999606849718,0.923516309013,0.999606849718,
0.998621993247,0.9976626312)) REPRESENTATION_ITEM('') );
#2162 = CARTESIAN_POINT('',(-2.,3.08E-15,-1.250711405617));
#2163 = CARTESIAN_POINT('',(-1.999999999999,0.816833523914,
    -1.312586818398));
#2164 = CARTESIAN_POINT('',(-1.428167145463,1.400120924998,
    -1.374212148762));
#2165 = CARTESIAN_POINT('',(-0.848218069366,1.991687125985,
    -1.436712148762));
#2166 = CARTESIAN_POINT('',(-1.9831672677E-02,1.999901673772,
    -1.499212148762));
#2167 = CARTESIAN_POINT('',(0.808554724012,2.00811622156,-1.561712148762
    ));
#2168 = CARTESIAN_POINT('',(1.400120924998,1.428167145463,
    -1.624212148762));
#2169 = CARTESIAN_POINT('',(1.991687125985,0.848218069366,
    -1.686712148762));
#2170 = CARTESIAN_POINT('',(1.999901673772,1.9831672677E-02,
    -1.749212148762));
#2171 = CARTESIAN_POINT('',(2.,9.916080091E-03,-1.749960259232));
#2172 = CARTESIAN_POINT('',(2.,-2.81E-15,-1.750711405617));
#2173 = ORIENTED_EDGE('',*,*,#2174,.F.);
#2174 = EDGE_CURVE('',#166,#2159,#2175,.T.);
#2175 = LINE('',#2176,#2177);
#2176 = CARTESIAN_POINT('',(2.,0.,-9.5));
#2177 = VECTOR('',#2178,1.);
#2178 = DIRECTION('',(0.,0.,1.));
#2179 = ORIENTED_EDGE('',*,*,#174,.T.);
#2180 = ORIENTED_EDGE('',*,*,#1444,.F.);
#2181 = ORIENTED_EDGE('',*,*,#2060,.T.);
#2182 = CYLINDRICAL_SURFACE('',#2183,2.);
#2183 = AXIS2_PLACEMENT_3D('',#2184,#2185,#2186);
#2184 = CARTESIAN_POINT('',(0.,0.,-9.5));
#2185 = DIRECTION('',(0.,0.,1.));
#2186 = DIRECTION('',(1.,0.,-0.));
#2187 = ADVANCED_FACE('',(#2188),#2207,.F.);
#2188 = FACE_BOUND('',#2189,.F.);
#2189 = EDGE_LOOP('',(#2190,#2204,#2205,#2206));
#2190 = ORIENTED_EDGE('',*,*,#2191,.T.);
#2191 = EDGE_CURVE('',#2084,#2037,#2192,.T.);
#2192 = ( BOUNDED_CURVE() B_SPLINE_CURVE(2,(#2193,#2194,#2195,#2196,
    #2197,#2198,#2199,#2200,#2201,#2202,#2203),.UNSPECIFIED.,.F.,.F.) 
B_SPLINE_CURVE_WITH_KNOTS((3,2,2,2,2,3),(0.400323580455,0.424999999999,
0.45,0.474999999999,0.5,0.500323580455),.UNSPECIFIED.) CURVE() 
GEOMETRIC_REPRESENTATION_ITEM() RATIONAL_B_SPLINE_CURVE((0.9976626312,
    0.924501165484,0.999606849718,0.923516309013,0.999606849718,
    0.923516309013,0.999606849718,0.923516309013,0.999606849718,
0.998621993247,0.9976626312)) REPRESENTATION_ITEM('') );
#2193 = CARTESIAN_POINT('',(-2.,-2.8E-16,-0.250711405617));
#2194 = CARTESIAN_POINT('',(-1.999999999999,0.816833523914,
    -0.312586818398));
#2195 = CARTESIAN_POINT('',(-1.428167145463,1.400120924998,
    -0.374212148762));
#2196 = CARTESIAN_POINT('',(-0.848218069366,1.991687125985,
    -0.436712148762));
#2197 = CARTESIAN_POINT('',(-1.9831672677E-02,1.999901673772,
    -0.499212148762));
#2198 = CARTESIAN_POINT('',(0.808554724012,2.00811622156,-0.561712148762
    ));
#2199 = CARTESIAN_POINT('',(1.400120924998,1.428167145463,
    -0.624212148762));
#2200 = CARTESIAN_POINT('',(1.991687125985,0.848218069366,
    -0.686712148762));
#2201 = CARTESIAN_POINT('',(1.999901673772,1.9831672677E-02,
    -0.749212148762));
#2202 = CARTESIAN_POINT('',(2.,9.916080091E-03,-0.749960259232));
#2203 = CARTESIAN_POINT('',(2.,-2.81E-15,-0.750711405617));
#2204 = ORIENTED_EDGE('',*,*,#2036,.F.);
#2205 = ORIENTED_EDGE('',*,*,#1412,.F.);
#2206 = ORIENTED_EDGE('',*,*,#2099,.T.);
#2207 = CYLINDRICAL_SURFACE('',#2208,2.);
#2208 = AXIS2_PLACEMENT_3D('',#2209,#2210,#2211);
#2209 = CARTESIAN_POINT('',(0.,0.,-9.5));
#2210 = DIRECTION('',(0.,0.,1.));
#2211 = DIRECTION('',(1.,0.,-0.));
#2212 = ADVANCED_FACE('',(#2213),#2232,.F.);
#2213 = FACE_BOUND('',#2214,.F.);
#2214 = EDGE_LOOP('',(#2215,#2229,#2230,#2231));
#2215 = ORIENTED_EDGE('',*,*,#2216,.T.);
#2216 = EDGE_CURVE('',#2132,#2076,#2217,.T.);
#2217 = ( BOUNDED_CURVE() B_SPLINE_CURVE(2,(#2218,#2219,#2220,#2221,
    #2222,#2223,#2224,#2225,#2226,#2227,#2228),.UNSPECIFIED.,.F.,.F.) 
B_SPLINE_CURVE_WITH_KNOTS((3,2,2,2,2,3),(0.200323580455,0.225,0.25,0.275
,0.299999999999,0.300323580455),.UNSPECIFIED.) CURVE() 
GEOMETRIC_REPRESENTATION_ITEM() RATIONAL_B_SPLINE_CURVE((0.9976626312,
    0.924501165484,0.999606849718,0.923516309013,0.999606849718,
    0.923516309013,0.999606849718,0.923516309013,0.999606849718,
0.998621993247,0.9976626312)) REPRESENTATION_ITEM('') );
#2218 = CARTESIAN_POINT('',(-2.,-3.E-16,0.749288594382));
#2219 = CARTESIAN_POINT('',(-1.999999999999,0.816833523914,
    0.687413181601));
#2220 = CARTESIAN_POINT('',(-1.428167145463,1.400120924998,
    0.625787851237));
#2221 = CARTESIAN_POINT('',(-0.848218069366,1.991687125985,
    0.563287851237));
#2222 = CARTESIAN_POINT('',(-1.9831672677E-02,1.999901673772,
    0.500787851237));
#2223 = CARTESIAN_POINT('',(0.808554724012,2.00811622156,0.438287851237)
  );
#2224 = CARTESIAN_POINT('',(1.400120924998,1.428167145463,0.375787851237
    ));
#2225 = CARTESIAN_POINT('',(1.991687125985,0.848218069366,0.313287851237
    ));
#2226 = CARTESIAN_POINT('',(1.999901673772,1.9831672677E-02,
    0.250787851237));
#2227 = CARTESIAN_POINT('',(2.,9.916080091E-03,0.250039740767));
#2228 = CARTESIAN_POINT('',(2.,5.9E-16,0.249288594382));
#2229 = ORIENTED_EDGE('',*,*,#2075,.F.);
#2230 = ORIENTED_EDGE('',*,*,#1380,.F.);
#2231 = ORIENTED_EDGE('',*,*,#2143,.T.);
#2232 = CYLINDRICAL_SURFACE('',#2233,2.);
#2233 = AXIS2_PLACEMENT_3D('',#2234,#2235,#2236);
#2234 = CARTESIAN_POINT('',(0.,0.,-9.5));
#2235 = DIRECTION('',(0.,0.,1.));
#2236 = DIRECTION('',(1.,0.,-0.));
#2237 = ADVANCED_FACE('',(#2238),#2249,.F.);
#2238 = FACE_BOUND('',#2239,.F.);
#2239 = EDGE_LOOP('',(#2240,#2247,#2248));
#2240 = ORIENTED_EDGE('',*,*,#2241,.F.);
#2241 = EDGE_CURVE('',#2115,#632,#2242,.T.);
#2242 = CIRCLE('',#2243,2.);
#2243 = AXIS2_PLACEMENT_3D('',#2244,#2245,#2246);
#2244 = CARTESIAN_POINT('',(0.,0.,1.));
#2245 = DIRECTION('',(0.,0.,1.));
#2246 = DIRECTION('',(1.,0.,-0.));
#2247 = ORIENTED_EDGE('',*,*,#2114,.F.);
#2248 = ORIENTED_EDGE('',*,*,#1455,.F.);
#2249 = CYLINDRICAL_SURFACE('',#2250,2.);
#2250 = AXIS2_PLACEMENT_3D('',#2251,#2252,#2253);
#2251 = CARTESIAN_POINT('',(0.,0.,-9.5));
#2252 = DIRECTION('',(0.,0.,1.));
#2253 = DIRECTION('',(1.,0.,-0.));
#2254 = ADVANCED_FACE('',(#2255,#2265),#2299,.F.);
#2255 = FACE_BOUND('',#2256,.T.);
#2256 = EDGE_LOOP('',(#2257,#2264));
#2257 = ORIENTED_EDGE('',*,*,#2258,.F.);
#2258 = EDGE_CURVE('',#75,#67,#2259,.T.);
#2259 = CIRCLE('',#2260,4.);
#2260 = AXIS2_PLACEMENT_3D('',#2261,#2262,#2263);
#2261 = CARTESIAN_POINT('',(8.7E-16,-1.73E-15,0.));
#2262 = DIRECTION('',(0.,0.,-1.));
#2263 = DIRECTION('',(1.,0.,0.));
#2264 = ORIENTED_EDGE('',*,*,#74,.F.);
#2265 = FACE_BOUND('',#2266,.T.);
#2266 = EDGE_LOOP('',(#2267,#2277,#2285,#2293));
#2267 = ORIENTED_EDGE('',*,*,#2268,.F.);
#2268 = EDGE_CURVE('',#2269,#2271,#2273,.T.);
#2269 = VERTEX_POINT('',#2270);
#2270 = CARTESIAN_POINT('',(4.55,-4.6,0.));
#2271 = VERTEX_POINT('',#2272);
#2272 = CARTESIAN_POINT('',(4.55,4.599999999999,0.));
#2273 = LINE('',#2274,#2275);
#2274 = CARTESIAN_POINT('',(4.55,-4.6,0.));
#2275 = VECTOR('',#2276,1.);
#2276 = DIRECTION('',(0.,1.,0.));
#2277 = ORIENTED_EDGE('',*,*,#2278,.F.);
#2278 = EDGE_CURVE('',#2279,#2269,#2281,.T.);
#2279 = VERTEX_POINT('',#2280);
#2280 = CARTESIAN_POINT('',(-4.549999999999,-4.6,0.));
#2281 = LINE('',#2282,#2283);
#2282 = CARTESIAN_POINT('',(-5.549999999999,-4.6,0.));
#2283 = VECTOR('',#2284,1.);
#2284 = DIRECTION('',(1.,0.,0.));
#2285 = ORIENTED_EDGE('',*,*,#2286,.F.);
#2286 = EDGE_CURVE('',#2287,#2279,#2289,.T.);
#2287 = VERTEX_POINT('',#2288);
#2288 = CARTESIAN_POINT('',(-4.549999999999,4.599999999999,0.));
#2289 = LINE('',#2290,#2291);
#2290 = CARTESIAN_POINT('',(-4.549999999999,-4.6,0.));
#2291 = VECTOR('',#2292,1.);
#2292 = DIRECTION('',(-9.E-17,-1.,0.));
#2293 = ORIENTED_EDGE('',*,*,#2294,.F.);
#2294 = EDGE_CURVE('',#2271,#2287,#2295,.T.);
#2295 = LINE('',#2296,#2297);
#2296 = CARTESIAN_POINT('',(-5.55,4.599999999999,0.));
#2297 = VECTOR('',#2298,1.);
#2298 = DIRECTION('',(-1.,0.,0.));
#2299 = PLANE('',#2300);
#2300 = AXIS2_PLACEMENT_3D('',#2301,#2302,#2303);
#2301 = CARTESIAN_POINT('',(0.,0.,0.));
#2302 = DIRECTION('',(0.,0.,1.));
#2303 = DIRECTION('',(1.,0.,-0.));
#2304 = ADVANCED_FACE('',(#2305),#2380,.F.);
#2305 = FACE_BOUND('',#2306,.T.);
#2306 = EDGE_LOOP('',(#2307,#2317,#2326,#2334,#2342,#2348,#2349,#2357,
    #2365,#2373));
#2307 = ORIENTED_EDGE('',*,*,#2308,.F.);
#2308 = EDGE_CURVE('',#2309,#2311,#2313,.T.);
#2309 = VERTEX_POINT('',#2310);
#2310 = CARTESIAN_POINT('',(4.549999999999,4.599999999999,1.));
#2311 = VERTEX_POINT('',#2312);
#2312 = CARTESIAN_POINT('',(-4.55,4.599999999999,1.));
#2313 = LINE('',#2314,#2315);
#2314 = CARTESIAN_POINT('',(-5.55,4.599999999999,1.));
#2315 = VECTOR('',#2316,1.);
#2316 = DIRECTION('',(-1.,0.,0.));
#2317 = ORIENTED_EDGE('',*,*,#2318,.T.);
#2318 = EDGE_CURVE('',#2309,#2319,#2321,.T.);
#2319 = VERTEX_POINT('',#2320);
#2320 = CARTESIAN_POINT('',(5.549999999999,4.599999999999,0.));
#2321 = CIRCLE('',#2322,1.);
#2322 = AXIS2_PLACEMENT_3D('',#2323,#2324,#2325);
#2323 = CARTESIAN_POINT('',(4.549999999999,4.599999999999,0.));
#2324 = DIRECTION('',(0.,1.,0.));
#2325 = DIRECTION('',(0.,0.,-1.));
#2326 = ORIENTED_EDGE('',*,*,#2327,.T.);
#2327 = EDGE_CURVE('',#2319,#2328,#2330,.T.);
#2328 = VERTEX_POINT('',#2329);
#2329 = CARTESIAN_POINT('',(5.55,4.599999999999,-5.5));
#2330 = LINE('',#2331,#2332);
#2331 = CARTESIAN_POINT('',(5.549999999999,4.599999999999,1.));
#2332 = VECTOR('',#2333,1.);
#2333 = DIRECTION('',(0.,0.,-1.));
#2334 = ORIENTED_EDGE('',*,*,#2335,.T.);
#2335 = EDGE_CURVE('',#2328,#2336,#2338,.T.);
#2336 = VERTEX_POINT('',#2337);
#2337 = CARTESIAN_POINT('',(4.55,4.599999999999,-5.5));
#2338 = LINE('',#2339,#2340);
#2339 = CARTESIAN_POINT('',(5.55,4.599999999999,-5.5));
#2340 = VECTOR('',#2341,1.);
#2341 = DIRECTION('',(-1.,0.,0.));
#2342 = ORIENTED_EDGE('',*,*,#2343,.T.);
#2343 = EDGE_CURVE('',#2336,#2271,#2344,.T.);
#2344 = LINE('',#2345,#2346);
#2345 = CARTESIAN_POINT('',(4.55,4.599999999999,-21.254188241));
#2346 = VECTOR('',#2347,1.);
#2347 = DIRECTION('',(0.,0.,1.));
#2348 = ORIENTED_EDGE('',*,*,#2294,.T.);
#2349 = ORIENTED_EDGE('',*,*,#2350,.F.);
#2350 = EDGE_CURVE('',#2351,#2287,#2353,.T.);
#2351 = VERTEX_POINT('',#2352);
#2352 = CARTESIAN_POINT('',(-4.549999999999,4.599999999999,-5.5));
#2353 = LINE('',#2354,#2355);
#2354 = CARTESIAN_POINT('',(-4.549999999999,4.599999999999,-21.254188241
    ));
#2355 = VECTOR('',#2356,1.);
#2356 = DIRECTION('',(0.,0.,1.));
#2357 = ORIENTED_EDGE('',*,*,#2358,.T.);
#2358 = EDGE_CURVE('',#2351,#2359,#2361,.T.);
#2359 = VERTEX_POINT('',#2360);
#2360 = CARTESIAN_POINT('',(-5.549999999999,4.599999999999,-5.5));
#2361 = LINE('',#2362,#2363);
#2362 = CARTESIAN_POINT('',(-5.549999999999,4.599999999999,-5.5));
#2363 = VECTOR('',#2364,1.);
#2364 = DIRECTION('',(-1.,0.,0.));
#2365 = ORIENTED_EDGE('',*,*,#2366,.F.);
#2366 = EDGE_CURVE('',#2367,#2359,#2369,.T.);
#2367 = VERTEX_POINT('',#2368);
#2368 = CARTESIAN_POINT('',(-5.55,4.599999999999,0.));
#2369 = LINE('',#2370,#2371);
#2370 = CARTESIAN_POINT('',(-5.55,4.599999999999,1.));
#2371 = VECTOR('',#2372,1.);
#2372 = DIRECTION('',(0.,0.,-1.));
#2373 = ORIENTED_EDGE('',*,*,#2374,.T.);
#2374 = EDGE_CURVE('',#2367,#2311,#2375,.T.);
#2375 = CIRCLE('',#2376,1.);
#2376 = AXIS2_PLACEMENT_3D('',#2377,#2378,#2379);
#2377 = CARTESIAN_POINT('',(-4.55,4.599999999999,0.));
#2378 = DIRECTION('',(0.,1.,0.));
#2379 = DIRECTION('',(0.,0.,-1.));
#2380 = PLANE('',#2381);
#2381 = AXIS2_PLACEMENT_3D('',#2382,#2383,#2384);
#2382 = CARTESIAN_POINT('',(-5.55,4.599999999999,1.));
#2383 = DIRECTION('',(0.,-1.,0.));
#2384 = DIRECTION('',(0.,0.,-1.));
#2385 = ADVANCED_FACE('',(#2386),#2411,.F.);
#2386 = FACE_BOUND('',#2387,.T.);
#2387 = EDGE_LOOP('',(#2388,#2398,#2404,#2405));
#2388 = ORIENTED_EDGE('',*,*,#2389,.F.);
#2389 = EDGE_CURVE('',#2390,#2392,#2394,.T.);
#2390 = VERTEX_POINT('',#2391);
#2391 = CARTESIAN_POINT('',(4.55,3.299999999999,-5.5));
#2392 = VERTEX_POINT('',#2393);
#2393 = CARTESIAN_POINT('',(5.55,3.299999999999,-5.5));
#2394 = LINE('',#2395,#2396);
#2395 = CARTESIAN_POINT('',(4.55,3.299999999999,-5.5));
#2396 = VECTOR('',#2397,1.);
#2397 = DIRECTION('',(1.,-1.9E-16,0.));
#2398 = ORIENTED_EDGE('',*,*,#2399,.F.);
#2399 = EDGE_CURVE('',#2336,#2390,#2400,.T.);
#2400 = LINE('',#2401,#2402);
#2401 = CARTESIAN_POINT('',(4.55,-4.6,-5.5));
#2402 = VECTOR('',#2403,1.);
#2403 = DIRECTION('',(0.,-1.,0.));
#2404 = ORIENTED_EDGE('',*,*,#2335,.F.);
#2405 = ORIENTED_EDGE('',*,*,#2406,.F.);
#2406 = EDGE_CURVE('',#2392,#2328,#2407,.T.);
#2407 = LINE('',#2408,#2409);
#2408 = CARTESIAN_POINT('',(5.55,-4.6,-5.5));
#2409 = VECTOR('',#2410,1.);
#2410 = DIRECTION('',(0.,1.,0.));
#2411 = PLANE('',#2412);
#2412 = AXIS2_PLACEMENT_3D('',#2413,#2414,#2415);
#2413 = CARTESIAN_POINT('',(0.,0.,-5.5));
#2414 = DIRECTION('',(0.,0.,1.));
#2415 = DIRECTION('',(1.,0.,-0.));
#2416 = ADVANCED_FACE('',(#2417),#2501,.F.);
#2417 = FACE_BOUND('',#2418,.T.);
#2418 = EDGE_LOOP('',(#2419,#2420,#2428,#2436,#2444,#2452,#2461,#2469,
    #2477,#2485,#2494,#2500));
#2419 = ORIENTED_EDGE('',*,*,#2327,.F.);
#2420 = ORIENTED_EDGE('',*,*,#2421,.T.);
#2421 = EDGE_CURVE('',#2319,#2422,#2424,.T.);
#2422 = VERTEX_POINT('',#2423);
#2423 = CARTESIAN_POINT('',(5.55,-4.6,0.));
#2424 = LINE('',#2425,#2426);
#2425 = CARTESIAN_POINT('',(5.55,-4.6,0.));
#2426 = VECTOR('',#2427,1.);
#2427 = DIRECTION('',(1.9E-16,-1.,0.));
#2428 = ORIENTED_EDGE('',*,*,#2429,.T.);
#2429 = EDGE_CURVE('',#2422,#2430,#2432,.T.);
#2430 = VERTEX_POINT('',#2431);
#2431 = CARTESIAN_POINT('',(5.55,-4.6,-5.5));
#2432 = LINE('',#2433,#2434);
#2433 = CARTESIAN_POINT('',(5.55,-4.6,1.));
#2434 = VECTOR('',#2435,1.);
#2435 = DIRECTION('',(0.,0.,-1.));
#2436 = ORIENTED_EDGE('',*,*,#2437,.T.);
#2437 = EDGE_CURVE('',#2430,#2438,#2440,.T.);
#2438 = VERTEX_POINT('',#2439);
#2439 = CARTESIAN_POINT('',(5.549999999999,-3.299999999999,-5.5));
#2440 = LINE('',#2441,#2442);
#2441 = CARTESIAN_POINT('',(5.55,-4.6,-5.5));
#2442 = VECTOR('',#2443,1.);
#2443 = DIRECTION('',(0.,1.,0.));
#2444 = ORIENTED_EDGE('',*,*,#2445,.F.);
#2445 = EDGE_CURVE('',#2446,#2438,#2448,.T.);
#2446 = VERTEX_POINT('',#2447);
#2447 = CARTESIAN_POINT('',(5.549999999999,-3.299999999999,-8.7));
#2448 = LINE('',#2449,#2450);
#2449 = CARTESIAN_POINT('',(5.549999999999,-3.299999999999,-5.5));
#2450 = VECTOR('',#2451,1.);
#2451 = DIRECTION('',(0.,-1.4E-16,1.));
#2452 = ORIENTED_EDGE('',*,*,#2453,.F.);
#2453 = EDGE_CURVE('',#2454,#2446,#2456,.T.);
#2454 = VERTEX_POINT('',#2455);
#2455 = CARTESIAN_POINT('',(5.549999999999,-1.7,-8.7));
#2456 = CIRCLE('',#2457,0.799999999999);
#2457 = AXIS2_PLACEMENT_3D('',#2458,#2459,#2460);
#2458 = CARTESIAN_POINT('',(5.549999999999,-2.5,-8.7));
#2459 = DIRECTION('',(-1.,1.9E-16,0.));
#2460 = DIRECTION('',(1.9E-16,1.,0.));
#2461 = ORIENTED_EDGE('',*,*,#2462,.F.);
#2462 = EDGE_CURVE('',#2463,#2454,#2465,.T.);
#2463 = VERTEX_POINT('',#2464);
#2464 = CARTESIAN_POINT('',(5.549999999999,-1.7,-5.5));
#2465 = LINE('',#2466,#2467);
#2466 = CARTESIAN_POINT('',(5.549999999999,-1.7,-5.5));
#2467 = VECTOR('',#2468,1.);
#2468 = DIRECTION('',(0.,-1.4E-16,-1.));
#2469 = ORIENTED_EDGE('',*,*,#2470,.T.);
#2470 = EDGE_CURVE('',#2463,#2471,#2473,.T.);
#2471 = VERTEX_POINT('',#2472);
#2472 = CARTESIAN_POINT('',(5.549999999999,1.699999999999,-5.5));
#2473 = LINE('',#2474,#2475);
#2474 = CARTESIAN_POINT('',(5.55,-4.6,-5.5));
#2475 = VECTOR('',#2476,1.);
#2476 = DIRECTION('',(0.,1.,0.));
#2477 = ORIENTED_EDGE('',*,*,#2478,.F.);
#2478 = EDGE_CURVE('',#2479,#2471,#2481,.T.);
#2479 = VERTEX_POINT('',#2480);
#2480 = CARTESIAN_POINT('',(5.55,1.699999999999,-8.7));
#2481 = LINE('',#2482,#2483);
#2482 = CARTESIAN_POINT('',(5.549999999999,1.699999999999,-5.5));
#2483 = VECTOR('',#2484,1.);
#2484 = DIRECTION('',(0.,-1.4E-16,1.));
#2485 = ORIENTED_EDGE('',*,*,#2486,.F.);
#2486 = EDGE_CURVE('',#2487,#2479,#2489,.T.);
#2487 = VERTEX_POINT('',#2488);
#2488 = CARTESIAN_POINT('',(5.55,3.299999999999,-8.7));
#2489 = CIRCLE('',#2490,0.799999999999);
#2490 = AXIS2_PLACEMENT_3D('',#2491,#2492,#2493);
#2491 = CARTESIAN_POINT('',(5.55,2.499999999999,-8.7));
#2492 = DIRECTION('',(-1.,1.9E-16,0.));
#2493 = DIRECTION('',(-1.9E-16,-1.,0.));
#2494 = ORIENTED_EDGE('',*,*,#2495,.F.);
#2495 = EDGE_CURVE('',#2392,#2487,#2496,.T.);
#2496 = LINE('',#2497,#2498);
#2497 = CARTESIAN_POINT('',(5.55,3.299999999999,-5.5));
#2498 = VECTOR('',#2499,1.);
#2499 = DIRECTION('',(0.,-1.4E-16,-1.));
#2500 = ORIENTED_EDGE('',*,*,#2406,.T.);
#2501 = PLANE('',#2502);
#2502 = AXIS2_PLACEMENT_3D('',#2503,#2504,#2505);
#2503 = CARTESIAN_POINT('',(5.549999999999,4.599999999999,1.));
#2504 = DIRECTION('',(-1.,-1.9E-16,0.));
#2505 = DIRECTION('',(1.9E-16,-1.,0.));
#2506 = ADVANCED_FACE('',(#2507),#2532,.F.);
#2507 = FACE_BOUND('',#2508,.T.);
#2508 = EDGE_LOOP('',(#2509,#2517,#2518,#2526));
#2509 = ORIENTED_EDGE('',*,*,#2510,.T.);
#2510 = EDGE_CURVE('',#2511,#2438,#2513,.T.);
#2511 = VERTEX_POINT('',#2512);
#2512 = CARTESIAN_POINT('',(4.55,-3.299999999999,-5.5));
#2513 = LINE('',#2514,#2515);
#2514 = CARTESIAN_POINT('',(4.549999999999,-3.299999999999,-5.5));
#2515 = VECTOR('',#2516,1.);
#2516 = DIRECTION('',(1.,-1.9E-16,0.));
#2517 = ORIENTED_EDGE('',*,*,#2437,.F.);
#2518 = ORIENTED_EDGE('',*,*,#2519,.F.);
#2519 = EDGE_CURVE('',#2520,#2430,#2522,.T.);
#2520 = VERTEX_POINT('',#2521);
#2521 = CARTESIAN_POINT('',(4.55,-4.6,-5.5));
#2522 = LINE('',#2523,#2524);
#2523 = CARTESIAN_POINT('',(5.55,-4.6,-5.5));
#2524 = VECTOR('',#2525,1.);
#2525 = DIRECTION('',(1.,0.,0.));
#2526 = ORIENTED_EDGE('',*,*,#2527,.F.);
#2527 = EDGE_CURVE('',#2511,#2520,#2528,.T.);
#2528 = LINE('',#2529,#2530);
#2529 = CARTESIAN_POINT('',(4.55,-4.6,-5.5));
#2530 = VECTOR('',#2531,1.);
#2531 = DIRECTION('',(0.,-1.,0.));
#2532 = PLANE('',#2533);
#2533 = AXIS2_PLACEMENT_3D('',#2534,#2535,#2536);
#2534 = CARTESIAN_POINT('',(0.,0.,-5.5));
#2535 = DIRECTION('',(0.,0.,1.));
#2536 = DIRECTION('',(1.,0.,-0.));
#2537 = ADVANCED_FACE('',(#2538),#2563,.F.);
#2538 = FACE_BOUND('',#2539,.T.);
#2539 = EDGE_LOOP('',(#2540,#2548,#2556,#2562));
#2540 = ORIENTED_EDGE('',*,*,#2541,.F.);
#2541 = EDGE_CURVE('',#2542,#2463,#2544,.T.);
#2542 = VERTEX_POINT('',#2543);
#2543 = CARTESIAN_POINT('',(4.549999999999,-1.7,-5.5));
#2544 = LINE('',#2545,#2546);
#2545 = CARTESIAN_POINT('',(4.549999999999,-1.7,-5.5));
#2546 = VECTOR('',#2547,1.);
#2547 = DIRECTION('',(1.,-1.9E-16,0.));
#2548 = ORIENTED_EDGE('',*,*,#2549,.F.);
#2549 = EDGE_CURVE('',#2550,#2542,#2552,.T.);
#2550 = VERTEX_POINT('',#2551);
#2551 = CARTESIAN_POINT('',(4.549999999999,1.699999999999,-5.5));
#2552 = LINE('',#2553,#2554);
#2553 = CARTESIAN_POINT('',(4.55,-4.6,-5.5));
#2554 = VECTOR('',#2555,1.);
#2555 = DIRECTION('',(0.,-1.,0.));
#2556 = ORIENTED_EDGE('',*,*,#2557,.T.);
#2557 = EDGE_CURVE('',#2550,#2471,#2558,.T.);
#2558 = LINE('',#2559,#2560);
#2559 = CARTESIAN_POINT('',(4.549999999999,1.699999999999,-5.5));
#2560 = VECTOR('',#2561,1.);
#2561 = DIRECTION('',(1.,-1.9E-16,0.));
#2562 = ORIENTED_EDGE('',*,*,#2470,.F.);
#2563 = PLANE('',#2564);
#2564 = AXIS2_PLACEMENT_3D('',#2565,#2566,#2567);
#2565 = CARTESIAN_POINT('',(0.,0.,-5.5));
#2566 = DIRECTION('',(0.,0.,1.));
#2567 = DIRECTION('',(1.,0.,-0.));
#2568 = ADVANCED_FACE('',(#2569),#2660,.F.);
#2569 = FACE_BOUND('',#2570,.T.);
#2570 = EDGE_LOOP('',(#2571,#2581,#2587,#2588,#2596,#2604,#2613,#2621,
    #2629,#2637,#2646,#2654));
#2571 = ORIENTED_EDGE('',*,*,#2572,.F.);
#2572 = EDGE_CURVE('',#2573,#2575,#2577,.T.);
#2573 = VERTEX_POINT('',#2574);
#2574 = CARTESIAN_POINT('',(-5.549999999999,-4.6,0.));
#2575 = VERTEX_POINT('',#2576);
#2576 = CARTESIAN_POINT('',(-5.549999999999,-4.6,-5.5));
#2577 = LINE('',#2578,#2579);
#2578 = CARTESIAN_POINT('',(-5.549999999999,-4.6,1.));
#2579 = VECTOR('',#2580,1.);
#2580 = DIRECTION('',(0.,0.,-1.));
#2581 = ORIENTED_EDGE('',*,*,#2582,.T.);
#2582 = EDGE_CURVE('',#2573,#2367,#2583,.T.);
#2583 = LINE('',#2584,#2585);
#2584 = CARTESIAN_POINT('',(-5.55,4.599999999999,0.));
#2585 = VECTOR('',#2586,1.);
#2586 = DIRECTION('',(-1.9E-16,1.,0.));
#2587 = ORIENTED_EDGE('',*,*,#2366,.T.);
#2588 = ORIENTED_EDGE('',*,*,#2589,.T.);
#2589 = EDGE_CURVE('',#2359,#2590,#2592,.T.);
#2590 = VERTEX_POINT('',#2591);
#2591 = CARTESIAN_POINT('',(-5.55,3.299999999999,-5.5));
#2592 = LINE('',#2593,#2594);
#2593 = CARTESIAN_POINT('',(-5.549999999999,-4.6,-5.5));
#2594 = VECTOR('',#2595,1.);
#2595 = DIRECTION('',(0.,-1.,0.));
#2596 = ORIENTED_EDGE('',*,*,#2597,.T.);
#2597 = EDGE_CURVE('',#2590,#2598,#2600,.T.);
#2598 = VERTEX_POINT('',#2599);
#2599 = CARTESIAN_POINT('',(-5.55,3.299999999999,-8.7));
#2600 = LINE('',#2601,#2602);
#2601 = CARTESIAN_POINT('',(-5.55,3.299999999999,-5.5));
#2602 = VECTOR('',#2603,1.);
#2603 = DIRECTION('',(0.,-1.4E-16,-1.));
#2604 = ORIENTED_EDGE('',*,*,#2605,.T.);
#2605 = EDGE_CURVE('',#2598,#2606,#2608,.T.);
#2606 = VERTEX_POINT('',#2607);
#2607 = CARTESIAN_POINT('',(-5.55,1.699999999999,-8.7));
#2608 = CIRCLE('',#2609,0.799999999999);
#2609 = AXIS2_PLACEMENT_3D('',#2610,#2611,#2612);
#2610 = CARTESIAN_POINT('',(-5.55,2.499999999999,-8.7));
#2611 = DIRECTION('',(-1.,-1.9E-16,0.));
#2612 = DIRECTION('',(1.9E-16,-1.,0.));
#2613 = ORIENTED_EDGE('',*,*,#2614,.T.);
#2614 = EDGE_CURVE('',#2606,#2615,#2617,.T.);
#2615 = VERTEX_POINT('',#2616);
#2616 = CARTESIAN_POINT('',(-5.549999999999,1.699999999999,-5.5));
#2617 = LINE('',#2618,#2619);
#2618 = CARTESIAN_POINT('',(-5.549999999999,1.699999999999,-5.5));
#2619 = VECTOR('',#2620,1.);
#2620 = DIRECTION('',(0.,-1.4E-16,1.));
#2621 = ORIENTED_EDGE('',*,*,#2622,.T.);
#2622 = EDGE_CURVE('',#2615,#2623,#2625,.T.);
#2623 = VERTEX_POINT('',#2624);
#2624 = CARTESIAN_POINT('',(-5.549999999999,-1.7,-5.5));
#2625 = LINE('',#2626,#2627);
#2626 = CARTESIAN_POINT('',(-5.549999999999,-4.6,-5.5));
#2627 = VECTOR('',#2628,1.);
#2628 = DIRECTION('',(0.,-1.,0.));
#2629 = ORIENTED_EDGE('',*,*,#2630,.T.);
#2630 = EDGE_CURVE('',#2623,#2631,#2633,.T.);
#2631 = VERTEX_POINT('',#2632);
#2632 = CARTESIAN_POINT('',(-5.549999999999,-1.7,-8.7));
#2633 = LINE('',#2634,#2635);
#2634 = CARTESIAN_POINT('',(-5.549999999999,-1.7,-5.5));
#2635 = VECTOR('',#2636,1.);
#2636 = DIRECTION('',(0.,-1.4E-16,-1.));
#2637 = ORIENTED_EDGE('',*,*,#2638,.T.);
#2638 = EDGE_CURVE('',#2631,#2639,#2641,.T.);
#2639 = VERTEX_POINT('',#2640);
#2640 = CARTESIAN_POINT('',(-5.549999999999,-3.299999999999,-8.7));
#2641 = CIRCLE('',#2642,0.799999999999);
#2642 = AXIS2_PLACEMENT_3D('',#2643,#2644,#2645);
#2643 = CARTESIAN_POINT('',(-5.549999999999,-2.5,-8.7));
#2644 = DIRECTION('',(-1.,-1.9E-16,0.));
#2645 = DIRECTION('',(-1.9E-16,1.,0.));
#2646 = ORIENTED_EDGE('',*,*,#2647,.T.);
#2647 = EDGE_CURVE('',#2639,#2648,#2650,.T.);
#2648 = VERTEX_POINT('',#2649);
#2649 = CARTESIAN_POINT('',(-5.549999999999,-3.299999999999,-5.5));
#2650 = LINE('',#2651,#2652);
#2651 = CARTESIAN_POINT('',(-5.549999999999,-3.299999999999,-5.5));
#2652 = VECTOR('',#2653,1.);
#2653 = DIRECTION('',(0.,-1.4E-16,1.));
#2654 = ORIENTED_EDGE('',*,*,#2655,.T.);
#2655 = EDGE_CURVE('',#2648,#2575,#2656,.T.);
#2656 = LINE('',#2657,#2658);
#2657 = CARTESIAN_POINT('',(-5.549999999999,-4.6,-5.5));
#2658 = VECTOR('',#2659,1.);
#2659 = DIRECTION('',(0.,-1.,0.));
#2660 = PLANE('',#2661);
#2661 = AXIS2_PLACEMENT_3D('',#2662,#2663,#2664);
#2662 = CARTESIAN_POINT('',(-5.55,4.599999999999,1.));
#2663 = DIRECTION('',(1.,1.9E-16,0.));
#2664 = DIRECTION('',(-1.9E-16,1.,0.));
#2665 = ADVANCED_FACE('',(#2666),#2691,.F.);
#2666 = FACE_BOUND('',#2667,.T.);
#2667 = EDGE_LOOP('',(#2668,#2678,#2684,#2685));
#2668 = ORIENTED_EDGE('',*,*,#2669,.F.);
#2669 = EDGE_CURVE('',#2670,#2672,#2674,.T.);
#2670 = VERTEX_POINT('',#2671);
#2671 = CARTESIAN_POINT('',(-4.549999999999,-1.7,-5.5));
#2672 = VERTEX_POINT('',#2673);
#2673 = CARTESIAN_POINT('',(-4.549999999999,1.699999999999,-5.5));
#2674 = LINE('',#2675,#2676);
#2675 = CARTESIAN_POINT('',(-4.549999999999,-4.6,-5.5));
#2676 = VECTOR('',#2677,1.);
#2677 = DIRECTION('',(9.E-17,1.,0.));
#2678 = ORIENTED_EDGE('',*,*,#2679,.T.);
#2679 = EDGE_CURVE('',#2670,#2623,#2680,.T.);
#2680 = LINE('',#2681,#2682);
#2681 = CARTESIAN_POINT('',(-4.549999999999,-1.7,-5.5));
#2682 = VECTOR('',#2683,1.);
#2683 = DIRECTION('',(-1.,-1.9E-16,0.));
#2684 = ORIENTED_EDGE('',*,*,#2622,.F.);
#2685 = ORIENTED_EDGE('',*,*,#2686,.F.);
#2686 = EDGE_CURVE('',#2672,#2615,#2687,.T.);
#2687 = LINE('',#2688,#2689);
#2688 = CARTESIAN_POINT('',(-4.549999999999,1.699999999999,-5.5));
#2689 = VECTOR('',#2690,1.);
#2690 = DIRECTION('',(-1.,-1.9E-16,0.));
#2691 = PLANE('',#2692);
#2692 = AXIS2_PLACEMENT_3D('',#2693,#2694,#2695);
#2693 = CARTESIAN_POINT('',(0.,0.,-5.5));
#2694 = DIRECTION('',(0.,0.,1.));
#2695 = DIRECTION('',(1.,0.,-0.));
#2696 = ADVANCED_FACE('',(#2697),#2722,.F.);
#2697 = FACE_BOUND('',#2698,.T.);
#2698 = EDGE_LOOP('',(#2699,#2700,#2708,#2716));
#2699 = ORIENTED_EDGE('',*,*,#2655,.F.);
#2700 = ORIENTED_EDGE('',*,*,#2701,.F.);
#2701 = EDGE_CURVE('',#2702,#2648,#2704,.T.);
#2702 = VERTEX_POINT('',#2703);
#2703 = CARTESIAN_POINT('',(-4.549999999999,-3.299999999999,-5.5));
#2704 = LINE('',#2705,#2706);
#2705 = CARTESIAN_POINT('',(-4.549999999999,-3.299999999999,-5.5));
#2706 = VECTOR('',#2707,1.);
#2707 = DIRECTION('',(-1.,-1.9E-16,0.));
#2708 = ORIENTED_EDGE('',*,*,#2709,.F.);
#2709 = EDGE_CURVE('',#2710,#2702,#2712,.T.);
#2710 = VERTEX_POINT('',#2711);
#2711 = CARTESIAN_POINT('',(-4.549999999999,-4.6,-5.5));
#2712 = LINE('',#2713,#2714);
#2713 = CARTESIAN_POINT('',(-4.549999999999,-4.6,-5.5));
#2714 = VECTOR('',#2715,1.);
#2715 = DIRECTION('',(9.E-17,1.,0.));
#2716 = ORIENTED_EDGE('',*,*,#2717,.F.);
#2717 = EDGE_CURVE('',#2575,#2710,#2718,.T.);
#2718 = LINE('',#2719,#2720);
#2719 = CARTESIAN_POINT('',(-5.549999999999,-4.6,-5.5));
#2720 = VECTOR('',#2721,1.);
#2721 = DIRECTION('',(1.,0.,0.));
#2722 = PLANE('',#2723);
#2723 = AXIS2_PLACEMENT_3D('',#2724,#2725,#2726);
#2724 = CARTESIAN_POINT('',(0.,0.,-5.5));
#2725 = DIRECTION('',(0.,0.,1.));
#2726 = DIRECTION('',(1.,0.,-0.));
#2727 = ADVANCED_FACE('',(#2728),#2771,.F.);
#2728 = FACE_BOUND('',#2729,.T.);
#2729 = EDGE_LOOP('',(#2730,#2731,#2740,#2748,#2755,#2756,#2757,#2763,
    #2764,#2770));
#2730 = ORIENTED_EDGE('',*,*,#2429,.F.);
#2731 = ORIENTED_EDGE('',*,*,#2732,.T.);
#2732 = EDGE_CURVE('',#2422,#2733,#2735,.T.);
#2733 = VERTEX_POINT('',#2734);
#2734 = CARTESIAN_POINT('',(4.55,-4.6,1.));
#2735 = CIRCLE('',#2736,1.);
#2736 = AXIS2_PLACEMENT_3D('',#2737,#2738,#2739);
#2737 = CARTESIAN_POINT('',(4.55,-4.6,0.));
#2738 = DIRECTION('',(0.,-1.,0.));
#2739 = DIRECTION('',(-2.6E-15,0.,1.));
#2740 = ORIENTED_EDGE('',*,*,#2741,.F.);
#2741 = EDGE_CURVE('',#2742,#2733,#2744,.T.);
#2742 = VERTEX_POINT('',#2743);
#2743 = CARTESIAN_POINT('',(-4.549999999999,-4.6,1.));
#2744 = LINE('',#2745,#2746);
#2745 = CARTESIAN_POINT('',(-5.549999999999,-4.6,1.));
#2746 = VECTOR('',#2747,1.);
#2747 = DIRECTION('',(1.,0.,0.));
#2748 = ORIENTED_EDGE('',*,*,#2749,.T.);
#2749 = EDGE_CURVE('',#2742,#2573,#2750,.T.);
#2750 = CIRCLE('',#2751,1.);
#2751 = AXIS2_PLACEMENT_3D('',#2752,#2753,#2754);
#2752 = CARTESIAN_POINT('',(-4.549999999999,-4.6,0.));
#2753 = DIRECTION('',(0.,-1.,0.));
#2754 = DIRECTION('',(0.,0.,1.));
#2755 = ORIENTED_EDGE('',*,*,#2572,.T.);
#2756 = ORIENTED_EDGE('',*,*,#2717,.T.);
#2757 = ORIENTED_EDGE('',*,*,#2758,.T.);
#2758 = EDGE_CURVE('',#2710,#2279,#2759,.T.);
#2759 = LINE('',#2760,#2761);
#2760 = CARTESIAN_POINT('',(-4.549999999999,-4.6,-21.254188241));
#2761 = VECTOR('',#2762,1.);
#2762 = DIRECTION('',(0.,0.,1.));
#2763 = ORIENTED_EDGE('',*,*,#2278,.T.);
#2764 = ORIENTED_EDGE('',*,*,#2765,.F.);
#2765 = EDGE_CURVE('',#2520,#2269,#2766,.T.);
#2766 = LINE('',#2767,#2768);
#2767 = CARTESIAN_POINT('',(4.55,-4.6,-21.254188241));
#2768 = VECTOR('',#2769,1.);
#2769 = DIRECTION('',(0.,0.,1.));
#2770 = ORIENTED_EDGE('',*,*,#2519,.T.);
#2771 = PLANE('',#2772);
#2772 = AXIS2_PLACEMENT_3D('',#2773,#2774,#2775);
#2773 = CARTESIAN_POINT('',(-5.549999999999,-4.6,1.));
#2774 = DIRECTION('',(0.,1.,0.));
#2775 = DIRECTION('',(0.,-0.,1.));
#2776 = ADVANCED_FACE('',(#2777,#2789),#2805,.T.);
#2777 = FACE_BOUND('',#2778,.T.);
#2778 = EDGE_LOOP('',(#2779,#2780,#2781,#2782));
#2779 = ORIENTED_EDGE('',*,*,#742,.F.);
#2780 = ORIENTED_EDGE('',*,*,#2241,.F.);
#2781 = ORIENTED_EDGE('',*,*,#2122,.F.);
#2782 = ORIENTED_EDGE('',*,*,#2783,.F.);
#2783 = EDGE_CURVE('',#689,#2123,#2784,.T.);
#2784 = ( BOUNDED_CURVE() B_SPLINE_CURVE(3,(#2785,#2786,#2787,#2788),
.UNSPECIFIED.,.F.,.F.) B_SPLINE_CURVE_WITH_KNOTS((4,4),(7.158945467E-03,
7.159043722E-03),.PIECEWISE_BEZIER_KNOTS.) CURVE() 
GEOMETRIC_REPRESENTATION_ITEM() RATIONAL_B_SPLINE_CURVE((0.998970122284,
0.998839183094,0.998708269649,0.998577381948)) REPRESENTATION_ITEM('') 
  );
#2785 = CARTESIAN_POINT('',(9.400090549E-03,-2.000076231947,1.));
#2786 = CARTESIAN_POINT('',(9.400134007E-03,-2.000043460151,
    0.999999990362));
#2787 = CARTESIAN_POINT('',(9.400304441E-03,-2.000010685606,
    0.999999996786));
#2788 = CARTESIAN_POINT('',(9.400346912E-03,-1.999977908247,1.));
#2789 = FACE_BOUND('',#2790,.T.);
#2790 = EDGE_LOOP('',(#2791,#2792,#2798,#2799));
#2791 = ORIENTED_EDGE('',*,*,#2741,.T.);
#2792 = ORIENTED_EDGE('',*,*,#2793,.T.);
#2793 = EDGE_CURVE('',#2733,#2309,#2794,.T.);
#2794 = LINE('',#2795,#2796);
#2795 = CARTESIAN_POINT('',(4.549999999999,4.599999999999,1.));
#2796 = VECTOR('',#2797,1.);
#2797 = DIRECTION('',(-1.9E-16,1.,0.));
#2798 = ORIENTED_EDGE('',*,*,#2308,.T.);
#2799 = ORIENTED_EDGE('',*,*,#2800,.T.);
#2800 = EDGE_CURVE('',#2311,#2742,#2801,.T.);
#2801 = LINE('',#2802,#2803);
#2802 = CARTESIAN_POINT('',(-4.549999999999,-4.6,1.));
#2803 = VECTOR('',#2804,1.);
#2804 = DIRECTION('',(1.9E-16,-1.,0.));
#2805 = PLANE('',#2806);
#2806 = AXIS2_PLACEMENT_3D('',#2807,#2808,#2809);
#2807 = CARTESIAN_POINT('',(0.,0.,1.));
#2808 = DIRECTION('',(0.,0.,1.));
#2809 = DIRECTION('',(1.,0.,-0.));
#2810 = ADVANCED_FACE('',(#2811),#2872,.F.);
#2811 = FACE_BOUND('',#2812,.T.);
#2812 = EDGE_LOOP('',(#2813,#2814,#2815,#2823,#2832,#2838,#2839,#2847,
    #2856,#2864,#2870,#2871));
#2813 = ORIENTED_EDGE('',*,*,#2758,.F.);
#2814 = ORIENTED_EDGE('',*,*,#2709,.T.);
#2815 = ORIENTED_EDGE('',*,*,#2816,.F.);
#2816 = EDGE_CURVE('',#2817,#2702,#2819,.T.);
#2817 = VERTEX_POINT('',#2818);
#2818 = CARTESIAN_POINT('',(-4.549999999999,-3.299999999999,-8.7));
#2819 = LINE('',#2820,#2821);
#2820 = CARTESIAN_POINT('',(-4.549999999999,-3.299999999999,-5.5));
#2821 = VECTOR('',#2822,1.);
#2822 = DIRECTION('',(0.,-1.4E-16,1.));
#2823 = ORIENTED_EDGE('',*,*,#2824,.F.);
#2824 = EDGE_CURVE('',#2825,#2817,#2827,.T.);
#2825 = VERTEX_POINT('',#2826);
#2826 = CARTESIAN_POINT('',(-4.549999999999,-1.7,-8.7));
#2827 = CIRCLE('',#2828,0.799999999999);
#2828 = AXIS2_PLACEMENT_3D('',#2829,#2830,#2831);
#2829 = CARTESIAN_POINT('',(-4.549999999999,-2.5,-8.7));
#2830 = DIRECTION('',(-1.,-1.9E-16,0.));
#2831 = DIRECTION('',(-1.9E-16,1.,0.));
#2832 = ORIENTED_EDGE('',*,*,#2833,.F.);
#2833 = EDGE_CURVE('',#2670,#2825,#2834,.T.);
#2834 = LINE('',#2835,#2836);
#2835 = CARTESIAN_POINT('',(-4.549999999999,-1.7,-5.5));
#2836 = VECTOR('',#2837,1.);
#2837 = DIRECTION('',(0.,-1.4E-16,-1.));
#2838 = ORIENTED_EDGE('',*,*,#2669,.T.);
#2839 = ORIENTED_EDGE('',*,*,#2840,.F.);
#2840 = EDGE_CURVE('',#2841,#2672,#2843,.T.);
#2841 = VERTEX_POINT('',#2842);
#2842 = CARTESIAN_POINT('',(-4.55,1.699999999999,-8.7));
#2843 = LINE('',#2844,#2845);
#2844 = CARTESIAN_POINT('',(-4.549999999999,1.699999999999,-5.5));
#2845 = VECTOR('',#2846,1.);
#2846 = DIRECTION('',(0.,-1.4E-16,1.));
#2847 = ORIENTED_EDGE('',*,*,#2848,.F.);
#2848 = EDGE_CURVE('',#2849,#2841,#2851,.T.);
#2849 = VERTEX_POINT('',#2850);
#2850 = CARTESIAN_POINT('',(-4.55,3.299999999999,-8.7));
#2851 = CIRCLE('',#2852,0.799999999999);
#2852 = AXIS2_PLACEMENT_3D('',#2853,#2854,#2855);
#2853 = CARTESIAN_POINT('',(-4.55,2.499999999999,-8.7));
#2854 = DIRECTION('',(-1.,-1.9E-16,0.));
#2855 = DIRECTION('',(1.9E-16,-1.,0.));
#2856 = ORIENTED_EDGE('',*,*,#2857,.F.);
#2857 = EDGE_CURVE('',#2858,#2849,#2860,.T.);
#2858 = VERTEX_POINT('',#2859);
#2859 = CARTESIAN_POINT('',(-4.55,3.299999999999,-5.5));
#2860 = LINE('',#2861,#2862);
#2861 = CARTESIAN_POINT('',(-4.55,3.299999999999,-5.5));
#2862 = VECTOR('',#2863,1.);
#2863 = DIRECTION('',(0.,-1.4E-16,-1.));
#2864 = ORIENTED_EDGE('',*,*,#2865,.T.);
#2865 = EDGE_CURVE('',#2858,#2351,#2866,.T.);
#2866 = LINE('',#2867,#2868);
#2867 = CARTESIAN_POINT('',(-4.549999999999,-4.6,-5.5));
#2868 = VECTOR('',#2869,1.);
#2869 = DIRECTION('',(9.E-17,1.,0.));
#2870 = ORIENTED_EDGE('',*,*,#2350,.T.);
#2871 = ORIENTED_EDGE('',*,*,#2286,.T.);
#2872 = PLANE('',#2873);
#2873 = AXIS2_PLACEMENT_3D('',#2874,#2875,#2876);
#2874 = CARTESIAN_POINT('',(-4.549999999999,-4.6,-21.254188241));
#2875 = DIRECTION('',(-1.,9.E-17,0.));
#2876 = DIRECTION('',(-9.E-17,-1.,0.));
#2877 = ADVANCED_FACE('',(#2878),#2889,.F.);
#2878 = FACE_BOUND('',#2879,.T.);
#2879 = EDGE_LOOP('',(#2880,#2881,#2887,#2888));
#2880 = ORIENTED_EDGE('',*,*,#2865,.F.);
#2881 = ORIENTED_EDGE('',*,*,#2882,.T.);
#2882 = EDGE_CURVE('',#2858,#2590,#2883,.T.);
#2883 = LINE('',#2884,#2885);
#2884 = CARTESIAN_POINT('',(-4.55,3.299999999999,-5.5));
#2885 = VECTOR('',#2886,1.);
#2886 = DIRECTION('',(-1.,-1.9E-16,0.));
#2887 = ORIENTED_EDGE('',*,*,#2589,.F.);
#2888 = ORIENTED_EDGE('',*,*,#2358,.F.);
#2889 = PLANE('',#2890);
#2890 = AXIS2_PLACEMENT_3D('',#2891,#2892,#2893);
#2891 = CARTESIAN_POINT('',(0.,0.,-5.5));
#2892 = DIRECTION('',(0.,0.,1.));
#2893 = DIRECTION('',(1.,0.,-0.));
#2894 = ADVANCED_FACE('',(#2895),#2949,.F.);
#2895 = FACE_BOUND('',#2896,.T.);
#2896 = EDGE_LOOP('',(#2897,#2898,#2899,#2907,#2916,#2922,#2923,#2931,
    #2940,#2946,#2947,#2948));
#2897 = ORIENTED_EDGE('',*,*,#2343,.F.);
#2898 = ORIENTED_EDGE('',*,*,#2399,.T.);
#2899 = ORIENTED_EDGE('',*,*,#2900,.T.);
#2900 = EDGE_CURVE('',#2390,#2901,#2903,.T.);
#2901 = VERTEX_POINT('',#2902);
#2902 = CARTESIAN_POINT('',(4.55,3.299999999999,-8.7));
#2903 = LINE('',#2904,#2905);
#2904 = CARTESIAN_POINT('',(4.55,3.299999999999,-5.5));
#2905 = VECTOR('',#2906,1.);
#2906 = DIRECTION('',(0.,-1.4E-16,-1.));
#2907 = ORIENTED_EDGE('',*,*,#2908,.T.);
#2908 = EDGE_CURVE('',#2901,#2909,#2911,.T.);
#2909 = VERTEX_POINT('',#2910);
#2910 = CARTESIAN_POINT('',(4.55,1.699999999999,-8.7));
#2911 = CIRCLE('',#2912,0.799999999999);
#2912 = AXIS2_PLACEMENT_3D('',#2913,#2914,#2915);
#2913 = CARTESIAN_POINT('',(4.55,2.499999999999,-8.7));
#2914 = DIRECTION('',(-1.,1.9E-16,0.));
#2915 = DIRECTION('',(-1.9E-16,-1.,0.));
#2916 = ORIENTED_EDGE('',*,*,#2917,.T.);
#2917 = EDGE_CURVE('',#2909,#2550,#2918,.T.);
#2918 = LINE('',#2919,#2920);
#2919 = CARTESIAN_POINT('',(4.549999999999,1.699999999999,-5.5));
#2920 = VECTOR('',#2921,1.);
#2921 = DIRECTION('',(0.,-1.4E-16,1.));
#2922 = ORIENTED_EDGE('',*,*,#2549,.T.);
#2923 = ORIENTED_EDGE('',*,*,#2924,.T.);
#2924 = EDGE_CURVE('',#2542,#2925,#2927,.T.);
#2925 = VERTEX_POINT('',#2926);
#2926 = CARTESIAN_POINT('',(4.549999999999,-1.7,-8.7));
#2927 = LINE('',#2928,#2929);
#2928 = CARTESIAN_POINT('',(4.549999999999,-1.7,-5.5));
#2929 = VECTOR('',#2930,1.);
#2930 = DIRECTION('',(0.,-1.4E-16,-1.));
#2931 = ORIENTED_EDGE('',*,*,#2932,.T.);
#2932 = EDGE_CURVE('',#2925,#2933,#2935,.T.);
#2933 = VERTEX_POINT('',#2934);
#2934 = CARTESIAN_POINT('',(4.549999999999,-3.299999999999,-8.7));
#2935 = CIRCLE('',#2936,0.799999999999);
#2936 = AXIS2_PLACEMENT_3D('',#2937,#2938,#2939);
#2937 = CARTESIAN_POINT('',(4.549999999999,-2.5,-8.7));
#2938 = DIRECTION('',(-1.,1.9E-16,0.));
#2939 = DIRECTION('',(1.9E-16,1.,0.));
#2940 = ORIENTED_EDGE('',*,*,#2941,.T.);
#2941 = EDGE_CURVE('',#2933,#2511,#2942,.T.);
#2942 = LINE('',#2943,#2944);
#2943 = CARTESIAN_POINT('',(4.549999999999,-3.299999999999,-5.5));
#2944 = VECTOR('',#2945,1.);
#2945 = DIRECTION('',(0.,-1.4E-16,1.));
#2946 = ORIENTED_EDGE('',*,*,#2527,.T.);
#2947 = ORIENTED_EDGE('',*,*,#2765,.T.);
#2948 = ORIENTED_EDGE('',*,*,#2268,.T.);
#2949 = PLANE('',#2950);
#2950 = AXIS2_PLACEMENT_3D('',#2951,#2952,#2953);
#2951 = CARTESIAN_POINT('',(4.55,-4.6,-21.254188241));
#2952 = DIRECTION('',(1.,0.,0.));
#2953 = DIRECTION('',(0.,0.,-1.));
#2954 = ADVANCED_FACE('',(#2955),#2966,.T.);
#2955 = FACE_BOUND('',#2956,.T.);
#2956 = EDGE_LOOP('',(#2957,#2958,#2964,#2965));
#2957 = ORIENTED_EDGE('',*,*,#2614,.F.);
#2958 = ORIENTED_EDGE('',*,*,#2959,.F.);
#2959 = EDGE_CURVE('',#2841,#2606,#2960,.T.);
#2960 = LINE('',#2961,#2962);
#2961 = CARTESIAN_POINT('',(-4.55,1.699999999999,-8.7));
#2962 = VECTOR('',#2963,1.);
#2963 = DIRECTION('',(-1.,-1.9E-16,0.));
#2964 = ORIENTED_EDGE('',*,*,#2840,.T.);
#2965 = ORIENTED_EDGE('',*,*,#2686,.T.);
#2966 = PLANE('',#2967);
#2967 = AXIS2_PLACEMENT_3D('',#2968,#2969,#2970);
#2968 = CARTESIAN_POINT('',(-4.549999999999,1.699999999999,-5.5));
#2969 = DIRECTION('',(1.9E-16,-1.,-1.4E-16));
#2970 = DIRECTION('',(1.,1.9E-16,0.));
#2971 = ADVANCED_FACE('',(#2972),#2983,.T.);
#2972 = FACE_BOUND('',#2973,.T.);
#2973 = EDGE_LOOP('',(#2974,#2975,#2981,#2982));
#2974 = ORIENTED_EDGE('',*,*,#2605,.F.);
#2975 = ORIENTED_EDGE('',*,*,#2976,.F.);
#2976 = EDGE_CURVE('',#2849,#2598,#2977,.T.);
#2977 = LINE('',#2978,#2979);
#2978 = CARTESIAN_POINT('',(-4.55,3.299999999999,-8.7));
#2979 = VECTOR('',#2980,1.);
#2980 = DIRECTION('',(-1.,-1.9E-16,0.));
#2981 = ORIENTED_EDGE('',*,*,#2848,.T.);
#2982 = ORIENTED_EDGE('',*,*,#2959,.T.);
#2983 = CYLINDRICAL_SURFACE('',#2984,0.799999999999);
#2984 = AXIS2_PLACEMENT_3D('',#2985,#2986,#2987);
#2985 = CARTESIAN_POINT('',(-4.55,2.499999999999,-8.7));
#2986 = DIRECTION('',(-1.,-1.9E-16,0.));
#2987 = DIRECTION('',(1.9E-16,-1.,0.));
#2988 = ADVANCED_FACE('',(#2989),#2995,.T.);
#2989 = FACE_BOUND('',#2990,.T.);
#2990 = EDGE_LOOP('',(#2991,#2992,#2993,#2994));
#2991 = ORIENTED_EDGE('',*,*,#2597,.F.);
#2992 = ORIENTED_EDGE('',*,*,#2882,.F.);
#2993 = ORIENTED_EDGE('',*,*,#2857,.T.);
#2994 = ORIENTED_EDGE('',*,*,#2976,.T.);
#2995 = PLANE('',#2996);
#2996 = AXIS2_PLACEMENT_3D('',#2997,#2998,#2999);
#2997 = CARTESIAN_POINT('',(-4.55,3.299999999999,-5.5));
#2998 = DIRECTION('',(-1.9E-16,1.,-1.4E-16));
#2999 = DIRECTION('',(-1.,-1.9E-16,0.));
#3000 = ADVANCED_FACE('',(#3001),#3017,.T.);
#3001 = FACE_BOUND('',#3002,.T.);
#3002 = EDGE_LOOP('',(#3003,#3004,#3010,#3011));
#3003 = ORIENTED_EDGE('',*,*,#2638,.F.);
#3004 = ORIENTED_EDGE('',*,*,#3005,.F.);
#3005 = EDGE_CURVE('',#2825,#2631,#3006,.T.);
#3006 = LINE('',#3007,#3008);
#3007 = CARTESIAN_POINT('',(-4.549999999999,-1.7,-8.7));
#3008 = VECTOR('',#3009,1.);
#3009 = DIRECTION('',(-1.,-1.9E-16,0.));
#3010 = ORIENTED_EDGE('',*,*,#2824,.T.);
#3011 = ORIENTED_EDGE('',*,*,#3012,.T.);
#3012 = EDGE_CURVE('',#2817,#2639,#3013,.T.);
#3013 = LINE('',#3014,#3015);
#3014 = CARTESIAN_POINT('',(-4.549999999999,-3.299999999999,-8.7));
#3015 = VECTOR('',#3016,1.);
#3016 = DIRECTION('',(-1.,-1.9E-16,0.));
#3017 = CYLINDRICAL_SURFACE('',#3018,0.799999999999);
#3018 = AXIS2_PLACEMENT_3D('',#3019,#3020,#3021);
#3019 = CARTESIAN_POINT('',(-4.549999999999,-2.5,-8.7));
#3020 = DIRECTION('',(-1.,-1.9E-16,0.));
#3021 = DIRECTION('',(1.9E-16,-1.,0.));
#3022 = ADVANCED_FACE('',(#3023),#3029,.T.);
#3023 = FACE_BOUND('',#3024,.T.);
#3024 = EDGE_LOOP('',(#3025,#3026,#3027,#3028));
#3025 = ORIENTED_EDGE('',*,*,#2630,.F.);
#3026 = ORIENTED_EDGE('',*,*,#2679,.F.);
#3027 = ORIENTED_EDGE('',*,*,#2833,.T.);
#3028 = ORIENTED_EDGE('',*,*,#3005,.T.);
#3029 = PLANE('',#3030);
#3030 = AXIS2_PLACEMENT_3D('',#3031,#3032,#3033);
#3031 = CARTESIAN_POINT('',(-4.549999999999,-1.7,-5.5));
#3032 = DIRECTION('',(-1.9E-16,1.,-1.4E-16));
#3033 = DIRECTION('',(-1.,-1.9E-16,0.));
#3034 = ADVANCED_FACE('',(#3035),#3041,.T.);
#3035 = FACE_BOUND('',#3036,.T.);
#3036 = EDGE_LOOP('',(#3037,#3038,#3039,#3040));
#3037 = ORIENTED_EDGE('',*,*,#2647,.F.);
#3038 = ORIENTED_EDGE('',*,*,#3012,.F.);
#3039 = ORIENTED_EDGE('',*,*,#2816,.T.);
#3040 = ORIENTED_EDGE('',*,*,#2701,.T.);
#3041 = PLANE('',#3042);
#3042 = AXIS2_PLACEMENT_3D('',#3043,#3044,#3045);
#3043 = CARTESIAN_POINT('',(-4.549999999999,-3.299999999999,-5.5));
#3044 = DIRECTION('',(1.9E-16,-1.,-1.4E-16));
#3045 = DIRECTION('',(1.,1.9E-16,0.));
#3046 = ADVANCED_FACE('',(#3047),#3058,.F.);
#3047 = FACE_BOUND('',#3048,.T.);
#3048 = EDGE_LOOP('',(#3049,#3050,#3056,#3057));
#3049 = ORIENTED_EDGE('',*,*,#2495,.T.);
#3050 = ORIENTED_EDGE('',*,*,#3051,.F.);
#3051 = EDGE_CURVE('',#2901,#2487,#3052,.T.);
#3052 = LINE('',#3053,#3054);
#3053 = CARTESIAN_POINT('',(4.55,3.299999999999,-8.7));
#3054 = VECTOR('',#3055,1.);
#3055 = DIRECTION('',(1.,-1.9E-16,0.));
#3056 = ORIENTED_EDGE('',*,*,#2900,.F.);
#3057 = ORIENTED_EDGE('',*,*,#2389,.T.);
#3058 = PLANE('',#3059);
#3059 = AXIS2_PLACEMENT_3D('',#3060,#3061,#3062);
#3060 = CARTESIAN_POINT('',(4.55,3.299999999999,-5.5));
#3061 = DIRECTION('',(-1.9E-16,-1.,1.4E-16));
#3062 = DIRECTION('',(1.,-1.9E-16,0.));
#3063 = ADVANCED_FACE('',(#3064),#3075,.T.);
#3064 = FACE_BOUND('',#3065,.T.);
#3065 = EDGE_LOOP('',(#3066,#3067,#3073,#3074));
#3066 = ORIENTED_EDGE('',*,*,#2486,.T.);
#3067 = ORIENTED_EDGE('',*,*,#3068,.F.);
#3068 = EDGE_CURVE('',#2909,#2479,#3069,.T.);
#3069 = LINE('',#3070,#3071);
#3070 = CARTESIAN_POINT('',(4.55,1.699999999999,-8.7));
#3071 = VECTOR('',#3072,1.);
#3072 = DIRECTION('',(1.,-1.9E-16,0.));
#3073 = ORIENTED_EDGE('',*,*,#2908,.F.);
#3074 = ORIENTED_EDGE('',*,*,#3051,.T.);
#3075 = CYLINDRICAL_SURFACE('',#3076,0.799999999999);
#3076 = AXIS2_PLACEMENT_3D('',#3077,#3078,#3079);
#3077 = CARTESIAN_POINT('',(4.55,2.499999999999,-8.7));
#3078 = DIRECTION('',(1.,-1.9E-16,0.));
#3079 = DIRECTION('',(1.9E-16,1.,0.));
#3080 = ADVANCED_FACE('',(#3081),#3087,.F.);
#3081 = FACE_BOUND('',#3082,.T.);
#3082 = EDGE_LOOP('',(#3083,#3084,#3085,#3086));
#3083 = ORIENTED_EDGE('',*,*,#2478,.T.);
#3084 = ORIENTED_EDGE('',*,*,#2557,.F.);
#3085 = ORIENTED_EDGE('',*,*,#2917,.F.);
#3086 = ORIENTED_EDGE('',*,*,#3068,.T.);
#3087 = PLANE('',#3088);
#3088 = AXIS2_PLACEMENT_3D('',#3089,#3090,#3091);
#3089 = CARTESIAN_POINT('',(4.549999999999,1.699999999999,-5.5));
#3090 = DIRECTION('',(1.9E-16,1.,1.4E-16));
#3091 = DIRECTION('',(-1.,1.9E-16,0.));
#3092 = ADVANCED_FACE('',(#3093),#3109,.T.);
#3093 = FACE_BOUND('',#3094,.T.);
#3094 = EDGE_LOOP('',(#3095,#3096,#3102,#3103));
#3095 = ORIENTED_EDGE('',*,*,#2453,.T.);
#3096 = ORIENTED_EDGE('',*,*,#3097,.F.);
#3097 = EDGE_CURVE('',#2933,#2446,#3098,.T.);
#3098 = LINE('',#3099,#3100);
#3099 = CARTESIAN_POINT('',(4.549999999999,-3.299999999999,-8.7));
#3100 = VECTOR('',#3101,1.);
#3101 = DIRECTION('',(1.,-1.9E-16,0.));
#3102 = ORIENTED_EDGE('',*,*,#2932,.F.);
#3103 = ORIENTED_EDGE('',*,*,#3104,.T.);
#3104 = EDGE_CURVE('',#2925,#2454,#3105,.T.);
#3105 = LINE('',#3106,#3107);
#3106 = CARTESIAN_POINT('',(4.549999999999,-1.7,-8.7));
#3107 = VECTOR('',#3108,1.);
#3108 = DIRECTION('',(1.,-1.9E-16,0.));
#3109 = CYLINDRICAL_SURFACE('',#3110,0.799999999999);
#3110 = AXIS2_PLACEMENT_3D('',#3111,#3112,#3113);
#3111 = CARTESIAN_POINT('',(4.549999999999,-2.5,-8.7));
#3112 = DIRECTION('',(1.,-1.9E-16,0.));
#3113 = DIRECTION('',(1.9E-16,1.,0.));
#3114 = ADVANCED_FACE('',(#3115),#3121,.F.);
#3115 = FACE_BOUND('',#3116,.T.);
#3116 = EDGE_LOOP('',(#3117,#3118,#3119,#3120));
#3117 = ORIENTED_EDGE('',*,*,#2445,.T.);
#3118 = ORIENTED_EDGE('',*,*,#2510,.F.);
#3119 = ORIENTED_EDGE('',*,*,#2941,.F.);
#3120 = ORIENTED_EDGE('',*,*,#3097,.T.);
#3121 = PLANE('',#3122);
#3122 = AXIS2_PLACEMENT_3D('',#3123,#3124,#3125);
#3123 = CARTESIAN_POINT('',(4.549999999999,-3.299999999999,-5.5));
#3124 = DIRECTION('',(1.9E-16,1.,1.4E-16));
#3125 = DIRECTION('',(-1.,1.9E-16,0.));
#3126 = ADVANCED_FACE('',(#3127),#3133,.F.);
#3127 = FACE_BOUND('',#3128,.T.);
#3128 = EDGE_LOOP('',(#3129,#3130,#3131,#3132));
#3129 = ORIENTED_EDGE('',*,*,#2462,.T.);
#3130 = ORIENTED_EDGE('',*,*,#3104,.F.);
#3131 = ORIENTED_EDGE('',*,*,#2924,.F.);
#3132 = ORIENTED_EDGE('',*,*,#2541,.T.);
#3133 = PLANE('',#3134);
#3134 = AXIS2_PLACEMENT_3D('',#3135,#3136,#3137);
#3135 = CARTESIAN_POINT('',(4.549999999999,-1.7,-5.5));
#3136 = DIRECTION('',(-1.9E-16,-1.,1.4E-16));
#3137 = DIRECTION('',(1.,-1.9E-16,0.));
#3138 = ADVANCED_FACE('',(#3139),#3145,.T.);
#3139 = FACE_BOUND('',#3140,.T.);
#3140 = EDGE_LOOP('',(#3141,#3142,#3143,#3144));
#3141 = ORIENTED_EDGE('',*,*,#2732,.F.);
#3142 = ORIENTED_EDGE('',*,*,#2421,.F.);
#3143 = ORIENTED_EDGE('',*,*,#2318,.F.);
#3144 = ORIENTED_EDGE('',*,*,#2793,.F.);
#3145 = CYLINDRICAL_SURFACE('',#3146,1.);
#3146 = AXIS2_PLACEMENT_3D('',#3147,#3148,#3149);
#3147 = CARTESIAN_POINT('',(4.549999999999,8.6E-16,0.));
#3148 = DIRECTION('',(1.9E-16,-1.,0.));
#3149 = DIRECTION('',(1.,1.9E-16,0.));
#3150 = ADVANCED_FACE('',(#3151),#3157,.T.);
#3151 = FACE_BOUND('',#3152,.T.);
#3152 = EDGE_LOOP('',(#3153,#3154,#3155,#3156));
#3153 = ORIENTED_EDGE('',*,*,#2374,.F.);
#3154 = ORIENTED_EDGE('',*,*,#2582,.F.);
#3155 = ORIENTED_EDGE('',*,*,#2749,.F.);
#3156 = ORIENTED_EDGE('',*,*,#2800,.F.);
#3157 = CYLINDRICAL_SURFACE('',#3158,1.);
#3158 = AXIS2_PLACEMENT_3D('',#3159,#3160,#3161);
#3159 = CARTESIAN_POINT('',(-4.549999999999,-8.6E-16,0.));
#3160 = DIRECTION('',(-1.9E-16,1.,0.));
#3161 = DIRECTION('',(-1.,-1.9E-16,0.));
#3162 = ADVANCED_FACE('',(#3163),#3175,.T.);
#3163 = FACE_BOUND('',#3164,.T.);
#3164 = EDGE_LOOP('',(#3165,#3166,#3173,#3174));
#3165 = ORIENTED_EDGE('',*,*,#66,.F.);
#3166 = ORIENTED_EDGE('',*,*,#3167,.T.);
#3167 = EDGE_CURVE('',#33,#42,#3168,.T.);
#3168 = CIRCLE('',#3169,4.);
#3169 = AXIS2_PLACEMENT_3D('',#3170,#3171,#3172);
#3170 = CARTESIAN_POINT('',(8.7E-16,-1.73E-15,-1.799999999999));
#3171 = DIRECTION('',(0.,0.,1.));
#3172 = DIRECTION('',(1.,0.,-0.));
#3173 = ORIENTED_EDGE('',*,*,#83,.T.);
#3174 = ORIENTED_EDGE('',*,*,#2258,.T.);
#3175 = CYLINDRICAL_SURFACE('',#3176,4.);
#3176 = AXIS2_PLACEMENT_3D('',#3177,#3178,#3179);
#3177 = CARTESIAN_POINT('',(8.7E-16,-1.73E-15,-16.11370849898));
#3178 = DIRECTION('',(0.,0.,1.));
#3179 = DIRECTION('',(1.,0.,-0.));
#3180 = ADVANCED_FACE('',(#3181),#3193,.F.);
#3181 = FACE_BOUND('',#3182,.F.);
#3182 = EDGE_LOOP('',(#3183,#3191,#3192));
#3183 = ORIENTED_EDGE('',*,*,#3184,.T.);
#3184 = EDGE_CURVE('',#2159,#164,#3185,.T.);
#3185 = ( BOUNDED_CURVE() B_SPLINE_CURVE(2,(#3186,#3187,#3188,#3189,
#3190),.UNSPECIFIED.,.F.,.F.) B_SPLINE_CURVE_WITH_KNOTS((3,2,3),(
0.700323580455,0.724999999999,0.730345476028),.UNSPECIFIED.) CURVE() 
GEOMETRIC_REPRESENTATION_ITEM() RATIONAL_B_SPLINE_CURVE((0.9976626312,
    0.924501165484,0.999606849718,0.983337243264,0.974025140114)) 
REPRESENTATION_ITEM('') );
#3186 = CARTESIAN_POINT('',(2.,-2.81E-15,-1.750711405617));
#3187 = CARTESIAN_POINT('',(1.999999999999,-0.816833523914,
    -1.812586818398));
#3188 = CARTESIAN_POINT('',(1.428167145463,-1.400120924998,
    -1.874212148762));
#3189 = CARTESIAN_POINT('',(1.311706734094,-1.51891418799,
    -1.886762864007));
#3190 = CARTESIAN_POINT('',(1.177220384556,-1.616833994627,
    -1.899999999999));
#3191 = ORIENTED_EDGE('',*,*,#163,.T.);
#3192 = ORIENTED_EDGE('',*,*,#2174,.T.);
#3193 = CYLINDRICAL_SURFACE('',#3194,2.);
#3194 = AXIS2_PLACEMENT_3D('',#3195,#3196,#3197);
#3195 = CARTESIAN_POINT('',(0.,0.,-9.5));
#3196 = DIRECTION('',(0.,0.,1.));
#3197 = DIRECTION('',(1.,0.,-0.));
#3198 = ADVANCED_FACE('',(#3199),#3211,.F.);
#3199 = FACE_BOUND('',#3200,.F.);
#3200 = EDGE_LOOP('',(#3201,#3202,#3203,#3204,#3205,#3206,#3207,#3208,
    #3209,#3210));
#3201 = ORIENTED_EDGE('',*,*,#234,.T.);
#3202 = ORIENTED_EDGE('',*,*,#3184,.F.);
#3203 = ORIENTED_EDGE('',*,*,#2158,.F.);
#3204 = ORIENTED_EDGE('',*,*,#2044,.F.);
#3205 = ORIENTED_EDGE('',*,*,#2191,.F.);
#3206 = ORIENTED_EDGE('',*,*,#2083,.F.);
#3207 = ORIENTED_EDGE('',*,*,#2216,.F.);
#3208 = ORIENTED_EDGE('',*,*,#2131,.F.);
#3209 = ORIENTED_EDGE('',*,*,#2783,.F.);
#3210 = ORIENTED_EDGE('',*,*,#688,.T.);
#3211 = ( BOUNDED_SURFACE() B_SPLINE_SURFACE(3,2,(
    (#3212,#3213,#3214,#3215,#3216,#3217,#3218,#3219,#3220,#3221,#3222
      ,#3223,#3224,#3225,#3226,#3227,#3228,#3229,#3230,#3231,#3232,#3233
      ,#3234,#3235,#3236,#3237,#3238,#3239,#3240,#3241,#3242,#3243,#3244
      ,#3245,#3246,#3247,#3248,#3249,#3250,#3251,#3252,#3253,#3254,#3255
      ,#3256,#3257,#3258,#3259,#3260,#3261,#3262,#3263,#3264,#3265,#3266
      ,#3267,#3268,#3269,#3270,#3271,#3272,#3273,#3274,#3275,#3276,#3277
      ,#3278,#3279,#3280,#3281,#3282,#3283,#3284,#3285,#3286,#3287,#3288
      ,#3289,#3290,#3291,#3292)
    ,(#3293,#3294,#3295,#3296,#3297,#3298,#3299,#3300,#3301,#3302,#3303
      ,#3304,#3305,#3306,#3307,#3308,#3309,#3310,#3311,#3312,#3313,#3314
      ,#3315,#3316,#3317,#3318,#3319,#3320,#3321,#3322,#3323,#3324,#3325
      ,#3326,#3327,#3328,#3329,#3330,#3331,#3332,#3333,#3334,#3335,#3336
      ,#3337,#3338,#3339,#3340,#3341,#3342,#3343,#3344,#3345,#3346,#3347
      ,#3348,#3349,#3350,#3351,#3352,#3353,#3354,#3355,#3356,#3357,#3358
      ,#3359,#3360,#3361,#3362,#3363,#3364,#3365,#3366,#3367,#3368,#3369
      ,#3370,#3371,#3372,#3373)
    ,(#3374,#3375,#3376,#3377,#3378,#3379,#3380,#3381,#3382,#3383,#3384
      ,#3385,#3386,#3387,#3388,#3389,#3390,#3391,#3392,#3393,#3394,#3395
      ,#3396,#3397,#3398,#3399,#3400,#3401,#3402,#3403,#3404,#3405,#3406
      ,#3407,#3408,#3409,#3410,#3411,#3412,#3413,#3414,#3415,#3416,#3417
      ,#3418,#3419,#3420,#3421,#3422,#3423,#3424,#3425,#3426,#3427,#3428
      ,#3429,#3430,#3431,#3432,#3433,#3434,#3435,#3436,#3437,#3438,#3439
      ,#3440,#3441,#3442,#3443,#3444,#3445,#3446,#3447,#3448,#3449,#3450
      ,#3451,#3452,#3453,#3454)
    ,(#3455,#3456,#3457,#3458,#3459,#3460,#3461,#3462,#3463,#3464,#3465
      ,#3466,#3467,#3468,#3469,#3470,#3471,#3472,#3473,#3474,#3475,#3476
      ,#3477,#3478,#3479,#3480,#3481,#3482,#3483,#3484,#3485,#3486,#3487
      ,#3488,#3489,#3490,#3491,#3492,#3493,#3494,#3495,#3496,#3497,#3498
      ,#3499,#3500,#3501,#3502,#3503,#3504,#3505,#3506,#3507,#3508,#3509
      ,#3510,#3511,#3512,#3513,#3514,#3515,#3516,#3517,#3518,#3519,#3520
      ,#3521,#3522,#3523,#3524,#3525,#3526,#3527,#3528,#3529,#3530,#3531
      ,#3532,#3533,#3534,#3535)
    ,(#3536,#3537,#3538,#3539,#3540,#3541,#3542,#3543,#3544,#3545,#3546
      ,#3547,#3548,#3549,#3550,#3551,#3552,#3553,#3554,#3555,#3556,#3557
      ,#3558,#3559,#3560,#3561,#3562,#3563,#3564,#3565,#3566,#3567,#3568
      ,#3569,#3570,#3571,#3572,#3573,#3574,#3575,#3576,#3577,#3578,#3579
      ,#3580,#3581,#3582,#3583,#3584,#3585,#3586,#3587,#3588,#3589,#3590
      ,#3591,#3592,#3593,#3594,#3595,#3596,#3597,#3598,#3599,#3600,#3601
      ,#3602,#3603,#3604,#3605,#3606,#3607,#3608,#3609,#3610,#3611,#3612
      ,#3613,#3614,#3615,#3616)
    ,(#3617,#3618,#3619,#3620,#3621,#3622,#3623,#3624,#3625,#3626,#3627
      ,#3628,#3629,#3630,#3631,#3632,#3633,#3634,#3635,#3636,#3637,#3638
      ,#3639,#3640,#3641,#3642,#3643,#3644,#3645,#3646,#3647,#3648,#3649
      ,#3650,#3651,#3652,#3653,#3654,#3655,#3656,#3657,#3658,#3659,#3660
      ,#3661,#3662,#3663,#3664,#3665,#3666,#3667,#3668,#3669,#3670,#3671
      ,#3672,#3673,#3674,#3675,#3676,#3677,#3678,#3679,#3680,#3681,#3682
      ,#3683,#3684,#3685,#3686,#3687,#3688,#3689,#3690,#3691,#3692,#3693
      ,#3694,#3695,#3696,#3697)
    ,(#3698,#3699,#3700,#3701,#3702,#3703,#3704,#3705,#3706,#3707,#3708
      ,#3709,#3710,#3711,#3712,#3713,#3714,#3715,#3716,#3717,#3718,#3719
      ,#3720,#3721,#3722,#3723,#3724,#3725,#3726,#3727,#3728,#3729,#3730
      ,#3731,#3732,#3733,#3734,#3735,#3736,#3737,#3738,#3739,#3740,#3741
      ,#3742,#3743,#3744,#3745,#3746,#3747,#3748,#3749,#3750,#3751,#3752
      ,#3753,#3754,#3755,#3756,#3757,#3758,#3759,#3760,#3761,#3762,#3763
      ,#3764,#3765,#3766,#3767,#3768,#3769,#3770,#3771,#3772,#3773,#3774
      ,#3775,#3776,#3777,#3778
)),.UNSPECIFIED.,.T.,.F.,.F.) B_SPLINE_SURFACE_WITH_KNOTS((1,3,3,3,1),(3
    ,2,2,2,2,2,2,2,2,2,2,2,2,2,2,2,2,2,2,2,2,2,2,2,2,2,2,2,2,2,2,2,2,2,2
    ,2,2,2,2,2,3),(-0.5,0.,0.5,1.,1.5),(0.,2.5E-02,5.E-02,
    7.4999999999E-02,0.1,0.125,0.149999999999,0.174999999999,0.2,0.225,
    0.25,0.275,0.299999999999,0.325,0.349999999999,0.375,0.4,
    0.424999999999,0.45,0.474999999999,0.5,0.525,0.55,0.574999999999,
    0.599999999999,0.625,0.65,0.675,0.699999999999,0.724999999999,0.75,
    0.775,0.8,0.824999999999,0.849999999999,0.875,0.9,0.925,
    0.949999999999,0.974999999999,1.),.UNSPECIFIED.) 
GEOMETRIC_REPRESENTATION_ITEM() RATIONAL_B_SPLINE_SURFACE((
    (1.,0.923879532511,1.,0.923879532511,1.,0.923879532511,1.
      ,0.923879532511,1.,0.923879532511,1.,0.923879532511,1.
      ,0.923879532511,1.,0.923879532511,1.,0.923879532511,1.
      ,0.923879532511,1.,0.923879532511,1.,0.923879532511,1.
      ,0.923879532511,1.,0.923879532511,1.,0.923879532511,1.
      ,0.923879532511,1.,0.923879532511,1.,0.923879532511,1.
      ,0.923879532511,1.,0.923879532511,1.,0.923879532511,1.
      ,0.923879532511,1.,0.923879532511,1.,0.923879532511,1.
      ,0.923879532511,1.,0.923879532511,1.,0.923879532511,1.
      ,0.923879532511,1.,0.923879532511,1.,0.923879532511,1.
      ,0.923879532511,1.,0.923879532511,1.,0.923879532511,1.
      ,0.923879532511,1.,0.923879532511,1.,0.923879532511,1.
      ,0.923879532511,1.,0.923879532511,1.,0.923879532511,1.
      ,0.923879532511,1.)
    ,(0.333333333333,0.30795984417,0.333333333333,0.30795984417
      ,0.333333333333,0.30795984417,0.333333333333,0.30795984417
      ,0.333333333333,0.30795984417,0.333333333333,0.30795984417
      ,0.333333333333,0.30795984417,0.333333333333,0.30795984417
      ,0.333333333333,0.30795984417,0.333333333333,0.30795984417
      ,0.333333333333,0.30795984417,0.333333333333,0.30795984417
      ,0.333333333333,0.30795984417,0.333333333333,0.30795984417
      ,0.333333333333,0.30795984417,0.333333333333,0.30795984417
      ,0.333333333333,0.30795984417,0.333333333333,0.30795984417
      ,0.333333333333,0.30795984417,0.333333333333,0.30795984417
      ,0.333333333333,0.30795984417,0.333333333333,0.30795984417
      ,0.333333333333,0.30795984417,0.333333333333,0.30795984417
      ,0.333333333333,0.30795984417,0.333333333333,0.30795984417
      ,0.333333333333,0.30795984417,0.333333333333,0.30795984417
      ,0.333333333333,0.30795984417,0.333333333333,0.30795984417
      ,0.333333333333,0.30795984417,0.333333333333,0.30795984417
      ,0.333333333333,0.30795984417,0.333333333333,0.30795984417
      ,0.333333333333,0.30795984417,0.333333333333,0.30795984417
      ,0.333333333333,0.30795984417,0.333333333333,0.30795984417
      ,0.333333333333,0.30795984417,0.333333333333,0.30795984417
      ,0.333333333333)
    ,(0.333333333333,0.30795984417,0.333333333333,0.30795984417
      ,0.333333333333,0.30795984417,0.333333333333,0.30795984417
      ,0.333333333333,0.30795984417,0.333333333333,0.30795984417
      ,0.333333333333,0.30795984417,0.333333333333,0.30795984417
      ,0.333333333333,0.30795984417,0.333333333333,0.30795984417
      ,0.333333333333,0.30795984417,0.333333333333,0.30795984417
      ,0.333333333333,0.30795984417,0.333333333333,0.30795984417
      ,0.333333333333,0.30795984417,0.333333333333,0.30795984417
      ,0.333333333333,0.30795984417,0.333333333333,0.30795984417
      ,0.333333333333,0.30795984417,0.333333333333,0.30795984417
      ,0.333333333333,0.30795984417,0.333333333333,0.30795984417
      ,0.333333333333,0.30795984417,0.333333333333,0.30795984417
      ,0.333333333333,0.30795984417,0.333333333333,0.30795984417
      ,0.333333333333,0.30795984417,0.333333333333,0.30795984417
      ,0.333333333333,0.30795984417,0.333333333333,0.30795984417
      ,0.333333333333,0.30795984417,0.333333333333,0.30795984417
      ,0.333333333333,0.30795984417,0.333333333333,0.30795984417
      ,0.333333333333,0.30795984417,0.333333333333,0.30795984417
      ,0.333333333333,0.30795984417,0.333333333333,0.30795984417
      ,0.333333333333,0.30795984417,0.333333333333,0.30795984417
      ,0.333333333333)
    ,(1.,0.923879532511,1.,0.923879532511,1.,0.923879532511,1.
      ,0.923879532511,1.,0.923879532511,1.,0.923879532511,1.
      ,0.923879532511,1.,0.923879532511,1.,0.923879532511,1.
      ,0.923879532511,1.,0.923879532511,1.,0.923879532511,1.
      ,0.923879532511,1.,0.923879532511,1.,0.923879532511,1.
      ,0.923879532511,1.,0.923879532511,1.,0.923879532511,1.
      ,0.923879532511,1.,0.923879532511,1.,0.923879532511,1.
      ,0.923879532511,1.,0.923879532511,1.,0.923879532511,1.
      ,0.923879532511,1.,0.923879532511,1.,0.923879532511,1.
      ,0.923879532511,1.,0.923879532511,1.,0.923879532511,1.
      ,0.923879532511,1.,0.923879532511,1.,0.923879532511,1.
      ,0.923879532511,1.,0.923879532511,1.,0.923879532511,1.
      ,0.923879532511,1.,0.923879532511,1.,0.923879532511,1.
      ,0.923879532511,1.)
    ,(0.333333333333,0.30795984417,0.333333333333,0.30795984417
      ,0.333333333333,0.30795984417,0.333333333333,0.30795984417
      ,0.333333333333,0.30795984417,0.333333333333,0.30795984417
      ,0.333333333333,0.30795984417,0.333333333333,0.30795984417
      ,0.333333333333,0.30795984417,0.333333333333,0.30795984417
      ,0.333333333333,0.30795984417,0.333333333333,0.30795984417
      ,0.333333333333,0.30795984417,0.333333333333,0.30795984417
      ,0.333333333333,0.30795984417,0.333333333333,0.30795984417
      ,0.333333333333,0.30795984417,0.333333333333,0.30795984417
      ,0.333333333333,0.30795984417,0.333333333333,0.30795984417
      ,0.333333333333,0.30795984417,0.333333333333,0.30795984417
      ,0.333333333333,0.30795984417,0.333333333333,0.30795984417
      ,0.333333333333,0.30795984417,0.333333333333,0.30795984417
      ,0.333333333333,0.30795984417,0.333333333333,0.30795984417
      ,0.333333333333,0.30795984417,0.333333333333,0.30795984417
      ,0.333333333333,0.30795984417,0.333333333333,0.30795984417
      ,0.333333333333,0.30795984417,0.333333333333,0.30795984417
      ,0.333333333333,0.30795984417,0.333333333333,0.30795984417
      ,0.333333333333,0.30795984417,0.333333333333,0.30795984417
      ,0.333333333333,0.30795984417,0.333333333333,0.30795984417
      ,0.333333333333)
    ,(0.333333333333,0.30795984417,0.333333333333,0.30795984417
      ,0.333333333333,0.30795984417,0.333333333333,0.30795984417
      ,0.333333333333,0.30795984417,0.333333333333,0.30795984417
      ,0.333333333333,0.30795984417,0.333333333333,0.30795984417
      ,0.333333333333,0.30795984417,0.333333333333,0.30795984417
      ,0.333333333333,0.30795984417,0.333333333333,0.30795984417
      ,0.333333333333,0.30795984417,0.333333333333,0.30795984417
      ,0.333333333333,0.30795984417,0.333333333333,0.30795984417
      ,0.333333333333,0.30795984417,0.333333333333,0.30795984417
      ,0.333333333333,0.30795984417,0.333333333333,0.30795984417
      ,0.333333333333,0.30795984417,0.333333333333,0.30795984417
      ,0.333333333333,0.30795984417,0.333333333333,0.30795984417
      ,0.333333333333,0.30795984417,0.333333333333,0.30795984417
      ,0.333333333333,0.30795984417,0.333333333333,0.30795984417
      ,0.333333333333,0.30795984417,0.333333333333,0.30795984417
      ,0.333333333333,0.30795984417,0.333333333333,0.30795984417
      ,0.333333333333,0.30795984417,0.333333333333,0.30795984417
      ,0.333333333333,0.30795984417,0.333333333333,0.30795984417
      ,0.333333333333,0.30795984417,0.333333333333,0.30795984417
      ,0.333333333333,0.30795984417,0.333333333333,0.30795984417
      ,0.333333333333)
    ,(1.,0.923879532511,1.,0.923879532511,1.,0.923879532511,1.
      ,0.923879532511,1.,0.923879532511,1.,0.923879532511,1.
      ,0.923879532511,1.,0.923879532511,1.,0.923879532511,1.
      ,0.923879532511,1.,0.923879532511,1.,0.923879532511,1.
      ,0.923879532511,1.,0.923879532511,1.,0.923879532511,1.
      ,0.923879532511,1.,0.923879532511,1.,0.923879532511,1.
      ,0.923879532511,1.,0.923879532511,1.,0.923879532511,1.
      ,0.923879532511,1.,0.923879532511,1.,0.923879532511,1.
      ,0.923879532511,1.,0.923879532511,1.,0.923879532511,1.
      ,0.923879532511,1.,0.923879532511,1.,0.923879532511,1.
      ,0.923879532511,1.,0.923879532511,1.,0.923879532511,1.
      ,0.923879532511,1.,0.923879532511,1.,0.923879532511,1.
      ,0.923879532511,1.,0.923879532511,1.,0.923879532511,1.
,0.923879532511,1.))) REPRESENTATION_ITEM('') SURFACE() );
#3212 = CARTESIAN_POINT('',(-2.,1.983167421E-02,2.249212168037));
#3213 = CARTESIAN_POINT('',(-1.991785451577,0.848258798957,
    2.186712168037));
#3214 = CARTESIAN_POINT('',(-1.400190451056,1.428236673689,
    2.124212168037));
#3215 = CARTESIAN_POINT('',(-0.808595450535,2.008214548422,
    2.061712168037));
#3216 = CARTESIAN_POINT('',(1.983167421E-02,2.,1.999212168037));
#3217 = CARTESIAN_POINT('',(0.848258798957,1.991785451577,1.936712168037
    ));
#3218 = CARTESIAN_POINT('',(1.428236673689,1.400190451056,1.874212168037
    ));
#3219 = CARTESIAN_POINT('',(2.008214548422,0.808595450535,1.811712168037
    ));
#3220 = CARTESIAN_POINT('',(2.,-1.983167421E-02,1.749212168037));
#3221 = CARTESIAN_POINT('',(1.991785451577,-0.848258798957,
    1.686712168037));
#3222 = CARTESIAN_POINT('',(1.400190451056,-1.428236673689,
    1.624212168037));
#3223 = CARTESIAN_POINT('',(0.808595450535,-2.008214548422,
    1.561712168037));
#3224 = CARTESIAN_POINT('',(-1.983167421E-02,-2.,1.499212168037));
#3225 = CARTESIAN_POINT('',(-0.848258798957,-1.991785451577,
    1.436712168037));
#3226 = CARTESIAN_POINT('',(-1.428236673689,-1.400190451056,
    1.374212168037));
#3227 = CARTESIAN_POINT('',(-2.008214548422,-0.808595450535,
    1.311712168037));
#3228 = CARTESIAN_POINT('',(-2.,1.983167421E-02,1.249212168037));
#3229 = CARTESIAN_POINT('',(-1.991785451577,0.848258798957,
    1.186712168037));
#3230 = CARTESIAN_POINT('',(-1.400190451056,1.428236673689,
    1.124212168037));
#3231 = CARTESIAN_POINT('',(-0.808595450535,2.008214548422,
    1.061712168037));
#3232 = CARTESIAN_POINT('',(1.983167421E-02,2.,0.999212168037));
#3233 = CARTESIAN_POINT('',(0.848258798957,1.991785451577,0.936712168037
    ));
#3234 = CARTESIAN_POINT('',(1.428236673689,1.400190451056,0.874212168037
    ));
#3235 = CARTESIAN_POINT('',(2.008214548422,0.808595450535,0.811712168037
    ));
#3236 = CARTESIAN_POINT('',(2.,-1.983167421E-02,0.749212168037));
#3237 = CARTESIAN_POINT('',(1.991785451577,-0.848258798957,
    0.686712168037));
#3238 = CARTESIAN_POINT('',(1.400190451056,-1.428236673689,
    0.624212168037));
#3239 = CARTESIAN_POINT('',(0.808595450535,-2.008214548422,
    0.561712168037));
#3240 = CARTESIAN_POINT('',(-1.983167421E-02,-2.,0.499212168037));
#3241 = CARTESIAN_POINT('',(-0.848258798957,-1.991785451577,
    0.436712168037));
#3242 = CARTESIAN_POINT('',(-1.428236673689,-1.400190451056,
    0.374212168037));
#3243 = CARTESIAN_POINT('',(-2.008214548422,-0.808595450535,
    0.311712168037));
#3244 = CARTESIAN_POINT('',(-2.,1.983167421E-02,0.249212168037));
#3245 = CARTESIAN_POINT('',(-1.991785451577,0.848258798957,
    0.186712168037));
#3246 = CARTESIAN_POINT('',(-1.400190451056,1.428236673689,
    0.124212168037));
#3247 = CARTESIAN_POINT('',(-0.808595450535,2.008214548422,
    6.1712168037E-02));
#3248 = CARTESIAN_POINT('',(1.983167421E-02,2.,-7.87831962E-04));
#3249 = CARTESIAN_POINT('',(0.848258798957,1.991785451577,
    -6.3287831962E-02));
#3250 = CARTESIAN_POINT('',(1.428236673689,1.400190451056,
    -0.125787831962));
#3251 = CARTESIAN_POINT('',(2.008214548422,0.808595450535,
    -0.188287831962));
#3252 = CARTESIAN_POINT('',(2.,-1.983167421E-02,-0.250787831962));
#3253 = CARTESIAN_POINT('',(1.991785451577,-0.848258798957,
    -0.313287831962));
#3254 = CARTESIAN_POINT('',(1.400190451056,-1.428236673689,
    -0.375787831962));
#3255 = CARTESIAN_POINT('',(0.808595450535,-2.008214548422,
    -0.438287831962));
#3256 = CARTESIAN_POINT('',(-1.983167421E-02,-2.,-0.500787831962));
#3257 = CARTESIAN_POINT('',(-0.848258798957,-1.991785451577,
    -0.563287831962));
#3258 = CARTESIAN_POINT('',(-1.428236673689,-1.400190451056,
    -0.625787831962));
#3259 = CARTESIAN_POINT('',(-2.008214548422,-0.808595450535,
    -0.688287831962));
#3260 = CARTESIAN_POINT('',(-2.,1.983167421E-02,-0.750787831962));
#3261 = CARTESIAN_POINT('',(-1.991785451577,0.848258798957,
    -0.813287831962));
#3262 = CARTESIAN_POINT('',(-1.400190451056,1.428236673689,
    -0.875787831962));
#3263 = CARTESIAN_POINT('',(-0.808595450535,2.008214548422,
    -0.938287831962));
#3264 = CARTESIAN_POINT('',(1.983167421E-02,2.,-1.000787831962));
#3265 = CARTESIAN_POINT('',(0.848258798957,1.991785451577,
    -1.063287831962));
#3266 = CARTESIAN_POINT('',(1.428236673689,1.400190451056,
    -1.125787831962));
#3267 = CARTESIAN_POINT('',(2.008214548422,0.808595450535,
    -1.188287831962));
#3268 = CARTESIAN_POINT('',(2.,-1.983167421E-02,-1.250787831962));
#3269 = CARTESIAN_POINT('',(1.991785451577,-0.848258798957,
    -1.313287831962));
#3270 = CARTESIAN_POINT('',(1.400190451056,-1.428236673689,
    -1.375787831962));
#3271 = CARTESIAN_POINT('',(0.808595450535,-2.008214548422,
    -1.438287831962));
#3272 = CARTESIAN_POINT('',(-1.983167421E-02,-2.,-1.500787831962));
#3273 = CARTESIAN_POINT('',(-0.848258798957,-1.991785451577,
    -1.563287831962));
#3274 = CARTESIAN_POINT('',(-1.428236673689,-1.400190451056,
    -1.625787831962));
#3275 = CARTESIAN_POINT('',(-2.008214548422,-0.808595450535,
    -1.688287831962));
#3276 = CARTESIAN_POINT('',(-2.,1.983167421E-02,-1.750787831962));
#3277 = CARTESIAN_POINT('',(-1.991785451577,0.848258798957,
    -1.813287831962));
#3278 = CARTESIAN_POINT('',(-1.400190451056,1.428236673689,
    -1.875787831962));
#3279 = CARTESIAN_POINT('',(-0.808595450535,2.008214548422,
    -1.938287831962));
#3280 = CARTESIAN_POINT('',(1.983167421E-02,2.,-2.000787831962));
#3281 = CARTESIAN_POINT('',(0.848258798957,1.991785451577,
    -2.063287831962));
#3282 = CARTESIAN_POINT('',(1.428236673689,1.400190451056,
    -2.125787831962));
#3283 = CARTESIAN_POINT('',(2.008214548422,0.808595450535,
    -2.188287831962));
#3284 = CARTESIAN_POINT('',(2.,-1.983167421E-02,-2.250787831962));
#3285 = CARTESIAN_POINT('',(1.991785451577,-0.848258798957,
    -2.313287831962));
#3286 = CARTESIAN_POINT('',(1.400190451056,-1.428236673689,
    -2.375787831962));
#3287 = CARTESIAN_POINT('',(0.808595450535,-2.008214548422,
    -2.438287831962));
#3288 = CARTESIAN_POINT('',(-1.983167421E-02,-2.,-2.500787831962));
#3289 = CARTESIAN_POINT('',(-0.848258798957,-1.991785451577,
    -2.563287831962));
#3290 = CARTESIAN_POINT('',(-1.428236673689,-1.400190451056,
    -2.625787831962));
#3291 = CARTESIAN_POINT('',(-2.008214548422,-0.808595450535,
    -2.688287831962));
#3292 = CARTESIAN_POINT('',(-2.,1.983167421E-02,-2.750787831962));
#3293 = CARTESIAN_POINT('',(-1.5,1.983167421E-02,2.249212168037));
#3294 = CARTESIAN_POINT('',(-1.491785451577,0.64115201777,2.186712168037
    ));
#3295 = CARTESIAN_POINT('',(-1.046637060463,1.074683283096,
    2.124212168037));
#3296 = CARTESIAN_POINT('',(-0.601488669348,1.508214548422,
    2.061712168037));
#3297 = CARTESIAN_POINT('',(1.983167421E-02,1.5,1.999212168037));
#3298 = CARTESIAN_POINT('',(0.64115201777,1.491785451577,1.936712168037)
  );
#3299 = CARTESIAN_POINT('',(1.074683283096,1.046637060463,1.874212168037
    ));
#3300 = CARTESIAN_POINT('',(1.508214548422,0.601488669348,1.811712168037
    ));
#3301 = CARTESIAN_POINT('',(1.5,-1.983167421E-02,1.749212168037));
#3302 = CARTESIAN_POINT('',(1.491785451577,-0.64115201777,1.686712168037
    ));
#3303 = CARTESIAN_POINT('',(1.046637060463,-1.074683283096,
    1.624212168037));
#3304 = CARTESIAN_POINT('',(0.601488669348,-1.508214548422,
    1.561712168037));
#3305 = CARTESIAN_POINT('',(-1.983167421E-02,-1.5,1.499212168037));
#3306 = CARTESIAN_POINT('',(-0.64115201777,-1.491785451577,
    1.436712168037));
#3307 = CARTESIAN_POINT('',(-1.074683283096,-1.046637060463,
    1.374212168037));
#3308 = CARTESIAN_POINT('',(-1.508214548422,-0.601488669348,
    1.311712168037));
#3309 = CARTESIAN_POINT('',(-1.5,1.983167421E-02,1.249212168037));
#3310 = CARTESIAN_POINT('',(-1.491785451577,0.64115201777,1.186712168037
    ));
#3311 = CARTESIAN_POINT('',(-1.046637060463,1.074683283096,
    1.124212168037));
#3312 = CARTESIAN_POINT('',(-0.601488669348,1.508214548422,
    1.061712168037));
#3313 = CARTESIAN_POINT('',(1.983167421E-02,1.5,0.999212168037));
#3314 = CARTESIAN_POINT('',(0.64115201777,1.491785451577,0.936712168037)
  );
#3315 = CARTESIAN_POINT('',(1.074683283096,1.046637060463,0.874212168037
    ));
#3316 = CARTESIAN_POINT('',(1.508214548422,0.601488669348,0.811712168037
    ));
#3317 = CARTESIAN_POINT('',(1.5,-1.983167421E-02,0.749212168037));
#3318 = CARTESIAN_POINT('',(1.491785451577,-0.64115201777,0.686712168037
    ));
#3319 = CARTESIAN_POINT('',(1.046637060463,-1.074683283096,
    0.624212168037));
#3320 = CARTESIAN_POINT('',(0.601488669348,-1.508214548422,
    0.561712168037));
#3321 = CARTESIAN_POINT('',(-1.983167421E-02,-1.5,0.499212168037));
#3322 = CARTESIAN_POINT('',(-0.64115201777,-1.491785451577,
    0.436712168037));
#3323 = CARTESIAN_POINT('',(-1.074683283096,-1.046637060463,
    0.374212168037));
#3324 = CARTESIAN_POINT('',(-1.508214548422,-0.601488669348,
    0.311712168037));
#3325 = CARTESIAN_POINT('',(-1.5,1.983167421E-02,0.249212168037));
#3326 = CARTESIAN_POINT('',(-1.491785451577,0.64115201777,0.186712168037
    ));
#3327 = CARTESIAN_POINT('',(-1.046637060463,1.074683283096,
    0.124212168037));
#3328 = CARTESIAN_POINT('',(-0.601488669348,1.508214548422,
    6.1712168037E-02));
#3329 = CARTESIAN_POINT('',(1.983167421E-02,1.5,-7.87831962E-04));
#3330 = CARTESIAN_POINT('',(0.64115201777,1.491785451577,
    -6.3287831962E-02));
#3331 = CARTESIAN_POINT('',(1.074683283096,1.046637060463,
    -0.125787831962));
#3332 = CARTESIAN_POINT('',(1.508214548422,0.601488669348,
    -0.188287831962));
#3333 = CARTESIAN_POINT('',(1.5,-1.983167421E-02,-0.250787831962));
#3334 = CARTESIAN_POINT('',(1.491785451577,-0.64115201777,
    -0.313287831962));
#3335 = CARTESIAN_POINT('',(1.046637060463,-1.074683283096,
    -0.375787831962));
#3336 = CARTESIAN_POINT('',(0.601488669348,-1.508214548422,
    -0.438287831962));
#3337 = CARTESIAN_POINT('',(-1.983167421E-02,-1.5,-0.500787831962));
#3338 = CARTESIAN_POINT('',(-0.64115201777,-1.491785451577,
    -0.563287831962));
#3339 = CARTESIAN_POINT('',(-1.074683283096,-1.046637060463,
    -0.625787831962));
#3340 = CARTESIAN_POINT('',(-1.508214548422,-0.601488669348,
    -0.688287831962));
#3341 = CARTESIAN_POINT('',(-1.5,1.983167421E-02,-0.750787831962));
#3342 = CARTESIAN_POINT('',(-1.491785451577,0.64115201777,
    -0.813287831962));
#3343 = CARTESIAN_POINT('',(-1.046637060463,1.074683283096,
    -0.875787831962));
#3344 = CARTESIAN_POINT('',(-0.601488669348,1.508214548422,
    -0.938287831962));
#3345 = CARTESIAN_POINT('',(1.983167421E-02,1.5,-1.000787831962));
#3346 = CARTESIAN_POINT('',(0.64115201777,1.491785451577,-1.063287831962
    ));
#3347 = CARTESIAN_POINT('',(1.074683283096,1.046637060463,
    -1.125787831962));
#3348 = CARTESIAN_POINT('',(1.508214548422,0.601488669348,
    -1.188287831962));
#3349 = CARTESIAN_POINT('',(1.5,-1.983167421E-02,-1.250787831962));
#3350 = CARTESIAN_POINT('',(1.491785451577,-0.64115201777,
    -1.313287831962));
#3351 = CARTESIAN_POINT('',(1.046637060463,-1.074683283096,
    -1.375787831962));
#3352 = CARTESIAN_POINT('',(0.601488669348,-1.508214548422,
    -1.438287831962));
#3353 = CARTESIAN_POINT('',(-1.983167421E-02,-1.5,-1.500787831962));
#3354 = CARTESIAN_POINT('',(-0.64115201777,-1.491785451577,
    -1.563287831962));
#3355 = CARTESIAN_POINT('',(-1.074683283096,-1.046637060463,
    -1.625787831962));
#3356 = CARTESIAN_POINT('',(-1.508214548422,-0.601488669348,
    -1.688287831962));
#3357 = CARTESIAN_POINT('',(-1.5,1.983167421E-02,-1.750787831962));
#3358 = CARTESIAN_POINT('',(-1.491785451577,0.64115201777,
    -1.813287831962));
#3359 = CARTESIAN_POINT('',(-1.046637060463,1.074683283096,
    -1.875787831962));
#3360 = CARTESIAN_POINT('',(-0.601488669348,1.508214548422,
    -1.938287831962));
#3361 = CARTESIAN_POINT('',(1.983167421E-02,1.5,-2.000787831962));
#3362 = CARTESIAN_POINT('',(0.64115201777,1.491785451577,-2.063287831962
    ));
#3363 = CARTESIAN_POINT('',(1.074683283096,1.046637060463,
    -2.125787831962));
#3364 = CARTESIAN_POINT('',(1.508214548422,0.601488669348,
    -2.188287831962));
#3365 = CARTESIAN_POINT('',(1.5,-1.983167421E-02,-2.250787831962));
#3366 = CARTESIAN_POINT('',(1.491785451577,-0.64115201777,
    -2.313287831962));
#3367 = CARTESIAN_POINT('',(1.046637060463,-1.074683283096,
    -2.375787831962));
#3368 = CARTESIAN_POINT('',(0.601488669348,-1.508214548422,
    -2.438287831962));
#3369 = CARTESIAN_POINT('',(-1.983167421E-02,-1.5,-2.500787831962));
#3370 = CARTESIAN_POINT('',(-0.64115201777,-1.491785451577,
    -2.563287831962));
#3371 = CARTESIAN_POINT('',(-1.074683283096,-1.046637060463,
    -2.625787831962));
#3372 = CARTESIAN_POINT('',(-1.508214548422,-0.601488669348,
    -2.688287831962));
#3373 = CARTESIAN_POINT('',(-1.5,1.983167421E-02,-2.750787831962));
#3374 = CARTESIAN_POINT('',(-1.5,-1.983167421E-02,1.750787831962));
#3375 = CARTESIAN_POINT('',(-1.508214548422,0.601488669348,
    1.688287831962));
#3376 = CARTESIAN_POINT('',(-1.074683283096,1.046637060462,
    1.625787831962));
#3377 = CARTESIAN_POINT('',(-0.64115201777,1.491785451577,1.563287831962
    ));
#3378 = CARTESIAN_POINT('',(-1.983167421E-02,1.5,1.500787831962));
#3379 = CARTESIAN_POINT('',(0.601488669348,1.508214548422,1.438287831962
    ));
#3380 = CARTESIAN_POINT('',(1.046637060462,1.074683283096,1.375787831962
    ));
#3381 = CARTESIAN_POINT('',(1.491785451577,0.64115201777,1.313287831962)
  );
#3382 = CARTESIAN_POINT('',(1.5,1.983167421E-02,1.250787831962));
#3383 = CARTESIAN_POINT('',(1.508214548422,-0.601488669348,
    1.188287831962));
#3384 = CARTESIAN_POINT('',(1.074683283096,-1.046637060462,
    1.125787831962));
#3385 = CARTESIAN_POINT('',(0.64115201777,-1.491785451577,1.063287831962
    ));
#3386 = CARTESIAN_POINT('',(1.983167421E-02,-1.5,1.000787831962));
#3387 = CARTESIAN_POINT('',(-0.601488669348,-1.508214548422,
    0.938287831962));
#3388 = CARTESIAN_POINT('',(-1.046637060462,-1.074683283096,
    0.875787831962));
#3389 = CARTESIAN_POINT('',(-1.491785451577,-0.64115201777,
    0.813287831962));
#3390 = CARTESIAN_POINT('',(-1.5,-1.983167421E-02,0.750787831962));
#3391 = CARTESIAN_POINT('',(-1.508214548422,0.601488669348,
    0.688287831962));
#3392 = CARTESIAN_POINT('',(-1.074683283096,1.046637060462,
    0.625787831962));
#3393 = CARTESIAN_POINT('',(-0.64115201777,1.491785451577,0.563287831962
    ));
#3394 = CARTESIAN_POINT('',(-1.983167421E-02,1.5,0.500787831962));
#3395 = CARTESIAN_POINT('',(0.601488669348,1.508214548422,0.438287831962
    ));
#3396 = CARTESIAN_POINT('',(1.046637060462,1.074683283096,0.375787831962
    ));
#3397 = CARTESIAN_POINT('',(1.491785451577,0.64115201777,0.313287831962)
  );
#3398 = CARTESIAN_POINT('',(1.5,1.983167421E-02,0.250787831962));
#3399 = CARTESIAN_POINT('',(1.508214548422,-0.601488669348,
    0.188287831962));
#3400 = CARTESIAN_POINT('',(1.074683283096,-1.046637060462,
    0.125787831962));
#3401 = CARTESIAN_POINT('',(0.64115201777,-1.491785451577,
    6.3287831962E-02));
#3402 = CARTESIAN_POINT('',(1.983167421E-02,-1.5,7.87831962E-04));
#3403 = CARTESIAN_POINT('',(-0.601488669348,-1.508214548422,
    -6.1712168037E-02));
#3404 = CARTESIAN_POINT('',(-1.046637060462,-1.074683283096,
    -0.124212168037));
#3405 = CARTESIAN_POINT('',(-1.491785451577,-0.64115201777,
    -0.186712168037));
#3406 = CARTESIAN_POINT('',(-1.5,-1.983167421E-02,-0.249212168037));
#3407 = CARTESIAN_POINT('',(-1.508214548422,0.601488669348,
    -0.311712168037));
#3408 = CARTESIAN_POINT('',(-1.074683283096,1.046637060462,
    -0.374212168037));
#3409 = CARTESIAN_POINT('',(-0.64115201777,1.491785451577,
    -0.436712168037));
#3410 = CARTESIAN_POINT('',(-1.983167421E-02,1.5,-0.499212168037));
#3411 = CARTESIAN_POINT('',(0.601488669348,1.508214548422,
    -0.561712168037));
#3412 = CARTESIAN_POINT('',(1.046637060462,1.074683283096,
    -0.624212168037));
#3413 = CARTESIAN_POINT('',(1.491785451577,0.64115201777,-0.686712168037
    ));
#3414 = CARTESIAN_POINT('',(1.5,1.983167421E-02,-0.749212168037));
#3415 = CARTESIAN_POINT('',(1.508214548422,-0.601488669348,
    -0.811712168037));
#3416 = CARTESIAN_POINT('',(1.074683283096,-1.046637060462,
    -0.874212168037));
#3417 = CARTESIAN_POINT('',(0.64115201777,-1.491785451577,
    -0.936712168037));
#3418 = CARTESIAN_POINT('',(1.983167421E-02,-1.5,-0.999212168037));
#3419 = CARTESIAN_POINT('',(-0.601488669348,-1.508214548422,
    -1.061712168037));
#3420 = CARTESIAN_POINT('',(-1.046637060462,-1.074683283096,
    -1.124212168037));
#3421 = CARTESIAN_POINT('',(-1.491785451577,-0.64115201777,
    -1.186712168037));
#3422 = CARTESIAN_POINT('',(-1.5,-1.983167421E-02,-1.249212168037));
#3423 = CARTESIAN_POINT('',(-1.508214548422,0.601488669348,
    -1.311712168037));
#3424 = CARTESIAN_POINT('',(-1.074683283096,1.046637060462,
    -1.374212168037));
#3425 = CARTESIAN_POINT('',(-0.64115201777,1.491785451577,
    -1.436712168037));
#3426 = CARTESIAN_POINT('',(-1.983167421E-02,1.5,-1.499212168037));
#3427 = CARTESIAN_POINT('',(0.601488669348,1.508214548422,
    -1.561712168037));
#3428 = CARTESIAN_POINT('',(1.046637060462,1.074683283096,
    -1.624212168037));
#3429 = CARTESIAN_POINT('',(1.491785451577,0.64115201777,-1.686712168037
    ));
#3430 = CARTESIAN_POINT('',(1.5,1.983167421E-02,-1.749212168037));
#3431 = CARTESIAN_POINT('',(1.508214548422,-0.601488669348,
    -1.811712168037));
#3432 = CARTESIAN_POINT('',(1.074683283096,-1.046637060462,
    -1.874212168037));
#3433 = CARTESIAN_POINT('',(0.64115201777,-1.491785451577,
    -1.936712168037));
#3434 = CARTESIAN_POINT('',(1.983167421E-02,-1.5,-1.999212168037));
#3435 = CARTESIAN_POINT('',(-0.601488669348,-1.508214548422,
    -2.061712168037));
#3436 = CARTESIAN_POINT('',(-1.046637060462,-1.074683283096,
    -2.124212168037));
#3437 = CARTESIAN_POINT('',(-1.491785451577,-0.64115201777,
    -2.186712168037));
#3438 = CARTESIAN_POINT('',(-1.5,-1.983167421E-02,-2.249212168037));
#3439 = CARTESIAN_POINT('',(-1.508214548422,0.601488669348,
    -2.311712168037));
#3440 = CARTESIAN_POINT('',(-1.074683283096,1.046637060462,
    -2.374212168037));
#3441 = CARTESIAN_POINT('',(-0.64115201777,1.491785451577,
    -2.436712168037));
#3442 = CARTESIAN_POINT('',(-1.983167421E-02,1.5,-2.499212168037));
#3443 = CARTESIAN_POINT('',(0.601488669348,1.508214548422,
    -2.561712168037));
#3444 = CARTESIAN_POINT('',(1.046637060462,1.074683283096,
    -2.624212168037));
#3445 = CARTESIAN_POINT('',(1.491785451577,0.64115201777,-2.686712168037
    ));
#3446 = CARTESIAN_POINT('',(1.5,1.983167421E-02,-2.749212168037));
#3447 = CARTESIAN_POINT('',(1.508214548422,-0.601488669348,
    -2.811712168037));
#3448 = CARTESIAN_POINT('',(1.074683283096,-1.046637060462,
    -2.874212168037));
#3449 = CARTESIAN_POINT('',(0.64115201777,-1.491785451577,
    -2.936712168037));
#3450 = CARTESIAN_POINT('',(1.983167421E-02,-1.5,-2.999212168037));
#3451 = CARTESIAN_POINT('',(-0.601488669348,-1.508214548422,
    -3.061712168037));
#3452 = CARTESIAN_POINT('',(-1.046637060462,-1.074683283096,
    -3.124212168037));
#3453 = CARTESIAN_POINT('',(-1.491785451577,-0.64115201777,
    -3.186712168037));
#3454 = CARTESIAN_POINT('',(-1.5,-1.983167421E-02,-3.249212168037));
#3455 = CARTESIAN_POINT('',(-2.,-1.983167421E-02,1.750787831962));
#3456 = CARTESIAN_POINT('',(-2.008214548422,0.808595450535,
    1.688287831962));
#3457 = CARTESIAN_POINT('',(-1.428236673689,1.400190451056,
    1.625787831962));
#3458 = CARTESIAN_POINT('',(-0.848258798957,1.991785451577,
    1.563287831962));
#3459 = CARTESIAN_POINT('',(-1.983167421E-02,2.,1.500787831962));
#3460 = CARTESIAN_POINT('',(0.808595450535,2.008214548422,1.438287831962
    ));
#3461 = CARTESIAN_POINT('',(1.400190451056,1.428236673689,1.375787831962
    ));
#3462 = CARTESIAN_POINT('',(1.991785451577,0.848258798957,1.313287831962
    ));
#3463 = CARTESIAN_POINT('',(2.,1.983167421E-02,1.250787831962));
#3464 = CARTESIAN_POINT('',(2.008214548422,-0.808595450535,
    1.188287831962));
#3465 = CARTESIAN_POINT('',(1.428236673689,-1.400190451056,
    1.125787831962));
#3466 = CARTESIAN_POINT('',(0.848258798957,-1.991785451577,
    1.063287831962));
#3467 = CARTESIAN_POINT('',(1.983167421E-02,-2.,1.000787831962));
#3468 = CARTESIAN_POINT('',(-0.808595450535,-2.008214548422,
    0.938287831962));
#3469 = CARTESIAN_POINT('',(-1.400190451056,-1.428236673689,
    0.875787831962));
#3470 = CARTESIAN_POINT('',(-1.991785451577,-0.848258798957,
    0.813287831962));
#3471 = CARTESIAN_POINT('',(-2.,-1.983167421E-02,0.750787831962));
#3472 = CARTESIAN_POINT('',(-2.008214548422,0.808595450535,
    0.688287831962));
#3473 = CARTESIAN_POINT('',(-1.428236673689,1.400190451056,
    0.625787831962));
#3474 = CARTESIAN_POINT('',(-0.848258798957,1.991785451577,
    0.563287831962));
#3475 = CARTESIAN_POINT('',(-1.983167421E-02,2.,0.500787831962));
#3476 = CARTESIAN_POINT('',(0.808595450535,2.008214548422,0.438287831962
    ));
#3477 = CARTESIAN_POINT('',(1.400190451056,1.428236673689,0.375787831962
    ));
#3478 = CARTESIAN_POINT('',(1.991785451577,0.848258798957,0.313287831962
    ));
#3479 = CARTESIAN_POINT('',(2.,1.983167421E-02,0.250787831962));
#3480 = CARTESIAN_POINT('',(2.008214548422,-0.808595450535,
    0.188287831962));
#3481 = CARTESIAN_POINT('',(1.428236673689,-1.400190451056,
    0.125787831962));
#3482 = CARTESIAN_POINT('',(0.848258798957,-1.991785451577,
    6.3287831962E-02));
#3483 = CARTESIAN_POINT('',(1.983167421E-02,-2.,7.87831962E-04));
#3484 = CARTESIAN_POINT('',(-0.808595450535,-2.008214548422,
    -6.1712168037E-02));
#3485 = CARTESIAN_POINT('',(-1.400190451056,-1.428236673689,
    -0.124212168037));
#3486 = CARTESIAN_POINT('',(-1.991785451577,-0.848258798957,
    -0.186712168037));
#3487 = CARTESIAN_POINT('',(-2.,-1.983167421E-02,-0.249212168037));
#3488 = CARTESIAN_POINT('',(-2.008214548422,0.808595450535,
    -0.311712168037));
#3489 = CARTESIAN_POINT('',(-1.428236673689,1.400190451056,
    -0.374212168037));
#3490 = CARTESIAN_POINT('',(-0.848258798957,1.991785451577,
    -0.436712168037));
#3491 = CARTESIAN_POINT('',(-1.983167421E-02,2.,-0.499212168037));
#3492 = CARTESIAN_POINT('',(0.808595450535,2.008214548422,
    -0.561712168037));
#3493 = CARTESIAN_POINT('',(1.400190451056,1.428236673689,
    -0.624212168037));
#3494 = CARTESIAN_POINT('',(1.991785451577,0.848258798957,
    -0.686712168037));
#3495 = CARTESIAN_POINT('',(2.,1.983167421E-02,-0.749212168037));
#3496 = CARTESIAN_POINT('',(2.008214548422,-0.808595450535,
    -0.811712168037));
#3497 = CARTESIAN_POINT('',(1.428236673689,-1.400190451056,
    -0.874212168037));
#3498 = CARTESIAN_POINT('',(0.848258798957,-1.991785451577,
    -0.936712168037));
#3499 = CARTESIAN_POINT('',(1.983167421E-02,-2.,-0.999212168037));
#3500 = CARTESIAN_POINT('',(-0.808595450535,-2.008214548422,
    -1.061712168037));
#3501 = CARTESIAN_POINT('',(-1.400190451056,-1.428236673689,
    -1.124212168037));
#3502 = CARTESIAN_POINT('',(-1.991785451577,-0.848258798957,
    -1.186712168037));
#3503 = CARTESIAN_POINT('',(-2.,-1.983167421E-02,-1.249212168037));
#3504 = CARTESIAN_POINT('',(-2.008214548422,0.808595450535,
    -1.311712168037));
#3505 = CARTESIAN_POINT('',(-1.428236673689,1.400190451056,
    -1.374212168037));
#3506 = CARTESIAN_POINT('',(-0.848258798957,1.991785451577,
    -1.436712168037));
#3507 = CARTESIAN_POINT('',(-1.983167421E-02,2.,-1.499212168037));
#3508 = CARTESIAN_POINT('',(0.808595450535,2.008214548422,
    -1.561712168037));
#3509 = CARTESIAN_POINT('',(1.400190451056,1.428236673689,
    -1.624212168037));
#3510 = CARTESIAN_POINT('',(1.991785451577,0.848258798957,
    -1.686712168037));
#3511 = CARTESIAN_POINT('',(2.,1.983167421E-02,-1.749212168037));
#3512 = CARTESIAN_POINT('',(2.008214548422,-0.808595450535,
    -1.811712168037));
#3513 = CARTESIAN_POINT('',(1.428236673689,-1.400190451056,
    -1.874212168037));
#3514 = CARTESIAN_POINT('',(0.848258798957,-1.991785451577,
    -1.936712168037));
#3515 = CARTESIAN_POINT('',(1.983167421E-02,-2.,-1.999212168037));
#3516 = CARTESIAN_POINT('',(-0.808595450535,-2.008214548422,
    -2.061712168037));
#3517 = CARTESIAN_POINT('',(-1.400190451056,-1.428236673689,
    -2.124212168037));
#3518 = CARTESIAN_POINT('',(-1.991785451577,-0.848258798957,
    -2.186712168037));
#3519 = CARTESIAN_POINT('',(-2.,-1.983167421E-02,-2.249212168037));
#3520 = CARTESIAN_POINT('',(-2.008214548422,0.808595450535,
    -2.311712168037));
#3521 = CARTESIAN_POINT('',(-1.428236673689,1.400190451056,
    -2.374212168037));
#3522 = CARTESIAN_POINT('',(-0.848258798957,1.991785451577,
    -2.436712168037));
#3523 = CARTESIAN_POINT('',(-1.983167421E-02,2.,-2.499212168037));
#3524 = CARTESIAN_POINT('',(0.808595450535,2.008214548422,
    -2.561712168037));
#3525 = CARTESIAN_POINT('',(1.400190451056,1.428236673689,
    -2.624212168037));
#3526 = CARTESIAN_POINT('',(1.991785451577,0.848258798957,
    -2.686712168037));
#3527 = CARTESIAN_POINT('',(2.,1.983167421E-02,-2.749212168037));
#3528 = CARTESIAN_POINT('',(2.008214548422,-0.808595450535,
    -2.811712168037));
#3529 = CARTESIAN_POINT('',(1.428236673689,-1.400190451056,
    -2.874212168037));
#3530 = CARTESIAN_POINT('',(0.848258798957,-1.991785451577,
    -2.936712168037));
#3531 = CARTESIAN_POINT('',(1.983167421E-02,-2.,-2.999212168037));
#3532 = CARTESIAN_POINT('',(-0.808595450535,-2.008214548422,
    -3.061712168037));
#3533 = CARTESIAN_POINT('',(-1.400190451056,-1.428236673689,
    -3.124212168037));
#3534 = CARTESIAN_POINT('',(-1.991785451577,-0.848258798957,
    -3.186712168037));
#3535 = CARTESIAN_POINT('',(-2.,-1.983167421E-02,-3.249212168037));
#3536 = CARTESIAN_POINT('',(-2.5,-1.983167421E-02,1.750787831962));
#3537 = CARTESIAN_POINT('',(-2.508214548422,1.015702231721,
    1.688287831962));
#3538 = CARTESIAN_POINT('',(-1.781790064283,1.753743841649,
    1.625787831962));
#3539 = CARTESIAN_POINT('',(-1.055365580143,2.491785451577,
    1.563287831962));
#3540 = CARTESIAN_POINT('',(-1.983167421E-02,2.5,1.500787831962));
#3541 = CARTESIAN_POINT('',(1.015702231721,2.508214548422,1.438287831962
    ));
#3542 = CARTESIAN_POINT('',(1.753743841649,1.781790064283,1.375787831962
    ));
#3543 = CARTESIAN_POINT('',(2.491785451577,1.055365580143,1.313287831962
    ));
#3544 = CARTESIAN_POINT('',(2.5,1.983167421E-02,1.250787831962));
#3545 = CARTESIAN_POINT('',(2.508214548422,-1.015702231721,
    1.188287831962));
#3546 = CARTESIAN_POINT('',(1.781790064283,-1.753743841649,
    1.125787831962));
#3547 = CARTESIAN_POINT('',(1.055365580143,-2.491785451577,
    1.063287831962));
#3548 = CARTESIAN_POINT('',(1.983167421E-02,-2.5,1.000787831962));
#3549 = CARTESIAN_POINT('',(-1.015702231721,-2.508214548422,
    0.938287831962));
#3550 = CARTESIAN_POINT('',(-1.753743841649,-1.781790064283,
    0.875787831962));
#3551 = CARTESIAN_POINT('',(-2.491785451577,-1.055365580143,
    0.813287831962));
#3552 = CARTESIAN_POINT('',(-2.5,-1.983167421E-02,0.750787831962));
#3553 = CARTESIAN_POINT('',(-2.508214548422,1.015702231721,
    0.688287831962));
#3554 = CARTESIAN_POINT('',(-1.781790064283,1.753743841649,
    0.625787831962));
#3555 = CARTESIAN_POINT('',(-1.055365580143,2.491785451577,
    0.563287831962));
#3556 = CARTESIAN_POINT('',(-1.983167421E-02,2.5,0.500787831962));
#3557 = CARTESIAN_POINT('',(1.015702231721,2.508214548422,0.438287831962
    ));
#3558 = CARTESIAN_POINT('',(1.753743841649,1.781790064283,0.375787831962
    ));
#3559 = CARTESIAN_POINT('',(2.491785451577,1.055365580143,0.313287831962
    ));
#3560 = CARTESIAN_POINT('',(2.5,1.983167421E-02,0.250787831962));
#3561 = CARTESIAN_POINT('',(2.508214548422,-1.015702231721,
    0.188287831962));
#3562 = CARTESIAN_POINT('',(1.781790064283,-1.753743841649,
    0.125787831962));
#3563 = CARTESIAN_POINT('',(1.055365580143,-2.491785451577,
    6.3287831962E-02));
#3564 = CARTESIAN_POINT('',(1.983167421E-02,-2.5,7.87831962E-04));
#3565 = CARTESIAN_POINT('',(-1.015702231721,-2.508214548422,
    -6.1712168037E-02));
#3566 = CARTESIAN_POINT('',(-1.753743841649,-1.781790064283,
    -0.124212168037));
#3567 = CARTESIAN_POINT('',(-2.491785451577,-1.055365580143,
    -0.186712168037));
#3568 = CARTESIAN_POINT('',(-2.5,-1.983167421E-02,-0.249212168037));
#3569 = CARTESIAN_POINT('',(-2.508214548422,1.015702231721,
    -0.311712168037));
#3570 = CARTESIAN_POINT('',(-1.781790064283,1.753743841649,
    -0.374212168037));
#3571 = CARTESIAN_POINT('',(-1.055365580143,2.491785451577,
    -0.436712168037));
#3572 = CARTESIAN_POINT('',(-1.983167421E-02,2.5,-0.499212168037));
#3573 = CARTESIAN_POINT('',(1.015702231721,2.508214548422,
    -0.561712168037));
#3574 = CARTESIAN_POINT('',(1.753743841649,1.781790064283,
    -0.624212168037));
#3575 = CARTESIAN_POINT('',(2.491785451577,1.055365580143,
    -0.686712168037));
#3576 = CARTESIAN_POINT('',(2.5,1.983167421E-02,-0.749212168037));
#3577 = CARTESIAN_POINT('',(2.508214548422,-1.015702231721,
    -0.811712168037));
#3578 = CARTESIAN_POINT('',(1.781790064283,-1.753743841649,
    -0.874212168037));
#3579 = CARTESIAN_POINT('',(1.055365580143,-2.491785451577,
    -0.936712168037));
#3580 = CARTESIAN_POINT('',(1.983167421E-02,-2.5,-0.999212168037));
#3581 = CARTESIAN_POINT('',(-1.015702231721,-2.508214548422,
    -1.061712168037));
#3582 = CARTESIAN_POINT('',(-1.753743841649,-1.781790064283,
    -1.124212168037));
#3583 = CARTESIAN_POINT('',(-2.491785451577,-1.055365580143,
    -1.186712168037));
#3584 = CARTESIAN_POINT('',(-2.5,-1.983167421E-02,-1.249212168037));
#3585 = CARTESIAN_POINT('',(-2.508214548422,1.015702231721,
    -1.311712168037));
#3586 = CARTESIAN_POINT('',(-1.781790064283,1.753743841649,
    -1.374212168037));
#3587 = CARTESIAN_POINT('',(-1.055365580143,2.491785451577,
    -1.436712168037));
#3588 = CARTESIAN_POINT('',(-1.983167421E-02,2.5,-1.499212168037));
#3589 = CARTESIAN_POINT('',(1.015702231721,2.508214548422,
    -1.561712168037));
#3590 = CARTESIAN_POINT('',(1.753743841649,1.781790064283,
    -1.624212168037));
#3591 = CARTESIAN_POINT('',(2.491785451577,1.055365580143,
    -1.686712168037));
#3592 = CARTESIAN_POINT('',(2.5,1.983167421E-02,-1.749212168037));
#3593 = CARTESIAN_POINT('',(2.508214548422,-1.015702231721,
    -1.811712168037));
#3594 = CARTESIAN_POINT('',(1.781790064283,-1.753743841649,
    -1.874212168037));
#3595 = CARTESIAN_POINT('',(1.055365580143,-2.491785451577,
    -1.936712168037));
#3596 = CARTESIAN_POINT('',(1.983167421E-02,-2.5,-1.999212168037));
#3597 = CARTESIAN_POINT('',(-1.015702231721,-2.508214548422,
    -2.061712168037));
#3598 = CARTESIAN_POINT('',(-1.753743841649,-1.781790064283,
    -2.124212168037));
#3599 = CARTESIAN_POINT('',(-2.491785451577,-1.055365580143,
    -2.186712168037));
#3600 = CARTESIAN_POINT('',(-2.5,-1.983167421E-02,-2.249212168037));
#3601 = CARTESIAN_POINT('',(-2.508214548422,1.015702231721,
    -2.311712168037));
#3602 = CARTESIAN_POINT('',(-1.781790064283,1.753743841649,
    -2.374212168037));
#3603 = CARTESIAN_POINT('',(-1.055365580143,2.491785451577,
    -2.436712168037));
#3604 = CARTESIAN_POINT('',(-1.983167421E-02,2.5,-2.499212168037));
#3605 = CARTESIAN_POINT('',(1.015702231721,2.508214548422,
    -2.561712168037));
#3606 = CARTESIAN_POINT('',(1.753743841649,1.781790064283,
    -2.624212168037));
#3607 = CARTESIAN_POINT('',(2.491785451577,1.055365580143,
    -2.686712168037));
#3608 = CARTESIAN_POINT('',(2.5,1.983167421E-02,-2.749212168037));
#3609 = CARTESIAN_POINT('',(2.508214548422,-1.015702231721,
    -2.811712168037));
#3610 = CARTESIAN_POINT('',(1.781790064283,-1.753743841649,
    -2.874212168037));
#3611 = CARTESIAN_POINT('',(1.055365580143,-2.491785451577,
    -2.936712168037));
#3612 = CARTESIAN_POINT('',(1.983167421E-02,-2.5,-2.999212168037));
#3613 = CARTESIAN_POINT('',(-1.015702231721,-2.508214548422,
    -3.061712168037));
#3614 = CARTESIAN_POINT('',(-1.753743841649,-1.781790064283,
    -3.124212168037));
#3615 = CARTESIAN_POINT('',(-2.491785451577,-1.055365580143,
    -3.186712168037));
#3616 = CARTESIAN_POINT('',(-2.5,-1.983167421E-02,-3.249212168037));
#3617 = CARTESIAN_POINT('',(-2.5,1.983167421E-02,2.249212168037));
#3618 = CARTESIAN_POINT('',(-2.491785451577,1.055365580143,
    2.186712168037));
#3619 = CARTESIAN_POINT('',(-1.753743841649,1.781790064283,
    2.124212168037));
#3620 = CARTESIAN_POINT('',(-1.015702231721,2.508214548422,
    2.061712168037));
#3621 = CARTESIAN_POINT('',(1.983167421E-02,2.5,1.999212168037));
#3622 = CARTESIAN_POINT('',(1.055365580143,2.491785451577,1.936712168037
    ));
#3623 = CARTESIAN_POINT('',(1.781790064283,1.753743841649,1.874212168037
    ));
#3624 = CARTESIAN_POINT('',(2.508214548422,1.015702231721,1.811712168037
    ));
#3625 = CARTESIAN_POINT('',(2.5,-1.983167421E-02,1.749212168037));
#3626 = CARTESIAN_POINT('',(2.491785451577,-1.055365580143,
    1.686712168037));
#3627 = CARTESIAN_POINT('',(1.753743841649,-1.781790064283,
    1.624212168037));
#3628 = CARTESIAN_POINT('',(1.015702231721,-2.508214548422,
    1.561712168037));
#3629 = CARTESIAN_POINT('',(-1.983167421E-02,-2.5,1.499212168037));
#3630 = CARTESIAN_POINT('',(-1.055365580143,-2.491785451577,
    1.436712168037));
#3631 = CARTESIAN_POINT('',(-1.781790064283,-1.753743841649,
    1.374212168037));
#3632 = CARTESIAN_POINT('',(-2.508214548422,-1.015702231721,
    1.311712168037));
#3633 = CARTESIAN_POINT('',(-2.5,1.983167421E-02,1.249212168037));
#3634 = CARTESIAN_POINT('',(-2.491785451577,1.055365580143,
    1.186712168037));
#3635 = CARTESIAN_POINT('',(-1.753743841649,1.781790064283,
    1.124212168037));
#3636 = CARTESIAN_POINT('',(-1.015702231721,2.508214548422,
    1.061712168037));
#3637 = CARTESIAN_POINT('',(1.983167421E-02,2.5,0.999212168037));
#3638 = CARTESIAN_POINT('',(1.055365580143,2.491785451577,0.936712168037
    ));
#3639 = CARTESIAN_POINT('',(1.781790064283,1.753743841649,0.874212168037
    ));
#3640 = CARTESIAN_POINT('',(2.508214548422,1.015702231721,0.811712168037
    ));
#3641 = CARTESIAN_POINT('',(2.5,-1.983167421E-02,0.749212168037));
#3642 = CARTESIAN_POINT('',(2.491785451577,-1.055365580143,
    0.686712168037));
#3643 = CARTESIAN_POINT('',(1.753743841649,-1.781790064283,
    0.624212168037));
#3644 = CARTESIAN_POINT('',(1.015702231721,-2.508214548422,
    0.561712168037));
#3645 = CARTESIAN_POINT('',(-1.983167421E-02,-2.5,0.499212168037));
#3646 = CARTESIAN_POINT('',(-1.055365580143,-2.491785451577,
    0.436712168037));
#3647 = CARTESIAN_POINT('',(-1.781790064283,-1.753743841649,
    0.374212168037));
#3648 = CARTESIAN_POINT('',(-2.508214548422,-1.015702231721,
    0.311712168037));
#3649 = CARTESIAN_POINT('',(-2.5,1.983167421E-02,0.249212168037));
#3650 = CARTESIAN_POINT('',(-2.491785451577,1.055365580143,
    0.186712168037));
#3651 = CARTESIAN_POINT('',(-1.753743841649,1.781790064283,
    0.124212168037));
#3652 = CARTESIAN_POINT('',(-1.015702231721,2.508214548422,
    6.1712168037E-02));
#3653 = CARTESIAN_POINT('',(1.983167421E-02,2.5,-7.87831962E-04));
#3654 = CARTESIAN_POINT('',(1.055365580143,2.491785451577,
    -6.3287831962E-02));
#3655 = CARTESIAN_POINT('',(1.781790064283,1.753743841649,
    -0.125787831962));
#3656 = CARTESIAN_POINT('',(2.508214548422,1.015702231721,
    -0.188287831962));
#3657 = CARTESIAN_POINT('',(2.5,-1.983167421E-02,-0.250787831962));
#3658 = CARTESIAN_POINT('',(2.491785451577,-1.055365580143,
    -0.313287831962));
#3659 = CARTESIAN_POINT('',(1.753743841649,-1.781790064283,
    -0.375787831962));
#3660 = CARTESIAN_POINT('',(1.015702231721,-2.508214548422,
    -0.438287831962));
#3661 = CARTESIAN_POINT('',(-1.983167421E-02,-2.5,-0.500787831962));
#3662 = CARTESIAN_POINT('',(-1.055365580143,-2.491785451577,
    -0.563287831962));
#3663 = CARTESIAN_POINT('',(-1.781790064283,-1.753743841649,
    -0.625787831962));
#3664 = CARTESIAN_POINT('',(-2.508214548422,-1.015702231721,
    -0.688287831962));
#3665 = CARTESIAN_POINT('',(-2.5,1.983167421E-02,-0.750787831962));
#3666 = CARTESIAN_POINT('',(-2.491785451577,1.055365580143,
    -0.813287831962));
#3667 = CARTESIAN_POINT('',(-1.753743841649,1.781790064283,
    -0.875787831962));
#3668 = CARTESIAN_POINT('',(-1.015702231721,2.508214548422,
    -0.938287831962));
#3669 = CARTESIAN_POINT('',(1.983167421E-02,2.5,-1.000787831962));
#3670 = CARTESIAN_POINT('',(1.055365580143,2.491785451577,
    -1.063287831962));
#3671 = CARTESIAN_POINT('',(1.781790064283,1.753743841649,
    -1.125787831962));
#3672 = CARTESIAN_POINT('',(2.508214548422,1.015702231721,
    -1.188287831962));
#3673 = CARTESIAN_POINT('',(2.5,-1.983167421E-02,-1.250787831962));
#3674 = CARTESIAN_POINT('',(2.491785451577,-1.055365580143,
    -1.313287831962));
#3675 = CARTESIAN_POINT('',(1.753743841649,-1.781790064283,
    -1.375787831962));
#3676 = CARTESIAN_POINT('',(1.015702231721,-2.508214548422,
    -1.438287831962));
#3677 = CARTESIAN_POINT('',(-1.983167421E-02,-2.5,-1.500787831962));
#3678 = CARTESIAN_POINT('',(-1.055365580143,-2.491785451577,
    -1.563287831962));
#3679 = CARTESIAN_POINT('',(-1.781790064283,-1.753743841649,
    -1.625787831962));
#3680 = CARTESIAN_POINT('',(-2.508214548422,-1.015702231721,
    -1.688287831962));
#3681 = CARTESIAN_POINT('',(-2.5,1.983167421E-02,-1.750787831962));
#3682 = CARTESIAN_POINT('',(-2.491785451577,1.055365580143,
    -1.813287831962));
#3683 = CARTESIAN_POINT('',(-1.753743841649,1.781790064283,
    -1.875787831962));
#3684 = CARTESIAN_POINT('',(-1.015702231721,2.508214548422,
    -1.938287831962));
#3685 = CARTESIAN_POINT('',(1.983167421E-02,2.5,-2.000787831962));
#3686 = CARTESIAN_POINT('',(1.055365580143,2.491785451577,
    -2.063287831962));
#3687 = CARTESIAN_POINT('',(1.781790064283,1.753743841649,
    -2.125787831962));
#3688 = CARTESIAN_POINT('',(2.508214548422,1.015702231721,
    -2.188287831962));
#3689 = CARTESIAN_POINT('',(2.5,-1.983167421E-02,-2.250787831962));
#3690 = CARTESIAN_POINT('',(2.491785451577,-1.055365580143,
    -2.313287831962));
#3691 = CARTESIAN_POINT('',(1.753743841649,-1.781790064283,
    -2.375787831962));
#3692 = CARTESIAN_POINT('',(1.015702231721,-2.508214548422,
    -2.438287831962));
#3693 = CARTESIAN_POINT('',(-1.983167421E-02,-2.5,-2.500787831962));
#3694 = CARTESIAN_POINT('',(-1.055365580143,-2.491785451577,
    -2.563287831962));
#3695 = CARTESIAN_POINT('',(-1.781790064283,-1.753743841649,
    -2.625787831962));
#3696 = CARTESIAN_POINT('',(-2.508214548422,-1.015702231721,
    -2.688287831962));
#3697 = CARTESIAN_POINT('',(-2.5,1.983167421E-02,-2.750787831962));
#3698 = CARTESIAN_POINT('',(-2.,1.983167421E-02,2.249212168037));
#3699 = CARTESIAN_POINT('',(-1.991785451577,0.848258798957,
    2.186712168037));
#3700 = CARTESIAN_POINT('',(-1.400190451056,1.428236673689,
    2.124212168037));
#3701 = CARTESIAN_POINT('',(-0.808595450535,2.008214548422,
    2.061712168037));
#3702 = CARTESIAN_POINT('',(1.983167421E-02,2.,1.999212168037));
#3703 = CARTESIAN_POINT('',(0.848258798957,1.991785451577,1.936712168037
    ));
#3704 = CARTESIAN_POINT('',(1.428236673689,1.400190451056,1.874212168037
    ));
#3705 = CARTESIAN_POINT('',(2.008214548422,0.808595450535,1.811712168037
    ));
#3706 = CARTESIAN_POINT('',(2.,-1.983167421E-02,1.749212168037));
#3707 = CARTESIAN_POINT('',(1.991785451577,-0.848258798957,
    1.686712168037));
#3708 = CARTESIAN_POINT('',(1.400190451056,-1.428236673689,
    1.624212168037));
#3709 = CARTESIAN_POINT('',(0.808595450535,-2.008214548422,
    1.561712168037));
#3710 = CARTESIAN_POINT('',(-1.983167421E-02,-2.,1.499212168037));
#3711 = CARTESIAN_POINT('',(-0.848258798957,-1.991785451577,
    1.436712168037));
#3712 = CARTESIAN_POINT('',(-1.428236673689,-1.400190451056,
    1.374212168037));
#3713 = CARTESIAN_POINT('',(-2.008214548422,-0.808595450535,
    1.311712168037));
#3714 = CARTESIAN_POINT('',(-2.,1.983167421E-02,1.249212168037));
#3715 = CARTESIAN_POINT('',(-1.991785451577,0.848258798957,
    1.186712168037));
#3716 = CARTESIAN_POINT('',(-1.400190451056,1.428236673689,
    1.124212168037));
#3717 = CARTESIAN_POINT('',(-0.808595450535,2.008214548422,
    1.061712168037));
#3718 = CARTESIAN_POINT('',(1.983167421E-02,2.,0.999212168037));
#3719 = CARTESIAN_POINT('',(0.848258798957,1.991785451577,0.936712168037
    ));
#3720 = CARTESIAN_POINT('',(1.428236673689,1.400190451056,0.874212168037
    ));
#3721 = CARTESIAN_POINT('',(2.008214548422,0.808595450535,0.811712168037
    ));
#3722 = CARTESIAN_POINT('',(2.,-1.983167421E-02,0.749212168037));
#3723 = CARTESIAN_POINT('',(1.991785451577,-0.848258798957,
    0.686712168037));
#3724 = CARTESIAN_POINT('',(1.400190451056,-1.428236673689,
    0.624212168037));
#3725 = CARTESIAN_POINT('',(0.808595450535,-2.008214548422,
    0.561712168037));
#3726 = CARTESIAN_POINT('',(-1.983167421E-02,-2.,0.499212168037));
#3727 = CARTESIAN_POINT('',(-0.848258798957,-1.991785451577,
    0.436712168037));
#3728 = CARTESIAN_POINT('',(-1.428236673689,-1.400190451056,
    0.374212168037));
#3729 = CARTESIAN_POINT('',(-2.008214548422,-0.808595450535,
    0.311712168037));
#3730 = CARTESIAN_POINT('',(-2.,1.983167421E-02,0.249212168037));
#3731 = CARTESIAN_POINT('',(-1.991785451577,0.848258798957,
    0.186712168037));
#3732 = CARTESIAN_POINT('',(-1.400190451056,1.428236673689,
    0.124212168037));
#3733 = CARTESIAN_POINT('',(-0.808595450535,2.008214548422,
    6.1712168037E-02));
#3734 = CARTESIAN_POINT('',(1.983167421E-02,2.,-7.87831962E-04));
#3735 = CARTESIAN_POINT('',(0.848258798957,1.991785451577,
    -6.3287831962E-02));
#3736 = CARTESIAN_POINT('',(1.428236673689,1.400190451056,
    -0.125787831962));
#3737 = CARTESIAN_POINT('',(2.008214548422,0.808595450535,
    -0.188287831962));
#3738 = CARTESIAN_POINT('',(2.,-1.983167421E-02,-0.250787831962));
#3739 = CARTESIAN_POINT('',(1.991785451577,-0.848258798957,
    -0.313287831962));
#3740 = CARTESIAN_POINT('',(1.400190451056,-1.428236673689,
    -0.375787831962));
#3741 = CARTESIAN_POINT('',(0.808595450535,-2.008214548422,
    -0.438287831962));
#3742 = CARTESIAN_POINT('',(-1.983167421E-02,-2.,-0.500787831962));
#3743 = CARTESIAN_POINT('',(-0.848258798957,-1.991785451577,
    -0.563287831962));
#3744 = CARTESIAN_POINT('',(-1.428236673689,-1.400190451056,
    -0.625787831962));
#3745 = CARTESIAN_POINT('',(-2.008214548422,-0.808595450535,
    -0.688287831962));
#3746 = CARTESIAN_POINT('',(-2.,1.983167421E-02,-0.750787831962));
#3747 = CARTESIAN_POINT('',(-1.991785451577,0.848258798957,
    -0.813287831962));
#3748 = CARTESIAN_POINT('',(-1.400190451056,1.428236673689,
    -0.875787831962));
#3749 = CARTESIAN_POINT('',(-0.808595450535,2.008214548422,
    -0.938287831962));
#3750 = CARTESIAN_POINT('',(1.983167421E-02,2.,-1.000787831962));
#3751 = CARTESIAN_POINT('',(0.848258798957,1.991785451577,
    -1.063287831962));
#3752 = CARTESIAN_POINT('',(1.428236673689,1.400190451056,
    -1.125787831962));
#3753 = CARTESIAN_POINT('',(2.008214548422,0.808595450535,
    -1.188287831962));
#3754 = CARTESIAN_POINT('',(2.,-1.983167421E-02,-1.250787831962));
#3755 = CARTESIAN_POINT('',(1.991785451577,-0.848258798957,
    -1.313287831962));
#3756 = CARTESIAN_POINT('',(1.400190451056,-1.428236673689,
    -1.375787831962));
#3757 = CARTESIAN_POINT('',(0.808595450535,-2.008214548422,
    -1.438287831962));
#3758 = CARTESIAN_POINT('',(-1.983167421E-02,-2.,-1.500787831962));
#3759 = CARTESIAN_POINT('',(-0.848258798957,-1.991785451577,
    -1.563287831962));
#3760 = CARTESIAN_POINT('',(-1.428236673689,-1.400190451056,
    -1.625787831962));
#3761 = CARTESIAN_POINT('',(-2.008214548422,-0.808595450535,
    -1.688287831962));
#3762 = CARTESIAN_POINT('',(-2.,1.983167421E-02,-1.750787831962));
#3763 = CARTESIAN_POINT('',(-1.991785451577,0.848258798957,
    -1.813287831962));
#3764 = CARTESIAN_POINT('',(-1.400190451056,1.428236673689,
    -1.875787831962));
#3765 = CARTESIAN_POINT('',(-0.808595450535,2.008214548422,
    -1.938287831962));
#3766 = CARTESIAN_POINT('',(1.983167421E-02,2.,-2.000787831962));
#3767 = CARTESIAN_POINT('',(0.848258798957,1.991785451577,
    -2.063287831962));
#3768 = CARTESIAN_POINT('',(1.428236673689,1.400190451056,
    -2.125787831962));
#3769 = CARTESIAN_POINT('',(2.008214548422,0.808595450535,
    -2.188287831962));
#3770 = CARTESIAN_POINT('',(2.,-1.983167421E-02,-2.250787831962));
#3771 = CARTESIAN_POINT('',(1.991785451577,-0.848258798957,
    -2.313287831962));
#3772 = CARTESIAN_POINT('',(1.400190451056,-1.428236673689,
    -2.375787831962));
#3773 = CARTESIAN_POINT('',(0.808595450535,-2.008214548422,
    -2.438287831962));
#3774 = CARTESIAN_POINT('',(-1.983167421E-02,-2.,-2.500787831962));
#3775 = CARTESIAN_POINT('',(-0.848258798957,-1.991785451577,
    -2.563287831962));
#3776 = CARTESIAN_POINT('',(-1.428236673689,-1.400190451056,
    -2.625787831962));
#3777 = CARTESIAN_POINT('',(-2.008214548422,-0.808595450535,
    -2.688287831962));
#3778 = CARTESIAN_POINT('',(-2.,1.983167421E-02,-2.750787831962));
#3779 = ADVANCED_FACE('',(#3780),#3786,.T.);
#3780 = FACE_BOUND('',#3781,.T.);
#3781 = EDGE_LOOP('',(#3782,#3783,#3784,#3785));
#3782 = ORIENTED_EDGE('',*,*,#32,.F.);
#3783 = ORIENTED_EDGE('',*,*,#243,.F.);
#3784 = ORIENTED_EDGE('',*,*,#50,.T.);
#3785 = ORIENTED_EDGE('',*,*,#3167,.F.);
#3786 = TOROIDAL_SURFACE('',#3787,3.9,0.1);
#3787 = AXIS2_PLACEMENT_3D('',#3788,#3789,#3790);
#3788 = CARTESIAN_POINT('',(8.7E-16,-1.73E-15,-1.799999999999));
#3789 = DIRECTION('',(0.,0.,1.));
#3790 = DIRECTION('',(1.,0.,-0.));
#3791 = ADVANCED_FACE('',(#3792),#3819,.T.);
#3792 = FACE_BOUND('',#3793,.T.);
#3793 = EDGE_LOOP('',(#3794,#3802,#3803,#3811));
#3794 = ORIENTED_EDGE('',*,*,#3795,.T.);
#3795 = EDGE_CURVE('',#3796,#266,#3798,.T.);
#3796 = VERTEX_POINT('',#3797);
#3797 = CARTESIAN_POINT('',(-1.491692091336,2.131722540964,
    -1.889999999999));
#3798 = LINE('',#3799,#3800);
#3799 = CARTESIAN_POINT('',(-1.491692091336,2.131722540964,
    -1.899999999999));
#3800 = VECTOR('',#3801,1.);
#3801 = DIRECTION('',(0.,0.,-1.));
#3802 = ORIENTED_EDGE('',*,*,#265,.T.);
#3803 = ORIENTED_EDGE('',*,*,#3804,.F.);
#3804 = EDGE_CURVE('',#3805,#254,#3807,.T.);
#3805 = VERTEX_POINT('',#3806);
#3806 = CARTESIAN_POINT('',(-1.58715703036,2.412210345842,
    -1.889999999999));
#3807 = LINE('',#3808,#3809);
#3808 = CARTESIAN_POINT('',(-1.58715703036,2.412210345842,
    -1.899999999999));
#3809 = VECTOR('',#3810,1.);
#3810 = DIRECTION('',(0.,0.,-1.));
#3811 = ORIENTED_EDGE('',*,*,#3812,.F.);
#3812 = EDGE_CURVE('',#3796,#3805,#3813,.T.);
#3813 = B_SPLINE_CURVE_WITH_KNOTS('',3,(#3814,#3815,#3816,#3817,#3818),
  .UNSPECIFIED.,.F.,.F.,(4,1,4),(0.,0.5,1.),.QUASI_UNIFORM_KNOTS.);
#3814 = CARTESIAN_POINT('',(-1.491692091336,2.131722540964,
    -1.889999999999));
#3815 = CARTESIAN_POINT('',(-1.507602914507,2.178470508444,
    -1.889999999999));
#3816 = CARTESIAN_POINT('',(-1.539424560848,2.271966443403,
    -1.889999999999));
#3817 = CARTESIAN_POINT('',(-1.57124620719,2.365462378362,
    -1.889999999999));
#3818 = CARTESIAN_POINT('',(-1.58715703036,2.412210345842,
    -1.889999999999));
#3819 = PLANE('',#3820);
#3820 = AXIS2_PLACEMENT_3D('',#3821,#3822,#3823);
#3821 = CARTESIAN_POINT('',(-1.491692091336,2.131722540964,
    -1.899999999999));
#3822 = DIRECTION('',(0.946670776072,0.322202485606,0.));
#3823 = DIRECTION('',(-0.322202485606,0.946670776072,0.));
#3824 = ADVANCED_FACE('',(#3825),#3843,.T.);
#3825 = FACE_BOUND('',#3826,.T.);
#3826 = EDGE_LOOP('',(#3827,#3828,#3829,#3837));
#3827 = ORIENTED_EDGE('',*,*,#3804,.T.);
#3828 = ORIENTED_EDGE('',*,*,#253,.T.);
#3829 = ORIENTED_EDGE('',*,*,#3830,.F.);
#3830 = EDGE_CURVE('',#3831,#256,#3833,.T.);
#3831 = VERTEX_POINT('',#3832);
#3832 = CARTESIAN_POINT('',(-2.000266786458,2.412210345842,
    -1.889999999999));
#3833 = LINE('',#3834,#3835);
#3834 = CARTESIAN_POINT('',(-2.000266786458,2.412210345842,
    -1.899999999999));
#3835 = VECTOR('',#3836,1.);
#3836 = DIRECTION('',(0.,0.,-1.));
#3837 = ORIENTED_EDGE('',*,*,#3838,.F.);
#3838 = EDGE_CURVE('',#3805,#3831,#3839,.T.);
#3839 = LINE('',#3840,#3841);
#3840 = CARTESIAN_POINT('',(0.,2.412210345842,-1.889999999999));
#3841 = VECTOR('',#3842,1.);
#3842 = DIRECTION('',(-1.,0.,0.));
#3843 = PLANE('',#3844);
#3844 = AXIS2_PLACEMENT_3D('',#3845,#3846,#3847);
#3845 = CARTESIAN_POINT('',(-1.58715703036,2.412210345842,
    -1.899999999999));
#3846 = DIRECTION('',(-1.26E-14,1.,0.));
#3847 = DIRECTION('',(-1.,-1.26E-14,0.));
#3848 = ADVANCED_FACE('',(#3849),#3869,.T.);
#3849 = FACE_BOUND('',#3850,.T.);
#3850 = EDGE_LOOP('',(#3851,#3852,#3853,#3861));
#3851 = ORIENTED_EDGE('',*,*,#3830,.T.);
#3852 = ORIENTED_EDGE('',*,*,#331,.T.);
#3853 = ORIENTED_EDGE('',*,*,#3854,.F.);
#3854 = EDGE_CURVE('',#3855,#322,#3857,.T.);
#3855 = VERTEX_POINT('',#3856);
#3856 = CARTESIAN_POINT('',(-2.101448188897,2.131722540964,
    -1.889999999999));
#3857 = LINE('',#3858,#3859);
#3858 = CARTESIAN_POINT('',(-2.101448188897,2.131722540964,
    -1.899999999999));
#3859 = VECTOR('',#3860,1.);
#3860 = DIRECTION('',(0.,0.,-1.));
#3861 = ORIENTED_EDGE('',*,*,#3862,.F.);
#3862 = EDGE_CURVE('',#3831,#3855,#3863,.T.);
#3863 = B_SPLINE_CURVE_WITH_KNOTS('',3,(#3864,#3865,#3866,#3867,#3868),
  .UNSPECIFIED.,.F.,.F.,(4,1,4),(0.,0.5,1.),.QUASI_UNIFORM_KNOTS.);
#3864 = CARTESIAN_POINT('',(-2.000266786458,2.412210345842,
    -1.889999999999));
#3865 = CARTESIAN_POINT('',(-2.017130353531,2.365462378362,
    -1.889999999999));
#3866 = CARTESIAN_POINT('',(-2.050857487677,2.271966443403,
    -1.889999999999));
#3867 = CARTESIAN_POINT('',(-2.084584621824,2.178470508444,
    -1.889999999999));
#3868 = CARTESIAN_POINT('',(-2.101448188897,2.131722540964,
    -1.889999999999));
#3869 = PLANE('',#3870);
#3870 = AXIS2_PLACEMENT_3D('',#3871,#3872,#3873);
#3871 = CARTESIAN_POINT('',(-2.000266786458,2.412210345842,
    -1.899999999999));
#3872 = DIRECTION('',(-0.940667260544,0.339330377274,0.));
#3873 = DIRECTION('',(-0.339330377274,-0.940667260544,0.));
#3874 = ADVANCED_FACE('',(#3875),#3893,.T.);
#3875 = FACE_BOUND('',#3876,.T.);
#3876 = EDGE_LOOP('',(#3877,#3878,#3879,#3887));
#3877 = ORIENTED_EDGE('',*,*,#3854,.T.);
#3878 = ORIENTED_EDGE('',*,*,#321,.T.);
#3879 = ORIENTED_EDGE('',*,*,#3880,.F.);
#3880 = EDGE_CURVE('',#3881,#309,#3883,.T.);
#3881 = VERTEX_POINT('',#3882);
#3882 = CARTESIAN_POINT('',(-2.247789652312,2.131722540964,
    -1.889999999999));
#3883 = LINE('',#3884,#3885);
#3884 = CARTESIAN_POINT('',(-2.247789652312,2.131722540964,
    -1.899999999999));
#3885 = VECTOR('',#3886,1.);
#3886 = DIRECTION('',(0.,0.,-1.));
#3887 = ORIENTED_EDGE('',*,*,#3888,.F.);
#3888 = EDGE_CURVE('',#3855,#3881,#3889,.T.);
#3889 = LINE('',#3890,#3891);
#3890 = CARTESIAN_POINT('',(0.,2.131722540964,-1.889999999999));
#3891 = VECTOR('',#3892,1.);
#3892 = DIRECTION('',(-1.,0.,0.));
#3893 = PLANE('',#3894);
#3894 = AXIS2_PLACEMENT_3D('',#3895,#3896,#3897);
#3895 = CARTESIAN_POINT('',(-2.101448188897,2.131722540964,
    -1.899999999999));
#3896 = DIRECTION('',(-3.556E-14,1.,0.));
#3897 = DIRECTION('',(-1.,-3.556E-14,0.));
#3898 = ADVANCED_FACE('',(#3899),#3922,.T.);
#3899 = FACE_BOUND('',#3900,.T.);
#3900 = EDGE_LOOP('',(#3901,#3902,#3903,#3911));
#3901 = ORIENTED_EDGE('',*,*,#3880,.T.);
#3902 = ORIENTED_EDGE('',*,*,#308,.T.);
#3903 = ORIENTED_EDGE('',*,*,#3904,.F.);
#3904 = EDGE_CURVE('',#3905,#299,#3907,.T.);
#3905 = VERTEX_POINT('',#3906);
#3906 = CARTESIAN_POINT('',(-1.857545749873,3.131722540964,
    -1.889999999999));
#3907 = LINE('',#3908,#3909);
#3908 = CARTESIAN_POINT('',(-1.857545749873,3.131722540964,
    -1.899999999999));
#3909 = VECTOR('',#3910,1.);
#3910 = DIRECTION('',(0.,0.,-1.));
#3911 = ORIENTED_EDGE('',*,*,#3912,.F.);
#3912 = EDGE_CURVE('',#3881,#3905,#3913,.T.);
#3913 = B_SPLINE_CURVE_WITH_KNOTS('',3,(#3914,#3915,#3916,#3917,#3918,
    #3919,#3920,#3921),.UNSPECIFIED.,.F.,.F.,(4,1,1,1,1,4),(0.,0.2,0.4,
    0.599999999999,0.8,1.),.UNSPECIFIED.);
#3914 = CARTESIAN_POINT('',(-2.247789652312,2.131722540964,
    -1.889999999999));
#3915 = CARTESIAN_POINT('',(-2.221773392149,2.198389207631,
    -1.889999999999));
#3916 = CARTESIAN_POINT('',(-2.169740871824,2.331722540964,
    -1.889999999999));
#3917 = CARTESIAN_POINT('',(-2.091692091336,2.531722540964,
    -1.889999999999));
#3918 = CARTESIAN_POINT('',(-2.013643310848,2.731722540964,
    -1.889999999999));
#3919 = CARTESIAN_POINT('',(-1.93559453036,2.931722540964,
    -1.889999999999));
#3920 = CARTESIAN_POINT('',(-1.883562010035,3.065055874297,
    -1.889999999999));
#3921 = CARTESIAN_POINT('',(-1.857545749873,3.131722540964,
    -1.889999999999));
#3922 = PLANE('',#3923);
#3923 = AXIS2_PLACEMENT_3D('',#3924,#3925,#3926);
#3924 = CARTESIAN_POINT('',(-2.247789652312,2.131722540964,
    -1.899999999999));
#3925 = DIRECTION('',(0.931577619485,-0.363542485652,0.));
#3926 = DIRECTION('',(0.363542485652,0.931577619485,0.));
#3927 = ADVANCED_FACE('',(#3928),#3946,.T.);
#3928 = FACE_BOUND('',#3929,.T.);
#3929 = EDGE_LOOP('',(#3930,#3931,#3932,#3940));
#3930 = ORIENTED_EDGE('',*,*,#3904,.T.);
#3931 = ORIENTED_EDGE('',*,*,#298,.T.);
#3932 = ORIENTED_EDGE('',*,*,#3933,.F.);
#3933 = EDGE_CURVE('',#3934,#286,#3936,.T.);
#3934 = VERTEX_POINT('',#3935);
#3935 = CARTESIAN_POINT('',(-1.723399408409,3.131722540964,
    -1.889999999999));
#3936 = LINE('',#3937,#3938);
#3937 = CARTESIAN_POINT('',(-1.723399408409,3.131722540964,
    -1.899999999999));
#3938 = VECTOR('',#3939,1.);
#3939 = DIRECTION('',(0.,0.,-1.));
#3940 = ORIENTED_EDGE('',*,*,#3941,.F.);
#3941 = EDGE_CURVE('',#3905,#3934,#3942,.T.);
#3942 = LINE('',#3943,#3944);
#3943 = CARTESIAN_POINT('',(0.,3.131722540964,-1.889999999999));
#3944 = VECTOR('',#3945,1.);
#3945 = DIRECTION('',(1.,0.,0.));
#3946 = PLANE('',#3947);
#3947 = AXIS2_PLACEMENT_3D('',#3948,#3949,#3950);
#3948 = CARTESIAN_POINT('',(-1.857545749873,3.131722540964,
    -1.899999999999));
#3949 = DIRECTION('',(3.879E-14,-1.,0.));
#3950 = DIRECTION('',(1.,3.879E-14,0.));
#3951 = ADVANCED_FACE('',(#3952),#3975,.T.);
#3952 = FACE_BOUND('',#3953,.T.);
#3953 = EDGE_LOOP('',(#3954,#3955,#3956,#3964));
#3954 = ORIENTED_EDGE('',*,*,#3933,.T.);
#3955 = ORIENTED_EDGE('',*,*,#285,.T.);
#3956 = ORIENTED_EDGE('',*,*,#3957,.F.);
#3957 = EDGE_CURVE('',#3958,#276,#3960,.T.);
#3958 = VERTEX_POINT('',#3959);
#3959 = CARTESIAN_POINT('',(-1.345350627921,2.131722540964,
    -1.889999999999));
#3960 = LINE('',#3961,#3962);
#3961 = CARTESIAN_POINT('',(-1.345350627921,2.131722540964,
    -1.899999999999));
#3962 = VECTOR('',#3963,1.);
#3963 = DIRECTION('',(0.,0.,-1.));
#3964 = ORIENTED_EDGE('',*,*,#3965,.F.);
#3965 = EDGE_CURVE('',#3934,#3958,#3966,.T.);
#3966 = B_SPLINE_CURVE_WITH_KNOTS('',3,(#3967,#3968,#3969,#3970,#3971,
    #3972,#3973,#3974),.UNSPECIFIED.,.F.,.F.,(4,1,1,1,1,4),(0.,
    0.199999999999,0.399999999999,0.599999999999,0.799999999999,1.),
  .UNSPECIFIED.);
#3967 = CARTESIAN_POINT('',(-1.723399408409,3.131722540964,
    -1.889999999999));
#3968 = CARTESIAN_POINT('',(-1.698196156377,3.065055874297,
    -1.889999999999));
#3969 = CARTESIAN_POINT('',(-1.647789652312,2.931722540964,
    -1.889999999999));
#3970 = CARTESIAN_POINT('',(-1.572179896214,2.731722540964,
    -1.889999999999));
#3971 = CARTESIAN_POINT('',(-1.496570140116,2.531722540964,
    -1.889999999999));
#3972 = CARTESIAN_POINT('',(-1.420960384019,2.331722540964,
    -1.889999999999));
#3973 = CARTESIAN_POINT('',(-1.370553879954,2.198389207631,
    -1.889999999999));
#3974 = CARTESIAN_POINT('',(-1.345350627921,2.131722540964,
    -1.889999999999));
#3975 = PLANE('',#3976);
#3976 = AXIS2_PLACEMENT_3D('',#3977,#3978,#3979);
#3977 = CARTESIAN_POINT('',(-1.723399408409,3.131722540964,
    -1.899999999999));
#3978 = DIRECTION('',(-0.93538826358,-0.353622392329,0.));
#3979 = DIRECTION('',(0.353622392329,-0.93538826358,0.));
#3980 = ADVANCED_FACE('',(#3981),#3992,.T.);
#3981 = FACE_BOUND('',#3982,.T.);
#3982 = EDGE_LOOP('',(#3983,#3989,#3990,#3991));
#3983 = ORIENTED_EDGE('',*,*,#3984,.F.);
#3984 = EDGE_CURVE('',#3958,#3796,#3985,.T.);
#3985 = LINE('',#3986,#3987);
#3986 = CARTESIAN_POINT('',(0.,2.131722540964,-1.889999999999));
#3987 = VECTOR('',#3988,1.);
#3988 = DIRECTION('',(-1.,0.,0.));
#3989 = ORIENTED_EDGE('',*,*,#3957,.T.);
#3990 = ORIENTED_EDGE('',*,*,#275,.T.);
#3991 = ORIENTED_EDGE('',*,*,#3795,.F.);
#3992 = PLANE('',#3993);
#3993 = AXIS2_PLACEMENT_3D('',#3994,#3995,#3996);
#3994 = CARTESIAN_POINT('',(-1.345350627921,2.131722540964,
    -1.899999999999));
#3995 = DIRECTION('',(0.,1.,0.));
#3996 = DIRECTION('',(-1.,0.,0.));
#3997 = ADVANCED_FACE('',(#3998,#4048),#4058,.F.);
#3998 = FACE_BOUND('',#3999,.T.);
#3999 = EDGE_LOOP('',(#4000,#4012,#4022,#4032,#4042));
#4000 = ORIENTED_EDGE('',*,*,#4001,.T.);
#4001 = EDGE_CURVE('',#4002,#4004,#4006,.T.);
#4002 = VERTEX_POINT('',#4003);
#4003 = CARTESIAN_POINT('',(-1.620884164507,2.521966443403,
    -1.889999999999));
#4004 = VERTEX_POINT('',#4005);
#4005 = CARTESIAN_POINT('',(-1.770083859629,2.939649370232,
    -1.889999999999));
#4006 = B_SPLINE_CURVE_WITH_KNOTS('',3,(#4007,#4008,#4009,#4010,#4011),
  .UNSPECIFIED.,.F.,.F.,(4,1,4),(0.,0.499999999999,1.),.UNSPECIFIED.);
#4007 = CARTESIAN_POINT('',(-1.620884164507,2.521966443403,
    -1.889999999999));
#4008 = CARTESIAN_POINT('',(-1.64575078036,2.591580264541,
    -1.889999999999));
#4009 = CARTESIAN_POINT('',(-1.695484012068,2.730807906818,
    -1.889999999999));
#4010 = CARTESIAN_POINT('',(-1.745217243775,2.870035549094,
    -1.889999999999));
#4011 = CARTESIAN_POINT('',(-1.770083859629,2.939649370232,
    -1.889999999999));
#4012 = ORIENTED_EDGE('',*,*,#4013,.T.);
#4013 = EDGE_CURVE('',#4004,#4014,#4016,.T.);
#4014 = VERTEX_POINT('',#4015);
#4015 = CARTESIAN_POINT('',(-1.78608995719,3.009771321452,
    -1.889999999999));
#4016 = B_SPLINE_CURVE_WITH_KNOTS('',3,(#4017,#4018,#4019,#4020,#4021),
  .UNSPECIFIED.,.F.,.F.,(4,1,4),(0.,0.439928498485,1.),.UNSPECIFIED.);
#4017 = CARTESIAN_POINT('',(-1.770083859629,2.939649370232,
    -1.889999999999));
#4018 = CARTESIAN_POINT('',(-1.773200078963,2.949752037551,
    -1.889999999999));
#4019 = CARTESIAN_POINT('',(-1.78028354672,2.972716376877,
    -1.889999999999));
#4020 = CARTESIAN_POINT('',(-1.784005434123,2.996468457816,
    -1.889999999999));
#4021 = CARTESIAN_POINT('',(-1.78608995719,3.009771321452,
    -1.889999999999));
#4022 = ORIENTED_EDGE('',*,*,#4023,.T.);
#4023 = EDGE_CURVE('',#4014,#4024,#4026,.T.);
#4024 = VERTEX_POINT('',#4025);
#4025 = CARTESIAN_POINT('',(-1.804763737677,2.939649370232,
    -1.889999999999));
#4026 = B_SPLINE_CURVE_WITH_KNOTS('',3,(#4027,#4028,#4029,#4030,#4031),
  .UNSPECIFIED.,.F.,.F.,(4,1,4),(0.,0.445878683458,1.),.UNSPECIFIED.);
#4027 = CARTESIAN_POINT('',(-1.78608995719,3.009771321452,
    -1.889999999999));
#4028 = CARTESIAN_POINT('',(-1.78915221052,2.999426336481,
    -1.889999999999));
#4029 = CARTESIAN_POINT('',(-1.796020117518,2.976224991912,
    -1.889999999999));
#4030 = CARTESIAN_POINT('',(-1.801646203504,2.952690393107,
    -1.889999999999));
#4031 = CARTESIAN_POINT('',(-1.804763737677,2.939649370232,
    -1.889999999999));
#4032 = ORIENTED_EDGE('',*,*,#4033,.T.);
#4033 = EDGE_CURVE('',#4024,#4034,#4036,.T.);
#4034 = VERTEX_POINT('',#4035);
#4035 = CARTESIAN_POINT('',(-1.955297274263,2.521966443403,
    -1.889999999999));
#4036 = B_SPLINE_CURVE_WITH_KNOTS('',3,(#4037,#4038,#4039,#4040,#4041),
  .UNSPECIFIED.,.F.,.F.,(4,1,4),(0.,0.5,1.),.QUASI_UNIFORM_KNOTS.);
#4037 = CARTESIAN_POINT('',(-1.804763737677,2.939649370232,
    -1.889999999999));
#4038 = CARTESIAN_POINT('',(-1.829852660442,2.870035549094,
    -1.889999999999));
#4039 = CARTESIAN_POINT('',(-1.88003050597,2.730807906818,
    -1.889999999999));
#4040 = CARTESIAN_POINT('',(-1.930208351499,2.591580264541,
    -1.889999999999));
#4041 = CARTESIAN_POINT('',(-1.955297274263,2.521966443403,
    -1.889999999999));
#4042 = ORIENTED_EDGE('',*,*,#4043,.T.);
#4043 = EDGE_CURVE('',#4034,#4002,#4044,.T.);
#4044 = LINE('',#4045,#4046);
#4045 = CARTESIAN_POINT('',(0.,2.521966443403,-1.889999999999));
#4046 = VECTOR('',#4047,1.);
#4047 = DIRECTION('',(1.,0.,0.));
#4048 = FACE_BOUND('',#4049,.T.);
#4049 = EDGE_LOOP('',(#4050,#4051,#4052,#4053,#4054,#4055,#4056,#4057));
#4050 = ORIENTED_EDGE('',*,*,#3965,.T.);
#4051 = ORIENTED_EDGE('',*,*,#3984,.T.);
#4052 = ORIENTED_EDGE('',*,*,#3812,.T.);
#4053 = ORIENTED_EDGE('',*,*,#3838,.T.);
#4054 = ORIENTED_EDGE('',*,*,#3862,.T.);
#4055 = ORIENTED_EDGE('',*,*,#3888,.T.);
#4056 = ORIENTED_EDGE('',*,*,#3912,.T.);
#4057 = ORIENTED_EDGE('',*,*,#3941,.T.);
#4058 = PLANE('',#4059);
#4059 = AXIS2_PLACEMENT_3D('',#4060,#4061,#4062);
#4060 = CARTESIAN_POINT('',(0.,0.,-1.889999999999));
#4061 = DIRECTION('',(0.,0.,1.));
#4062 = DIRECTION('',(1.,0.,-0.));
#4063 = ADVANCED_FACE('',(#4064),#4091,.T.);
#4064 = FACE_BOUND('',#4065,.T.);
#4065 = EDGE_LOOP('',(#4066,#4074,#4075,#4083));
#4066 = ORIENTED_EDGE('',*,*,#4067,.F.);
#4067 = EDGE_CURVE('',#4004,#4068,#4070,.T.);
#4068 = VERTEX_POINT('',#4069);
#4069 = CARTESIAN_POINT('',(-1.770083859629,2.939649370232,
    -1.899999999999));
#4070 = LINE('',#4071,#4072);
#4071 = CARTESIAN_POINT('',(-1.770083859629,2.939649370232,
    -1.899999999999));
#4072 = VECTOR('',#4073,1.);
#4073 = DIRECTION('',(0.,0.,-1.));
#4074 = ORIENTED_EDGE('',*,*,#4001,.F.);
#4075 = ORIENTED_EDGE('',*,*,#4076,.T.);
#4076 = EDGE_CURVE('',#4002,#4077,#4079,.T.);
#4077 = VERTEX_POINT('',#4078);
#4078 = CARTESIAN_POINT('',(-1.620884164507,2.521966443403,
    -1.899999999999));
#4079 = LINE('',#4080,#4081);
#4080 = CARTESIAN_POINT('',(-1.620884164507,2.521966443403,
    -1.899999999999));
#4081 = VECTOR('',#4082,1.);
#4082 = DIRECTION('',(0.,0.,-1.));
#4083 = ORIENTED_EDGE('',*,*,#4084,.T.);
#4084 = EDGE_CURVE('',#4077,#4068,#4085,.T.);
#4085 = B_SPLINE_CURVE_WITH_KNOTS('',3,(#4086,#4087,#4088,#4089,#4090),
  .UNSPECIFIED.,.F.,.F.,(4,1,4),(0.,0.499999999999,0.999990477726),
  .UNSPECIFIED.);
#4086 = CARTESIAN_POINT('',(-1.620884164507,2.521966443403,
    -1.899999999999));
#4087 = CARTESIAN_POINT('',(-1.64575078036,2.591580264541,
    -1.899999999999));
#4088 = CARTESIAN_POINT('',(-1.695483538494,2.730806581054,
    -1.899999999999));
#4089 = CARTESIAN_POINT('',(-1.745216296628,2.870032897567,
    -1.899999999999));
#4090 = CARTESIAN_POINT('',(-1.770083859629,2.939649370232,
    -1.899999999999));
#4091 = PLANE('',#4092);
#4092 = AXIS2_PLACEMENT_3D('',#4093,#4094,#4095);
#4093 = CARTESIAN_POINT('',(-1.620884164507,2.521966443403,
    -1.899999999999));
#4094 = DIRECTION('',(0.941722470297,0.336390827665,0.));
#4095 = DIRECTION('',(-0.336390827665,0.941722470297,0.));
#4096 = ADVANCED_FACE('',(#4097),#4117,.T.);
#4097 = FACE_BOUND('',#4098,.T.);
#4098 = EDGE_LOOP('',(#4099,#4100,#4101,#4109));
#4099 = ORIENTED_EDGE('',*,*,#4076,.F.);
#4100 = ORIENTED_EDGE('',*,*,#4043,.F.);
#4101 = ORIENTED_EDGE('',*,*,#4102,.T.);
#4102 = EDGE_CURVE('',#4034,#4103,#4105,.T.);
#4103 = VERTEX_POINT('',#4104);
#4104 = CARTESIAN_POINT('',(-1.955297274263,2.521966443403,
    -1.899999999999));
#4105 = LINE('',#4106,#4107);
#4106 = CARTESIAN_POINT('',(-1.955297274263,2.521966443403,
    -1.899999999999));
#4107 = VECTOR('',#4108,1.);
#4108 = DIRECTION('',(0.,0.,-1.));
#4109 = ORIENTED_EDGE('',*,*,#4110,.T.);
#4110 = EDGE_CURVE('',#4103,#4077,#4111,.T.);
#4111 = B_SPLINE_CURVE_WITH_KNOTS('',3,(#4112,#4113,#4114,#4115,#4116),
  .UNSPECIFIED.,.F.,.F.,(4,1,4),(0.,0.499999999999,0.999998412317),
  .UNSPECIFIED.);
#4112 = CARTESIAN_POINT('',(-1.955297274263,2.521966443403,
    -1.899999999999));
#4113 = CARTESIAN_POINT('',(-1.89956175597,2.521966443403,
    -1.899999999999));
#4114 = CARTESIAN_POINT('',(-1.788090719385,2.521966443403,
    -1.899999999999));
#4115 = CARTESIAN_POINT('',(-1.676619682799,2.521966443403,
    -1.899999999999));
#4116 = CARTESIAN_POINT('',(-1.620884164507,2.521966443403,
    -1.899999999999));
#4117 = PLANE('',#4118);
#4118 = AXIS2_PLACEMENT_3D('',#4119,#4120,#4121);
#4119 = CARTESIAN_POINT('',(-1.955297274263,2.521966443403,
    -1.899999999999));
#4120 = DIRECTION('',(2.334E-14,-1.,0.));
#4121 = DIRECTION('',(1.,2.334E-14,0.));
#4122 = ADVANCED_FACE('',(#4123),#4143,.T.);
#4123 = FACE_BOUND('',#4124,.T.);
#4124 = EDGE_LOOP('',(#4125,#4126,#4127,#4135));
#4125 = ORIENTED_EDGE('',*,*,#4102,.F.);
#4126 = ORIENTED_EDGE('',*,*,#4033,.F.);
#4127 = ORIENTED_EDGE('',*,*,#4128,.T.);
#4128 = EDGE_CURVE('',#4024,#4129,#4131,.T.);
#4129 = VERTEX_POINT('',#4130);
#4130 = CARTESIAN_POINT('',(-1.804763737677,2.939649370232,
    -1.899999999999));
#4131 = LINE('',#4132,#4133);
#4132 = CARTESIAN_POINT('',(-1.804763737677,2.939649370232,
    -1.899999999999));
#4133 = VECTOR('',#4134,1.);
#4134 = DIRECTION('',(0.,0.,-1.));
#4135 = ORIENTED_EDGE('',*,*,#4136,.T.);
#4136 = EDGE_CURVE('',#4129,#4103,#4137,.T.);
#4137 = B_SPLINE_CURVE_WITH_KNOTS('',3,(#4138,#4139,#4140,#4141,#4142),
  .UNSPECIFIED.,.F.,.F.,(4,1,4),(0.,0.5,0.999998802919),.UNSPECIFIED.);
#4138 = CARTESIAN_POINT('',(-1.804763737677,2.939649370232,
    -1.899999999999));
#4139 = CARTESIAN_POINT('',(-1.829852660442,2.870035549094,
    -1.899999999999));
#4140 = CARTESIAN_POINT('',(-1.88003050597,2.730807906818,
    -1.899999999999));
#4141 = CARTESIAN_POINT('',(-1.930208351499,2.591580264541,
    -1.899999999999));
#4142 = CARTESIAN_POINT('',(-1.955297274263,2.521966443403,
    -1.899999999999));
#4143 = PLANE('',#4144);
#4144 = AXIS2_PLACEMENT_3D('',#4145,#4146,#4147);
#4145 = CARTESIAN_POINT('',(-1.804763737677,2.939649370232,
    -1.899999999999));
#4146 = DIRECTION('',(-0.940766986967,0.339053795485,0.));
#4147 = DIRECTION('',(-0.339053795485,-0.940766986967,0.));
#4148 = ADVANCED_FACE('',(#4149),#4169,.T.);
#4149 = FACE_BOUND('',#4150,.T.);
#4150 = EDGE_LOOP('',(#4151,#4152,#4153,#4161));
#4151 = ORIENTED_EDGE('',*,*,#4128,.F.);
#4152 = ORIENTED_EDGE('',*,*,#4023,.F.);
#4153 = ORIENTED_EDGE('',*,*,#4154,.T.);
#4154 = EDGE_CURVE('',#4014,#4155,#4157,.T.);
#4155 = VERTEX_POINT('',#4156);
#4156 = CARTESIAN_POINT('',(-1.78608995719,3.009771321452,
    -1.899999999999));
#4157 = LINE('',#4158,#4159);
#4158 = CARTESIAN_POINT('',(-1.78608995719,3.009771321452,
    -1.899999999999));
#4159 = VECTOR('',#4160,1.);
#4160 = DIRECTION('',(0.,0.,-1.));
#4161 = ORIENTED_EDGE('',*,*,#4162,.T.);
#4162 = EDGE_CURVE('',#4155,#4129,#4163,.T.);
#4163 = B_SPLINE_CURVE_WITH_KNOTS('',3,(#4164,#4165,#4166,#4167,#4168),
  .UNSPECIFIED.,.F.,.F.,(4,1,4),(0.,0.445878683458,0.999937965085),
  .UNSPECIFIED.);
#4164 = CARTESIAN_POINT('',(-1.78608995719,3.009771321452,
    -1.899999999999));
#4165 = CARTESIAN_POINT('',(-1.78915221052,2.999426336481,
    -1.899999999999));
#4166 = CARTESIAN_POINT('',(-1.796019691468,2.976226431205,
    -1.899999999999));
#4167 = CARTESIAN_POINT('',(-1.801645505472,2.952693313039,
    -1.899999999999));
#4168 = CARTESIAN_POINT('',(-1.804763737677,2.939649370232,
    -1.899999999999));
#4169 = B_SPLINE_SURFACE_WITH_KNOTS('',3,1,(
    (#4170,#4171)
    ,(#4172,#4173)
    ,(#4174,#4175)
    ,(#4176,#4177)
    ,(#4178,#4179
    )),.UNSPECIFIED.,.F.,.F.,.F.,(4,1,4),(2,2),(0.,0.445878683458,1.),(
    0.,1.),.UNSPECIFIED.);
#4170 = CARTESIAN_POINT('',(-1.78608995719,3.009771321452,
    -1.899999999999));
#4171 = CARTESIAN_POINT('',(-1.78608995719,3.009771321452,
    -1.889999999999));
#4172 = CARTESIAN_POINT('',(-1.78915221052,2.999426336481,
    -1.899999999999));
#4173 = CARTESIAN_POINT('',(-1.78915221052,2.999426336481,
    -1.889999999999));
#4174 = CARTESIAN_POINT('',(-1.796020117518,2.976224991912,
    -1.899999999999));
#4175 = CARTESIAN_POINT('',(-1.796020117518,2.976224991912,
    -1.889999999999));
#4176 = CARTESIAN_POINT('',(-1.801646203504,2.952690393107,
    -1.899999999999));
#4177 = CARTESIAN_POINT('',(-1.801646203504,2.952690393107,
    -1.889999999999));
#4178 = CARTESIAN_POINT('',(-1.804763737677,2.939649370232,
    -1.899999999999));
#4179 = CARTESIAN_POINT('',(-1.804763737677,2.939649370232,
    -1.889999999999));
#4180 = ADVANCED_FACE('',(#4181),#4194,.T.);
#4181 = FACE_BOUND('',#4182,.T.);
#4182 = EDGE_LOOP('',(#4183,#4184,#4185,#4193));
#4183 = ORIENTED_EDGE('',*,*,#4013,.F.);
#4184 = ORIENTED_EDGE('',*,*,#4067,.T.);
#4185 = ORIENTED_EDGE('',*,*,#4186,.T.);
#4186 = EDGE_CURVE('',#4068,#4155,#4187,.T.);
#4187 = B_SPLINE_CURVE_WITH_KNOTS('',3,(#4188,#4189,#4190,#4191,#4192),
  .UNSPECIFIED.,.F.,.F.,(4,1,4),(0.,0.439928498485,1.),.UNSPECIFIED.);
#4188 = CARTESIAN_POINT('',(-1.770083859629,2.939649370232,
    -1.899999999999));
#4189 = CARTESIAN_POINT('',(-1.773200078963,2.949752037551,
    -1.899999999999));
#4190 = CARTESIAN_POINT('',(-1.78028354672,2.972716376877,
    -1.899999999999));
#4191 = CARTESIAN_POINT('',(-1.784005434123,2.996468457816,
    -1.899999999999));
#4192 = CARTESIAN_POINT('',(-1.78608995719,3.009771321452,
    -1.899999999999));
#4193 = ORIENTED_EDGE('',*,*,#4154,.F.);
#4194 = B_SPLINE_SURFACE_WITH_KNOTS('',3,1,(
    (#4195,#4196)
    ,(#4197,#4198)
    ,(#4199,#4200)
    ,(#4201,#4202)
    ,(#4203,#4204
    )),.UNSPECIFIED.,.F.,.F.,.F.,(4,1,4),(2,2),(0.,0.439928498485,1.),(
    0.,1.),.UNSPECIFIED.);
#4195 = CARTESIAN_POINT('',(-1.770083859629,2.939649370232,
    -1.899999999999));
#4196 = CARTESIAN_POINT('',(-1.770083859629,2.939649370232,
    -1.889999999999));
#4197 = CARTESIAN_POINT('',(-1.773200078963,2.949752037551,
    -1.899999999999));
#4198 = CARTESIAN_POINT('',(-1.773200078963,2.949752037551,
    -1.889999999999));
#4199 = CARTESIAN_POINT('',(-1.78028354672,2.972716376877,
    -1.899999999999));
#4200 = CARTESIAN_POINT('',(-1.78028354672,2.972716376877,
    -1.889999999999));
#4201 = CARTESIAN_POINT('',(-1.784005434123,2.996468457816,
    -1.899999999999));
#4202 = CARTESIAN_POINT('',(-1.784005434123,2.996468457816,
    -1.889999999999));
#4203 = CARTESIAN_POINT('',(-1.78608995719,3.009771321452,
    -1.899999999999));
#4204 = CARTESIAN_POINT('',(-1.78608995719,3.009771321452,
    -1.889999999999));
#4205 = ADVANCED_FACE('',(#4206),#4231,.T.);
#4206 = FACE_BOUND('',#4207,.T.);
#4207 = EDGE_LOOP('',(#4208,#4216,#4217,#4225));
#4208 = ORIENTED_EDGE('',*,*,#4209,.T.);
#4209 = EDGE_CURVE('',#4210,#354,#4212,.T.);
#4210 = VERTEX_POINT('',#4211);
#4211 = CARTESIAN_POINT('',(-0.467301847433,3.131722540964,
    -1.889999999999));
#4212 = LINE('',#4213,#4214);
#4213 = CARTESIAN_POINT('',(-0.467301847433,3.131722540964,
    -1.899999999999));
#4214 = VECTOR('',#4215,1.);
#4215 = DIRECTION('',(0.,0.,-1.));
#4216 = ORIENTED_EDGE('',*,*,#353,.T.);
#4217 = ORIENTED_EDGE('',*,*,#4218,.F.);
#4218 = EDGE_CURVE('',#4219,#342,#4221,.T.);
#4219 = VERTEX_POINT('',#4220);
#4220 = CARTESIAN_POINT('',(-0.467301847433,2.131722540964,
    -1.889999999999));
#4221 = LINE('',#4222,#4223);
#4222 = CARTESIAN_POINT('',(-0.467301847433,2.131722540964,
    -1.899999999999));
#4223 = VECTOR('',#4224,1.);
#4224 = DIRECTION('',(0.,0.,-1.));
#4225 = ORIENTED_EDGE('',*,*,#4226,.F.);
#4226 = EDGE_CURVE('',#4210,#4219,#4227,.T.);
#4227 = LINE('',#4228,#4229);
#4228 = CARTESIAN_POINT('',(-0.467301847433,0.,-1.889999999999));
#4229 = VECTOR('',#4230,1.);
#4230 = DIRECTION('',(0.,-1.,0.));
#4231 = PLANE('',#4232);
#4232 = AXIS2_PLACEMENT_3D('',#4233,#4234,#4235);
#4233 = CARTESIAN_POINT('',(-0.467301847433,3.131722540964,
    -1.899999999999));
#4234 = DIRECTION('',(-1.,0.,0.));
#4235 = DIRECTION('',(0.,-1.,0.));
#4236 = ADVANCED_FACE('',(#4237),#4255,.T.);
#4237 = FACE_BOUND('',#4238,.T.);
#4238 = EDGE_LOOP('',(#4239,#4240,#4241,#4249));
#4239 = ORIENTED_EDGE('',*,*,#4218,.T.);
#4240 = ORIENTED_EDGE('',*,*,#341,.T.);
#4241 = ORIENTED_EDGE('',*,*,#4242,.F.);
#4242 = EDGE_CURVE('',#4243,#344,#4245,.T.);
#4243 = VERTEX_POINT('',#4244);
#4244 = CARTESIAN_POINT('',(-0.73921495719,2.131722540964,
    -1.889999999999));
#4245 = LINE('',#4246,#4247);
#4246 = CARTESIAN_POINT('',(-0.73921495719,2.131722540964,
    -1.899999999999));
#4247 = VECTOR('',#4248,1.);
#4248 = DIRECTION('',(0.,0.,-1.));
#4249 = ORIENTED_EDGE('',*,*,#4250,.F.);
#4250 = EDGE_CURVE('',#4219,#4243,#4251,.T.);
#4251 = LINE('',#4252,#4253);
#4252 = CARTESIAN_POINT('',(0.,2.131722540964,-1.889999999999));
#4253 = VECTOR('',#4254,1.);
#4254 = DIRECTION('',(-1.,0.,0.));
#4255 = PLANE('',#4256);
#4256 = AXIS2_PLACEMENT_3D('',#4257,#4258,#4259);
#4257 = CARTESIAN_POINT('',(-0.467301847433,2.131722540964,
    -1.899999999999));
#4258 = DIRECTION('',(0.,1.,0.));
#4259 = DIRECTION('',(-1.,0.,0.));
#4260 = ADVANCED_FACE('',(#4261),#4282,.F.);
#4261 = FACE_BOUND('',#4262,.F.);
#4262 = EDGE_LOOP('',(#4263,#4274,#4280,#4281));
#4263 = ORIENTED_EDGE('',*,*,#4264,.T.);
#4264 = EDGE_CURVE('',#4243,#4265,#4267,.T.);
#4265 = VERTEX_POINT('',#4266);
#4266 = CARTESIAN_POINT('',(-1.272179896214,2.644298760476,
    -1.889999999999));
#4267 = B_SPLINE_CURVE_WITH_KNOTS('',3,(#4268,#4269,#4270,#4271,#4272,
    #4273),.UNSPECIFIED.,.F.,.F.,(4,1,1,4),(0.,0.334058822478,
    0.66666917402,1.),.UNSPECIFIED.);
#4268 = CARTESIAN_POINT('',(-0.73921495719,2.131722540964,
    -1.889999999999));
#4269 = CARTESIAN_POINT('',(-0.831764001586,2.141582167019,
    -1.889999999999));
#4270 = CARTESIAN_POINT('',(-1.01646079997,2.161258668031,
    -1.889999999999));
#4271 = CARTESIAN_POINT('',(-1.239019130519,2.365485825288,
    -1.889999999999));
#4272 = CARTESIAN_POINT('',(-1.261118338019,2.551294107434,
    -1.889999999999));
#4273 = CARTESIAN_POINT('',(-1.272179896214,2.644298760476,
    -1.889999999999));
#4274 = ORIENTED_EDGE('',*,*,#4275,.T.);
#4275 = EDGE_CURVE('',#4265,#376,#4276,.T.);
#4276 = LINE('',#4277,#4278);
#4277 = CARTESIAN_POINT('',(-1.272179896214,2.644298760476,
    -1.899999999999));
#4278 = VECTOR('',#4279,1.);
#4279 = DIRECTION('',(0.,0.,-1.));
#4280 = ORIENTED_EDGE('',*,*,#386,.F.);
#4281 = ORIENTED_EDGE('',*,*,#4242,.F.);
#4282 = B_SPLINE_SURFACE_WITH_KNOTS('',3,1,(
    (#4283,#4284)
    ,(#4285,#4286)
    ,(#4287,#4288)
    ,(#4289,#4290)
    ,(#4291,#4292)
    ,(#4293,#4294
    )),.UNSPECIFIED.,.F.,.F.,.F.,(4,1,1,4),(2,2),(0.,0.333330825979,
    0.665941177521,1.),(0.,1.),.UNSPECIFIED.);
#4283 = CARTESIAN_POINT('',(-1.272179896214,2.644298760476,
    -1.899999999999));
#4284 = CARTESIAN_POINT('',(-1.272179896214,2.644298760476,
    -1.889999999999));
#4285 = CARTESIAN_POINT('',(-1.261118338019,2.551294107434,
    -1.899999999999));
#4286 = CARTESIAN_POINT('',(-1.261118338019,2.551294107434,
    -1.889999999999));
#4287 = CARTESIAN_POINT('',(-1.239019130519,2.365485825288,
    -1.899999999999));
#4288 = CARTESIAN_POINT('',(-1.239019130519,2.365485825288,
    -1.889999999999));
#4289 = CARTESIAN_POINT('',(-1.01646079997,2.161258668031,
    -1.899999999999));
#4290 = CARTESIAN_POINT('',(-1.01646079997,2.161258668031,
    -1.889999999999));
#4291 = CARTESIAN_POINT('',(-0.831764001586,2.141582167019,
    -1.899999999999));
#4292 = CARTESIAN_POINT('',(-0.831764001586,2.141582167019,
    -1.889999999999));
#4293 = CARTESIAN_POINT('',(-0.73921495719,2.131722540964,
    -1.899999999999));
#4294 = CARTESIAN_POINT('',(-0.73921495719,2.131722540964,
    -1.889999999999));
#4295 = ADVANCED_FACE('',(#4296),#4317,.F.);
#4296 = FACE_BOUND('',#4297,.F.);
#4297 = EDGE_LOOP('',(#4298,#4309,#4315,#4316));
#4298 = ORIENTED_EDGE('',*,*,#4299,.T.);
#4299 = EDGE_CURVE('',#4265,#4300,#4302,.T.);
#4300 = VERTEX_POINT('',#4301);
#4301 = CARTESIAN_POINT('',(-0.749504591336,3.131722540964,
    -1.889999999999));
#4302 = B_SPLINE_CURVE_WITH_KNOTS('',3,(#4303,#4304,#4305,#4306,#4307,
    #4308),.UNSPECIFIED.,.F.,.F.,(4,1,1,4),(0.,0.332914723719,
    0.665762274404,0.999999999999),.UNSPECIFIED.);
#4303 = CARTESIAN_POINT('',(-1.272179896214,2.644298760476,
    -1.889999999999));
#4304 = CARTESIAN_POINT('',(-1.260624458829,2.734120039583,
    -1.889999999999));
#4305 = CARTESIAN_POINT('',(-1.237515915628,2.913744474332,
    -1.889999999999));
#4306 = CARTESIAN_POINT('',(-1.016226701477,3.103119365685,
    -1.889999999999));
#4307 = CARTESIAN_POINT('',(-0.838535394875,3.122174912245,
    -1.889999999999));
#4308 = CARTESIAN_POINT('',(-0.749504591336,3.131722540964,
    -1.889999999999));
#4309 = ORIENTED_EDGE('',*,*,#4310,.T.);
#4310 = EDGE_CURVE('',#4300,#366,#4311,.T.);
#4311 = LINE('',#4312,#4313);
#4312 = CARTESIAN_POINT('',(-0.749504591336,3.131722540964,
    -1.899999999999));
#4313 = VECTOR('',#4314,1.);
#4314 = DIRECTION('',(0.,0.,-1.));
#4315 = ORIENTED_EDGE('',*,*,#375,.F.);
#4316 = ORIENTED_EDGE('',*,*,#4275,.F.);
#4317 = B_SPLINE_SURFACE_WITH_KNOTS('',3,1,(
    (#4318,#4319)
    ,(#4320,#4321)
    ,(#4322,#4323)
    ,(#4324,#4325)
    ,(#4326,#4327)
    ,(#4328,#4329
    )),.UNSPECIFIED.,.F.,.F.,.F.,(4,1,1,4),(2,2),(0.,0.334237725595,
    0.66708527628,0.999999999999),(0.,1.),.UNSPECIFIED.);
#4318 = CARTESIAN_POINT('',(-0.749504591336,3.131722540964,
    -1.899999999999));
#4319 = CARTESIAN_POINT('',(-0.749504591336,3.131722540964,
    -1.889999999999));
#4320 = CARTESIAN_POINT('',(-0.838535394875,3.122174912245,
    -1.899999999999));
#4321 = CARTESIAN_POINT('',(-0.838535394875,3.122174912245,
    -1.889999999999));
#4322 = CARTESIAN_POINT('',(-1.016226701477,3.103119365685,
    -1.899999999999));
#4323 = CARTESIAN_POINT('',(-1.016226701477,3.103119365685,
    -1.889999999999));
#4324 = CARTESIAN_POINT('',(-1.237515915628,2.913744474332,
    -1.899999999999));
#4325 = CARTESIAN_POINT('',(-1.237515915628,2.913744474332,
    -1.889999999999));
#4326 = CARTESIAN_POINT('',(-1.260624458829,2.734120039583,
    -1.899999999999));
#4327 = CARTESIAN_POINT('',(-1.260624458829,2.734120039583,
    -1.889999999999));
#4328 = CARTESIAN_POINT('',(-1.272179896214,2.644298760476,
    -1.899999999999));
#4329 = CARTESIAN_POINT('',(-1.272179896214,2.644298760476,
    -1.889999999999));
#4330 = ADVANCED_FACE('',(#4331),#4342,.T.);
#4331 = FACE_BOUND('',#4332,.T.);
#4332 = EDGE_LOOP('',(#4333,#4339,#4340,#4341));
#4333 = ORIENTED_EDGE('',*,*,#4334,.F.);
#4334 = EDGE_CURVE('',#4300,#4210,#4335,.T.);
#4335 = LINE('',#4336,#4337);
#4336 = CARTESIAN_POINT('',(0.,3.131722540964,-1.889999999999));
#4337 = VECTOR('',#4338,1.);
#4338 = DIRECTION('',(1.,0.,0.));
#4339 = ORIENTED_EDGE('',*,*,#4310,.T.);
#4340 = ORIENTED_EDGE('',*,*,#365,.T.);
#4341 = ORIENTED_EDGE('',*,*,#4209,.F.);
#4342 = PLANE('',#4343);
#4343 = AXIS2_PLACEMENT_3D('',#4344,#4345,#4346);
#4344 = CARTESIAN_POINT('',(-0.749504591336,3.131722540964,
    -1.899999999999));
#4345 = DIRECTION('',(0.,-1.,0.));
#4346 = DIRECTION('',(1.,0.,0.));
#4347 = ADVANCED_FACE('',(#4348,#4395),#4402,.F.);
#4348 = FACE_BOUND('',#4349,.T.);
#4349 = EDGE_LOOP('',(#4350,#4362,#4373,#4381,#4389));
#4350 = ORIENTED_EDGE('',*,*,#4351,.T.);
#4351 = EDGE_CURVE('',#4352,#4354,#4356,.T.);
#4352 = VERTEX_POINT('',#4353);
#4353 = CARTESIAN_POINT('',(-0.748932944994,3.021966443403,
    -1.889999999999));
#4354 = VERTEX_POINT('',#4355);
#4355 = CARTESIAN_POINT('',(-1.138033554751,2.641440528769,
    -1.889999999999));
#4356 = B_SPLINE_CURVE_WITH_KNOTS('',3,(#4357,#4358,#4359,#4360,#4361),
  .UNSPECIFIED.,.F.,.F.,(4,1,4),(0.,0.445607266854,1.),.UNSPECIFIED.);
#4357 = CARTESIAN_POINT('',(-0.748932944994,3.021966443403,
    -1.889999999999));
#4358 = CARTESIAN_POINT('',(-0.845676736589,3.009558799414,
    -1.889999999999));
#4359 = CARTESIAN_POINT('',(-1.062782243591,2.981714451012,
    -1.889999999999));
#4360 = CARTESIAN_POINT('',(-1.111194275862,2.762803287194,
    -1.889999999999));
#4361 = CARTESIAN_POINT('',(-1.138033554751,2.641440528769,
    -1.889999999999));
#4362 = ORIENTED_EDGE('',*,*,#4363,.T.);
#4363 = EDGE_CURVE('',#4354,#4364,#4366,.T.);
#4364 = VERTEX_POINT('',#4365);
#4365 = CARTESIAN_POINT('',(-0.74340703036,2.241478638525,
    -1.889999999999));
#4366 = B_SPLINE_CURVE_WITH_KNOTS('',3,(#4367,#4368,#4369,#4370,#4371,
    #4372),.UNSPECIFIED.,.F.,.F.,(4,1,1,4),(0.,0.334412203641,
    0.665833273084,1.),.UNSPECIFIED.);
#4367 = CARTESIAN_POINT('',(-1.138033554751,2.641440528769,
    -1.889999999999));
#4368 = CARTESIAN_POINT('',(-1.132109053209,2.569907968433,
    -1.889999999999));
#4369 = CARTESIAN_POINT('',(-1.120313041551,2.427482667375,
    -1.889999999999));
#4370 = CARTESIAN_POINT('',(-0.957609827539,2.260652704978,
    -1.889999999999));
#4371 = CARTESIAN_POINT('',(-0.815004053392,2.247887546791,
    -1.889999999999));
#4372 = CARTESIAN_POINT('',(-0.74340703036,2.241478638525,
    -1.889999999999));
#4373 = ORIENTED_EDGE('',*,*,#4374,.T.);
#4374 = EDGE_CURVE('',#4364,#4375,#4377,.T.);
#4375 = VERTEX_POINT('',#4376);
#4376 = CARTESIAN_POINT('',(-0.601448188897,2.241478638525,
    -1.889999999999));
#4377 = LINE('',#4378,#4379);
#4378 = CARTESIAN_POINT('',(0.,2.241478638525,-1.889999999999));
#4379 = VECTOR('',#4380,1.);
#4380 = DIRECTION('',(1.,0.,0.));
#4381 = ORIENTED_EDGE('',*,*,#4382,.T.);
#4382 = EDGE_CURVE('',#4375,#4383,#4385,.T.);
#4383 = VERTEX_POINT('',#4384);
#4384 = CARTESIAN_POINT('',(-0.601448188897,3.021966443403,
    -1.889999999999));
#4385 = LINE('',#4386,#4387);
#4386 = CARTESIAN_POINT('',(-0.601448188897,0.,-1.889999999999));
#4387 = VECTOR('',#4388,1.);
#4388 = DIRECTION('',(0.,1.,0.));
#4389 = ORIENTED_EDGE('',*,*,#4390,.T.);
#4390 = EDGE_CURVE('',#4383,#4352,#4391,.T.);
#4391 = LINE('',#4392,#4393);
#4392 = CARTESIAN_POINT('',(0.,3.021966443403,-1.889999999999));
#4393 = VECTOR('',#4394,1.);
#4394 = DIRECTION('',(-1.,0.,0.));
#4395 = FACE_BOUND('',#4396,.T.);
#4396 = EDGE_LOOP('',(#4397,#4398,#4399,#4400,#4401));
#4397 = ORIENTED_EDGE('',*,*,#4299,.T.);
#4398 = ORIENTED_EDGE('',*,*,#4334,.T.);
#4399 = ORIENTED_EDGE('',*,*,#4226,.T.);
#4400 = ORIENTED_EDGE('',*,*,#4250,.T.);
#4401 = ORIENTED_EDGE('',*,*,#4264,.T.);
#4402 = PLANE('',#4403);
#4403 = AXIS2_PLACEMENT_3D('',#4404,#4405,#4406);
#4404 = CARTESIAN_POINT('',(0.,0.,-1.889999999999));
#4405 = DIRECTION('',(0.,0.,1.));
#4406 = DIRECTION('',(1.,0.,-0.));
#4407 = ADVANCED_FACE('',(#4408),#4435,.T.);
#4408 = FACE_BOUND('',#4409,.T.);
#4409 = EDGE_LOOP('',(#4410,#4418,#4419,#4427));
#4410 = ORIENTED_EDGE('',*,*,#4411,.F.);
#4411 = EDGE_CURVE('',#4354,#4412,#4414,.T.);
#4412 = VERTEX_POINT('',#4413);
#4413 = CARTESIAN_POINT('',(-1.138033554751,2.641440528769,
    -1.899999999999));
#4414 = LINE('',#4415,#4416);
#4415 = CARTESIAN_POINT('',(-1.138033554751,2.641440528769,
    -1.899999999999));
#4416 = VECTOR('',#4417,1.);
#4417 = DIRECTION('',(0.,0.,-1.));
#4418 = ORIENTED_EDGE('',*,*,#4351,.F.);
#4419 = ORIENTED_EDGE('',*,*,#4420,.T.);
#4420 = EDGE_CURVE('',#4352,#4421,#4423,.T.);
#4421 = VERTEX_POINT('',#4422);
#4422 = CARTESIAN_POINT('',(-0.748932944994,3.021966443403,
    -1.899999999999));
#4423 = LINE('',#4424,#4425);
#4424 = CARTESIAN_POINT('',(-0.748932944994,3.021966443403,
    -1.899999999999));
#4425 = VECTOR('',#4426,1.);
#4426 = DIRECTION('',(0.,0.,-1.));
#4427 = ORIENTED_EDGE('',*,*,#4428,.T.);
#4428 = EDGE_CURVE('',#4421,#4412,#4429,.T.);
#4429 = B_SPLINE_CURVE_WITH_KNOTS('',3,(#4430,#4431,#4432,#4433,#4434),
  .UNSPECIFIED.,.F.,.F.,(4,1,4),(0.,0.445607266854,0.999999087696),
  .UNSPECIFIED.);
#4430 = CARTESIAN_POINT('',(-0.748932944994,3.021966443403,
    -1.899999999999));
#4431 = CARTESIAN_POINT('',(-0.845676736589,3.009558799414,
    -1.899999999999));
#4432 = CARTESIAN_POINT('',(-1.062782243591,2.981714451012,
    -1.899999999999));
#4433 = CARTESIAN_POINT('',(-1.111194275862,2.762803287194,
    -1.899999999999));
#4434 = CARTESIAN_POINT('',(-1.138033554751,2.641440528769,
    -1.899999999999));
#4435 = B_SPLINE_SURFACE_WITH_KNOTS('',3,1,(
    (#4436,#4437)
    ,(#4438,#4439)
    ,(#4440,#4441)
    ,(#4442,#4443)
    ,(#4444,#4445
    )),.UNSPECIFIED.,.F.,.F.,.F.,(4,1,4),(2,2),(0.,0.445607266854,1.),(
    0.,1.),.UNSPECIFIED.);
#4436 = CARTESIAN_POINT('',(-0.748932944994,3.021966443403,
    -1.899999999999));
#4437 = CARTESIAN_POINT('',(-0.748932944994,3.021966443403,
    -1.889999999999));
#4438 = CARTESIAN_POINT('',(-0.845676736589,3.009558799414,
    -1.899999999999));
#4439 = CARTESIAN_POINT('',(-0.845676736589,3.009558799414,
    -1.889999999999));
#4440 = CARTESIAN_POINT('',(-1.062782243591,2.981714451012,
    -1.899999999999));
#4441 = CARTESIAN_POINT('',(-1.062782243591,2.981714451012,
    -1.889999999999));
#4442 = CARTESIAN_POINT('',(-1.111194275862,2.762803287194,
    -1.899999999999));
#4443 = CARTESIAN_POINT('',(-1.111194275862,2.762803287194,
    -1.889999999999));
#4444 = CARTESIAN_POINT('',(-1.138033554751,2.641440528769,
    -1.899999999999));
#4445 = CARTESIAN_POINT('',(-1.138033554751,2.641440528769,
    -1.889999999999));
#4446 = ADVANCED_FACE('',(#4447),#4467,.T.);
#4447 = FACE_BOUND('',#4448,.T.);
#4448 = EDGE_LOOP('',(#4449,#4450,#4451,#4459));
#4449 = ORIENTED_EDGE('',*,*,#4420,.F.);
#4450 = ORIENTED_EDGE('',*,*,#4390,.F.);
#4451 = ORIENTED_EDGE('',*,*,#4452,.T.);
#4452 = EDGE_CURVE('',#4383,#4453,#4455,.T.);
#4453 = VERTEX_POINT('',#4454);
#4454 = CARTESIAN_POINT('',(-0.601448188897,3.021966443403,
    -1.899999999999));
#4455 = LINE('',#4456,#4457);
#4456 = CARTESIAN_POINT('',(-0.601448188897,3.021966443403,
    -1.899999999999));
#4457 = VECTOR('',#4458,1.);
#4458 = DIRECTION('',(0.,0.,-1.));
#4459 = ORIENTED_EDGE('',*,*,#4460,.T.);
#4460 = EDGE_CURVE('',#4453,#4421,#4461,.T.);
#4461 = B_SPLINE_CURVE_WITH_KNOTS('',3,(#4462,#4463,#4464,#4465,#4466),
  .UNSPECIFIED.,.F.,.F.,(4,1,4),(0.,0.5,0.999995151237),.UNSPECIFIED.);
#4462 = CARTESIAN_POINT('',(-0.601448188897,3.021966443403,
    -1.899999999999));
#4463 = CARTESIAN_POINT('',(-0.62602898158,3.021966443403,
    -1.899999999999));
#4464 = CARTESIAN_POINT('',(-0.675190328573,3.021966443403,
    -1.899999999999));
#4465 = CARTESIAN_POINT('',(-0.724351675566,3.021966443403,
    -1.899999999999));
#4466 = CARTESIAN_POINT('',(-0.748932944994,3.021966443403,
    -1.899999999999));
#4467 = PLANE('',#4468);
#4468 = AXIS2_PLACEMENT_3D('',#4469,#4470,#4471);
#4469 = CARTESIAN_POINT('',(-0.601448188897,3.021966443403,
    -1.899999999999));
#4470 = DIRECTION('',(1.764E-14,1.,0.));
#4471 = DIRECTION('',(-1.,1.764E-14,0.));
#4472 = ADVANCED_FACE('',(#4473),#4494,.T.);
#4473 = FACE_BOUND('',#4474,.T.);
#4474 = EDGE_LOOP('',(#4475,#4476,#4477,#4485));
#4475 = ORIENTED_EDGE('',*,*,#4452,.F.);
#4476 = ORIENTED_EDGE('',*,*,#4382,.F.);
#4477 = ORIENTED_EDGE('',*,*,#4478,.T.);
#4478 = EDGE_CURVE('',#4375,#4479,#4481,.T.);
#4479 = VERTEX_POINT('',#4480);
#4480 = CARTESIAN_POINT('',(-0.601448188897,2.241478638525,
    -1.899999999999));
#4481 = LINE('',#4482,#4483);
#4482 = CARTESIAN_POINT('',(-0.601448188897,2.241478638525,
    -1.899999999999));
#4483 = VECTOR('',#4484,1.);
#4484 = DIRECTION('',(0.,0.,-1.));
#4485 = ORIENTED_EDGE('',*,*,#4486,.T.);
#4486 = EDGE_CURVE('',#4479,#4453,#4487,.T.);
#4487 = B_SPLINE_CURVE_WITH_KNOTS('',3,(#4488,#4489,#4490,#4491,#4492,
    #4493),.UNSPECIFIED.,.F.,.F.,(4,1,1,4),(0.,0.333333333333,
    0.666666666666,0.999999359374),.UNSPECIFIED.);
#4488 = CARTESIAN_POINT('',(-0.601448188897,2.241478638525,
    -1.899999999999));
#4489 = CARTESIAN_POINT('',(-0.601448188897,2.328199505734,
    -1.899999999999));
#4490 = CARTESIAN_POINT('',(-0.601448188897,2.501641240151,
    -1.899999999999));
#4491 = CARTESIAN_POINT('',(-0.601448188897,2.761803841777,
    -1.899999999999));
#4492 = CARTESIAN_POINT('',(-0.601448188897,2.935245576194,
    -1.899999999999));
#4493 = CARTESIAN_POINT('',(-0.601448188897,3.021966443403,
    -1.899999999999));
#4494 = PLANE('',#4495);
#4495 = AXIS2_PLACEMENT_3D('',#4496,#4497,#4498);
#4496 = CARTESIAN_POINT('',(-0.601448188897,2.241478638525,
    -1.899999999999));
#4497 = DIRECTION('',(1.,3.75E-15,0.));
#4498 = DIRECTION('',(-3.75E-15,1.,0.));
#4499 = ADVANCED_FACE('',(#4500),#4520,.T.);
#4500 = FACE_BOUND('',#4501,.T.);
#4501 = EDGE_LOOP('',(#4502,#4503,#4504,#4512));
#4502 = ORIENTED_EDGE('',*,*,#4478,.F.);
#4503 = ORIENTED_EDGE('',*,*,#4374,.F.);
#4504 = ORIENTED_EDGE('',*,*,#4505,.T.);
#4505 = EDGE_CURVE('',#4364,#4506,#4508,.T.);
#4506 = VERTEX_POINT('',#4507);
#4507 = CARTESIAN_POINT('',(-0.74340703036,2.241478638525,
    -1.899999999999));
#4508 = LINE('',#4509,#4510);
#4509 = CARTESIAN_POINT('',(-0.74340703036,2.241478638525,
    -1.899999999999));
#4510 = VECTOR('',#4511,1.);
#4511 = DIRECTION('',(0.,0.,-1.));
#4512 = ORIENTED_EDGE('',*,*,#4513,.T.);
#4513 = EDGE_CURVE('',#4506,#4479,#4514,.T.);
#4514 = B_SPLINE_CURVE_WITH_KNOTS('',3,(#4515,#4516,#4517,#4518,#4519),
  .UNSPECIFIED.,.F.,.F.,(4,1,4),(0.,0.5,0.999996477852),.UNSPECIFIED.);
#4515 = CARTESIAN_POINT('',(-0.74340703036,2.241478638525,
    -1.899999999999));
#4516 = CARTESIAN_POINT('',(-0.71974722345,2.241478638525,
    -1.899999999999));
#4517 = CARTESIAN_POINT('',(-0.672427609629,2.241478638525,
    -1.899999999999));
#4518 = CARTESIAN_POINT('',(-0.625107995807,2.241478638525,
    -1.899999999999));
#4519 = CARTESIAN_POINT('',(-0.601448188897,2.241478638525,
    -1.899999999999));
#4520 = PLANE('',#4521);
#4521 = AXIS2_PLACEMENT_3D('',#4522,#4523,#4524);
#4522 = CARTESIAN_POINT('',(-0.74340703036,2.241478638525,
    -1.899999999999));
#4523 = DIRECTION('',(1.833E-14,-1.,0.));
#4524 = DIRECTION('',(1.,1.833E-14,0.));
#4525 = ADVANCED_FACE('',(#4526),#4540,.T.);
#4526 = FACE_BOUND('',#4527,.T.);
#4527 = EDGE_LOOP('',(#4528,#4529,#4530,#4539));
#4528 = ORIENTED_EDGE('',*,*,#4363,.F.);
#4529 = ORIENTED_EDGE('',*,*,#4411,.T.);
#4530 = ORIENTED_EDGE('',*,*,#4531,.T.);
#4531 = EDGE_CURVE('',#4412,#4506,#4532,.T.);
#4532 = B_SPLINE_CURVE_WITH_KNOTS('',3,(#4533,#4534,#4535,#4536,#4537,
    #4538),.UNSPECIFIED.,.F.,.F.,(4,1,1,4),(0.,0.334412203641,
    0.665833273084,1.),.UNSPECIFIED.);
#4533 = CARTESIAN_POINT('',(-1.138033554751,2.641440528769,
    -1.899999999999));
#4534 = CARTESIAN_POINT('',(-1.132109053209,2.569907968433,
    -1.899999999999));
#4535 = CARTESIAN_POINT('',(-1.120313041551,2.427482667375,
    -1.899999999999));
#4536 = CARTESIAN_POINT('',(-0.957609827539,2.260652704978,
    -1.899999999999));
#4537 = CARTESIAN_POINT('',(-0.815004053392,2.247887546791,
    -1.899999999999));
#4538 = CARTESIAN_POINT('',(-0.74340703036,2.241478638525,
    -1.899999999999));
#4539 = ORIENTED_EDGE('',*,*,#4505,.F.);
#4540 = B_SPLINE_SURFACE_WITH_KNOTS('',3,1,(
    (#4541,#4542)
    ,(#4543,#4544)
    ,(#4545,#4546)
    ,(#4547,#4548)
    ,(#4549,#4550)
    ,(#4551,#4552
    )),.UNSPECIFIED.,.F.,.F.,.F.,(4,1,1,4),(2,2),(0.,0.334412203641,
    0.665833273084,1.),(0.,1.),.UNSPECIFIED.);
#4541 = CARTESIAN_POINT('',(-1.138033554751,2.641440528769,
    -1.899999999999));
#4542 = CARTESIAN_POINT('',(-1.138033554751,2.641440528769,
    -1.889999999999));
#4543 = CARTESIAN_POINT('',(-1.132109053209,2.569907968433,
    -1.899999999999));
#4544 = CARTESIAN_POINT('',(-1.132109053209,2.569907968433,
    -1.889999999999));
#4545 = CARTESIAN_POINT('',(-1.120313041551,2.427482667375,
    -1.899999999999));
#4546 = CARTESIAN_POINT('',(-1.120313041551,2.427482667375,
    -1.889999999999));
#4547 = CARTESIAN_POINT('',(-0.957609827539,2.260652704978,
    -1.899999999999));
#4548 = CARTESIAN_POINT('',(-0.957609827539,2.260652704978,
    -1.889999999999));
#4549 = CARTESIAN_POINT('',(-0.815004053392,2.247887546791,
    -1.899999999999));
#4550 = CARTESIAN_POINT('',(-0.815004053392,2.247887546791,
    -1.889999999999));
#4551 = CARTESIAN_POINT('',(-0.74340703036,2.241478638525,
    -1.899999999999));
#4552 = CARTESIAN_POINT('',(-0.74340703036,2.241478638525,
    -1.889999999999));
#4553 = ADVANCED_FACE('',(#4554),#4579,.T.);
#4554 = FACE_BOUND('',#4555,.T.);
#4555 = EDGE_LOOP('',(#4556,#4564,#4565,#4573));
#4556 = ORIENTED_EDGE('',*,*,#4557,.T.);
#4557 = EDGE_CURVE('',#4558,#410,#4560,.T.);
#4558 = VERTEX_POINT('',#4559);
#4559 = CARTESIAN_POINT('',(-0.223399408409,2.582942053159,
    -1.889999999999));
#4560 = LINE('',#4561,#4562);
#4561 = CARTESIAN_POINT('',(-0.223399408409,2.582942053159,
    -1.899999999999));
#4562 = VECTOR('',#4563,1.);
#4563 = DIRECTION('',(0.,0.,-1.));
#4564 = ORIENTED_EDGE('',*,*,#409,.T.);
#4565 = ORIENTED_EDGE('',*,*,#4566,.F.);
#4566 = EDGE_CURVE('',#4567,#398,#4569,.T.);
#4567 = VERTEX_POINT('',#4568);
#4568 = CARTESIAN_POINT('',(-0.223399408409,2.69269815072,
    -1.889999999999));
#4569 = LINE('',#4570,#4571);
#4570 = CARTESIAN_POINT('',(-0.223399408409,2.69269815072,
    -1.899999999999));
#4571 = VECTOR('',#4572,1.);
#4572 = DIRECTION('',(0.,0.,-1.));
#4573 = ORIENTED_EDGE('',*,*,#4574,.F.);
#4574 = EDGE_CURVE('',#4558,#4567,#4575,.T.);
#4575 = LINE('',#4576,#4577);
#4576 = CARTESIAN_POINT('',(-0.223399408409,0.,-1.889999999999));
#4577 = VECTOR('',#4578,1.);
#4578 = DIRECTION('',(0.,1.,0.));
#4579 = PLANE('',#4580);
#4580 = AXIS2_PLACEMENT_3D('',#4581,#4582,#4583);
#4581 = CARTESIAN_POINT('',(-0.223399408409,2.582942053159,
    -1.899999999999));
#4582 = DIRECTION('',(1.,0.,0.));
#4583 = DIRECTION('',(-0.,1.,0.));
#4584 = ADVANCED_FACE('',(#4585),#4603,.T.);
#4585 = FACE_BOUND('',#4586,.T.);
#4586 = EDGE_LOOP('',(#4587,#4588,#4589,#4597));
#4587 = ORIENTED_EDGE('',*,*,#4566,.T.);
#4588 = ORIENTED_EDGE('',*,*,#397,.T.);
#4589 = ORIENTED_EDGE('',*,*,#4590,.F.);
#4590 = EDGE_CURVE('',#4591,#400,#4593,.T.);
#4591 = VERTEX_POINT('',#4592);
#4592 = CARTESIAN_POINT('',(0.130259128175,2.69269815072,-1.889999999999
    ));
#4593 = LINE('',#4594,#4595);
#4594 = CARTESIAN_POINT('',(0.130259128175,2.69269815072,-1.899999999999
    ));
#4595 = VECTOR('',#4596,1.);
#4596 = DIRECTION('',(0.,0.,-1.));
#4597 = ORIENTED_EDGE('',*,*,#4598,.F.);
#4598 = EDGE_CURVE('',#4567,#4591,#4599,.T.);
#4599 = LINE('',#4600,#4601);
#4600 = CARTESIAN_POINT('',(0.,2.69269815072,-1.889999999999));
#4601 = VECTOR('',#4602,1.);
#4602 = DIRECTION('',(1.,0.,0.));
#4603 = PLANE('',#4604);
#4604 = AXIS2_PLACEMENT_3D('',#4605,#4606,#4607);
#4605 = CARTESIAN_POINT('',(-0.223399408409,2.69269815072,
    -1.899999999999));
#4606 = DIRECTION('',(-7.36E-15,-1.,0.));
#4607 = DIRECTION('',(1.,-7.36E-15,0.));
#4608 = ADVANCED_FACE('',(#4609),#4627,.T.);
#4609 = FACE_BOUND('',#4610,.T.);
#4610 = EDGE_LOOP('',(#4611,#4612,#4613,#4621));
#4611 = ORIENTED_EDGE('',*,*,#4590,.T.);
#4612 = ORIENTED_EDGE('',*,*,#511,.T.);
#4613 = ORIENTED_EDGE('',*,*,#4614,.F.);
#4614 = EDGE_CURVE('',#4615,#502,#4617,.T.);
#4615 = VERTEX_POINT('',#4616);
#4616 = CARTESIAN_POINT('',(0.130259128175,3.021966443403,
    -1.889999999999));
#4617 = LINE('',#4618,#4619);
#4618 = CARTESIAN_POINT('',(0.130259128175,3.021966443403,
    -1.899999999999));
#4619 = VECTOR('',#4620,1.);
#4620 = DIRECTION('',(0.,0.,-1.));
#4621 = ORIENTED_EDGE('',*,*,#4622,.F.);
#4622 = EDGE_CURVE('',#4591,#4615,#4623,.T.);
#4623 = LINE('',#4624,#4625);
#4624 = CARTESIAN_POINT('',(0.130259128175,0.,-1.889999999999));
#4625 = VECTOR('',#4626,1.);
#4626 = DIRECTION('',(0.,1.,0.));
#4627 = PLANE('',#4628);
#4628 = AXIS2_PLACEMENT_3D('',#4629,#4630,#4631);
#4629 = CARTESIAN_POINT('',(0.130259128175,2.69269815072,-1.899999999999
    ));
#4630 = DIRECTION('',(1.,-4.94E-15,0.));
#4631 = DIRECTION('',(4.94E-15,1.,0.));
#4632 = ADVANCED_FACE('',(#4633),#4651,.T.);
#4633 = FACE_BOUND('',#4634,.T.);
#4634 = EDGE_LOOP('',(#4635,#4636,#4637,#4645));
#4635 = ORIENTED_EDGE('',*,*,#4614,.T.);
#4636 = ORIENTED_EDGE('',*,*,#501,.T.);
#4637 = ORIENTED_EDGE('',*,*,#4638,.F.);
#4638 = EDGE_CURVE('',#4639,#492,#4641,.T.);
#4639 = VERTEX_POINT('',#4640);
#4640 = CARTESIAN_POINT('',(-0.247789652312,3.021966443403,
    -1.889999999999));
#4641 = LINE('',#4642,#4643);
#4642 = CARTESIAN_POINT('',(-0.247789652312,3.021966443403,
    -1.899999999999));
#4643 = VECTOR('',#4644,1.);
#4644 = DIRECTION('',(0.,0.,-1.));
#4645 = ORIENTED_EDGE('',*,*,#4646,.F.);
#4646 = EDGE_CURVE('',#4615,#4639,#4647,.T.);
#4647 = LINE('',#4648,#4649);
#4648 = CARTESIAN_POINT('',(0.,3.021966443403,-1.889999999999));
#4649 = VECTOR('',#4650,1.);
#4650 = DIRECTION('',(-1.,0.,0.));
#4651 = PLANE('',#4652);
#4652 = AXIS2_PLACEMENT_3D('',#4653,#4654,#4655);
#4653 = CARTESIAN_POINT('',(0.130259128175,3.021966443403,
    -1.899999999999));
#4654 = DIRECTION('',(1.377E-14,1.,0.));
#4655 = DIRECTION('',(-1.,1.377E-14,0.));
#4656 = ADVANCED_FACE('',(#4657),#4675,.T.);
#4657 = FACE_BOUND('',#4658,.T.);
#4658 = EDGE_LOOP('',(#4659,#4660,#4661,#4669));
#4659 = ORIENTED_EDGE('',*,*,#4638,.T.);
#4660 = ORIENTED_EDGE('',*,*,#491,.T.);
#4661 = ORIENTED_EDGE('',*,*,#4662,.F.);
#4662 = EDGE_CURVE('',#4663,#482,#4665,.T.);
#4663 = VERTEX_POINT('',#4664);
#4664 = CARTESIAN_POINT('',(-0.247789652312,3.131722540964,
    -1.889999999999));
#4665 = LINE('',#4666,#4667);
#4666 = CARTESIAN_POINT('',(-0.247789652312,3.131722540964,
    -1.899999999999));
#4667 = VECTOR('',#4668,1.);
#4668 = DIRECTION('',(0.,0.,-1.));
#4669 = ORIENTED_EDGE('',*,*,#4670,.F.);
#4670 = EDGE_CURVE('',#4639,#4663,#4671,.T.);
#4671 = LINE('',#4672,#4673);
#4672 = CARTESIAN_POINT('',(-0.247789652312,0.,-1.889999999999));
#4673 = VECTOR('',#4674,1.);
#4674 = DIRECTION('',(0.,1.,0.));
#4675 = PLANE('',#4676);
#4676 = AXIS2_PLACEMENT_3D('',#4677,#4678,#4679);
#4677 = CARTESIAN_POINT('',(-0.247789652312,3.021966443403,
    -1.899999999999));
#4678 = DIRECTION('',(1.,-5.93E-15,0.));
#4679 = DIRECTION('',(5.93E-15,1.,0.));
#4680 = ADVANCED_FACE('',(#4681),#4699,.T.);
#4681 = FACE_BOUND('',#4682,.T.);
#4682 = EDGE_LOOP('',(#4683,#4684,#4685,#4693));
#4683 = ORIENTED_EDGE('',*,*,#4662,.T.);
#4684 = ORIENTED_EDGE('',*,*,#481,.T.);
#4685 = ORIENTED_EDGE('',*,*,#4686,.F.);
#4686 = EDGE_CURVE('',#4687,#470,#4689,.T.);
#4687 = VERTEX_POINT('',#4688);
#4688 = CARTESIAN_POINT('',(0.264405469639,3.131722540964,
    -1.889999999999));
#4689 = LINE('',#4690,#4691);
#4690 = CARTESIAN_POINT('',(0.264405469639,3.131722540964,
    -1.899999999999));
#4691 = VECTOR('',#4692,1.);
#4692 = DIRECTION('',(0.,0.,-1.));
#4693 = ORIENTED_EDGE('',*,*,#4694,.F.);
#4694 = EDGE_CURVE('',#4663,#4687,#4695,.T.);
#4695 = LINE('',#4696,#4697);
#4696 = CARTESIAN_POINT('',(0.,3.131722540964,-1.889999999999));
#4697 = VECTOR('',#4698,1.);
#4698 = DIRECTION('',(1.,0.,0.));
#4699 = PLANE('',#4700);
#4700 = AXIS2_PLACEMENT_3D('',#4701,#4702,#4703);
#4701 = CARTESIAN_POINT('',(-0.247789652312,3.131722540964,
    -1.899999999999));
#4702 = DIRECTION('',(0.,-1.,0.));
#4703 = DIRECTION('',(1.,0.,0.));
#4704 = ADVANCED_FACE('',(#4705),#4723,.T.);
#4705 = FACE_BOUND('',#4706,.T.);
#4706 = EDGE_LOOP('',(#4707,#4708,#4709,#4717));
#4707 = ORIENTED_EDGE('',*,*,#4686,.T.);
#4708 = ORIENTED_EDGE('',*,*,#469,.T.);
#4709 = ORIENTED_EDGE('',*,*,#4710,.F.);
#4710 = EDGE_CURVE('',#4711,#460,#4713,.T.);
#4711 = VERTEX_POINT('',#4712);
#4712 = CARTESIAN_POINT('',(0.264405469639,2.131722540964,
    -1.889999999999));
#4713 = LINE('',#4714,#4715);
#4714 = CARTESIAN_POINT('',(0.264405469639,2.131722540964,
    -1.899999999999));
#4715 = VECTOR('',#4716,1.);
#4716 = DIRECTION('',(0.,0.,-1.));
#4717 = ORIENTED_EDGE('',*,*,#4718,.F.);
#4718 = EDGE_CURVE('',#4687,#4711,#4719,.T.);
#4719 = LINE('',#4720,#4721);
#4720 = CARTESIAN_POINT('',(0.264405469639,0.,-1.889999999999));
#4721 = VECTOR('',#4722,1.);
#4722 = DIRECTION('',(0.,-1.,0.));
#4723 = PLANE('',#4724);
#4724 = AXIS2_PLACEMENT_3D('',#4725,#4726,#4727);
#4725 = CARTESIAN_POINT('',(0.264405469639,3.131722540964,
    -1.899999999999));
#4726 = DIRECTION('',(-1.,7.81E-15,0.));
#4727 = DIRECTION('',(-7.81E-15,-1.,0.));
#4728 = ADVANCED_FACE('',(#4729),#4747,.T.);
#4729 = FACE_BOUND('',#4730,.T.);
#4730 = EDGE_LOOP('',(#4731,#4732,#4733,#4741));
#4731 = ORIENTED_EDGE('',*,*,#4710,.T.);
#4732 = ORIENTED_EDGE('',*,*,#459,.T.);
#4733 = ORIENTED_EDGE('',*,*,#4734,.F.);
#4734 = EDGE_CURVE('',#4735,#450,#4737,.T.);
#4735 = VERTEX_POINT('',#4736);
#4736 = CARTESIAN_POINT('',(-0.272179896214,2.131722540964,
    -1.889999999999));
#4737 = LINE('',#4738,#4739);
#4738 = CARTESIAN_POINT('',(-0.272179896214,2.131722540964,
    -1.899999999999));
#4739 = VECTOR('',#4740,1.);
#4740 = DIRECTION('',(0.,0.,-1.));
#4741 = ORIENTED_EDGE('',*,*,#4742,.F.);
#4742 = EDGE_CURVE('',#4711,#4735,#4743,.T.);
#4743 = LINE('',#4744,#4745);
#4744 = CARTESIAN_POINT('',(0.,2.131722540964,-1.889999999999));
#4745 = VECTOR('',#4746,1.);
#4746 = DIRECTION('',(-1.,0.,0.));
#4747 = PLANE('',#4748);
#4748 = AXIS2_PLACEMENT_3D('',#4749,#4750,#4751);
#4749 = CARTESIAN_POINT('',(0.264405469639,2.131722540964,
    -1.899999999999));
#4750 = DIRECTION('',(4.85E-15,1.,0.));
#4751 = DIRECTION('',(-1.,4.85E-15,0.));
#4752 = ADVANCED_FACE('',(#4753),#4771,.T.);
#4753 = FACE_BOUND('',#4754,.T.);
#4754 = EDGE_LOOP('',(#4755,#4756,#4757,#4765));
#4755 = ORIENTED_EDGE('',*,*,#4734,.T.);
#4756 = ORIENTED_EDGE('',*,*,#449,.T.);
#4757 = ORIENTED_EDGE('',*,*,#4758,.F.);
#4758 = EDGE_CURVE('',#4759,#440,#4761,.T.);
#4759 = VERTEX_POINT('',#4760);
#4760 = CARTESIAN_POINT('',(-0.272179896214,2.241478638525,
    -1.889999999999));
#4761 = LINE('',#4762,#4763);
#4762 = CARTESIAN_POINT('',(-0.272179896214,2.241478638525,
    -1.899999999999));
#4763 = VECTOR('',#4764,1.);
#4764 = DIRECTION('',(0.,0.,-1.));
#4765 = ORIENTED_EDGE('',*,*,#4766,.F.);
#4766 = EDGE_CURVE('',#4735,#4759,#4767,.T.);
#4767 = LINE('',#4768,#4769);
#4768 = CARTESIAN_POINT('',(-0.272179896214,0.,-1.889999999999));
#4769 = VECTOR('',#4770,1.);
#4770 = DIRECTION('',(0.,1.,0.));
#4771 = PLANE('',#4772);
#4772 = AXIS2_PLACEMENT_3D('',#4773,#4774,#4775);
#4773 = CARTESIAN_POINT('',(-0.272179896214,2.131722540964,
    -1.899999999999));
#4774 = DIRECTION('',(1.,5.93E-15,0.));
#4775 = DIRECTION('',(-5.93E-15,1.,0.));
#4776 = ADVANCED_FACE('',(#4777),#4795,.T.);
#4777 = FACE_BOUND('',#4778,.T.);
#4778 = EDGE_LOOP('',(#4779,#4780,#4781,#4789));
#4779 = ORIENTED_EDGE('',*,*,#4758,.T.);
#4780 = ORIENTED_EDGE('',*,*,#439,.T.);
#4781 = ORIENTED_EDGE('',*,*,#4782,.F.);
#4782 = EDGE_CURVE('',#4783,#430,#4785,.T.);
#4783 = VERTEX_POINT('',#4784);
#4784 = CARTESIAN_POINT('',(0.130259128175,2.241478638525,
    -1.889999999999));
#4785 = LINE('',#4786,#4787);
#4786 = CARTESIAN_POINT('',(0.130259128175,2.241478638525,
    -1.899999999999));
#4787 = VECTOR('',#4788,1.);
#4788 = DIRECTION('',(0.,0.,-1.));
#4789 = ORIENTED_EDGE('',*,*,#4790,.F.);
#4790 = EDGE_CURVE('',#4759,#4783,#4791,.T.);
#4791 = LINE('',#4792,#4793);
#4792 = CARTESIAN_POINT('',(0.,2.241478638525,-1.889999999999));
#4793 = VECTOR('',#4794,1.);
#4794 = DIRECTION('',(1.,0.,0.));
#4795 = PLANE('',#4796);
#4796 = AXIS2_PLACEMENT_3D('',#4797,#4798,#4799);
#4797 = CARTESIAN_POINT('',(-0.272179896214,2.241478638525,
    -1.899999999999));
#4798 = DIRECTION('',(6.47E-15,-1.,0.));
#4799 = DIRECTION('',(1.,6.47E-15,0.));
#4800 = ADVANCED_FACE('',(#4801),#4819,.T.);
#4801 = FACE_BOUND('',#4802,.T.);
#4802 = EDGE_LOOP('',(#4803,#4804,#4805,#4813));
#4803 = ORIENTED_EDGE('',*,*,#4782,.T.);
#4804 = ORIENTED_EDGE('',*,*,#429,.T.);
#4805 = ORIENTED_EDGE('',*,*,#4806,.F.);
#4806 = EDGE_CURVE('',#4807,#420,#4809,.T.);
#4807 = VERTEX_POINT('',#4808);
#4808 = CARTESIAN_POINT('',(0.130259128175,2.582942053159,
    -1.889999999999));
#4809 = LINE('',#4810,#4811);
#4810 = CARTESIAN_POINT('',(0.130259128175,2.582942053159,
    -1.899999999999));
#4811 = VECTOR('',#4812,1.);
#4812 = DIRECTION('',(0.,0.,-1.));
#4813 = ORIENTED_EDGE('',*,*,#4814,.F.);
#4814 = EDGE_CURVE('',#4783,#4807,#4815,.T.);
#4815 = LINE('',#4816,#4817);
#4816 = CARTESIAN_POINT('',(0.130259128175,0.,-1.889999999999));
#4817 = VECTOR('',#4818,1.);
#4818 = DIRECTION('',(0.,1.,0.));
#4819 = PLANE('',#4820);
#4820 = AXIS2_PLACEMENT_3D('',#4821,#4822,#4823);
#4821 = CARTESIAN_POINT('',(0.130259128175,2.241478638525,
    -1.899999999999));
#4822 = DIRECTION('',(1.,3.81E-15,0.));
#4823 = DIRECTION('',(-3.81E-15,1.,0.));
#4824 = ADVANCED_FACE('',(#4825),#4836,.T.);
#4825 = FACE_BOUND('',#4826,.T.);
#4826 = EDGE_LOOP('',(#4827,#4833,#4834,#4835));
#4827 = ORIENTED_EDGE('',*,*,#4828,.F.);
#4828 = EDGE_CURVE('',#4807,#4558,#4829,.T.);
#4829 = LINE('',#4830,#4831);
#4830 = CARTESIAN_POINT('',(0.,2.582942053159,-1.889999999999));
#4831 = VECTOR('',#4832,1.);
#4832 = DIRECTION('',(-1.,0.,0.));
#4833 = ORIENTED_EDGE('',*,*,#4806,.T.);
#4834 = ORIENTED_EDGE('',*,*,#419,.T.);
#4835 = ORIENTED_EDGE('',*,*,#4557,.F.);
#4836 = PLANE('',#4837);
#4837 = AXIS2_PLACEMENT_3D('',#4838,#4839,#4840);
#4838 = CARTESIAN_POINT('',(0.130259128175,2.582942053159,
    -1.899999999999));
#4839 = DIRECTION('',(7.36E-15,1.,0.));
#4840 = DIRECTION('',(-1.,7.36E-15,0.));
#4841 = ADVANCED_FACE('',(#4842),#4856,.F.);
#4842 = FACE_BOUND('',#4843,.T.);
#4843 = EDGE_LOOP('',(#4844,#4845,#4846,#4847,#4848,#4849,#4850,#4851,
    #4852,#4853,#4854,#4855));
#4844 = ORIENTED_EDGE('',*,*,#4814,.T.);
#4845 = ORIENTED_EDGE('',*,*,#4828,.T.);
#4846 = ORIENTED_EDGE('',*,*,#4574,.T.);
#4847 = ORIENTED_EDGE('',*,*,#4598,.T.);
#4848 = ORIENTED_EDGE('',*,*,#4622,.T.);
#4849 = ORIENTED_EDGE('',*,*,#4646,.T.);
#4850 = ORIENTED_EDGE('',*,*,#4670,.T.);
#4851 = ORIENTED_EDGE('',*,*,#4694,.T.);
#4852 = ORIENTED_EDGE('',*,*,#4718,.T.);
#4853 = ORIENTED_EDGE('',*,*,#4742,.T.);
#4854 = ORIENTED_EDGE('',*,*,#4766,.T.);
#4855 = ORIENTED_EDGE('',*,*,#4790,.T.);
#4856 = PLANE('',#4857);
#4857 = AXIS2_PLACEMENT_3D('',#4858,#4859,#4860);
#4858 = CARTESIAN_POINT('',(0.,0.,-1.889999999999));
#4859 = DIRECTION('',(0.,0.,1.));
#4860 = DIRECTION('',(1.,0.,-0.));
#4861 = ADVANCED_FACE('',(#4862),#4889,.F.);
#4862 = FACE_BOUND('',#4863,.F.);
#4863 = EDGE_LOOP('',(#4864,#4876,#4882,#4883));
#4864 = ORIENTED_EDGE('',*,*,#4865,.T.);
#4865 = EDGE_CURVE('',#4866,#4868,#4870,.T.);
#4866 = VERTEX_POINT('',#4867);
#4867 = CARTESIAN_POINT('',(0.693711872078,3.034161565354,
    -1.889999999999));
#4868 = VERTEX_POINT('',#4869);
#4869 = CARTESIAN_POINT('',(0.459527420858,2.97013717511,-1.889999999999
    ));
#4870 = B_SPLINE_CURVE_WITH_KNOTS('',3,(#4871,#4872,#4873,#4874,#4875),
  .UNSPECIFIED.,.F.,.F.,(4,1,4),(0.,0.440436656023,1.),.UNSPECIFIED.);
#4871 = CARTESIAN_POINT('',(0.693711872078,3.034161565354,
    -1.889999999999));
#4872 = CARTESIAN_POINT('',(0.657422491832,3.032223921164,
    -1.889999999999));
#4873 = CARTESIAN_POINT('',(0.575028395542,3.027824550303,
    -1.889999999999));
#4874 = CARTESIAN_POINT('',(0.500968579293,2.990835110012,
    -1.889999999999));
#4875 = CARTESIAN_POINT('',(0.459527420858,2.97013717511,-1.889999999999
    ));
#4876 = ORIENTED_EDGE('',*,*,#4877,.T.);
#4877 = EDGE_CURVE('',#4868,#524,#4878,.T.);
#4878 = LINE('',#4879,#4880);
#4879 = CARTESIAN_POINT('',(0.459527420858,2.97013717511,-1.899999999999
    ));
#4880 = VECTOR('',#4881,1.);
#4881 = DIRECTION('',(0.,0.,-1.));
#4882 = ORIENTED_EDGE('',*,*,#521,.F.);
#4883 = ORIENTED_EDGE('',*,*,#4884,.F.);
#4884 = EDGE_CURVE('',#4866,#522,#4885,.T.);
#4885 = LINE('',#4886,#4887);
#4886 = CARTESIAN_POINT('',(0.693711872078,3.034161565354,
    -1.899999999999));
#4887 = VECTOR('',#4888,1.);
#4888 = DIRECTION('',(0.,0.,-1.));
#4889 = B_SPLINE_SURFACE_WITH_KNOTS('',3,1,(
    (#4890,#4891)
    ,(#4892,#4893)
    ,(#4894,#4895)
    ,(#4896,#4897)
    ,(#4898,#4899
    )),.UNSPECIFIED.,.F.,.F.,.F.,(4,1,4),(2,2),(0.,0.559563343976,1.),(
    0.,1.),.UNSPECIFIED.);
#4890 = CARTESIAN_POINT('',(0.459527420858,2.97013717511,-1.899999999999
    ));
#4891 = CARTESIAN_POINT('',(0.459527420858,2.97013717511,-1.889999999999
    ));
#4892 = CARTESIAN_POINT('',(0.500968579293,2.990835110012,
    -1.899999999999));
#4893 = CARTESIAN_POINT('',(0.500968579293,2.990835110012,
    -1.889999999999));
#4894 = CARTESIAN_POINT('',(0.575028395542,3.027824550303,
    -1.899999999999));
#4895 = CARTESIAN_POINT('',(0.575028395542,3.027824550303,
    -1.889999999999));
#4896 = CARTESIAN_POINT('',(0.657422491832,3.032223921164,
    -1.899999999999));
#4897 = CARTESIAN_POINT('',(0.657422491832,3.032223921164,
    -1.889999999999));
#4898 = CARTESIAN_POINT('',(0.693711872078,3.034161565354,
    -1.899999999999));
#4899 = CARTESIAN_POINT('',(0.693711872078,3.034161565354,
    -1.889999999999));
#4900 = ADVANCED_FACE('',(#4901),#4919,.T.);
#4901 = FACE_BOUND('',#4902,.T.);
#4902 = EDGE_LOOP('',(#4903,#4904,#4905,#4913));
#4903 = ORIENTED_EDGE('',*,*,#4877,.T.);
#4904 = ORIENTED_EDGE('',*,*,#615,.T.);
#4905 = ORIENTED_EDGE('',*,*,#4906,.F.);
#4906 = EDGE_CURVE('',#4907,#606,#4909,.T.);
#4907 = VERTEX_POINT('',#4908);
#4908 = CARTESIAN_POINT('',(0.459527420858,3.104283516574,
    -1.889999999999));
#4909 = LINE('',#4910,#4911);
#4910 = CARTESIAN_POINT('',(0.459527420858,3.104283516574,
    -1.899999999999));
#4911 = VECTOR('',#4912,1.);
#4912 = DIRECTION('',(0.,0.,-1.));
#4913 = ORIENTED_EDGE('',*,*,#4914,.F.);
#4914 = EDGE_CURVE('',#4868,#4907,#4915,.T.);
#4915 = LINE('',#4916,#4917);
#4916 = CARTESIAN_POINT('',(0.459527420858,0.,-1.889999999999));
#4917 = VECTOR('',#4918,1.);
#4918 = DIRECTION('',(0.,1.,0.));
#4919 = PLANE('',#4920);
#4920 = AXIS2_PLACEMENT_3D('',#4921,#4922,#4923);
#4921 = CARTESIAN_POINT('',(0.459527420858,2.97013717511,-1.899999999999
    ));
#4922 = DIRECTION('',(1.,-7.27E-15,0.));
#4923 = DIRECTION('',(7.27E-15,1.,0.));
#4924 = ADVANCED_FACE('',(#4925),#4945,.F.);
#4925 = FACE_BOUND('',#4926,.F.);
#4926 = EDGE_LOOP('',(#4927,#4937,#4943,#4944));
#4927 = ORIENTED_EDGE('',*,*,#4928,.T.);
#4928 = EDGE_CURVE('',#4907,#4929,#4931,.T.);
#4929 = VERTEX_POINT('',#4930);
#4930 = CARTESIAN_POINT('',(0.694855164761,3.143917662915,
    -1.889999999999));
#4931 = B_SPLINE_CURVE_WITH_KNOTS('',3,(#4932,#4933,#4934,#4935,#4936),
  .UNSPECIFIED.,.F.,.F.,(4,1,4),(0.,0.43977387616,1.),.UNSPECIFIED.);
#4932 = CARTESIAN_POINT('',(0.459527420858,3.104283516574,
    -1.889999999999));
#4933 = CARTESIAN_POINT('',(0.493049098023,3.115485542304,
    -1.889999999999));
#4934 = CARTESIAN_POINT('',(0.569273901227,3.14095778233,-1.889999999999
    ));
#4935 = CARTESIAN_POINT('',(0.649763044188,3.142854866695,
    -1.889999999999));
#4936 = CARTESIAN_POINT('',(0.694855164761,3.143917662915,
    -1.889999999999));
#4937 = ORIENTED_EDGE('',*,*,#4938,.T.);
#4938 = EDGE_CURVE('',#4929,#595,#4939,.T.);
#4939 = LINE('',#4940,#4941);
#4940 = CARTESIAN_POINT('',(0.694855164761,3.143917662915,
    -1.899999999999));
#4941 = VECTOR('',#4942,1.);
#4942 = DIRECTION('',(0.,0.,-1.));
#4943 = ORIENTED_EDGE('',*,*,#605,.F.);
#4944 = ORIENTED_EDGE('',*,*,#4906,.F.);
#4945 = B_SPLINE_SURFACE_WITH_KNOTS('',3,1,(
    (#4946,#4947)
    ,(#4948,#4949)
    ,(#4950,#4951)
    ,(#4952,#4953)
    ,(#4954,#4955
    )),.UNSPECIFIED.,.F.,.F.,.F.,(4,1,4),(2,2),(0.,0.560226123839,1.),(
    0.,1.),.UNSPECIFIED.);
#4946 = CARTESIAN_POINT('',(0.694855164761,3.143917662915,
    -1.899999999999));
#4947 = CARTESIAN_POINT('',(0.694855164761,3.143917662915,
    -1.889999999999));
#4948 = CARTESIAN_POINT('',(0.649763044188,3.142854866695,
    -1.899999999999));
#4949 = CARTESIAN_POINT('',(0.649763044188,3.142854866695,
    -1.889999999999));
#4950 = CARTESIAN_POINT('',(0.569273901227,3.14095778233,-1.899999999999
    ));
#4951 = CARTESIAN_POINT('',(0.569273901227,3.14095778233,-1.889999999999
    ));
#4952 = CARTESIAN_POINT('',(0.493049098023,3.115485542304,
    -1.899999999999));
#4953 = CARTESIAN_POINT('',(0.493049098023,3.115485542304,
    -1.889999999999));
#4954 = CARTESIAN_POINT('',(0.459527420858,3.104283516574,
    -1.899999999999));
#4955 = CARTESIAN_POINT('',(0.459527420858,3.104283516574,
    -1.889999999999));
#4956 = ADVANCED_FACE('',(#4957),#4978,.F.);
#4957 = FACE_BOUND('',#4958,.F.);
#4958 = EDGE_LOOP('',(#4959,#4970,#4976,#4977));
#4959 = ORIENTED_EDGE('',*,*,#4960,.T.);
#4960 = EDGE_CURVE('',#4929,#4961,#4963,.T.);
#4961 = VERTEX_POINT('',#4962);
#4962 = CARTESIAN_POINT('',(1.203429859883,2.612858211696,
    -1.889999999999));
#4963 = B_SPLINE_CURVE_WITH_KNOTS('',3,(#4964,#4965,#4966,#4967,#4968,
    #4969),.UNSPECIFIED.,.F.,.F.,(4,1,1,4),(0.,0.333207070446,
    0.665931131782,0.999999999999),.UNSPECIFIED.);
#4964 = CARTESIAN_POINT('',(0.694855164761,3.143917662915,
    -1.889999999999));
#4965 = CARTESIAN_POINT('',(0.786799905757,3.131807629728,
    -1.889999999999));
#4966 = CARTESIAN_POINT('',(0.970556106822,3.107605117772,
    -1.889999999999));
#4967 = CARTESIAN_POINT('',(1.174573035631,2.888500549198,
    -1.889999999999));
#4968 = CARTESIAN_POINT('',(1.193797993985,2.704862446373,
    -1.889999999999));
#4969 = CARTESIAN_POINT('',(1.203429859883,2.612858211696,
    -1.889999999999));
#4970 = ORIENTED_EDGE('',*,*,#4971,.T.);
#4971 = EDGE_CURVE('',#4961,#584,#4972,.T.);
#4972 = LINE('',#4973,#4974);
#4973 = CARTESIAN_POINT('',(1.203429859883,2.612858211696,
    -1.899999999999));
#4974 = VECTOR('',#4975,1.);
#4975 = DIRECTION('',(0.,0.,-1.));
#4976 = ORIENTED_EDGE('',*,*,#594,.F.);
#4977 = ORIENTED_EDGE('',*,*,#4938,.F.);
#4978 = B_SPLINE_SURFACE_WITH_KNOTS('',3,1,(
    (#4979,#4980)
    ,(#4981,#4982)
    ,(#4983,#4984)
    ,(#4985,#4986)
    ,(#4987,#4988)
    ,(#4989,#4990
    )),.UNSPECIFIED.,.F.,.F.,.F.,(4,1,1,4),(2,2),(0.,0.334068868217,
    0.666792929553,0.999999999999),(0.,1.),.UNSPECIFIED.);
#4979 = CARTESIAN_POINT('',(1.203429859883,2.612858211696,
    -1.899999999999));
#4980 = CARTESIAN_POINT('',(1.203429859883,2.612858211696,
    -1.889999999999));
#4981 = CARTESIAN_POINT('',(1.193797993985,2.704862446373,
    -1.899999999999));
#4982 = CARTESIAN_POINT('',(1.193797993985,2.704862446373,
    -1.889999999999));
#4983 = CARTESIAN_POINT('',(1.174573035631,2.888500549198,
    -1.899999999999));
#4984 = CARTESIAN_POINT('',(1.174573035631,2.888500549198,
    -1.889999999999));
#4985 = CARTESIAN_POINT('',(0.970556106822,3.107605117772,
    -1.899999999999));
#4986 = CARTESIAN_POINT('',(0.970556106822,3.107605117772,
    -1.889999999999));
#4987 = CARTESIAN_POINT('',(0.786799905757,3.131807629728,
    -1.899999999999));
#4988 = CARTESIAN_POINT('',(0.786799905757,3.131807629728,
    -1.889999999999));
#4989 = CARTESIAN_POINT('',(0.694855164761,3.143917662915,
    -1.899999999999));
#4990 = CARTESIAN_POINT('',(0.694855164761,3.143917662915,
    -1.889999999999));
#4991 = ADVANCED_FACE('',(#4992),#5013,.F.);
#4992 = FACE_BOUND('',#4993,.F.);
#4993 = EDGE_LOOP('',(#4994,#5005,#5011,#5012));
#4994 = ORIENTED_EDGE('',*,*,#4995,.T.);
#4995 = EDGE_CURVE('',#4961,#4996,#4998,.T.);
#4996 = VERTEX_POINT('',#4997);
#4997 = CARTESIAN_POINT('',(0.734679859883,2.119527419013,
    -1.889999999999));
#4998 = B_SPLINE_CURVE_WITH_KNOTS('',3,(#4999,#5000,#5001,#5002,#5003,
    #5004),.UNSPECIFIED.,.F.,.F.,(4,1,1,4),(0.,0.334284794557,
    0.666627845532,0.999999999999),.UNSPECIFIED.);
#4999 = CARTESIAN_POINT('',(1.203429859883,2.612858211696,
    -1.889999999999));
#5000 = CARTESIAN_POINT('',(1.195269929326,2.527350525106,
    -1.889999999999));
#5001 = CARTESIAN_POINT('',(1.178997466398,2.356831836205,
    -1.889999999999));
#5002 = CARTESIAN_POINT('',(0.992149935909,2.149513943407,
    -1.889999999999));
#5003 = CARTESIAN_POINT('',(0.820591620355,2.129533222953,
    -1.889999999999));
#5004 = CARTESIAN_POINT('',(0.734679859883,2.119527419013,
    -1.889999999999));
#5005 = ORIENTED_EDGE('',*,*,#5006,.T.);
#5006 = EDGE_CURVE('',#4996,#574,#5007,.T.);
#5007 = LINE('',#5008,#5009);
#5008 = CARTESIAN_POINT('',(0.734679859883,2.119527419013,
    -1.899999999999));
#5009 = VECTOR('',#5010,1.);
#5010 = DIRECTION('',(0.,0.,-1.));
#5011 = ORIENTED_EDGE('',*,*,#583,.F.);
#5012 = ORIENTED_EDGE('',*,*,#4971,.F.);
#5013 = B_SPLINE_SURFACE_WITH_KNOTS('',3,1,(
    (#5014,#5015)
    ,(#5016,#5017)
    ,(#5018,#5019)
    ,(#5020,#5021)
    ,(#5022,#5023)
    ,(#5024,#5025
    )),.UNSPECIFIED.,.F.,.F.,.F.,(4,1,1,4),(2,2),(0.,0.333372154467,
    0.665715205442,0.999999999999),(0.,1.),.UNSPECIFIED.);
#5014 = CARTESIAN_POINT('',(0.734679859883,2.119527419013,
    -1.899999999999));
#5015 = CARTESIAN_POINT('',(0.734679859883,2.119527419013,
    -1.889999999999));
#5016 = CARTESIAN_POINT('',(0.820591620355,2.129533222953,
    -1.899999999999));
#5017 = CARTESIAN_POINT('',(0.820591620355,2.129533222953,
    -1.889999999999));
#5018 = CARTESIAN_POINT('',(0.992149935909,2.149513943407,
    -1.899999999999));
#5019 = CARTESIAN_POINT('',(0.992149935909,2.149513943407,
    -1.889999999999));
#5020 = CARTESIAN_POINT('',(1.178997466398,2.356831836205,
    -1.899999999999));
#5021 = CARTESIAN_POINT('',(1.178997466398,2.356831836205,
    -1.889999999999));
#5022 = CARTESIAN_POINT('',(1.195269929326,2.527350525106,
    -1.899999999999));
#5023 = CARTESIAN_POINT('',(1.195269929326,2.527350525106,
    -1.889999999999));
#5024 = CARTESIAN_POINT('',(1.203429859883,2.612858211696,
    -1.899999999999));
#5025 = CARTESIAN_POINT('',(1.203429859883,2.612858211696,
    -1.889999999999));
#5026 = ADVANCED_FACE('',(#5027),#5047,.F.);
#5027 = FACE_BOUND('',#5028,.F.);
#5028 = EDGE_LOOP('',(#5029,#5039,#5045,#5046));
#5029 = ORIENTED_EDGE('',*,*,#5030,.T.);
#5030 = EDGE_CURVE('',#4996,#5031,#5033,.T.);
#5031 = VERTEX_POINT('',#5032);
#5032 = CARTESIAN_POINT('',(0.459527420858,2.183551809257,
    -1.889999999999));
#5033 = B_SPLINE_CURVE_WITH_KNOTS('',3,(#5034,#5035,#5036,#5037,#5038),
  .UNSPECIFIED.,.F.,.F.,(4,1,4),(0.,0.440890142866,1.),.UNSPECIFIED.);
#5034 = CARTESIAN_POINT('',(0.734679859883,2.119527419013,
    -1.889999999999));
#5035 = CARTESIAN_POINT('',(0.692460049218,2.120704531264,
    -1.889999999999));
#5036 = CARTESIAN_POINT('',(0.596699662312,2.123374385127,
    -1.889999999999));
#5037 = CARTESIAN_POINT('',(0.508718535885,2.161971680792,
    -1.889999999999));
#5038 = CARTESIAN_POINT('',(0.459527420858,2.183551809257,
    -1.889999999999));
#5039 = ORIENTED_EDGE('',*,*,#5040,.T.);
#5040 = EDGE_CURVE('',#5031,#564,#5041,.T.);
#5041 = LINE('',#5042,#5043);
#5042 = CARTESIAN_POINT('',(0.459527420858,2.183551809257,
    -1.899999999999));
#5043 = VECTOR('',#5044,1.);
#5044 = DIRECTION('',(0.,0.,-1.));
#5045 = ORIENTED_EDGE('',*,*,#573,.F.);
#5046 = ORIENTED_EDGE('',*,*,#5006,.F.);
#5047 = B_SPLINE_SURFACE_WITH_KNOTS('',3,1,(
    (#5048,#5049)
    ,(#5050,#5051)
    ,(#5052,#5053)
    ,(#5054,#5055)
    ,(#5056,#5057
    )),.UNSPECIFIED.,.F.,.F.,.F.,(4,1,4),(2,2),(0.,0.559109857133,1.),(
    0.,1.),.UNSPECIFIED.);
#5048 = CARTESIAN_POINT('',(0.459527420858,2.183551809257,
    -1.899999999999));
#5049 = CARTESIAN_POINT('',(0.459527420858,2.183551809257,
    -1.889999999999));
#5050 = CARTESIAN_POINT('',(0.508718535885,2.161971680792,
    -1.899999999999));
#5051 = CARTESIAN_POINT('',(0.508718535885,2.161971680792,
    -1.889999999999));
#5052 = CARTESIAN_POINT('',(0.596699662312,2.123374385127,
    -1.899999999999));
#5053 = CARTESIAN_POINT('',(0.596699662312,2.123374385127,
    -1.889999999999));
#5054 = CARTESIAN_POINT('',(0.692460049218,2.120704531264,
    -1.899999999999));
#5055 = CARTESIAN_POINT('',(0.692460049218,2.120704531264,
    -1.889999999999));
#5056 = CARTESIAN_POINT('',(0.734679859883,2.119527419013,
    -1.899999999999));
#5057 = CARTESIAN_POINT('',(0.734679859883,2.119527419013,
    -1.889999999999));
#5058 = ADVANCED_FACE('',(#5059),#5077,.T.);
#5059 = FACE_BOUND('',#5060,.T.);
#5060 = EDGE_LOOP('',(#5061,#5062,#5063,#5071));
#5061 = ORIENTED_EDGE('',*,*,#5040,.T.);
#5062 = ORIENTED_EDGE('',*,*,#563,.T.);
#5063 = ORIENTED_EDGE('',*,*,#5064,.F.);
#5064 = EDGE_CURVE('',#5065,#554,#5067,.T.);
#5065 = VERTEX_POINT('',#5066);
#5066 = CARTESIAN_POINT('',(0.459527420858,2.293307906818,
    -1.889999999999));
#5067 = LINE('',#5068,#5069);
#5068 = CARTESIAN_POINT('',(0.459527420858,2.293307906818,
    -1.899999999999));
#5069 = VECTOR('',#5070,1.);
#5070 = DIRECTION('',(0.,0.,-1.));
#5071 = ORIENTED_EDGE('',*,*,#5072,.F.);
#5072 = EDGE_CURVE('',#5031,#5065,#5073,.T.);
#5073 = LINE('',#5074,#5075);
#5074 = CARTESIAN_POINT('',(0.459527420858,0.,-1.889999999999));
#5075 = VECTOR('',#5076,1.);
#5076 = DIRECTION('',(0.,1.,0.));
#5077 = PLANE('',#5078);
#5078 = AXIS2_PLACEMENT_3D('',#5079,#5080,#5081);
#5079 = CARTESIAN_POINT('',(0.459527420858,2.183551809257,
    -1.899999999999));
#5080 = DIRECTION('',(1.,8.89E-15,0.));
#5081 = DIRECTION('',(-8.89E-15,1.,0.));
#5082 = ADVANCED_FACE('',(#5083),#5103,.F.);
#5083 = FACE_BOUND('',#5084,.F.);
#5084 = EDGE_LOOP('',(#5085,#5095,#5101,#5102));
#5085 = ORIENTED_EDGE('',*,*,#5086,.T.);
#5086 = EDGE_CURVE('',#5065,#5087,#5089,.T.);
#5087 = VERTEX_POINT('',#5088);
#5088 = CARTESIAN_POINT('',(0.716196628175,2.229283516574,
    -1.889999999999));
#5089 = B_SPLINE_CURVE_WITH_KNOTS('',3,(#5090,#5091,#5092,#5093,#5094),
  .UNSPECIFIED.,.F.,.F.,(4,1,4),(0.,0.440010228626,0.999999999999),
  .UNSPECIFIED.);
#5090 = CARTESIAN_POINT('',(0.459527420858,2.293307906818,
    -1.889999999999));
#5091 = CARTESIAN_POINT('',(0.495047566471,2.275952833736,
    -1.889999999999));
#5092 = CARTESIAN_POINT('',(0.575773293515,2.236510402738,
    -1.889999999999));
#5093 = CARTESIAN_POINT('',(0.665788841845,2.231877753026,
    -1.889999999999));
#5094 = CARTESIAN_POINT('',(0.716196628175,2.229283516574,
    -1.889999999999));
#5095 = ORIENTED_EDGE('',*,*,#5096,.T.);
#5096 = EDGE_CURVE('',#5087,#544,#5097,.T.);
#5097 = LINE('',#5098,#5099);
#5098 = CARTESIAN_POINT('',(0.716196628175,2.229283516574,
    -1.899999999999));
#5099 = VECTOR('',#5100,1.);
#5100 = DIRECTION('',(0.,0.,-1.));
#5101 = ORIENTED_EDGE('',*,*,#553,.F.);
#5102 = ORIENTED_EDGE('',*,*,#5064,.F.);
#5103 = B_SPLINE_SURFACE_WITH_KNOTS('',3,1,(
    (#5104,#5105)
    ,(#5106,#5107)
    ,(#5108,#5109)
    ,(#5110,#5111)
    ,(#5112,#5113
    )),.UNSPECIFIED.,.F.,.F.,.F.,(4,1,4),(2,2),(0.,0.559989771373,
    0.999999999999),(0.,1.),.UNSPECIFIED.);
#5104 = CARTESIAN_POINT('',(0.716196628175,2.229283516574,
    -1.899999999999));
#5105 = CARTESIAN_POINT('',(0.716196628175,2.229283516574,
    -1.889999999999));
#5106 = CARTESIAN_POINT('',(0.665788841845,2.231877753026,
    -1.899999999999));
#5107 = CARTESIAN_POINT('',(0.665788841845,2.231877753026,
    -1.889999999999));
#5108 = CARTESIAN_POINT('',(0.575773293515,2.236510402738,
    -1.899999999999));
#5109 = CARTESIAN_POINT('',(0.575773293515,2.236510402738,
    -1.889999999999));
#5110 = CARTESIAN_POINT('',(0.495047566471,2.275952833736,
    -1.899999999999));
#5111 = CARTESIAN_POINT('',(0.495047566471,2.275952833736,
    -1.889999999999));
#5112 = CARTESIAN_POINT('',(0.459527420858,2.293307906818,
    -1.899999999999));
#5113 = CARTESIAN_POINT('',(0.459527420858,2.293307906818,
    -1.889999999999));
#5114 = ADVANCED_FACE('',(#5115),#5135,.F.);
#5115 = FACE_BOUND('',#5116,.F.);
#5116 = EDGE_LOOP('',(#5117,#5127,#5133,#5134));
#5117 = ORIENTED_EDGE('',*,*,#5118,.T.);
#5118 = EDGE_CURVE('',#5087,#5119,#5121,.T.);
#5119 = VERTEX_POINT('',#5120);
#5120 = CARTESIAN_POINT('',(1.069283518419,2.621051809257,
    -1.889999999999));
#5121 = B_SPLINE_CURVE_WITH_KNOTS('',3,(#5122,#5123,#5124,#5125,#5126),
  .UNSPECIFIED.,.F.,.F.,(4,1,4),(0.,0.440948198198,1.),.UNSPECIFIED.);
#5122 = CARTESIAN_POINT('',(0.716196628175,2.229283516574,
    -1.889999999999));
#5123 = CARTESIAN_POINT('',(0.806842787356,2.247979432858,
    -1.889999999999));
#5124 = CARTESIAN_POINT('',(1.012413780846,2.290378781263,
    -1.889999999999));
#5125 = CARTESIAN_POINT('',(1.048890912335,2.502477588763,
    -1.889999999999));
#5126 = CARTESIAN_POINT('',(1.069283518419,2.621051809257,
    -1.889999999999));
#5127 = ORIENTED_EDGE('',*,*,#5128,.T.);
#5128 = EDGE_CURVE('',#5119,#534,#5129,.T.);
#5129 = LINE('',#5130,#5131);
#5130 = CARTESIAN_POINT('',(1.069283518419,2.621051809257,
    -1.899999999999));
#5131 = VECTOR('',#5132,1.);
#5132 = DIRECTION('',(0.,0.,-1.));
#5133 = ORIENTED_EDGE('',*,*,#543,.F.);
#5134 = ORIENTED_EDGE('',*,*,#5096,.F.);
#5135 = B_SPLINE_SURFACE_WITH_KNOTS('',3,1,(
    (#5136,#5137)
    ,(#5138,#5139)
    ,(#5140,#5141)
    ,(#5142,#5143)
    ,(#5144,#5145
    )),.UNSPECIFIED.,.F.,.F.,.F.,(4,1,4),(2,2),(0.,0.559051801801,1.),(
    0.,1.),.UNSPECIFIED.);
#5136 = CARTESIAN_POINT('',(1.069283518419,2.621051809257,
    -1.899999999999));
#5137 = CARTESIAN_POINT('',(1.069283518419,2.621051809257,
    -1.889999999999));
#5138 = CARTESIAN_POINT('',(1.048890912335,2.502477588763,
    -1.899999999999));
#5139 = CARTESIAN_POINT('',(1.048890912335,2.502477588763,
    -1.889999999999));
#5140 = CARTESIAN_POINT('',(1.012413780846,2.290378781263,
    -1.899999999999));
#5141 = CARTESIAN_POINT('',(1.012413780846,2.290378781263,
    -1.889999999999));
#5142 = CARTESIAN_POINT('',(0.806842787356,2.247979432858,
    -1.899999999999));
#5143 = CARTESIAN_POINT('',(0.806842787356,2.247979432858,
    -1.889999999999));
#5144 = CARTESIAN_POINT('',(0.716196628175,2.229283516574,
    -1.899999999999));
#5145 = CARTESIAN_POINT('',(0.716196628175,2.229283516574,
    -1.889999999999));
#5146 = ADVANCED_FACE('',(#5147),#5160,.F.);
#5147 = FACE_BOUND('',#5148,.F.);
#5148 = EDGE_LOOP('',(#5149,#5150,#5151,#5152));
#5149 = ORIENTED_EDGE('',*,*,#4884,.T.);
#5150 = ORIENTED_EDGE('',*,*,#533,.F.);
#5151 = ORIENTED_EDGE('',*,*,#5128,.F.);
#5152 = ORIENTED_EDGE('',*,*,#5153,.T.);
#5153 = EDGE_CURVE('',#5119,#4866,#5154,.T.);
#5154 = B_SPLINE_CURVE_WITH_KNOTS('',3,(#5155,#5156,#5157,#5158,#5159),
  .UNSPECIFIED.,.F.,.F.,(4,1,4),(0.,0.44618891039,1.),.UNSPECIFIED.);
#5155 = CARTESIAN_POINT('',(1.069283518419,2.621051809257,
    -1.889999999999));
#5156 = CARTESIAN_POINT('',(1.057690042455,2.719023240813,
    -1.889999999999));
#5157 = CARTESIAN_POINT('',(1.031706707383,2.938597123701,
    -1.889999999999));
#5158 = CARTESIAN_POINT('',(0.814180370002,3.00010037998,-1.889999999999
    ));
#5159 = CARTESIAN_POINT('',(0.693711872078,3.034161565354,
    -1.889999999999));
#5160 = B_SPLINE_SURFACE_WITH_KNOTS('',3,1,(
    (#5161,#5162)
    ,(#5163,#5164)
    ,(#5165,#5166)
    ,(#5167,#5168)
    ,(#5169,#5170
    )),.UNSPECIFIED.,.F.,.F.,.F.,(4,1,4),(2,2),(0.,0.553811089609,1.),(
    0.,1.),.UNSPECIFIED.);
#5161 = CARTESIAN_POINT('',(0.693711872078,3.034161565354,
    -1.899999999999));
#5162 = CARTESIAN_POINT('',(0.693711872078,3.034161565354,
    -1.889999999999));
#5163 = CARTESIAN_POINT('',(0.814180370002,3.00010037998,-1.899999999999
    ));
#5164 = CARTESIAN_POINT('',(0.814180370002,3.00010037998,-1.889999999999
    ));
#5165 = CARTESIAN_POINT('',(1.031706707383,2.938597123701,
    -1.899999999999));
#5166 = CARTESIAN_POINT('',(1.031706707383,2.938597123701,
    -1.889999999999));
#5167 = CARTESIAN_POINT('',(1.057690042455,2.719023240813,
    -1.899999999999));
#5168 = CARTESIAN_POINT('',(1.057690042455,2.719023240813,
    -1.889999999999));
#5169 = CARTESIAN_POINT('',(1.069283518419,2.621051809257,
    -1.899999999999));
#5170 = CARTESIAN_POINT('',(1.069283518419,2.621051809257,
    -1.889999999999));
#5171 = ADVANCED_FACE('',(#5172),#5184,.F.);
#5172 = FACE_BOUND('',#5173,.T.);
#5173 = EDGE_LOOP('',(#5174,#5175,#5176,#5177,#5178,#5179,#5180,#5181,
    #5182,#5183));
#5174 = ORIENTED_EDGE('',*,*,#5118,.T.);
#5175 = ORIENTED_EDGE('',*,*,#5153,.T.);
#5176 = ORIENTED_EDGE('',*,*,#4865,.T.);
#5177 = ORIENTED_EDGE('',*,*,#4914,.T.);
#5178 = ORIENTED_EDGE('',*,*,#4928,.T.);
#5179 = ORIENTED_EDGE('',*,*,#4960,.T.);
#5180 = ORIENTED_EDGE('',*,*,#4995,.T.);
#5181 = ORIENTED_EDGE('',*,*,#5030,.T.);
#5182 = ORIENTED_EDGE('',*,*,#5072,.T.);
#5183 = ORIENTED_EDGE('',*,*,#5086,.T.);
#5184 = PLANE('',#5185);
#5185 = AXIS2_PLACEMENT_3D('',#5186,#5187,#5188);
#5186 = CARTESIAN_POINT('',(0.,0.,-1.889999999999));
#5187 = DIRECTION('',(0.,0.,1.));
#5188 = DIRECTION('',(1.,0.,-0.));
#5189 = ADVANCED_FACE('',(#5190),#5215,.T.);
#5190 = FACE_BOUND('',#5191,.T.);
#5191 = EDGE_LOOP('',(#5192,#5200,#5201,#5209));
#5192 = ORIENTED_EDGE('',*,*,#5193,.T.);
#5193 = EDGE_CURVE('',#5194,#110,#5196,.T.);
#5194 = VERTEX_POINT('',#5195);
#5195 = CARTESIAN_POINT('',(1.800990835492,3.131722540964,
    -1.889999999999));
#5196 = LINE('',#5197,#5198);
#5197 = CARTESIAN_POINT('',(1.800990835492,3.131722540964,
    -1.899999999999));
#5198 = VECTOR('',#5199,1.);
#5199 = DIRECTION('',(0.,0.,-1.));
#5200 = ORIENTED_EDGE('',*,*,#109,.T.);
#5201 = ORIENTED_EDGE('',*,*,#5202,.F.);
#5202 = EDGE_CURVE('',#5203,#98,#5205,.T.);
#5203 = VERTEX_POINT('',#5204);
#5204 = CARTESIAN_POINT('',(1.800990835492,2.131722540964,
    -1.889999999999));
#5205 = LINE('',#5206,#5207);
#5206 = CARTESIAN_POINT('',(1.800990835492,2.131722540964,
    -1.899999999999));
#5207 = VECTOR('',#5208,1.);
#5208 = DIRECTION('',(0.,0.,-1.));
#5209 = ORIENTED_EDGE('',*,*,#5210,.F.);
#5210 = EDGE_CURVE('',#5194,#5203,#5211,.T.);
#5211 = LINE('',#5212,#5213);
#5212 = CARTESIAN_POINT('',(1.800990835492,0.,-1.889999999999));
#5213 = VECTOR('',#5214,1.);
#5214 = DIRECTION('',(0.,-1.,0.));
#5215 = PLANE('',#5216);
#5216 = AXIS2_PLACEMENT_3D('',#5217,#5218,#5219);
#5217 = CARTESIAN_POINT('',(1.800990835492,3.131722540964,
    -1.899999999999));
#5218 = DIRECTION('',(-1.,5.2E-15,0.));
#5219 = DIRECTION('',(-5.2E-15,-1.,0.));
#5220 = ADVANCED_FACE('',(#5221),#5239,.T.);
#5221 = FACE_BOUND('',#5222,.T.);
#5222 = EDGE_LOOP('',(#5223,#5224,#5225,#5233));
#5223 = ORIENTED_EDGE('',*,*,#5202,.T.);
#5224 = ORIENTED_EDGE('',*,*,#97,.T.);
#5225 = ORIENTED_EDGE('',*,*,#5226,.F.);
#5226 = EDGE_CURVE('',#5227,#100,#5229,.T.);
#5227 = VERTEX_POINT('',#5228);
#5228 = CARTESIAN_POINT('',(1.288795713541,2.131722540964,
    -1.889999999999));
#5229 = LINE('',#5230,#5231);
#5230 = CARTESIAN_POINT('',(1.288795713541,2.131722540964,
    -1.899999999999));
#5231 = VECTOR('',#5232,1.);
#5232 = DIRECTION('',(0.,0.,-1.));
#5233 = ORIENTED_EDGE('',*,*,#5234,.F.);
#5234 = EDGE_CURVE('',#5203,#5227,#5235,.T.);
#5235 = LINE('',#5236,#5237);
#5236 = CARTESIAN_POINT('',(0.,2.131722540964,-1.889999999999));
#5237 = VECTOR('',#5238,1.);
#5238 = DIRECTION('',(-1.,0.,0.));
#5239 = PLANE('',#5240);
#5240 = AXIS2_PLACEMENT_3D('',#5241,#5242,#5243);
#5241 = CARTESIAN_POINT('',(1.800990835492,2.131722540964,
    -1.899999999999));
#5242 = DIRECTION('',(5.08E-15,1.,0.));
#5243 = DIRECTION('',(-1.,5.08E-15,0.));
#5244 = ADVANCED_FACE('',(#5245),#5263,.T.);
#5245 = FACE_BOUND('',#5246,.T.);
#5246 = EDGE_LOOP('',(#5247,#5248,#5249,#5257));
#5247 = ORIENTED_EDGE('',*,*,#5226,.T.);
#5248 = ORIENTED_EDGE('',*,*,#153,.T.);
#5249 = ORIENTED_EDGE('',*,*,#5250,.F.);
#5250 = EDGE_CURVE('',#5251,#144,#5253,.T.);
#5251 = VERTEX_POINT('',#5252);
#5252 = CARTESIAN_POINT('',(1.288795713541,2.241478638525,
    -1.889999999999));
#5253 = LINE('',#5254,#5255);
#5254 = CARTESIAN_POINT('',(1.288795713541,2.241478638525,
    -1.899999999999));
#5255 = VECTOR('',#5256,1.);
#5256 = DIRECTION('',(0.,0.,-1.));
#5257 = ORIENTED_EDGE('',*,*,#5258,.F.);
#5258 = EDGE_CURVE('',#5227,#5251,#5259,.T.);
#5259 = LINE('',#5260,#5261);
#5260 = CARTESIAN_POINT('',(1.288795713541,0.,-1.889999999999));
#5261 = VECTOR('',#5262,1.);
#5262 = DIRECTION('',(0.,1.,0.));
#5263 = PLANE('',#5264);
#5264 = AXIS2_PLACEMENT_3D('',#5265,#5266,#5267);
#5265 = CARTESIAN_POINT('',(1.288795713541,2.131722540964,
    -1.899999999999));
#5266 = DIRECTION('',(1.,0.,0.));
#5267 = DIRECTION('',(-0.,1.,0.));
#5268 = ADVANCED_FACE('',(#5269),#5287,.T.);
#5269 = FACE_BOUND('',#5270,.T.);
#5270 = EDGE_LOOP('',(#5271,#5272,#5273,#5281));
#5271 = ORIENTED_EDGE('',*,*,#5250,.T.);
#5272 = ORIENTED_EDGE('',*,*,#143,.T.);
#5273 = ORIENTED_EDGE('',*,*,#5274,.F.);
#5274 = EDGE_CURVE('',#5275,#132,#5277,.T.);
#5275 = VERTEX_POINT('',#5276);
#5276 = CARTESIAN_POINT('',(1.666844494029,2.241478638525,
    -1.889999999999));
#5277 = LINE('',#5278,#5279);
#5278 = CARTESIAN_POINT('',(1.666844494029,2.241478638525,
    -1.899999999999));
#5279 = VECTOR('',#5280,1.);
#5280 = DIRECTION('',(0.,0.,-1.));
#5281 = ORIENTED_EDGE('',*,*,#5282,.F.);
#5282 = EDGE_CURVE('',#5251,#5275,#5283,.T.);
#5283 = LINE('',#5284,#5285);
#5284 = CARTESIAN_POINT('',(0.,2.241478638525,-1.889999999999));
#5285 = VECTOR('',#5286,1.);
#5286 = DIRECTION('',(1.,0.,0.));
#5287 = PLANE('',#5288);
#5288 = AXIS2_PLACEMENT_3D('',#5289,#5290,#5291);
#5289 = CARTESIAN_POINT('',(1.288795713541,2.241478638525,
    -1.899999999999));
#5290 = DIRECTION('',(0.,-1.,0.));
#5291 = DIRECTION('',(1.,0.,0.));
#5292 = ADVANCED_FACE('',(#5293),#5311,.T.);
#5293 = FACE_BOUND('',#5294,.T.);
#5294 = EDGE_LOOP('',(#5295,#5296,#5297,#5305));
#5295 = ORIENTED_EDGE('',*,*,#5274,.T.);
#5296 = ORIENTED_EDGE('',*,*,#131,.T.);
#5297 = ORIENTED_EDGE('',*,*,#5298,.F.);
#5298 = EDGE_CURVE('',#5299,#122,#5301,.T.);
#5299 = VERTEX_POINT('',#5300);
#5300 = CARTESIAN_POINT('',(1.666844494029,3.131722540964,
    -1.889999999999));
#5301 = LINE('',#5302,#5303);
#5302 = CARTESIAN_POINT('',(1.666844494029,3.131722540964,
    -1.899999999999));
#5303 = VECTOR('',#5304,1.);
#5304 = DIRECTION('',(0.,0.,-1.));
#5305 = ORIENTED_EDGE('',*,*,#5306,.F.);
#5306 = EDGE_CURVE('',#5275,#5299,#5307,.T.);
#5307 = LINE('',#5308,#5309);
#5308 = CARTESIAN_POINT('',(1.666844494029,0.,-1.889999999999));
#5309 = VECTOR('',#5310,1.);
#5310 = DIRECTION('',(0.,1.,0.));
#5311 = PLANE('',#5312);
#5312 = AXIS2_PLACEMENT_3D('',#5313,#5314,#5315);
#5313 = CARTESIAN_POINT('',(1.666844494029,2.241478638525,
    -1.899999999999));
#5314 = DIRECTION('',(1.,2.92E-15,0.));
#5315 = DIRECTION('',(-2.92E-15,1.,0.));
#5316 = ADVANCED_FACE('',(#5317),#5328,.T.);
#5317 = FACE_BOUND('',#5318,.T.);
#5318 = EDGE_LOOP('',(#5319,#5325,#5326,#5327));
#5319 = ORIENTED_EDGE('',*,*,#5320,.F.);
#5320 = EDGE_CURVE('',#5299,#5194,#5321,.T.);
#5321 = LINE('',#5322,#5323);
#5322 = CARTESIAN_POINT('',(0.,3.131722540964,-1.889999999999));
#5323 = VECTOR('',#5324,1.);
#5324 = DIRECTION('',(1.,0.,0.));
#5325 = ORIENTED_EDGE('',*,*,#5298,.T.);
#5326 = ORIENTED_EDGE('',*,*,#121,.T.);
#5327 = ORIENTED_EDGE('',*,*,#5193,.F.);
#5328 = PLANE('',#5329);
#5329 = AXIS2_PLACEMENT_3D('',#5330,#5331,#5332);
#5330 = CARTESIAN_POINT('',(1.666844494029,3.131722540964,
    -1.899999999999));
#5331 = DIRECTION('',(-3.879E-14,-1.,0.));
#5332 = DIRECTION('',(1.,-3.879E-14,0.));
#5333 = ADVANCED_FACE('',(#5334),#5342,.F.);
#5334 = FACE_BOUND('',#5335,.T.);
#5335 = EDGE_LOOP('',(#5336,#5337,#5338,#5339,#5340,#5341));
#5336 = ORIENTED_EDGE('',*,*,#5306,.T.);
#5337 = ORIENTED_EDGE('',*,*,#5320,.T.);
#5338 = ORIENTED_EDGE('',*,*,#5210,.T.);
#5339 = ORIENTED_EDGE('',*,*,#5234,.T.);
#5340 = ORIENTED_EDGE('',*,*,#5258,.T.);
#5341 = ORIENTED_EDGE('',*,*,#5282,.T.);
#5342 = PLANE('',#5343);
#5343 = AXIS2_PLACEMENT_3D('',#5344,#5345,#5346);
#5344 = CARTESIAN_POINT('',(0.,0.,-1.889999999999));
#5345 = DIRECTION('',(0.,0.,1.));
#5346 = DIRECTION('',(1.,0.,-0.));
#5347 = ADVANCED_FACE('',(#5348),#5355,.F.);
#5348 = FACE_BOUND('',#5349,.T.);
#5349 = EDGE_LOOP('',(#5350,#5351,#5352,#5353,#5354));
#5350 = ORIENTED_EDGE('',*,*,#4084,.F.);
#5351 = ORIENTED_EDGE('',*,*,#4110,.F.);
#5352 = ORIENTED_EDGE('',*,*,#4136,.F.);
#5353 = ORIENTED_EDGE('',*,*,#4162,.F.);
#5354 = ORIENTED_EDGE('',*,*,#4186,.F.);
#5355 = PLANE('',#5356);
#5356 = AXIS2_PLACEMENT_3D('',#5357,#5358,#5359);
#5357 = CARTESIAN_POINT('',(0.,0.,-1.899999999999));
#5358 = DIRECTION('',(0.,0.,1.));
#5359 = DIRECTION('',(1.,0.,-0.));
#5360 = ADVANCED_FACE('',(#5361),#5368,.F.);
#5361 = FACE_BOUND('',#5362,.T.);
#5362 = EDGE_LOOP('',(#5363,#5364,#5365,#5366,#5367));
#5363 = ORIENTED_EDGE('',*,*,#4428,.F.);
#5364 = ORIENTED_EDGE('',*,*,#4460,.F.);
#5365 = ORIENTED_EDGE('',*,*,#4486,.F.);
#5366 = ORIENTED_EDGE('',*,*,#4513,.F.);
#5367 = ORIENTED_EDGE('',*,*,#4531,.F.);
#5368 = PLANE('',#5369);
#5369 = AXIS2_PLACEMENT_3D('',#5370,#5371,#5372);
#5370 = CARTESIAN_POINT('',(0.,0.,-1.899999999999));
#5371 = DIRECTION('',(0.,0.,1.));
#5372 = DIRECTION('',(1.,0.,-0.));
#5373 = ( GEOMETRIC_REPRESENTATION_CONTEXT(3) 
GLOBAL_UNCERTAINTY_ASSIGNED_CONTEXT((#5377)) 
GLOBAL_UNIT_ASSIGNED_CONTEXT((#5374,#5375,#5376)) REPRESENTATION_CONTEXT
('Context #1','3D Context with UNIT and UNCERTAINTY') );
#5374 = ( LENGTH_UNIT() NAMED_UNIT(*) SI_UNIT(.MILLI.,.METRE.) );
#5375 = ( NAMED_UNIT(*) PLANE_ANGLE_UNIT() SI_UNIT($,.RADIAN.) );
#5376 = ( NAMED_UNIT(*) SI_UNIT($,.STERADIAN.) SOLID_ANGLE_UNIT() );
#5377 = UNCERTAINTY_MEASURE_WITH_UNIT(LENGTH_MEASURE(2.E-06),#5374,
  'distance_accuracy_value','confusion accuracy');
#5378 = PRODUCT_RELATED_PRODUCT_CATEGORY('part',$,(#7));
#5379 = MECHANICAL_DESIGN_GEOMETRIC_PRESENTATION_REPRESENTATION('',(
    #5380,#5391,#5399,#5406,#5413,#5420,#5427,#5434,#5441,#5448,#5455,
    #5462,#5469,#5476,#5483,#5490,#5497,#5504,#5511,#5518,#5525,#5532,
    #5539,#5546,#5553,#5560,#5567,#5574,#5581,#5588,#5595,#5602,#5609,
    #5616,#5623,#5630,#5637,#5644,#5651,#5658,#5665,#5672,#5679,#5686,
    #5693,#5700,#5707,#5714,#5721,#5728,#5735,#5742,#5749,#5756,#5763,
    #5770,#5777),#5373);
#5380 = STYLED_ITEM('color',(#5381),#15);
#5381 = PRESENTATION_STYLE_ASSIGNMENT((#5382,#5388));
#5382 = SURFACE_STYLE_USAGE(.BOTH.,#5383);
#5383 = SURFACE_SIDE_STYLE('',(#5384));
#5384 = SURFACE_STYLE_FILL_AREA(#5385);
#5385 = FILL_AREA_STYLE('',(#5386));
#5386 = FILL_AREA_STYLE_COLOUR('',#5387);
#5387 = COLOUR_RGB('',0.752941202324,0.752941202324,0.752941202324);
#5388 = CURVE_STYLE('',#5389,POSITIVE_LENGTH_MEASURE(0.1),#5390);
#5389 = DRAUGHTING_PRE_DEFINED_CURVE_FONT('continuous');
#5390 = COLOUR_RGB('',9.803921802644E-02,9.803921802644E-02,
  9.803921802644E-02);
#5391 = OVER_RIDING_STYLED_ITEM('overriding color',(#5392),#3791,#5380);
#5392 = PRESENTATION_STYLE_ASSIGNMENT((#5393));
#5393 = SURFACE_STYLE_USAGE(.BOTH.,#5394);
#5394 = SURFACE_SIDE_STYLE('',(#5395));
#5395 = SURFACE_STYLE_FILL_AREA(#5396);
#5396 = FILL_AREA_STYLE('',(#5397));
#5397 = FILL_AREA_STYLE_COLOUR('',#5398);
#5398 = COLOUR_RGB('',0.501960817233,0.501960817233,0.501960817233);
#5399 = OVER_RIDING_STYLED_ITEM('overriding color',(#5400),#3824,#5380);
#5400 = PRESENTATION_STYLE_ASSIGNMENT((#5401));
#5401 = SURFACE_STYLE_USAGE(.BOTH.,#5402);
#5402 = SURFACE_SIDE_STYLE('',(#5403));
#5403 = SURFACE_STYLE_FILL_AREA(#5404);
#5404 = FILL_AREA_STYLE('',(#5405));
#5405 = FILL_AREA_STYLE_COLOUR('',#5398);
#5406 = OVER_RIDING_STYLED_ITEM('overriding color',(#5407),#3848,#5380);
#5407 = PRESENTATION_STYLE_ASSIGNMENT((#5408));
#5408 = SURFACE_STYLE_USAGE(.BOTH.,#5409);
#5409 = SURFACE_SIDE_STYLE('',(#5410));
#5410 = SURFACE_STYLE_FILL_AREA(#5411);
#5411 = FILL_AREA_STYLE('',(#5412));
#5412 = FILL_AREA_STYLE_COLOUR('',#5398);
#5413 = OVER_RIDING_STYLED_ITEM('overriding color',(#5414),#3874,#5380);
#5414 = PRESENTATION_STYLE_ASSIGNMENT((#5415));
#5415 = SURFACE_STYLE_USAGE(.BOTH.,#5416);
#5416 = SURFACE_SIDE_STYLE('',(#5417));
#5417 = SURFACE_STYLE_FILL_AREA(#5418);
#5418 = FILL_AREA_STYLE('',(#5419));
#5419 = FILL_AREA_STYLE_COLOUR('',#5398);
#5420 = OVER_RIDING_STYLED_ITEM('overriding color',(#5421),#3898,#5380);
#5421 = PRESENTATION_STYLE_ASSIGNMENT((#5422));
#5422 = SURFACE_STYLE_USAGE(.BOTH.,#5423);
#5423 = SURFACE_SIDE_STYLE('',(#5424));
#5424 = SURFACE_STYLE_FILL_AREA(#5425);
#5425 = FILL_AREA_STYLE('',(#5426));
#5426 = FILL_AREA_STYLE_COLOUR('',#5398);
#5427 = OVER_RIDING_STYLED_ITEM('overriding color',(#5428),#3927,#5380);
#5428 = PRESENTATION_STYLE_ASSIGNMENT((#5429));
#5429 = SURFACE_STYLE_USAGE(.BOTH.,#5430);
#5430 = SURFACE_SIDE_STYLE('',(#5431));
#5431 = SURFACE_STYLE_FILL_AREA(#5432);
#5432 = FILL_AREA_STYLE('',(#5433));
#5433 = FILL_AREA_STYLE_COLOUR('',#5398);
#5434 = OVER_RIDING_STYLED_ITEM('overriding color',(#5435),#3951,#5380);
#5435 = PRESENTATION_STYLE_ASSIGNMENT((#5436));
#5436 = SURFACE_STYLE_USAGE(.BOTH.,#5437);
#5437 = SURFACE_SIDE_STYLE('',(#5438));
#5438 = SURFACE_STYLE_FILL_AREA(#5439);
#5439 = FILL_AREA_STYLE('',(#5440));
#5440 = FILL_AREA_STYLE_COLOUR('',#5398);
#5441 = OVER_RIDING_STYLED_ITEM('overriding color',(#5442),#3980,#5380);
#5442 = PRESENTATION_STYLE_ASSIGNMENT((#5443));
#5443 = SURFACE_STYLE_USAGE(.BOTH.,#5444);
#5444 = SURFACE_SIDE_STYLE('',(#5445));
#5445 = SURFACE_STYLE_FILL_AREA(#5446);
#5446 = FILL_AREA_STYLE('',(#5447));
#5447 = FILL_AREA_STYLE_COLOUR('',#5398);
#5448 = OVER_RIDING_STYLED_ITEM('overriding color',(#5449),#3997,#5380);
#5449 = PRESENTATION_STYLE_ASSIGNMENT((#5450));
#5450 = SURFACE_STYLE_USAGE(.BOTH.,#5451);
#5451 = SURFACE_SIDE_STYLE('',(#5452));
#5452 = SURFACE_STYLE_FILL_AREA(#5453);
#5453 = FILL_AREA_STYLE('',(#5454));
#5454 = FILL_AREA_STYLE_COLOUR('',#5398);
#5455 = OVER_RIDING_STYLED_ITEM('overriding color',(#5456),#4063,#5380);
#5456 = PRESENTATION_STYLE_ASSIGNMENT((#5457));
#5457 = SURFACE_STYLE_USAGE(.BOTH.,#5458);
#5458 = SURFACE_SIDE_STYLE('',(#5459));
#5459 = SURFACE_STYLE_FILL_AREA(#5460);
#5460 = FILL_AREA_STYLE('',(#5461));
#5461 = FILL_AREA_STYLE_COLOUR('',#5398);
#5462 = OVER_RIDING_STYLED_ITEM('overriding color',(#5463),#4096,#5380);
#5463 = PRESENTATION_STYLE_ASSIGNMENT((#5464));
#5464 = SURFACE_STYLE_USAGE(.BOTH.,#5465);
#5465 = SURFACE_SIDE_STYLE('',(#5466));
#5466 = SURFACE_STYLE_FILL_AREA(#5467);
#5467 = FILL_AREA_STYLE('',(#5468));
#5468 = FILL_AREA_STYLE_COLOUR('',#5398);
#5469 = OVER_RIDING_STYLED_ITEM('overriding color',(#5470),#4122,#5380);
#5470 = PRESENTATION_STYLE_ASSIGNMENT((#5471));
#5471 = SURFACE_STYLE_USAGE(.BOTH.,#5472);
#5472 = SURFACE_SIDE_STYLE('',(#5473));
#5473 = SURFACE_STYLE_FILL_AREA(#5474);
#5474 = FILL_AREA_STYLE('',(#5475));
#5475 = FILL_AREA_STYLE_COLOUR('',#5398);
#5476 = OVER_RIDING_STYLED_ITEM('overriding color',(#5477),#4148,#5380);
#5477 = PRESENTATION_STYLE_ASSIGNMENT((#5478));
#5478 = SURFACE_STYLE_USAGE(.BOTH.,#5479);
#5479 = SURFACE_SIDE_STYLE('',(#5480));
#5480 = SURFACE_STYLE_FILL_AREA(#5481);
#5481 = FILL_AREA_STYLE('',(#5482));
#5482 = FILL_AREA_STYLE_COLOUR('',#5398);
#5483 = OVER_RIDING_STYLED_ITEM('overriding color',(#5484),#4180,#5380);
#5484 = PRESENTATION_STYLE_ASSIGNMENT((#5485));
#5485 = SURFACE_STYLE_USAGE(.BOTH.,#5486);
#5486 = SURFACE_SIDE_STYLE('',(#5487));
#5487 = SURFACE_STYLE_FILL_AREA(#5488);
#5488 = FILL_AREA_STYLE('',(#5489));
#5489 = FILL_AREA_STYLE_COLOUR('',#5398);
#5490 = OVER_RIDING_STYLED_ITEM('overriding color',(#5491),#4205,#5380);
#5491 = PRESENTATION_STYLE_ASSIGNMENT((#5492));
#5492 = SURFACE_STYLE_USAGE(.BOTH.,#5493);
#5493 = SURFACE_SIDE_STYLE('',(#5494));
#5494 = SURFACE_STYLE_FILL_AREA(#5495);
#5495 = FILL_AREA_STYLE('',(#5496));
#5496 = FILL_AREA_STYLE_COLOUR('',#5398);
#5497 = OVER_RIDING_STYLED_ITEM('overriding color',(#5498),#4236,#5380);
#5498 = PRESENTATION_STYLE_ASSIGNMENT((#5499));
#5499 = SURFACE_STYLE_USAGE(.BOTH.,#5500);
#5500 = SURFACE_SIDE_STYLE('',(#5501));
#5501 = SURFACE_STYLE_FILL_AREA(#5502);
#5502 = FILL_AREA_STYLE('',(#5503));
#5503 = FILL_AREA_STYLE_COLOUR('',#5398);
#5504 = OVER_RIDING_STYLED_ITEM('overriding color',(#5505),#4260,#5380);
#5505 = PRESENTATION_STYLE_ASSIGNMENT((#5506));
#5506 = SURFACE_STYLE_USAGE(.BOTH.,#5507);
#5507 = SURFACE_SIDE_STYLE('',(#5508));
#5508 = SURFACE_STYLE_FILL_AREA(#5509);
#5509 = FILL_AREA_STYLE('',(#5510));
#5510 = FILL_AREA_STYLE_COLOUR('',#5398);
#5511 = OVER_RIDING_STYLED_ITEM('overriding color',(#5512),#4295,#5380);
#5512 = PRESENTATION_STYLE_ASSIGNMENT((#5513));
#5513 = SURFACE_STYLE_USAGE(.BOTH.,#5514);
#5514 = SURFACE_SIDE_STYLE('',(#5515));
#5515 = SURFACE_STYLE_FILL_AREA(#5516);
#5516 = FILL_AREA_STYLE('',(#5517));
#5517 = FILL_AREA_STYLE_COLOUR('',#5398);
#5518 = OVER_RIDING_STYLED_ITEM('overriding color',(#5519),#4330,#5380);
#5519 = PRESENTATION_STYLE_ASSIGNMENT((#5520));
#5520 = SURFACE_STYLE_USAGE(.BOTH.,#5521);
#5521 = SURFACE_SIDE_STYLE('',(#5522));
#5522 = SURFACE_STYLE_FILL_AREA(#5523);
#5523 = FILL_AREA_STYLE('',(#5524));
#5524 = FILL_AREA_STYLE_COLOUR('',#5398);
#5525 = OVER_RIDING_STYLED_ITEM('overriding color',(#5526),#4347,#5380);
#5526 = PRESENTATION_STYLE_ASSIGNMENT((#5527));
#5527 = SURFACE_STYLE_USAGE(.BOTH.,#5528);
#5528 = SURFACE_SIDE_STYLE('',(#5529));
#5529 = SURFACE_STYLE_FILL_AREA(#5530);
#5530 = FILL_AREA_STYLE('',(#5531));
#5531 = FILL_AREA_STYLE_COLOUR('',#5398);
#5532 = OVER_RIDING_STYLED_ITEM('overriding color',(#5533),#4407,#5380);
#5533 = PRESENTATION_STYLE_ASSIGNMENT((#5534));
#5534 = SURFACE_STYLE_USAGE(.BOTH.,#5535);
#5535 = SURFACE_SIDE_STYLE('',(#5536));
#5536 = SURFACE_STYLE_FILL_AREA(#5537);
#5537 = FILL_AREA_STYLE('',(#5538));
#5538 = FILL_AREA_STYLE_COLOUR('',#5398);
#5539 = OVER_RIDING_STYLED_ITEM('overriding color',(#5540),#4446,#5380);
#5540 = PRESENTATION_STYLE_ASSIGNMENT((#5541));
#5541 = SURFACE_STYLE_USAGE(.BOTH.,#5542);
#5542 = SURFACE_SIDE_STYLE('',(#5543));
#5543 = SURFACE_STYLE_FILL_AREA(#5544);
#5544 = FILL_AREA_STYLE('',(#5545));
#5545 = FILL_AREA_STYLE_COLOUR('',#5398);
#5546 = OVER_RIDING_STYLED_ITEM('overriding color',(#5547),#4472,#5380);
#5547 = PRESENTATION_STYLE_ASSIGNMENT((#5548));
#5548 = SURFACE_STYLE_USAGE(.BOTH.,#5549);
#5549 = SURFACE_SIDE_STYLE('',(#5550));
#5550 = SURFACE_STYLE_FILL_AREA(#5551);
#5551 = FILL_AREA_STYLE('',(#5552));
#5552 = FILL_AREA_STYLE_COLOUR('',#5398);
#5553 = OVER_RIDING_STYLED_ITEM('overriding color',(#5554),#4499,#5380);
#5554 = PRESENTATION_STYLE_ASSIGNMENT((#5555));
#5555 = SURFACE_STYLE_USAGE(.BOTH.,#5556);
#5556 = SURFACE_SIDE_STYLE('',(#5557));
#5557 = SURFACE_STYLE_FILL_AREA(#5558);
#5558 = FILL_AREA_STYLE('',(#5559));
#5559 = FILL_AREA_STYLE_COLOUR('',#5398);
#5560 = OVER_RIDING_STYLED_ITEM('overriding color',(#5561),#4525,#5380);
#5561 = PRESENTATION_STYLE_ASSIGNMENT((#5562));
#5562 = SURFACE_STYLE_USAGE(.BOTH.,#5563);
#5563 = SURFACE_SIDE_STYLE('',(#5564));
#5564 = SURFACE_STYLE_FILL_AREA(#5565);
#5565 = FILL_AREA_STYLE('',(#5566));
#5566 = FILL_AREA_STYLE_COLOUR('',#5398);
#5567 = OVER_RIDING_STYLED_ITEM('overriding color',(#5568),#4553,#5380);
#5568 = PRESENTATION_STYLE_ASSIGNMENT((#5569));
#5569 = SURFACE_STYLE_USAGE(.BOTH.,#5570);
#5570 = SURFACE_SIDE_STYLE('',(#5571));
#5571 = SURFACE_STYLE_FILL_AREA(#5572);
#5572 = FILL_AREA_STYLE('',(#5573));
#5573 = FILL_AREA_STYLE_COLOUR('',#5398);
#5574 = OVER_RIDING_STYLED_ITEM('overriding color',(#5575),#4584,#5380);
#5575 = PRESENTATION_STYLE_ASSIGNMENT((#5576));
#5576 = SURFACE_STYLE_USAGE(.BOTH.,#5577);
#5577 = SURFACE_SIDE_STYLE('',(#5578));
#5578 = SURFACE_STYLE_FILL_AREA(#5579);
#5579 = FILL_AREA_STYLE('',(#5580));
#5580 = FILL_AREA_STYLE_COLOUR('',#5398);
#5581 = OVER_RIDING_STYLED_ITEM('overriding color',(#5582),#4608,#5380);
#5582 = PRESENTATION_STYLE_ASSIGNMENT((#5583));
#5583 = SURFACE_STYLE_USAGE(.BOTH.,#5584);
#5584 = SURFACE_SIDE_STYLE('',(#5585));
#5585 = SURFACE_STYLE_FILL_AREA(#5586);
#5586 = FILL_AREA_STYLE('',(#5587));
#5587 = FILL_AREA_STYLE_COLOUR('',#5398);
#5588 = OVER_RIDING_STYLED_ITEM('overriding color',(#5589),#4632,#5380);
#5589 = PRESENTATION_STYLE_ASSIGNMENT((#5590));
#5590 = SURFACE_STYLE_USAGE(.BOTH.,#5591);
#5591 = SURFACE_SIDE_STYLE('',(#5592));
#5592 = SURFACE_STYLE_FILL_AREA(#5593);
#5593 = FILL_AREA_STYLE('',(#5594));
#5594 = FILL_AREA_STYLE_COLOUR('',#5398);
#5595 = OVER_RIDING_STYLED_ITEM('overriding color',(#5596),#4656,#5380);
#5596 = PRESENTATION_STYLE_ASSIGNMENT((#5597));
#5597 = SURFACE_STYLE_USAGE(.BOTH.,#5598);
#5598 = SURFACE_SIDE_STYLE('',(#5599));
#5599 = SURFACE_STYLE_FILL_AREA(#5600);
#5600 = FILL_AREA_STYLE('',(#5601));
#5601 = FILL_AREA_STYLE_COLOUR('',#5398);
#5602 = OVER_RIDING_STYLED_ITEM('overriding color',(#5603),#4680,#5380);
#5603 = PRESENTATION_STYLE_ASSIGNMENT((#5604));
#5604 = SURFACE_STYLE_USAGE(.BOTH.,#5605);
#5605 = SURFACE_SIDE_STYLE('',(#5606));
#5606 = SURFACE_STYLE_FILL_AREA(#5607);
#5607 = FILL_AREA_STYLE('',(#5608));
#5608 = FILL_AREA_STYLE_COLOUR('',#5398);
#5609 = OVER_RIDING_STYLED_ITEM('overriding color',(#5610),#4704,#5380);
#5610 = PRESENTATION_STYLE_ASSIGNMENT((#5611));
#5611 = SURFACE_STYLE_USAGE(.BOTH.,#5612);
#5612 = SURFACE_SIDE_STYLE('',(#5613));
#5613 = SURFACE_STYLE_FILL_AREA(#5614);
#5614 = FILL_AREA_STYLE('',(#5615));
#5615 = FILL_AREA_STYLE_COLOUR('',#5398);
#5616 = OVER_RIDING_STYLED_ITEM('overriding color',(#5617),#4728,#5380);
#5617 = PRESENTATION_STYLE_ASSIGNMENT((#5618));
#5618 = SURFACE_STYLE_USAGE(.BOTH.,#5619);
#5619 = SURFACE_SIDE_STYLE('',(#5620));
#5620 = SURFACE_STYLE_FILL_AREA(#5621);
#5621 = FILL_AREA_STYLE('',(#5622));
#5622 = FILL_AREA_STYLE_COLOUR('',#5398);
#5623 = OVER_RIDING_STYLED_ITEM('overriding color',(#5624),#4752,#5380);
#5624 = PRESENTATION_STYLE_ASSIGNMENT((#5625));
#5625 = SURFACE_STYLE_USAGE(.BOTH.,#5626);
#5626 = SURFACE_SIDE_STYLE('',(#5627));
#5627 = SURFACE_STYLE_FILL_AREA(#5628);
#5628 = FILL_AREA_STYLE('',(#5629));
#5629 = FILL_AREA_STYLE_COLOUR('',#5398);
#5630 = OVER_RIDING_STYLED_ITEM('overriding color',(#5631),#4776,#5380);
#5631 = PRESENTATION_STYLE_ASSIGNMENT((#5632));
#5632 = SURFACE_STYLE_USAGE(.BOTH.,#5633);
#5633 = SURFACE_SIDE_STYLE('',(#5634));
#5634 = SURFACE_STYLE_FILL_AREA(#5635);
#5635 = FILL_AREA_STYLE('',(#5636));
#5636 = FILL_AREA_STYLE_COLOUR('',#5398);
#5637 = OVER_RIDING_STYLED_ITEM('overriding color',(#5638),#4800,#5380);
#5638 = PRESENTATION_STYLE_ASSIGNMENT((#5639));
#5639 = SURFACE_STYLE_USAGE(.BOTH.,#5640);
#5640 = SURFACE_SIDE_STYLE('',(#5641));
#5641 = SURFACE_STYLE_FILL_AREA(#5642);
#5642 = FILL_AREA_STYLE('',(#5643));
#5643 = FILL_AREA_STYLE_COLOUR('',#5398);
#5644 = OVER_RIDING_STYLED_ITEM('overriding color',(#5645),#4824,#5380);
#5645 = PRESENTATION_STYLE_ASSIGNMENT((#5646));
#5646 = SURFACE_STYLE_USAGE(.BOTH.,#5647);
#5647 = SURFACE_SIDE_STYLE('',(#5648));
#5648 = SURFACE_STYLE_FILL_AREA(#5649);
#5649 = FILL_AREA_STYLE('',(#5650));
#5650 = FILL_AREA_STYLE_COLOUR('',#5398);
#5651 = OVER_RIDING_STYLED_ITEM('overriding color',(#5652),#4841,#5380);
#5652 = PRESENTATION_STYLE_ASSIGNMENT((#5653));
#5653 = SURFACE_STYLE_USAGE(.BOTH.,#5654);
#5654 = SURFACE_SIDE_STYLE('',(#5655));
#5655 = SURFACE_STYLE_FILL_AREA(#5656);
#5656 = FILL_AREA_STYLE('',(#5657));
#5657 = FILL_AREA_STYLE_COLOUR('',#5398);
#5658 = OVER_RIDING_STYLED_ITEM('overriding color',(#5659),#4861,#5380);
#5659 = PRESENTATION_STYLE_ASSIGNMENT((#5660));
#5660 = SURFACE_STYLE_USAGE(.BOTH.,#5661);
#5661 = SURFACE_SIDE_STYLE('',(#5662));
#5662 = SURFACE_STYLE_FILL_AREA(#5663);
#5663 = FILL_AREA_STYLE('',(#5664));
#5664 = FILL_AREA_STYLE_COLOUR('',#5398);
#5665 = OVER_RIDING_STYLED_ITEM('overriding color',(#5666),#4900,#5380);
#5666 = PRESENTATION_STYLE_ASSIGNMENT((#5667));
#5667 = SURFACE_STYLE_USAGE(.BOTH.,#5668);
#5668 = SURFACE_SIDE_STYLE('',(#5669));
#5669 = SURFACE_STYLE_FILL_AREA(#5670);
#5670 = FILL_AREA_STYLE('',(#5671));
#5671 = FILL_AREA_STYLE_COLOUR('',#5398);
#5672 = OVER_RIDING_STYLED_ITEM('overriding color',(#5673),#4924,#5380);
#5673 = PRESENTATION_STYLE_ASSIGNMENT((#5674));
#5674 = SURFACE_STYLE_USAGE(.BOTH.,#5675);
#5675 = SURFACE_SIDE_STYLE('',(#5676));
#5676 = SURFACE_STYLE_FILL_AREA(#5677);
#5677 = FILL_AREA_STYLE('',(#5678));
#5678 = FILL_AREA_STYLE_COLOUR('',#5398);
#5679 = OVER_RIDING_STYLED_ITEM('overriding color',(#5680),#4956,#5380);
#5680 = PRESENTATION_STYLE_ASSIGNMENT((#5681));
#5681 = SURFACE_STYLE_USAGE(.BOTH.,#5682);
#5682 = SURFACE_SIDE_STYLE('',(#5683));
#5683 = SURFACE_STYLE_FILL_AREA(#5684);
#5684 = FILL_AREA_STYLE('',(#5685));
#5685 = FILL_AREA_STYLE_COLOUR('',#5398);
#5686 = OVER_RIDING_STYLED_ITEM('overriding color',(#5687),#4991,#5380);
#5687 = PRESENTATION_STYLE_ASSIGNMENT((#5688));
#5688 = SURFACE_STYLE_USAGE(.BOTH.,#5689);
#5689 = SURFACE_SIDE_STYLE('',(#5690));
#5690 = SURFACE_STYLE_FILL_AREA(#5691);
#5691 = FILL_AREA_STYLE('',(#5692));
#5692 = FILL_AREA_STYLE_COLOUR('',#5398);
#5693 = OVER_RIDING_STYLED_ITEM('overriding color',(#5694),#5026,#5380);
#5694 = PRESENTATION_STYLE_ASSIGNMENT((#5695));
#5695 = SURFACE_STYLE_USAGE(.BOTH.,#5696);
#5696 = SURFACE_SIDE_STYLE('',(#5697));
#5697 = SURFACE_STYLE_FILL_AREA(#5698);
#5698 = FILL_AREA_STYLE('',(#5699));
#5699 = FILL_AREA_STYLE_COLOUR('',#5398);
#5700 = OVER_RIDING_STYLED_ITEM('overriding color',(#5701),#5058,#5380);
#5701 = PRESENTATION_STYLE_ASSIGNMENT((#5702));
#5702 = SURFACE_STYLE_USAGE(.BOTH.,#5703);
#5703 = SURFACE_SIDE_STYLE('',(#5704));
#5704 = SURFACE_STYLE_FILL_AREA(#5705);
#5705 = FILL_AREA_STYLE('',(#5706));
#5706 = FILL_AREA_STYLE_COLOUR('',#5398);
#5707 = OVER_RIDING_STYLED_ITEM('overriding color',(#5708),#5082,#5380);
#5708 = PRESENTATION_STYLE_ASSIGNMENT((#5709));
#5709 = SURFACE_STYLE_USAGE(.BOTH.,#5710);
#5710 = SURFACE_SIDE_STYLE('',(#5711));
#5711 = SURFACE_STYLE_FILL_AREA(#5712);
#5712 = FILL_AREA_STYLE('',(#5713));
#5713 = FILL_AREA_STYLE_COLOUR('',#5398);
#5714 = OVER_RIDING_STYLED_ITEM('overriding color',(#5715),#5114,#5380);
#5715 = PRESENTATION_STYLE_ASSIGNMENT((#5716));
#5716 = SURFACE_STYLE_USAGE(.BOTH.,#5717);
#5717 = SURFACE_SIDE_STYLE('',(#5718));
#5718 = SURFACE_STYLE_FILL_AREA(#5719);
#5719 = FILL_AREA_STYLE('',(#5720));
#5720 = FILL_AREA_STYLE_COLOUR('',#5398);
#5721 = OVER_RIDING_STYLED_ITEM('overriding color',(#5722),#5146,#5380);
#5722 = PRESENTATION_STYLE_ASSIGNMENT((#5723));
#5723 = SURFACE_STYLE_USAGE(.BOTH.,#5724);
#5724 = SURFACE_SIDE_STYLE('',(#5725));
#5725 = SURFACE_STYLE_FILL_AREA(#5726);
#5726 = FILL_AREA_STYLE('',(#5727));
#5727 = FILL_AREA_STYLE_COLOUR('',#5398);
#5728 = OVER_RIDING_STYLED_ITEM('overriding color',(#5729),#5171,#5380);
#5729 = PRESENTATION_STYLE_ASSIGNMENT((#5730));
#5730 = SURFACE_STYLE_USAGE(.BOTH.,#5731);
#5731 = SURFACE_SIDE_STYLE('',(#5732));
#5732 = SURFACE_STYLE_FILL_AREA(#5733);
#5733 = FILL_AREA_STYLE('',(#5734));
#5734 = FILL_AREA_STYLE_COLOUR('',#5398);
#5735 = OVER_RIDING_STYLED_ITEM('overriding color',(#5736),#5189,#5380);
#5736 = PRESENTATION_STYLE_ASSIGNMENT((#5737));
#5737 = SURFACE_STYLE_USAGE(.BOTH.,#5738);
#5738 = SURFACE_SIDE_STYLE('',(#5739));
#5739 = SURFACE_STYLE_FILL_AREA(#5740);
#5740 = FILL_AREA_STYLE('',(#5741));
#5741 = FILL_AREA_STYLE_COLOUR('',#5398);
#5742 = OVER_RIDING_STYLED_ITEM('overriding color',(#5743),#5220,#5380);
#5743 = PRESENTATION_STYLE_ASSIGNMENT((#5744));
#5744 = SURFACE_STYLE_USAGE(.BOTH.,#5745);
#5745 = SURFACE_SIDE_STYLE('',(#5746));
#5746 = SURFACE_STYLE_FILL_AREA(#5747);
#5747 = FILL_AREA_STYLE('',(#5748));
#5748 = FILL_AREA_STYLE_COLOUR('',#5398);
#5749 = OVER_RIDING_STYLED_ITEM('overriding color',(#5750),#5244,#5380);
#5750 = PRESENTATION_STYLE_ASSIGNMENT((#5751));
#5751 = SURFACE_STYLE_USAGE(.BOTH.,#5752);
#5752 = SURFACE_SIDE_STYLE('',(#5753));
#5753 = SURFACE_STYLE_FILL_AREA(#5754);
#5754 = FILL_AREA_STYLE('',(#5755));
#5755 = FILL_AREA_STYLE_COLOUR('',#5398);
#5756 = OVER_RIDING_STYLED_ITEM('overriding color',(#5757),#5268,#5380);
#5757 = PRESENTATION_STYLE_ASSIGNMENT((#5758));
#5758 = SURFACE_STYLE_USAGE(.BOTH.,#5759);
#5759 = SURFACE_SIDE_STYLE('',(#5760));
#5760 = SURFACE_STYLE_FILL_AREA(#5761);
#5761 = FILL_AREA_STYLE('',(#5762));
#5762 = FILL_AREA_STYLE_COLOUR('',#5398);
#5763 = OVER_RIDING_STYLED_ITEM('overriding color',(#5764),#5292,#5380);
#5764 = PRESENTATION_STYLE_ASSIGNMENT((#5765));
#5765 = SURFACE_STYLE_USAGE(.BOTH.,#5766);
#5766 = SURFACE_SIDE_STYLE('',(#5767));
#5767 = SURFACE_STYLE_FILL_AREA(#5768);
#5768 = FILL_AREA_STYLE('',(#5769));
#5769 = FILL_AREA_STYLE_COLOUR('',#5398);
#5770 = OVER_RIDING_STYLED_ITEM('overriding color',(#5771),#5316,#5380);
#5771 = PRESENTATION_STYLE_ASSIGNMENT((#5772));
#5772 = SURFACE_STYLE_USAGE(.BOTH.,#5773);
#5773 = SURFACE_SIDE_STYLE('',(#5774));
#5774 = SURFACE_STYLE_FILL_AREA(#5775);
#5775 = FILL_AREA_STYLE('',(#5776));
#5776 = FILL_AREA_STYLE_COLOUR('',#5398);
#5777 = OVER_RIDING_STYLED_ITEM('overriding color',(#5778),#5333,#5380);
#5778 = PRESENTATION_STYLE_ASSIGNMENT((#5779));
#5779 = SURFACE_STYLE_USAGE(.BOTH.,#5780);
#5780 = SURFACE_SIDE_STYLE('',(#5781));
#5781 = SURFACE_STYLE_FILL_AREA(#5782);
#5782 = FILL_AREA_STYLE('',(#5783));
#5783 = FILL_AREA_STYLE_COLOUR('',#5398);
ENDSEC;
END-ISO-10303-21;
